,PNW US Equity,NTRS US Equity,LIN US Equity,EFX US Equity,NOC US Equity,BA US Equity,PSA US Equity,AES US Equity,HST US Equity,NKE US Equity,ALL US Equity,ATO US Equity,DVN US Equity,WMB US Equity,KR US Equity,MO US Equity,KMB US Equity,NVR US Equity,ROST US Equity,MOS US Equity,PAYX US Equity,TROW US Equity,HOLX US Equity,GILD US Equity,BSX US Equity,FAST US Equity,JKHY US Equity,CDNS US Equity,IT US Equity,EA US Equity,BIIB US Equity,INTU US Equity,ADBE US Equity,WSM US Equity,MSI US Equity,DECK US Equity,BBY US Equity,AAPL US Equity,AMD US Equity,TYL US Equity,CMI US Equity,STZ US Equity,BALL US Equity,AOS US Equity,NDSN US Equity,ROL US Equity,WELL US Equity,VTR US Equity,LNT US Equity,ES US Equity,IFF US Equity,DIS US Equity,JBHT US Equity,HUM US Equity,CVS US Equity,COO US Equity,WST US Equity,TRV US Equity,AJG US Equity,GL US Equity,MMC US Equity,EQT US Equity,COP US Equity,ADM US Equity,SJM US Equity,EIX US Equity,OMC US Equity,WM US Equity,AEP US Equity,ETR US Equity,ESS US Equity,NEM US Equity,CSCO US Equity,CPRT US Equity,DE US Equity,C US Equity,JPM US Equity,CB US Equity,PEP US Equity,REGN US Equity,IDXX US Equity,TPL US Equity,MNST US Equity,ADSK US Equity,GEN US Equity,FI US Equity,WMT US Equity,SPG US Equity,NUE US Equity,MAA US Equity,EVRG US Equity,GWW US Equity,VTRS US Equity,RJF US Equity,PCG US Equity,AVB US Equity,ALB US Equity,RTX US Equity,LUV US Equity,PTC US Equity,TJX US Equity,HAL US Equity,DLTR US Equity,ODFL US Equity,PEG US Equity,AFL US Equity,PGR US Equity,APA US Equity,UHS US Equity,PPL US Equity,CLX US Equity,FITB US Equity,FDX US Equity,RCL US Equity,HRL US Equity,CTRA US Equity,ABT US Equity,LH US Equity,BRO US Equity,WEC US Equity,SWK US Equity,USB US Equity,HSY US Equity,INCY US Equity,EME US Equity,JBL US Equity,LRCX US Equity,MAS US Equity,ETN US Equity,DOC US Equity,CMCSA US Equity,MCK US Equity,PHM US Equity,EXC US Equity,AVY US Equity,BAC US Equity,COF US Equity,BKR US Equity,VRTX US Equity,TECH US Equity,WAB US Equity,IP US Equity,WY US Equity,REG US Equity,FICO US Equity,GE US Equity,EOG US Equity,MU US Equity,TER US Equity,LOW US Equity,IEX US Equity,OKE US Equity,COR US Equity,CMS US Equity,FCX US Equity,JCI US Equity,KO US Equity,CPB US Equity,EMN US Equity,J US Equity,WRB US Equity,MKC US Equity,DRI US Equity,WDC US Equity,HON US Equity,EG US Equity,STE US Equity,ACGL US Equity,UNH US Equity,MS US Equity,SCHW US Equity,DHI US Equity,SLB US Equity,DVA US Equity,ERIE US Equity,SWKS US Equity,IVZ US Equity,CINF US Equity,K US Equity,DTE US Equity,MSFT US Equity,EXPD US Equity,WAT US Equity,INTC US Equity,HSIC US Equity,CAH US Equity,TGT US Equity,SBUX US Equity,AZO US Equity,RMD US Equity,ZBRA US Equity,TRMB US Equity,SPGI US Equity,TAP US Equity,MCD US Equity,APD US Equity,IRM US Equity,STT US Equity,TSN US Equity,POOL US Equity,MCHP US Equity,UDR US Equity,CNP US Equity,MMM US Equity,MHK US Equity,BMY US Equity,DUK US Equity,ECL US Equity,PCAR US Equity,LLY US Equity,HIG US Equity,BK US Equity,XOM US Equity,COST US Equity,CAG US Equity,OXY US Equity,EQR US Equity,SHW US Equity,SO US Equity,PG US Equity,PH US Equity,BEN US Equity,CL US Equity,AMAT US Equity,SNPS US Equity,TSCO US Equity,L US Equity,LEN US Equity,KLAC US Equity,SYY US Equity,EL US Equity,IPG US Equity,MLM US Equity,ADP US Equity,FRT US Equity,AMGN US Equity,ED US Equity,TXN US Equity,FDS US Equity,PFE US Equity,VMC US Equity,UNP US Equity,ROK US Equity,TFC US Equity,STLD US Equity,MGM US Equity,D US Equity,KMX US Equity,QCOM US Equity,T US Equity,CHD US Equity,NTAP US Equity,CTAS US Equity,TTWO US Equity,DGX US Equity,ARE US Equity,APH US Equity,AMZN US Equity,XEL US Equity,CSX US Equity,TMO US Equity,BXP US Equity,BRK/B US Equity,BDX US Equity,HBAN US Equity,KIM US Equity,SNA US Equity,CVX US Equity,PLD US Equity,GD US Equity,F US Equity,HD US Equity,ORCL US Equity,PWR US Equity,VRSN US Equity,LMT US Equity,VLO US Equity,RL US Equity,YUM US Equity,AMT US Equity,AME US Equity,LHX US Equity,NEE US Equity,DHR US Equity,TT US Equity,SYK US Equity,DD US Equity,SRE US Equity,URI US Equity,CHRW US Equity,CSGP US Equity,AXP US Equity,CCI US Equity,AON US Equity,EBAY US Equity,RSG US Equity,NI US Equity,DOV US Equity,ADI US Equity,RF US Equity,ORLY US Equity,NSC US Equity,BKNG US Equity,KEY US Equity,CCL US Equity,HAS US Equity,GS US Equity,NVDA US Equity,SBAC US Equity,CTSH US Equity,HUBB US Equity,GLW US Equity,VZ US Equity,FFIV US Equity,CAT US Equity,BLK US Equity,AKAM US Equity,TKO US Equity,MRK US Equity,JNJ US Equity,TDY US Equity,A US Equity,TXT US Equity,PNR US Equity,LII US Equity,ROP US Equity,PKG US Equity,MET US Equity,ON US Equity,MTB US Equity,MDT US Equity,ISRG US Equity,MCO US Equity,RVTY US Equity,FE US Equity,EMR US Equity,EW US Equity,GIS US Equity,GPN US Equity,ALGN US Equity,PNC US Equity,MAR US Equity,GRMN US Equity,AIG US Equity,FIS US Equity,WTW US Equity,AXON US Equity,O US Equity,ZBH US Equity,AEE US Equity,BG US Equity,BAX US Equity,ELV US Equity,WFC US Equity,TPR US Equity,PFG US Equity,CI US Equity,CNC US Equity,PRU US Equity,NFLX US Equity,BF/B US Equity,MDLZ US Equity,NDAQ US Equity,GPC US Equity,CRL US Equity,CME US Equity,EQIX US Equity,IBM US Equity,WYNN US Equity,STX US Equity,PPG US Equity,MOH US Equity,NRG US Equity,AIZ US Equity,LKQ US Equity,CBRE US Equity,DPZ US Equity,ITW US Equity,GOOGL US Equity,UPS US Equity,ACN US Equity,HPQ US Equity,DLR US Equity,CRM US Equity,MPWR US Equity,DXCM US Equity,LVS US Equity,EXPE US Equity,CPT US Equity,BLDR US Equity,CF US Equity,ICE US Equity,MTD US Equity,LYV US Equity,AMP US Equity,UAL US Equity,TDG US Equity,MA US Equity,CMG US Equity,LDOS US Equity,FSLR US Equity,DAL US Equity,TMUS US Equity,IBKR US Equity,PODD US Equity,LULU US Equity,SMCI US Equity,ULTA US Equity,BR US Equity,V US Equity,TEL US Equity,KDP US Equity,AWK US Equity,MSCI US Equity,BX US Equity,EXR US Equity,FTNT US Equity,DG US Equity,PM US Equity,LYB US Equity,AVGO US Equity,GNRC US Equity,CBOE UF Equity,KKR US Equity,NXPI US Equity,CHTR US Equity,VRSK US Equity,GM US Equity,CPAY US Equity,HII US Equity,HCA US Equity,KMI US Equity,TRGP US Equity,APO US Equity,MPC US Equity,TSLA US Equity,EPAM US Equity,XYL US Equity,PSX US Equity,META US Equity,APTV US Equity,NOW US Equity,PANW US Equity,FANG US Equity,ZTS US Equity,NWS US Equity,NWSA US Equity,WDAY US Equity,NCLH US Equity,PAYC US Equity,SYF US Equity,ABBV US Equity,HLT US Equity,KEYS US Equity,GDDY US Equity,GOOG US Equity,KHC US Equity,HPE US Equity,PYPL US Equity,ALLE US Equity,XYZ US Equity,CFG US Equity,ANET US Equity,TTD US Equity,VST US Equity,LW US Equity,HWM US Equity,IR US Equity,VICI US Equity,INVH US Equity,DAY US Equity,IQV US Equity,CDW US Equity,FTV US Equity,DELL US Equity,MRNA US Equity,FOX US Equity,FOXA US Equity,DOW US Equity,UBER US Equity,CRWD US Equity,DDOG US Equity,CARR US Equity,PLTR US Equity,DASH US Equity,ABNB US Equity,MTCH US Equity,COIN US Equity,APP US Equity,CTVA US Equity,HOOD US Equity,CEG US Equity,WBD US Equity,EXE US Equity,KVUE US Equity,GEV US Equity,SOLV US Equity
1996-01-31,0.03440832219154105,0.03440832219154105,0.03440832219154105,0.03440832219154105,0.03440832219154105,0.03440832219154105,0.03440832219154105,0.03440832219154105,0.03440832219154105,0.03440832219154105,0.03440832219154105,0.03440832219154105,0.03440832219154105,0.03440832219154105,0.03440832219154105,0.03440832219154105,0.03440832219154105,0.03440832219154105,0.03440832219154105,0.03440832219154105,0.03411387888785606,0.03129342193090976,0.027057616102083484,0.026433419083143228,0.025559813142772246,0.02384223423732323,0.023462474128707323,0.02327612881376571,0.02187628828023271,0.021443723652400225,0.021073753546222446,0.01795545524590188,0.014445349117860686,-0.012427440817282878,-0.015250225166993092,-0.015411979019125775,-0.016663279672586948,-0.018357473681380493,-0.019475061064345985,-0.020334233375101065,-0.030070052282401567,-0.03275404155286679,-0.03408154255165631,-0.0341380291659243,-0.0341380291659243,-0.0341380291659243,-0.0341380291659243,-0.0341380291659243,-0.0341380291659243,-0.0341380291659243,-0.0341380291659243,-0.0341380291659243,-0.0341380291659243,-0.0341380291659243,-0.0341380291659243,-0.0341380291659243,-0.0341380291659243,-0.0341380291659243,-0.0341380291659243,-0.0341380291659243,-0.0341380291659243,-0.0341380291659243,-0.0341380291659243,-0.0341380291659243,-0.0341380291659243,-0.0341380291659243,,,,,,,,,,,,,,,,,,,,,,,,,,,,,,,,,,,,,,,,,,,,,,,,,,,,,,,,,,,,,,,,,,,,,,,,,,,,,,,,,,,,,,,,,,,,,,,,,,,,,,,,,,,,,,,,,,,,,,,,,,,,,,,,,,,,,,,,,,,,,,,,,,,,,,,,,,,,,,,,,,,,,,,,,,,,,,,,,,,,,,,,,,,,,,,,,,,,,,,,,,,,,,,,,,,,,,,,,,,,,,,,,,,,,,,,,,,,,,,,,,,,,,,,,,,,,,,,,,,,,,,,,,,,,,,,,,,,,,,,,,,,,,,,,,,,,,,,,,,,,,,,,,,,,,,,,,,,,,,,,,,,,,,,,,,,,,,,,,,,,,,,,,,,,,,,,,,,,,,,,,,,,,,,,,,,,,,,,,,,,,,,,,,,,,,,,,,,,,,,,,,,,,,,,,,,,,,,,,,,,,,,,,,,,,,
1996-02-29,0.04792723720951535,,,,,0.04792723720951535,0.04792723720951535,,,0.04792723720951535,,,,0.04792723720951535,,0.04792723720951535,0.04792723720951535,0.04792723720951535,0.046779343138222365,0.04792723720951535,0.04792723720951535,,0.04792723720951535,,,,0.04792723720951535,0.04792723720951535,0.04792723720951535,-0.0269617580328489,0.037428450607912625,0.03059864407553787,,-0.050373123877066925,,-0.017773243985936903,-0.0347277574827376,-0.04947588527321778,-0.04919074916113961,,-0.050373123877066925,,-0.050373123877066925,,-0.050373123877066925,-0.050373123877066925,,,-0.050373123877066925,,,,-0.050373123877066925,,-0.050373123877066925,-0.04089174596559589,-0.050373123877066925,,-0.050373123877066925,-0.050373123877066925,,-0.050373123877066925,-0.050373123877066925,,-0.050373123877066925,,0.04792723720951535,0.04792723720951535,0.04792723720951535,0.04792723720951535,0.04792723720951535,0.04792723720951535,0.04792723720951535,0.04792723720951535,0.04792723720951535,0.04792723720951535,0.04792723720951535,0.04792723720951535,0.04792723720951535,0.03932999109959405,0.03144974186954181,0.020378424552276626,-0.027558009605405907,-0.030108391449249535,-0.031229261322248868,-0.03880013004843345,-0.04507434237771314,-0.050373123877066925,-0.050373123877066925,-0.050373123877066925,-0.050373123877066925,-0.050373123877066925,-0.050373123877066925,-0.050373123877066925,-0.050373123877066925,,,,,,,,,,,,,,,,,,,,,,,,,,,,,,,,,,,,,,,,,,,,,,,,,,,,,,,,,,,,,,,,,,,,,,,,,,,,,,,,,,,,,,,,,,,,,,,,,,,,,,,,,,,,,,,,,,,,,,,,,,,,,,,,,,,,,,,,,,,,,,,,,,,,,,,,,,,,,,,,,,,,,,,,,,,,,,,,,,,,,,,,,,,,,,,,,,,,,,,,,,,,,,,,,,,,,,,,,,,,,,,,,,,,,,,,,,,,,,,,,,,,,,,,,,,,,,,,,,,,,,,,,,,,,,,,,,,,,,,,,,,,,,,,,,,,,,,,,,,,,,,,,,,,,,,,,,,,,,,,,,,,,,,,,,,,,,,,,,,,,,,,,,,,,,,,,,,,,,,,,,,,,,,,,,,,,,,,,,,,,,,,,,,,,,,,,,,,,,,,,,
1996-03-29,0.038808397473628166,,,,,0.038808397473628166,,,,0.038808397473628166,,,,0.038808397473628166,,0.038808397473628166,,,0.038808397473628166,0.038808397473628166,0.038808397473628166,,0.03475050734094433,0.018930339421798316,,,0.03475014325715607,0.038808397473628166,0.03386273529729321,-0.0404226755641899,0.017501121866244678,,-0.03504021832255338,-0.026355051402614845,,-0.020782638166503338,-0.030162370638755067,,-0.0404226755641899,-0.02843033109676647,-0.0404226755641899,-0.0404226755641899,-0.0404226755641899,,-0.0404226755641899,-0.0404226755641899,,-0.0404226755641899,,,,,-0.03500991479152148,-0.0404226755641899,-0.0404226755641899,,-0.0404226755641899,,-0.0404226755641899,-0.0404226755641899,,,-0.0404226755641899,,,,0.038808397473628166,0.038808397473628166,0.038808397473628166,0.038808397473628166,0.038808397473628166,,0.038808397473628166,,,0.038808397473628166,0.038808397473628166,0.038808397473628166,0.038808397473628166,,0.03076286105140207,,-0.02172757250566139,,-0.033689662205581145,,-0.0404226755641899,-0.0404226755641899,-0.0404226755641899,,-0.0404226755641899,,-0.0404226755641899,,-0.0404226755641899,0.038808397473628166,0.038808397473628166,0.038808397473628166,0.038808397473628166,0.038808397473628166,0.038808397473628166,0.038808397473628166,0.03550819953505912,-0.01374226941371529,-0.0404226755641899,-0.0404226755641899,-0.0404226755641899,-0.0404226755641899,,,,,,,,,,,,,,,,,,,,,,,,,,,,,,,,,,,,,,,,,,,,,,,,,,,,,,,,,,,,,,,,,,,,,,,,,,,,,,,,,,,,,,,,,,,,,,,,,,,,,,,,,,,,,,,,,,,,,,,,,,,,,,,,,,,,,,,,,,,,,,,,,,,,,,,,,,,,,,,,,,,,,,,,,,,,,,,,,,,,,,,,,,,,,,,,,,,,,,,,,,,,,,,,,,,,,,,,,,,,,,,,,,,,,,,,,,,,,,,,,,,,,,,,,,,,,,,,,,,,,,,,,,,,,,,,,,,,,,,,,,,,,,,,,,,,,,,,,,,,,,,,,,,,,,,,,,,,,,,,,,,,,,,,,,,,,,,,,,,,,,,,,,,,,,,,,,,,,,,,,,,,,,,,,,,,,,,,,,,,,,,,,,,,,
1996-04-30,0.032298001292782014,,0.032298001292782014,,,0.032298001292782014,,0.032298001292782014,,0.032298001292782014,,,,0.032298001292782014,0.032298001292782014,,,,0.0194636684788859,,0.032298001292782014,,0.019563610724616626,,,,0.030513556534329248,0.032298001292782014,0.032298001292782014,-0.028944341370186605,0.02038635149210515,,-0.024635034594813022,,,-0.015229983233983451,-0.0300491180763068,-0.03440100507662629,-0.03440100507662629,,-0.03440100507662629,-0.01911571198858193,-0.03440100507662629,-0.03440100507662629,,-0.03440100507662629,,,,-0.022761091934919514,-0.03440100507662629,,,,-0.03440100507662629,,-0.03440100507662629,-0.03440100507662629,-0.03440100507662629,,,,,,,,0.032298001292782014,0.032298001292782014,,,0.032298001292782014,,0.031725053992184005,,0.032298001292782014,,0.032298001292782014,0.032298001292782014,,0.03003532397904242,,,-0.008882957809978161,,-0.020188269331921995,-0.03440100507662629,,-0.03440100507662629,,-0.03440100507662629,,,,,-0.03440100507662629,0.032298001292782014,0.02837356086694358,0.032298001292782014,,0.023416330018555215,0.032298001292782014,0.032298001292782014,0.032298001292782014,-0.015496858226490188,,,,-0.03440100507662629,0.032298001292782014,0.032298001292782014,0.032298001292782014,0.032298001292782014,-0.03440100507662629,-0.03440100507662629,-0.03440100507662629,-0.03440100507662629,-0.03440100507662629,-0.03440100507662629,-0.03440100507662629,-0.03440100507662629,,,,,,,,,,,,,,,,,,,,,,,,,,,,,,,,,,,,,,,,,,,,,,,,,,,,,,,,,,,,,,,,,,,,,,,,,,,,,,,,,,,,,,,,,,,,,,,,,,,,,,,,,,,,,,,,,,,,,,,,,,,,,,,,,,,,,,,,,,,,,,,,,,,,,,,,,,,,,,,,,,,,,,,,,,,,,,,,,,,,,,,,,,,,,,,,,,,,,,,,,,,,,,,,,,,,,,,,,,,,,,,,,,,,,,,,,,,,,,,,,,,,,,,,,,,,,,,,,,,,,,,,,,,,,,,,,,,,,,,,,,,,,,,,,,,,,,,,,,,,,,,,,,,,,,,,,,,,,,,,,,,,,,,,,,,,,,,,,,,,,,,,,,,,,,,,,,,,,,,,,,,,,,,,,,,,,,,,,
1997-02-28,0.034202307135326696,0.034202307135326696,,0.034202307135326696,,,,0.033486778046483465,,0.034202307135326696,,,0.034202307135326696,,,,,,,,,0.030238189305731664,,,,,0.03310472166404912,,,0.03413347159829734,,-0.020582005057460932,,,,,-0.028394979599870283,-0.024595143100930424,,,,-0.03584911697340193,,,,-0.03584911697340193,,-0.03584911697340193,,-0.025261145787944757,,,-0.03584911697340193,-0.029702447286640694,,0.03382941195050641,,,-0.03584911697340193,,,,,,-0.03584911697340193,0.034202307135326696,,0.034202307135326696,,,,-0.03584911697340193,,-0.014393373604622336,,,,,,,-0.02332808094681593,-0.03584911697340193,0.015606121294464115,,,,,,,,,,,,,,,,-0.03375309805918355,,,,0.034202307135326696,,,,,,,,,,,,,,,-0.017275099757186045,-0.03584911697340193,,,0.034202307135326696,,0.024221758527863534,0.034202307135326696,0.017590382903739297,,,,,-0.03584911697340193,,,-0.03584911697340193,0.034202307135326696,,,,,,,,,0.034202307135326696,,,-0.03584911697340193,,,,,,0.034202307135326696,,,0.034202307135326696,,,-0.03584911697340193,-0.03584911697340193,-0.03584911697340193,,-0.03584911697340193,0.025107691709663916,,,,-0.03584911697340193,-0.028717987368427435,,,,0.034202307135326696,,,,,-0.03584911697340193,-0.03584911697340193,-0.03584911697340193,,0.027640878678494945,,0.034202307135326696,,,,0.034202307135326696,-0.029998573163289105,0.034202307135326696,-0.0311322697799207,-0.03584911697340193,,,,0.034202307135326696,0.034202307135326696,0.034202307135326696,0.034202307135326696,0.034202307135326696,0.034202307135326696,-0.03584911697340193,,,,,,,,,,,,,,,,,,,,,,,,,,,,,,,,,,,,,,,,,,,,,,,,,,,,,,,,,,,,,,,,,,,,,,,,,,,,,,,,,,,,,,,,,,,,,,,,,,,,,,,,,,,,,,,,,,,,,,,,,,,,,,,,,,,,,,,,,,,,,,,,,,,,,,,,,,,,,,,,,,,,,,,,,,,,,,,,,,,,,,,,,,,,,,,,,,,,,,,,,,,,,,,,,,,,,,,,,,,,,,,,,,,,,,,,,,,,,,,,,,,,,,,,,,,,,,,,,,,,,,,,,,,,,,,,,,,,,,,,,,,,,,,,,,,,,,,
1997-04-30,0.03425225835734061,,,,,,,0.03425225835734061,,0.03006762899129025,0.03425225835734061,,,0.03425225835734061,,,,0.03425225835734061,,,,,,,,,-0.03606456600642728,,,-0.020271351704081744,,-0.03606456600642728,,,,,-0.02428603705211912,,0.02204011429327691,-0.020402677581208957,,-0.03606456600642728,,0.03425225835734061,-0.03606456600642728,-0.03606456600642728,,,,-0.03300394049419483,,0.03425225835734061,-0.03606456600642728,,,0.03425225835734061,,,-0.03606456600642728,,,,,,-0.03606456600642728,0.03425225835734061,,,,,,-0.03606456600642728,,-0.03606456600642728,,0.03123695559895087,,,,-0.015161351969856861,-0.019388824998702717,,,,,,,,,,,,-0.02829727504985286,,,,-0.03606456600642728,0.03425225835734061,-0.03482245845024264,,,,,,,,,,,,,,,,-0.03606456600642728,,,-0.022661709709677864,,,,0.03425225835734061,,0.02952130441901773,,0.018764453535950434,,,,,,,,-0.03606456600642728,0.03425225835734061,,,,,,,,-0.03606456600642728,0.03425225835734061,,,-0.03606456600642728,,,,,,,,,0.03425225835734061,,0.03425225835734061,,,,,-0.03606456600642728,0.027575667450130105,,,,-0.03606456600642728,,,,,,,-0.027037711819031668,-0.03606456600642728,,,,-0.03606456600642728,,0.02521089863363911,,0.03425225835734061,,,,,-0.03606456600642728,,,-0.034409641593655005,-0.03606456600642728,,,,0.03425225835734061,,,0.03425225835734061,,-0.03606456600642728,,,,0.03425225835734061,,0.03425225835734061,0.03425225835734061,0.03425225835734061,0.03425225835734061,0.03425225835734061,0.03425225835734061,0.03425225835734061,0.03425225835734061,-0.03606456600642728,,,,,,,,,,,,,,,,,,,,,,,,,,,,,,,,,,,,,,,,,,,,,,,,,,,,,,,,,,,,,,,,,,,,,,,,,,,,,,,,,,,,,,,,,,,,,,,,,,,,,,,,,,,,,,,,,,,,,,,,,,,,,,,,,,,,,,,,,,,,,,,,,,,,,,,,,,,,,,,,,,,,,,,,,,,,,,,,,,,,,,,,,,,,,,,,,,,,,,,,,,,,,,,,,,,,,,,,,,,,,,,,,,,,,,,,,,,,,,,,,,,,,,,,,,,,,,,,,,,,,,,,,,,,,,,,,,,,,,,,,
1998-06-30,0.03397719129079044,,,,,-0.037418061178957636,,,,-0.037418061178957636,,,-0.037418061178957636,0.03397719129079044,,-0.03511995588932806,,,,,0.03289408074914181,,-0.037418061178957636,,,,,0.03249161656441009,,,,0.026747601484424895,,,,,0.02520730561721064,0.03397719129079044,-0.03432576875285161,0.03397719129079044,-0.037418061178957636,,,0.03397719129079044,-0.037418061178957636,,,-0.037418061178957636,,0.03397719129079044,,,0.03136316009950622,,,,,-0.037418061178957636,,,,,,-0.023957508889099192,,,,,,-0.037418061178957636,,-0.027573994342567396,,,,,,,,-0.026214441784954703,0.030183610975631485,,0.02821945696228809,,,,,,,,,,0.03397719129079044,0.03397719129079044,,,,,0.03397719129079044,,,,,,,,,,,,,,,,,,,-0.020298332481449615,0.03397719129079044,,,,,,,,-0.023283444639578543,,,,0.03291922230003581,0.03397719129079044,,,,-0.037418061178957636,0.03397719129079044,-0.037418061178957636,-0.019158924771533154,,,,,-0.037418061178957636,,,,-0.01898493291842344,,,,0.03397719129079044,,,-0.03577582025650759,0.03397719129079044,,,,,,,,-0.014634991063729742,,-0.037418061178957636,0.03397719129079044,,,0.03397719129079044,,,,,-0.037418061178957636,,0.03397719129079044,,,,,,,,,,0.03397719129079044,,,,,,,,,,0.030633332258618855,,,,,,,,,,,,,,,,,0.03397719129079044,-0.037418061178957636,,,,,,,,,,,,-0.037418061178957636,0.027803486267148552,,,,,0.03397719129079044,,,,0.03397719129079044,,,0.03397719129079044,0.03397719129079044,-0.037418061178957636,,,,-0.01909960825093581,-0.037418061178957636,-0.019229749148252945,,,,,,-0.024913241215098365,,0.03397719129079044,,0.014434534905033505,-0.037418061178957636,-0.037418061178957636,-0.037418061178957636,,,,,,,,,,,,,,,,,,,,,,,,,,,,,,,,,,,,,,,,,,,,,,,,,,,,,,,,,,,,,,,,,,,,,,,,,,,,,,,,,,,,,,,,,,,,,,,,,,,,,,,,,,,,,,,,,,,,,,,,,,,,,,,,,,,,,,,,,,,,,,,,,,,,,,,,,,,,,,,,,,,,,,,,,,,,,,,,,,,,,,,,,,,,,,,,,,,,,,,,,,,,,,,,,,,,,,,,,,,,,,,,,,,,,,,,,,,,
2005-05-31,-0.03047591543945707,,,0.028648762542826785,,0.028648762542826785,,0.023402029088538036,,,,,,,,,,0.028648762542826785,,,-0.03047591543945707,,0.028648762542826785,,-0.02708026656122384,,-0.03047591543945707,,,,-0.03047591543945707,,,,,-0.016547615341115884,,0.02162260635749662,,,,0.024417326691311105,,,-0.019941624750120575,,,,,-0.03047591543945707,,,,0.028648762542826785,,,,,,,-0.02621919148655162,,,,,0.028648762542826785,,,,,,,,-0.028962325507394103,,,,,,-0.009941221442921897,,0.014547273526670536,0.01603735710039247,0.028648762542826785,,,-0.03047591543945707,,0.019464289038702436,,,,-0.03047591543945707,,,,,,,,,,,,,,,,,,,-0.03047591543945707,,,,-0.017545316658158637,,,,,,,0.028648762542826785,,,,,,,,,,,0.028648762542826785,-0.03047591543945707,,,,,,,-0.03047591543945707,,,,,,-0.029190896522555562,-0.024017278397384125,,,,,,,,-0.03047591543945707,,,,,,,,,,,,0.028648762542826785,,,0.02392349593083917,,,,-0.02380936486654107,-0.028821830475758016,,,,,,,,,,,,,,,,,,,,-0.03047591543945707,,-0.03047591543945707,,,,,-0.03047591543945707,,,,,,,,,,,,,,,,,,0.028648762542826785,,,-0.03047591543945707,,,,,,-0.03047591543945707,,0.028648762542826785,,0.028648762542826785,,,,,,,,0.028648762542826785,,,0.0246104159795379,,,,,,,-0.03047591543945707,0.028599610419382623,,,,-0.03047591543945707,-0.03047591543945707,,,0.028648762542826785,,,,,,-0.03047591543945707,,,-0.0167000528811988,,,0.018622251191937268,0.028648762542826785,,0.018833471709644292,,,,0.028648762542826785,,,,,,,,,,-0.03047591543945707,,-0.025256622027149164,-0.013362176905747522,-0.023009065571631064,,,,,,,,,,,,,,0.016045664264462533,0.028648762542826785,,,,,,,,,-0.03047591543945707,,0.026455804093129247,,0.028648762542826785,,,,,,-0.011312468091580038,,,0.02182058588282974,,,,,,,0.028648762542826785,-0.02070045698173692,,,,-0.03047591543945707,,,-0.008831287186157518,,,,0.028648762542826785,,0.028648762542826785,,,,,0.028648762542826785,0.028648762542826785,-0.011336952364620173,,,0.02161127246953036,,,0.028648762542826785,,,0.01865078926915834,,,,,0.028648762542826785,,,,,,,,,,,,,,,,,,,,,,,,,,,,,,,,,,,,,,,,,,,,,,,,,,,,,,,,,,,,,,,,,,,,,,,,,,,,,,,,,,,,,,,,,,,,,,,,,,,,,,,,,,,,,,,,,,,,,,,,,,,
2005-07-29,-0.03377426005473056,,,0.03203384592030873,,,,0.03203384592030873,,,,,,,,0.03203384592030873,,0.03203384592030873,,,,,0.012766897516622057,,-0.027473103788089464,,,,,,-0.03377426005473056,,,,,-0.03281041726419797,,0.0296114985659172,,-0.023178443469695133,,0.03203384592030873,,,-0.03377426005473056,,,,-0.03377426005473056,-0.03377426005473056,,,,0.03009124334117329,,,,,-0.03377426005473056,,-0.03377426005473056,,,,,,,,,,,,,,,,,,,,,0.03203384592030873,0.017019193338712605,,,,,0.03203384592030873,,,,,,,,,,,,,,,-0.03377426005473056,-0.0222495278932516,0.03203384592030873,,,,,,,-0.03377426005473056,,,,-0.024850137720369165,,,,,,,,,,,,,,,,,,,,,,,0.02497092909850582,,,-0.03377426005473056,-0.03377426005473056,,,,,-0.03167152817950255,-0.012073035405049583,,,,,0.03203384592030873,,,,,,0.03203384592030873,,,,0.031858233278219884,,,,,,,,0.030229722397045022,-0.02943828206151141,,,,,,,,,,-0.021341696507881383,,,,,,,,-0.013608499123900896,,,-0.03377426005473056,,,-0.018792515681766767,,,,,,,-0.03377426005473056,,,,,,,,,,,-0.03377426005473056,,,,,,,0.03203384592030873,,,-0.03377426005473056,,,,,,-0.03377426005473056,,0.03203384592030873,,,,,,,-0.03377426005473056,0.03203384592030873,,,,-0.02230410156025808,0.03203384592030873,,,,,,,-0.023348514551739974,0.021187044696243027,,,,-0.015466338853166551,,0.03203384592030873,,,-0.03377426005473056,,,,,,,,-0.03377426005473056,,,0.03203384592030873,,,0.028074940583431914,,,,,,,,,,,,,0.03203384592030873,-0.03281288468149594,,,,-0.011741976452084038,,,,,,,,,,,,,0.03203384592030873,0.02521226962501552,0.03061258485280776,,,,0.013846886035318803,,,,,-0.03377426005473056,,,,,0.02802160990809403,,,,,,,,0.00934412668513748,,,,,,,0.03203384592030873,-0.013662183145175826,,,,-0.03377426005473056,,-0.03377426005473056,-0.028842313493447624,,,,0.03203384592030873,,,,,,0.03203384592030873,0.013109506188783504,0.03203384592030873,-0.017112592329496537,,,0.022233407406490404,,,0.03203384592030873,,,,,,,,0.03203384592030873,,0.030549831895647004,0.03203384592030873,-0.03377426005473056,,,,,,,,,,,,,,,,,,,,,,,,,,,,,,,,,,,,,,,,,,,,,,,,,,,,,,,,,,,,,,,,,,,,,,,,,,,,,,,,,,,,,,,,,,,,,,,,,,,,,,,,,,,,,,,,,,,,,,,
2005-08-31,-0.03431184511994636,,,0.03354752235420398,,,,0.03354752235420398,,,,,,,,0.03354752235420398,,0.03354752235420398,,,,,0.03179013500675405,,-0.02766588238745073,,,,-0.023404762414239944,,-0.019013877366868333,,,,,-0.03292310247740827,,0.03354752235420398,,-0.031797923330699675,,0.03354752235420398,,,-0.023878635793711238,,,,-0.03431184511994636,-0.03431184511994636,,,,0.03354752235420398,,,,,-0.03431184511994636,,-0.03343687078133048,,,,,,,,,,,-0.030445624328964433,,,,,-0.03431184511994636,,,,,,0.018137140481048534,,-0.03431184511994636,,-0.03431184511994636,,,,,,,,,0.03354752235420398,,,-0.03431184511994636,,,,,,0.03354752235420398,,,,,,,-0.03431184511994636,,-0.03431184511994636,,,,,,,,,,,,,,,,,,,,,,,,,0.015412331917724434,,,-0.03431184511994636,-0.03431184511994636,,,,0.03354752235420398,,,,,,,0.03354752235420398,,-0.03431184511994636,,,,0.03354752235420398,,,,0.03354752235420398,,,,,,,0.03354752235420398,0.0262885989958808,,,,-0.02073678762385311,,,,,,,,,,,,,,,-0.02826168417143858,,,-0.03431184511994636,,,-0.03431184511994636,,,,,,,-0.03431184511994636,,,,,,,,,-0.03431184511994636,,-0.03431184511994636,,,,,,,0.03354752235420398,,,,,0.03354752235420398,,,,-0.018470432107283215,,0.02878892034810242,,,,,,,-0.03431184511994636,0.0266440012522912,,,,,0.03158899375537351,,,,-0.03431184511994636,,,,,,,,,,,,,,,,,,-0.03431184511994636,,,-0.03431184511994636,,,0.021538736735792884,,,0.020911942797458123,,,,,0.03354752235420398,,,,,,,,,-0.028441021477747862,,,,-0.03431184511994636,,,,,,,,,,,,,0.031181697325820885,0.03354752235420398,,,0.03354752235420398,-0.03431184511994636,,0.03354752235420398,,,,-0.021368350558181346,,,,,,0.03354752235420398,,,,0.027053091076184456,,,0.024713279118263855,,,,,,,0.03354752235420398,-0.020206264774673143,,,,-0.03431184511994636,-0.032261767199932866,,-0.013915120940527522,,,,0.03354752235420398,,0.03354752235420398,,,,0.03354752235420398,,,0.030468680654269137,,,0.03354752235420398,,,0.03280064778117643,,,,,,-0.021969770295550823,,,0.023426520322307066,0.023778030016511426,,-0.03431184511994636,0.03354752235420398,,,,,,,,,,,,,,,,,,,,,,,,,,,,,,,,,,,,,,,,,,,,,,,,,,,,,,,,,,,,,,,,,,,,,,,,,,,,,,,,,,,,,,,,,,,,,,,,,,,,,,,,,,,,,,,,,,,,,,
2005-09-30,-0.030435445489295297,,,,,,,,,,,,,,,0.029806551650985103,,0.02866645161892375,,,,,0.014318508668339214,,-0.019402195348321667,,,,,,-0.030435445489295297,,,,,-0.017977723323709175,,0.024421600169977523,,-0.030435445489295297,,0.025919737033655972,,,,,,,,-0.030435445489295297,,,,0.029806551650985103,,,,,-0.030435445489295297,,-0.030435445489295297,,,,,0.029806551650985103,,,,,,,,,,,-0.030435445489295297,,,,,,0.01854176901077589,0.029806551650985103,-0.030076749739097224,,-0.030435445489295297,,,,,,,,,,,,,,,,-0.030435445489295297,,0.029806551650985103,,,,,,,-0.029208976131351014,,,,,,,,,,,,-0.004743808252053156,0.029806551650985103,,,-0.030435445489295297,,,,0.029806551650985103,,,,,,,0.020308386881018096,,,-0.030435445489295297,-0.030435445489295297,,,,0.029806551650985103,,,,,,,0.029806551650985103,,-0.030435445489295297,,,,0.029806551650985103,,,,,,,,,,,0.029806551650985103,,,,,-0.02761431637290685,,,,-0.030435445489295297,,,,,,,,,,,-0.027276994562665233,,,-0.030435445489295297,,,-0.030435445489295297,,,,,,,-0.030435445489295297,,,,,,,,,-0.030435445489295297,,-0.02980369998258399,,,,,,,0.029806551650985103,,,,,0.029806551650985103,,,,,,0.029806551650985103,,,,,,,-0.030435445489295297,0.029806551650985103,,,,-0.022034492264955883,0.027221584857317092,,,,-0.030435445489295297,,,,,,,,,,,,,,,,,,-0.030435445489295297,,,-0.030435445489295297,,,0.029201198185056242,,,0.02791998770676689,,,,,0.02454681018844601,,,,,,,,,-0.02261504907850517,,0.029806551650985103,,-0.02258166512881385,,,,,,,,,,,,,0.029806551650985103,0.02673751469398636,,,0.019698137697262683,-0.030435445489295297,,0.029806551650985103,,,,,,,,,,0.029806551650985103,,,,0.01885762082115576,,,0.02304563468737514,,,,,,,,-0.021471382547899757,,,,-0.030435445489295297,-0.012538143214982738,,-0.012403908404789526,,,,0.029806551650985103,,0.029806551650985103,,,,,,,0.017846503212522295,,,0.029806551650985103,,,0.029806551650985103,,,-0.023365130144383992,,,-0.0166355561535695,,0.029806551650985103,0.019760815103033565,0.02533321223523391,0.023997554816087813,-0.030435445489295297,0.029806551650985103,-0.030435445489295297,-0.030435445489295297,,,,,,,,,,,,,,,,,,,,,,,,,,,,,,,,,,,,,,,,,,,,,,,,,,,,,,,,,,,,,,,,,,,,,,,,,,,,,,,,,,,,,,,,,,,,,,,,,,,,,,,,,,,,,,,,,,,,
2005-10-31,-0.0293348708727238,,,,,0.028734482105416754,,,,,,,,,0.028734482105416754,0.028734482105416754,,,,,,,0.022439106440282408,,-0.0293348708727238,,,,,,-0.02258141548690755,,,,,-0.014502665127914153,,0.02251798528512607,,,,,,,,,-0.0293348708727238,,,-0.0293348708727238,,,,0.028734482105416754,,,,,,,,,,,,0.028734482105416754,,,,,,,,,,,-0.0293348708727238,,,,,,0.020960338361579806,0.028734482105416754,-0.027692521035058232,,-0.0293348708727238,,,,,,,,,,,,,,,,-0.0293348708727238,,0.028734482105416754,,,,,,,-0.0293348708727238,,,,,,,,,,,,-0.022729208244792437,0.028734482105416754,,,-0.0293348708727238,,-0.0293348708727238,,,0.025559175163638013,,-0.0293348708727238,-0.0293348708727238,,,0.02150510562044346,,,-0.0293348708727238,,,,,0.018843361537035457,,,,,-0.0293348708727238,,0.028734482105416754,,-0.0293348708727238,,,,0.028734482105416754,,,,,,,,,,,0.028734482105416754,0.02438140377862513,,,,-0.010448897808546168,,,,-0.0293348708727238,,,,,,,,,,,-0.0293348708727238,,,,,,,,,,,,,,,,,,,,,-0.0293348708727238,,-0.0293348708727238,,,,,,,-0.0293348708727238,,,,,,0.028734482105416754,,,,-0.023603170912809873,-0.0293348708727238,0.028734482105416754,,,,,,,-0.02555876627224077,0.028734482105416754,,,-0.0293348708727238,,0.018874503644829472,,,,,0.028734482105416754,,,,,,,,,,,,,,,,,-0.024854456573061477,,,-0.022934695717270408,,,0.028734482105416754,-0.02134969368175288,,0.021525294071680103,,,,,,,,,,,,,,,,0.028734482105416754,0.028734482105416754,-0.021942020629842632,,,,,-0.02634896920762322,,,,,,,,0.028734482105416754,0.028734482105416754,,,0.028734482105416754,-0.0293348708727238,,0.026293598445921815,,,,,,,,,,0.028734482105416754,,,,,,,0.012413658434964408,,,,,,,,-0.020580110333244448,,,,,,,-0.009273257134875625,-0.0293348708727238,,,,,0.028734482105416754,,,,0.028734482105416754,,0.028734482105416754,0.01750944345595824,,,0.021959694201561356,,,0.028734482105416754,,-0.0293348708727238,-0.01590931993007784,,,-0.0293348708727238,,,0.028734482105416754,0.028734482105416754,,-0.0293348708727238,0.023602903033552565,-0.0293348708727238,,0.028734482105416754,,,,,,,,,,,,,,,,,,,,,,,,,,,,,,,,,,,,,,,,,,,,,,,,,,,,,,,,,,,,,,,,,,,,,,,,,,,,,,,,,,,,,,,,,,,,,,,,,,,,,,,,,,,,,,,,,,,
2005-11-30,-0.028984920697024057,,,,,,,,,,,-0.028984920697024057,,,0.028384560822339887,0.028384560822339887,,,,-0.028984920697024057,,,0.01880893887884762,,-0.028984920697024057,,-0.028984920697024057,,,,-0.02679486404586827,,,,,-0.02566742524848798,,0.028384560822339887,,,,,,,,,,,-0.028984920697024057,,,,,0.028384560822339887,,,,,,-0.028984920697024057,,,,,,0.028384560822339887,,,,,,,,,-0.02450656063662758,,,,,,,,0.01102436556474711,,-0.00956095746737194,,,,,,,,,,,,,,,,,,-0.02679235525537804,,0.028384560822339887,,,,,,,-0.028984920697024057,,,,,,,,,,,,-0.0078769582293494,0.028384560822339887,,,-0.028984920697024057,,,,0.028384560822339887,0.017387333038493318,,,-0.028984920697024057,-0.028984920697024057,,0.024831254029116265,,0.0257967515056471,-0.028984920697024057,-0.028984920697024057,,,,0.01738951680406919,,-0.02059461195129059,,,-0.028984920697024057,,0.028384560822339887,0.028384560822339887,-0.028984920697024057,,,,0.028384560822339887,0.028384560822339887,-0.028984920697024057,,,,,,,,,,,,,,-0.013166513320012155,,,,,,,,,,,,,,,-0.028984920697024057,,,-0.028984920697024057,,,,,,,,,,,,,,,,,,,,,,,,,,,-0.028984920697024057,,,,,0.02627676196750963,,,,,-0.028984920697024057,-0.027810791838335888,0.028384560822339887,,,,,,,,,,,,,,,,,,,,,,,,,,,,,,,,,,,-0.028984920697024057,,,-0.01696285072002861,,,0.015280980953681548,-0.028984920697024057,,0.020152972814075538,,,,,,,,,,,,,0.027690430667277915,,,,0.028384560822339887,-0.025885854751823555,,,,,-0.028984920697024057,,,-0.007165245596275416,,,,,0.019087378736060888,0.021639759753290095,,,0.028384560822339887,-0.028984920697024057,,,,,,,,,,,-0.028984920697024057,0.028384560822339887,,,,,,,0.018654529155276642,,,,,,,0.028384560822339887,-0.01636673150328592,,,,,,,-0.008747291974226997,-0.028984920697024057,,,,,,,,,0.028384560822339887,-0.02191668599453297,0.028384560822339887,0.01889375434934882,0.028384560822339887,,0.01494680200173378,,,0.022187793358257865,-0.0194178758951496,,,,,-0.007260918039914946,,,0.025060676911388014,0.015228695774559615,0.028384560822339887,,0.028384560822339887,,,0.028384560822339887,0.028384560822339887,0.01853427459104716,,,,,,,,,,,,,,,,,,,,,,,,,,,,,,,,,,,,,,,,,,,,,,,,,,,,,,,,,,,,,,,,,,,,,,,,,,,,,,,,,,,,,,,,,,,,,,,,,,,,,,,,,,,,,,,,,
2005-12-30,-0.03180006751372679,,,0.030926315210061346,,,,,,,,-0.03180006751372679,,,,0.030926315210061346,,,,,,,0.01752945710963993,,-0.025838511477970727,,-0.03180006751372679,,,,-0.02360906856274814,,,,,-0.012299090916305436,,0.030926315210061346,,,,,,,,,,,,,-0.03180006751372679,,,0.014309064294439618,,-0.015724640913569354,,,-0.03180006751372679,-0.03180006751372679,-0.03061138888062093,,,,,0.030926315210061346,,,,,,,,,,,,,0.030926315210061346,,,,0.019739964164322877,,-0.024542029443460508,,,,,,,,,,,,,,,,,,-0.03180006751372679,,0.030926315210061346,,,,,,,-0.03180006751372679,,,,,,,,,,,,-0.020432259371831313,0.030926315210061346,,,-0.03180006751372679,-0.03180006751372679,,,0.030926315210061346,,,,,,,0.025599257884257945,,,-0.03180006751372679,,,,,0.025907700715127987,,-0.01868575826363238,,,-0.03180006751372679,,0.030926315210061346,0.02886561429047579,-0.03180006751372679,,,,,0.030926315210061346,-0.03100772125206084,,,,,,,,,,,,,,-0.02587558287455952,,,,,,,,,,,,,,0.030926315210061346,-0.03180006751372679,,,,,,,,,,,-0.03180006751372679,,,,,,,-0.03180006751372679,,,,,,-0.03180006751372679,,,,,,,,,,,0.030926315210061346,,,,,-0.031072558652194007,-0.026908862409581822,0.030150406720380177,,,,,,,,,,,,,,,,,,,,,-0.02308447151978508,,,,,,,,,,,,,,-0.03180006751372679,,,-0.03180006751372679,,,0.029370176669404228,-0.03180006751372679,,0.026970134936776642,,,,,0.030926315210061346,,,,,,,,0.030385822095154356,,,,0.030926315210061346,-0.027973538479642047,,-0.03180006751372679,,,,0.030926315210061346,,,,,,,0.030926315210061346,0.030926315210061346,,,0.030926315210061346,,,,,0.024652051529831652,,,,,,,-0.030489395463261973,0.030926315210061346,,,,,,,0.02364013481028893,,,,,,,0.027532010215475713,-0.016688858778080393,,,,,,-0.03180006751372679,-0.007740130897561078,-0.03180006751372679,,,,,,,,,,,,0.014975451929581454,0.030926315210061346,,0.020555999815713596,,,0.030926315210061346,-0.03180006751372679,,-0.03180006751372679,,,-0.02555641504832037,,0.030926315210061346,0.030926315210061346,0.03062653432415353,0.030926315210061346,,0.030926315210061346,,,,0.030926315210061346,0.018247994081736673,,,,,,,,,,,,,,,,,,,,,,,,,,,,,,,,,,,,,,,,,,,,,,,,,,,,,,,,,,,,,,,,,,,,,,,,,,,,,,,,,,,,,,,,,,,,,,,,,,,,,,,,,,,,,,,,,
2006-03-31,-0.029310721385023737,,,,,,,,,,-0.029310721385023737,,,,0.02875471009234671,,,-0.01650017495757823,,,,,0.02875471009234671,0.02875471009234671,-0.027343939737178535,,,,,,,,,,,,0.02875471009234671,,0.02069793331850959,,,,,0.02875471009234671,,,-0.028903660446049154,,,,-0.029310721385023737,,,,,-0.021803291574277656,,,,,,,,0.02875471009234671,-0.029310721385023737,0.02875471009234671,,,,,,,,,,,,,,0.018249261051625925,,-0.021108681478960358,0.015022720743152638,,-0.01618614635537054,,,,0.025961585986330023,,,,,,,,,,,,,0.028415288264334534,,,0.02875471009234671,,,,,,,-0.02751458172675103,,,,,,,,,,,,-0.026373416792300406,0.02875471009234671,,,-0.02343413254669021,,,-0.029310721385023737,,,,,,,,0.01525244567426279,,,,-0.029310721385023737,,,-0.029310721385023737,,,,,,,,,,-0.029310721385023737,,,-0.029310721385023737,,0.02875471009234671,,,,,,,,,,,,0.02875471009234671,,-0.029310721385023737,-0.013838406281938762,,,,-0.029310721385023737,,,,-0.029310721385023737,,,,,,,,,,,,,,,-0.01983450212532956,,,,,-0.029310721385023737,,,,,,,,,,,-0.02339737147256413,,,,,,,,,,,,,,,,-0.029310721385023737,,0.028748304157471875,,,,,,,,,,,,,,,,,,,,,-0.009286754812348108,,,,,,,,,-0.029310721385023737,,-0.029310721385023737,,,-0.027810740893156636,,,-0.0242767039397211,,,0.022186712602289035,-0.029310721385023737,,,0.02875471009234671,-0.028896568418794257,,,,,,,,,,0.01974373010561489,0.02875471009234671,,,,0.02875471009234671,,,-0.029310721385023737,,,,,,,,,,,0.02219519411211955,0.01842297237154627,,-0.029310721385023737,0.024525542999291786,,,0.02875471009234671,0.02875471009234671,0.017617657137065108,,,-0.029310721385023737,,0.02875471009234671,,,,,,,,,,0.021545553169721836,0.02875471009234671,,,,,,,,,,0.02875471009234671,,,-0.029310721385023737,-0.015085491052303555,-0.029310721385023737,-0.02626766624212818,,,,,,,,,,,0.023742499823693575,0.02875471009234671,,0.016460683143677424,,,0.02875471009234671,,-0.029310721385023737,-0.010526544482583099,,,-0.017818579599452343,0.02875471009234671,,0.027993290398370018,0.027408662322310987,,,0.01903666647370832,,,,0.02875471009234671,0.02576891081195139,,,,,,,,,,,,,,,,,,,,,,,,,,,,,,,,,,,,,,,,,,,,,,,,,,,,,,,,,,,,,,,,,,,,,,,,,,,,,,,,,,,,,,,,,,,,,,,,,,,,,,,,,,,,,,,,,
2006-05-31,-0.022363281920830123,,,,,,,,,,-0.022363281920830123,,,,,,,,,,,,0.022429823455603154,,-0.018416878759265176,,,,,,,,,,,0.022429823455603154,,,0.01575343241864491,,,,,,0.022429823455603154,-0.022363281920830123,-0.022363281920830123,,0.022429823455603154,,,,,,,-0.014213272253402,,,-0.022363281920830123,,,,,0.016067949329397667,-0.022363281920830123,,,,,,,,,,,,,,,0.0136409921287519,,-0.022363281920830123,0.008423340997315634,,-0.022363281920830123,-0.022363281920830123,,,0.020032375622785613,,,,,0.022429823455603154,,,,,,,,,,,,,,,,,,-0.022363281920830123,,,,,,,,,,,-0.022363281920830123,-0.012552031013015974,0.022429823455603154,,,-0.022363281920830123,,-0.022106085347157068,,,,,,,,,0.016920204027788318,,0.022429823455603154,,,,,-0.022363281920830123,,,,,,-0.01815138771946412,,,,-0.022363281920830123,,,-0.022363281920830123,,,,,,,-0.022363281920830123,,,,,,-0.015845040913346025,0.022429823455603154,,-0.022363281920830123,,0.022429823455603154,,,-0.022363281920830123,-0.019833508832330857,,,-0.02123689160860473,,,,,,,-0.021582774630075248,,,0.022429823455603154,,,,,-0.011922655923169765,,,,,,,,,,,,,,,,,,,,,,,,,,,,,,,-0.022363281920830123,,-0.022363281920830123,,,,,,,,,,,,,0.01714496937888977,,,,,,,,,-0.012931518208699663,,,,,,,,,,,,,,,,,-0.016012762414742757,,,0.020196005105628047,-0.022363281920830123,,0.022429823455603154,,,,,,,,,,-0.022363281920830123,0.022429823455603154,0.022429823455603154,,,,,0.022429823455603154,-0.009041969225212715,,-0.022363281920830123,,,,,0.022429823455603154,,,-0.0147767193472884,,,0.022429823455603154,0.016375313419137758,,,0.02146806059713072,,,,0.022429823455603154,0.014625450693065506,0.022429823455603154,,,,0.022429823455603154,,-0.022363281920830123,,,,,,,,0.02116393838374621,,,,,,,,,,,0.017414310649442512,,,,-0.013344183478124508,-0.022363281920830123,-0.022363281920830123,,,,,,,,,-0.022363281920830123,,0.022429823455603154,0.022429823455603154,,0.013955884757266706,,,0.022429823455603154,,,,,,-0.016749360542471982,0.015020313861629912,,0.022429823455603154,0.01803434285777919,,,,,,,0.022429823455603154,,0.022429823455603154,0.022429823455603154,0.013113358004701864,,,,,,,,,,,,,,,,,,,,,,,,,,,,,,,,,,,,,,,,,,,,,,,,,,,,,,,,,,,,,,,,,,,,,,,,,,,,,,,,,,,,,,,,,,,,,,,,,,,,,,,,,,,,,,
2006-07-31,-0.01977308056912207,,,-0.017759790555089985,,,,0.02014784728107775,,,-0.01977308056912207,,,,,,,-0.010124560777200075,,-0.014611542802120481,,,0.019151400246698005,,-0.016806811030038785,,,,0.02014784728107775,,,,,,,0.010949326366652974,,,,0.02014784728107775,,,,0.02014784728107775,,,-0.01977308056912207,,0.02014784728107775,,,,,0.01769736704964848,,-0.01977308056912207,,,-0.015077715435176041,,-0.01977308056912207,-0.01977308056912207,,0.02014784728107775,,,,,,,,,,,,,,,,,,,0.011969868068533854,,-0.01546968128211859,,,,0.015428015699660435,,,,,0.02014784728107775,,,,,,-0.01187814833363244,,,,0.014320540391483253,,,,-0.01977308056912207,,,,-0.01977308056912207,,,0.02014784728107775,,,,,,,,,-0.013760974883211888,0.015581075079608661,,0.012496531052215775,-0.019190424679037702,,,,,,,,,,,0.018069038574267532,,,,-0.01977308056912207,,,,,,,,,,,-0.01977308056912207,,-0.01977308056912207,,,,,,,,,,-0.01977308056912207,,,,,,-0.012281844311232646,0.01826337013197112,,-0.01977308056912207,-0.009927424813074771,,,,-0.01977308056912207,,0.012685992033037979,,-0.01391894861699117,,,-0.01977308056912207,0.02014784728107775,,0.02014784728107775,,,,,,,,,-0.014892889547803831,,,,,,,,,,,,,,,,,,,,,,,,,,,,,,-0.011925440452380514,-0.01977308056912207,,-0.01977308056912207,,,,,,,,,,,,,0.02014784728107775,,,,,,,,-0.01977308056912207,-0.013219269724181384,,,,,,,,,,,,,,,,,-0.016322452306451588,,,,,,0.02014784728107775,,,,,,,,,-0.01977308056912207,-0.013843963520033111,,0.02014784728107775,0.015956458861067196,,,0.02014784728107775,0.02014784728107775,,,,,,,,,,,,,0.02014784728107775,0.01070752239277336,0.02014784728107775,,,,,,,0.02014784728107775,0.007819923383261328,0.02014784728107775,,,,,,-0.01712547086536974,,,,,,,,0.012628772019914575,,,,,,,0.013734570488946172,,,,0.016076777515399255,,,,-0.0077745892126464605,-0.01977308056912207,-0.01866329196098254,,-0.01977308056912207,,,,,,,,,0.009812176212237478,0.02014784728107775,,,,-0.01977308056912207,0.02014784728107775,,,,,,0.014048167322189388,0.02014784728107775,,,0.015276658134832517,,,,,,,,,,,0.013429896990471585,-0.01977308056912207,,,,,,,,,,,,,,,,,,,,,,,,,,,,,,,,,,,,,,,,,,,,,,,,,,,,,,,,,,,,,,,,,,,,,,,,,,,,,,,,,,,,,,,,,,,,,,,,,,,,,,,,,,,,,
2007-07-31,-0.028642806098714592,,,,,,,,,,,,,,,,,,,0.023051975542179363,,,,,-0.028642806098714592,,,,0.02901132661341851,-0.026177431739110312,,-0.028642806098714592,,-0.016663620185757545,-0.028642806098714592,0.014687605500125824,,0.019245458854221787,-0.019752499455616204,,0.01867604892598283,-0.028642806098714592,,-0.016594303184987235,,,,,,,,,,,,,,,,,,,,-0.028642806098714592,0.02901132661341851,,,,,0.02901132661341851,,-0.02334395648200349,,,0.02901132661341851,,,,,,,0.022099968733990734,-0.025131099378245956,,,,,,,-0.028642806098714592,,,-0.02327296239204281,,,,,,-0.028642806098714592,,,-0.028642806098714592,0.02901132661341851,-0.02114496268329681,,,,,,0.02901132661341851,,,-0.028642806098714592,,,0.02901132661341851,,,-0.028642806098714592,,,,-0.028642806098714592,,,,,,,,,,-0.023193420114458855,,,,,,-0.018128104237314823,,,,,,,,-0.028082975940874184,-0.020802126739136624,,,,,,,,,,,,,-0.028642806098714592,,,,,,,,,,,-0.02398930478071955,,,,,,-0.028642806098714592,,,,-0.028642806098714592,0.02901132661341851,,,,,-0.028642806098714592,,,,,,,,,,,0.02901132661341851,,,-0.028642806098714592,,,,,,-0.028642806098714592,0.02089658109792312,,,,,,,,,,,,,0.02820163965713939,,,,,,-0.025219837496918363,,,,,0.02901132661341851,,,-0.028642806098714592,,,0.02901132661341851,,,,,,,0.026722777247489705,,,,0.02901132661341851,,,,0.02901132661341851,-0.020084324169510576,,,0.010259245087863517,,,,,,,,,,,,,,,,0.02901132661341851,0.02901132661341851,,,,,,,,,,0.024801317734615778,,,,,,,,,,,,-0.028642806098714592,,,-0.028642806098714592,,,0.02901132661341851,-0.028642806098714592,,,0.02901132661341851,0.02901132661341851,,,,,,,,,,,,,,0.02901132661341851,,,,,-0.024985024379560374,,,-0.028642806098714592,,,,0.02901132661341851,,,,,-0.028642806098714592,0.02739052150607056,,,,,0.02901132661341851,,0.010688531811021813,,,-0.028642806098714592,0.02901132661341851,,,,,,0.02901132661341851,,,-0.012920790464480443,,,,,,,0.02901132661341851,,,-0.02591463015422184,,,0.022742827639296533,,,0.019786109708270532,,,,-0.028642806098714592,,,0.02901132661341851,,0.02901132661341851,-0.016582599155516242,,0.026842411173366356,-0.028642806098714592,-0.026731052253161722,0.01606625371755392,0.020800973676924413,0.02901132661341851,,0.025733213503444645,,0.02901132661341851,0.021060183759028617,,,,,,,,,,,,,,,,,,,,,,,,,,,,,,,,,,,,,,,,,,,,,,,,,,,,,,,,,,,,,,,,,,,,,,,,,,,,,,,,,,,,,,,,,,,,,,,,,,,
2007-08-31,-0.019746778702063057,,,,,,,-0.015990137126451934,,,,,,,,,,,,0.013531426825128716,,,,,-0.019746778702063057,,,,,,,,,,-0.019746778702063057,0.01279887386753213,,0.017826507491322672,-0.01590307120449542,,0.013713985485685278,-0.019746778702063057,,,,,,,,,,,,,,,,,,,,,,-0.019746778702063057,,,,,,,,-0.019746778702063057,,-0.019746778702063057,0.019084658553516758,,,,,-0.009075932157033473,,0.01367002518414729,0.015032658198016408,,,,,,,-0.016220586639574947,,,-0.015716533672548386,,,,,,-0.019746778702063057,,,-0.019746778702063057,0.016090653968016056,-0.017248377592645643,,,-0.019746778702063057,,,0.019084658553516758,,,,,,,,,-0.018437577744672296,,,,-0.019746778702063057,,,-0.01877537076689122,,-0.014987242969482747,,,,,-0.010889060762553561,,-0.019746778702063057,,,-0.019746778702063057,,,,,,,,,,-0.01679646165796212,,,,,,,0.014600459124169988,,,,,,-0.013568139399285637,,,,,,,,,,,-0.013478660681815916,0.019084658553516758,,,0.01695220732249418,,-0.012580841229657413,,,,,0.019084658553516758,,,,,-0.019746778702063057,,,,,,,,,,,0.019084658553516758,-0.019746778702063057,,-0.019746778702063057,,,,,,-0.019746778702063057,,,,,,,,,,,,,,0.019084658553516758,,,,,,-0.012364671471844633,,,,,,,,-0.019746778702063057,,,0.013878236185479429,,,,,,,0.019084658553516758,,,,0.019084658553516758,,-0.015829153960228944,-0.019746778702063057,0.01125563487269522,-0.019746778702063057,,,0.019084658553516758,,0.018752422495850532,,,,,-0.013851751708239593,,,,,,,,,,,,,,,,,,0.019084658553516758,,,,,,,,0.019084658553516758,,,,,,,-0.019746778702063057,,-0.016458081678718546,,,,,,,,,,,,,,0.011192907975778486,,,,,,,,,,,0.019084658553516758,,,,0.018688388668504557,-0.013287985980415666,,0.019084658553516758,,0.019084658553516758,,,,,,0.01807014556557957,,,0.016118151315369256,,0.019084658553516758,,0.014866161842639334,,,-0.019746778702063057,0.019084658553516758,,,,,,,0.016378421554844116,,-0.019746778702063057,-0.019746778702063057,,,,,0.019084658553516758,0.019084658553516758,,,,,,0.019084658553516758,,,0.01366088517470893,,,,,,,,,0.019084658553516758,-0.009186094871580218,,,-0.01923272758967776,-0.014208143042679672,0.010856753442020564,0.018832213001862264,0.019084658553516758,-0.008151039130104875,0.01882808046735459,0.015003059386012648,0.019084658553516758,0.018540076408691777,0.0171595078868014,,,,,,,,,,,,,,,,,,,,,,,,,,,,,,,,,,,,,,,,,,,,,,,,,,,,,,,,,,,,,,,,,,,,,,,,,,,,,,,,,,,,,,,,,,,,,,,,,,
2007-09-28,-0.020267650628660528,,,,,,,-0.018691508863796426,,,,,,,,,,,,0.017264794576788936,,,,,-0.020267650628660528,,,,,-0.017368550584237637,0.020110122830127725,,,,-0.020267650628660528,,-0.01921260199634081,0.017408286792583137,-0.015931408670269268,,0.011181896990373743,-0.020267650628660528,,,,,,,,,,,,,,,,,,,,,,-0.020267650628660528,,,,,,,,-0.01631553761186552,,,0.020110122830127725,,,,,,,0.009279964347474426,,,,,,,,-0.016606345085032243,,,-0.019340256913022255,,,,,,-0.020267650628660528,,,-0.020267650628660528,0.01726815498508675,-0.014810544688152367,0.020110122830127725,,,,-0.020267650628660528,0.020110122830127725,,,-0.020267650628660528,,,,,,-0.020267650628660528,,,,-0.020267650628660528,,,-0.014098576103195141,,-0.012320518353639176,,,,,-0.00911297314382443,,,,-0.014858003559405052,,,,,-0.020267650628660528,,,,,-0.020267650628660528,-0.014668498838452762,,,,,,,,,,,,0.01642834022056211,-0.020267650628660528,,,,,,,,,,,-0.010169077505928683,0.020110122830127725,,,,,,,,,-0.019114658358883693,0.020110122830127725,,,,,-0.020267650628660528,,,,,-0.011450918678177331,0.020110122830127725,,,,,0.011969432745100846,,,,,,,,,-0.020267650628660528,,,,,,,,,-0.020267650628660528,,,,,0.017099056662615433,,,,,,-0.012762188572308302,,,,,,,,-0.01765610111614321,,,,,,,,,0.019230746370755482,0.020110122830127725,,,,0.020110122830127725,,,-0.020267650628660528,,-0.020267650628660528,,,0.020110122830127725,,,,,0.020110122830127725,,-0.020267650628660528,,,,,,,,,0.0164881715739823,0.020110122830127725,,,,,,,,,,,,,,,,0.01928427068561689,,,0.020110122830127725,,,-0.020267650628660528,,,-0.020267650628660528,,,0.013340980912548801,,,,,0.013045183099868426,0.020110122830127725,,,,,,,,-0.012524798523159762,,,,,,,,,,,,0.01675396925488852,,,0.01796897868597659,-0.009880494254646606,0.020110122830127725,,,,,,0.019603445556603885,,,0.01750668987519787,,0.020110122830127725,,0.017425416655955425,,,,0.020110122830127725,,,,,,,,,-0.010914919420596048,,-0.020267650628660528,,,,,0.015969074704959656,,,,,,0.020110122830127725,,,,,,0.020110122830127725,,,,,,0.009738713355545176,-0.01833338849539179,,,-0.020267650628660528,-0.015030006477197204,0.012968266220305141,0.012038799738776997,0.020110122830127725,,0.020110122830127725,0.014410826699619158,0.01726297420245253,0.015492880166463203,0.018853596388734902,,,,,,,,,,,,,,,,,,,,,,,,,,,,,,,,,,,,,,,,,,,,,,,,,,,,,,,,,,,,,,,,,,,,,,,,,,,,,,,,,,,,,,,,,,,,,,,,,,
2007-10-31,-0.02102577171367599,,,,,,,-0.02102577171367599,,,,,,,,,,,,0.016401461020897963,,,,,-0.01695708218935032,,,,,,0.011045873036918036,,,,,0.007524878222150559,,0.021988111662112814,-0.018040646337595324,,0.011624053954188085,-0.02102577171367599,,,,,,,,,,,,,,-0.02102577171367599,,,,,,,,-0.02102577171367599,,,,,,,,-0.013608932593203778,,,0.021988111662112814,,,,,,,0.021988111662112814,0.01368893188120553,,,,-0.02102577171367599,,,-0.018729934163905698,,,-0.02102577171367599,,,,,,,,,,0.021988111662112814,-0.016292729612485127,0.021988111662112814,0.021988111662112814,-0.02102577171367599,,,0.021988111662112814,,,-0.02102577171367599,,,,,,,,,,-0.02102577171367599,0.021988111662112814,,-0.02102577171367599,,-0.018045744989225766,,,-0.014186665325163529,,-0.011466862010769746,,-0.01892561068837063,,-0.01604955005883648,,,,,,,,,,-0.02102577171367599,-0.018012254569876106,,,,-0.02102577171367599,,,0.01815663964842832,-0.02102577171367599,,,,0.02078219814140997,-0.02102577171367599,,,,,,,,,,0.021988111662112814,-0.01201440577791255,0.015602458442655944,,,,,,,,,,,,,,,-0.02102577171367599,,,,0.021988111662112814,-0.02102577171367599,0.019093645036721764,,,,,,-0.020426730225762618,,-0.02102577171367599,,,,,,-0.02102577171367599,0.013409137933313667,,,,,,,,-0.019438767989118453,,,,,,,,,,,-0.010573479378790216,,,,,,,,-0.02102577171367599,,,0.021988111662112814,,,,,,,0.021988111662112814,,,,0.021988111662112814,,-0.015909046950568054,-0.02102577171367599,,,,,0.012336951381900167,,,,,,,-0.02102577171367599,,,,,,,,,,,,,,,,,,,,0.021988111662112814,,,,,,,,,0.021988111662112814,,,-0.02102577171367599,,,-0.02102577171367599,,,0.017517312437292293,,,,,0.013771148967784839,0.021988111662112814,,,,0.021988111662112814,,,,-0.007744827690267731,,,,,,,,,,,,0.0122342453090516,,,0.014863053125386811,-0.02026217690616973,,,,,,,0.006236174904726815,,,,,,,0.013406470256087476,,,,0.021988111662112814,,,,,,0.021988111662112814,-0.012431269342548538,0.021988111662112814,-0.010535493066760465,,,,,,,0.011300955352663506,,0.019296778131536553,,,-0.015364853777383903,0.021988111662112814,,,,,,,,,,0.021988111662112814,,0.014902985762816219,,,,,-0.01048773493139994,0.01808103633624999,0.020252891304254065,0.021988111662112814,,,,0.01993595604286488,0.010181228175416543,,-0.01724971333082783,,,,,,,,,,,,,,,,,,,,,,,,,,,,,,,,,,,,,,,,,,,,,,,,,,,,,,,,,,,,,,,,,,,,,,,,,,,,,,,,,,,,,,,,,,,,,,,,,
2007-11-30,-0.026170300451895303,0.026925266176661314,,,,,,,,,,-0.026170300451895303,,,0.026925266176661314,,,,,0.015387450331433435,,0.02127947221872999,,,,,,,,,,,,,,0.015483465323939329,,0.020008209357220075,-0.021605034651944664,,0.023357990557093134,-0.026170300451895303,,,,,,,,,,,,0.026925266176661314,0.026925266176661314,-0.026170300451895303,,,,,-0.026170300451895303,,,,,,,,,,,,,,0.023993211781936447,,,,,,,,0.012993055784445484,,,,,,,,,,-0.026170300451895303,,,,,,-0.021893996869938558,,,-0.026170300451895303,,-0.01733802280151481,0.026925266176661314,0.026925266176661314,,0.026925266176661314,,0.026925266176661314,,-0.01906834247549445,-0.026170300451895303,,,,,,,,,,-0.026170300451895303,0.024354017008861185,,-0.026170300451895303,,-0.026170300451895303,,,-0.026170300451895303,,-0.012091382381481271,,-0.026170300451895303,,,-0.026170300451895303,-0.013575160223099072,,,,,,,,,-0.020963213529241468,,,,,,,0.019732639328324468,-0.026170300451895303,,,,0.022000448838703297,,-0.026170300451895303,,,,,,,,,,-0.012925994150485365,0.026925266176661314,,,,0.026925266176661314,,,,,,0.026925266176661314,,,,,-0.026170300451895303,,-0.026170300451895303,,0.026925266176661314,-0.026170300451895303,0.026925266176661314,,,,,,-0.026170300451895303,,-0.023058975714945206,,,,,,,,,,,,,-0.026170300451895303,,,-0.026170300451895303,,,,,,,,,,-0.014060643186009244,,,,-0.026170300451895303,,,,-0.026170300451895303,,,,,-0.024759730244430105,,,,,,,,,,,-0.026170300451895303,-0.026170300451895303,,,,,0.026761852121151473,,,,,,,-0.015659094091501576,,,,,,,,,0.0255606532904428,,,,,,,0.026925266176661314,,,,,,,,,,,,,,,,-0.026170300451895303,,,-0.017937796366002384,,,0.012164039744220631,-0.01791186950072296,,,,,0.018474856058661553,,,,0.026925266176661314,,,0.026925266176661314,-0.026170300451895303,,,,,,,,,,,,0.021655938699971015,,,0.02189001082097551,-0.018932231668548,,,,,,,0.019741026200252528,,,0.01374717532407462,,,,0.019158255869070894,,,,0.024471830468811295,,,,,,,,,,,,,,,,0.02136286531552689,,,,,,0.026925266176661314,,,-0.01283211781088398,,,0.026925266176661314,,,,0.026925266176661314,,0.026925266176661314,-0.024102489219676088,,,-0.02048822414120395,-0.02373488329743078,0.01366335301104117,0.026925266176661314,,,,,0.02500291128048477,0.025846741186498715,0.02435553041106453,,0.007830024934799862,,,,,,,,,,,,,,,,,,,,,,,,,,,,,,,,,,,,,,,,,,,,,,,,,,,,,,,,,,,,,,,,,,,,,,,,,,,,,,,,,,,,,,,,,,,,,,,,
2007-12-31,-0.024074041726806165,,,,,,,,,,,-0.024074041726806165,,,,,,,,0.014377723067832304,,0.02081017682609837,,,-0.023447800689402797,,,,,,0.008708253898451344,,,,,0.02034713086247982,,0.024133855406886385,-0.02163280712913981,,0.01652829756136467,-0.024074041726806165,,,,,,,,,,,,,,,-0.024074041726806165,,,,,,,,,,,,,,,,,,0.021226601271040722,-0.024074041726806165,,,,,0.024133855406886385,-0.01278637767860166,,,,,,,,,,,-0.024074041726806165,,,,,,-0.024074041726806165,,,,,-0.017695656512802242,0.024133855406886385,0.024133855406886385,,0.024133855406886385,,0.024133855406886385,,,,,,,,,,,,,-0.024074041726806165,0.015478912076896969,,,,-0.019367767354845224,,,-0.017787097250798082,,-0.011331209542558425,,-0.024074041726806165,,-0.01833876693755876,-0.024074041726806165,-0.024074041726806165,,,,,,,,,-0.020809990280358525,,,,,,,0.016290378000867196,-0.024074041726806165,0.024133855406886385,,,0.018309188352451,,,,,,,,,,,0.024133855406886385,-0.011671942103244409,0.022436063955847078,,,,,,,,,,0.024133855406886385,,,,,-0.024074041726806165,,,,,-0.024074041726806165,0.024133855406886385,,,0.024133855406886385,,-0.024074041726806165,-0.02378718302352779,,-0.019312173690907375,,,,,,,,,,,,,,,,-0.024074041726806165,,,0.024133855406886385,,,,,,,-0.010727366223395027,,-0.024074041726806165,,,,,,-0.024074041726806165,,,,,-0.023601858494663137,,,,,,,,,,0.024133855406886385,-0.024074041726806165,-0.02209188807884595,,,,,0.0231725356890406,,,,,,,-0.01674722361880911,,,,,,,,,,0.024133855406886385,,,,,,,,,,,,,,-0.010038639063537975,,,,,0.024133855406886385,,,-0.024074041726806165,,,-0.022282433221841726,,,0.018127220522753233,-0.019342999857993766,,,,,0.01846175431495257,,,,0.024133855406886385,-0.016273003509184952,,,-0.019480420202434186,,,,,,0.024133855406886385,,,,,,,,,0.021119686849042512,-0.023252223794217205,,,,,,,,,,0.01564909405500528,,,,0.01762768846203023,,-0.024074041726806165,,0.02328078284394636,,,,,,,,,,,,0.023097669234202242,,,,0.01693525124510177,,,,,,0.024133855406886385,,,-0.01805455950027449,,,0.024133855406886385,,,,,0.021124755450405742,0.012669346697475947,,,,-0.020778682677597294,-0.010737897301828182,0.013789484723791151,0.01987311395056103,0.024133855406886385,-0.01239490933002064,,,0.024133855406886385,0.017868911477872156,0.014935573476247722,,0.010271194920946141,,,,,,,,,,,,,,,,,,,,,,,,,,,,,,,,,,,,,,,,,,,,,,,,,,,,,,,,,,,,,,,,,,,,,,,,,,,,,,,,,,,,,,,,,,,,,,,,
2008-01-31,-0.01662559707602653,,,,,,,,,,,-0.01662559707602653,,,,,,,,0.00837142546853652,,,,0.01678321865261507,-0.01662559707602653,,,,,,,,,,,0.010067286100665896,,0.013271415295192775,-0.008949738372436147,,0.011888178583052486,,,,,,,,,,,,,,,-0.01662559707602653,,,,,,,,0.01678321865261507,,,,,,,,,,0.01678321865261507,0.0123600416603212,-0.015087295067224052,,,,,0.01678321865261507,-0.01662559707602653,,,,,,,,,,,-0.01662559707602653,,,,,,-0.015332728716576517,,,,-0.013299994675021512,,0.01678321865261507,0.01678321865261507,,,,0.01678321865261507,,-0.014989984836764277,-0.01662559707602653,,,,,,,,,,-0.01662559707602653,,-0.01118099631823407,-0.016481696747543857,,-0.014655547913264098,,,,,-0.006387240008608112,,-0.01662559707602653,,-0.011139588631407326,,-0.013313680772804658,,,,,,,,,-0.012438927292328568,,,,-0.01662559707602653,,,0.012910691177709798,-0.01662559707602653,0.01678321865261507,,,0.012090273888253265,,,,,,,,,,,0.015213299675403481,-0.009061372184032135,0.01678321865261507,,,,,,,,,,0.010220103008250301,,,,-0.01662559707602653,-0.014700462070123961,,,,,-0.01662559707602653,0.01678321865261507,,,0.01678321865261507,,-0.01662559707602653,-0.01458656059901816,,-0.01662559707602653,,,,,,,,,,,,,,0.01678321865261507,,-0.01475674158368866,,,,,,,,,,-0.008079500183428371,,,,-0.01662559707602653,,,,-0.01662559707602653,,,,,-0.01593108725932354,,,,,,,,,,,-0.015775010123418014,,,,,,0.01678321865261507,,,,,,,-0.0116859878456093,,,,,,,,,,0.01678321865261507,,,,,,,,,,,,,,-0.014263231025805722,,,,0.01678321865261507,0.01678321865261507,,,-0.01662559707602653,,,,,,0.01199449304527517,-0.012220387701503105,,,,0.009116872911475176,,,,,0.01678321865261507,,,0.01678321865261507,-0.013422193044803412,,,,,,0.015888692160158376,,,,,,,,,0.011240625282984465,-0.01662559707602653,,,,,,,,,,,,,,0.010585054426888904,,-0.016057348058696873,,0.014214086512409943,,,,,,,,,,,,0.011753327559072083,,0.01678321865261507,,0.014572219244028971,,,,,,0.01678321865261507,,0.014787956182638827,-0.013976234789869927,,,0.01678321865261507,,,,,,0.01678321865261507,,,,-0.013223119458747623,-0.010621725409437018,0.009616570411473945,0.010768776871709865,0.01678321865261507,-0.01205297920688351,,,0.01678321865261507,0.013628599996160843,0.012932923145920674,,0.009267544070761911,,,,,,,,,,,,,,,,,,,,,,,,,,,,,,,,,,,,,,,,,,,,,,,,,,,,,,,,,,,,,,,,,,,,,,,,,,,,,,,,,,,,,,,,,,,,,,,,
2008-02-29,-0.01790990291231174,,,,,,,,-0.01790990291231174,,,,,,,0.017993532776814123,,,,0.013156540647907012,,,,,-0.01790990291231174,,,,,,0.017993532776814123,,,,-0.01337563846955705,0.010109478136209223,,0.014888865097240276,-0.01141751928524906,,0.01484864620118865,,,,,,,,,,-0.01790990291231174,,,0.017993532776814123,,,,,,,,,,0.017993532776814123,,,,,,,,,,0.017993532776814123,0.017993532776814123,-0.016453936429261407,,,,,0.017993532776814123,-0.015326274643037908,,,,,,,,,,,-0.01727582422189142,,,,,,-0.017111312356747302,,,,-0.011177885665422032,,0.017993532776814123,0.017993532776814123,,0.017171221648744014,,0.017993532776814123,,-0.016068574995555893,-0.01790990291231174,,,,,,,,,,-0.01790990291231174,0.01088416250747693,-0.01512281229607516,-0.012562914396594179,,-0.01357687390611966,,,-0.015565685521670824,,-0.011054835335759182,,-0.01790990291231174,,-0.013824683987258007,,-0.011551580175278428,,,,,,,,,-0.00924801082894886,,,,,,,0.01497452154132546,,0.017993532776814123,-0.01790990291231174,,0.015359630590759144,,,,0.013920403052419992,,,,,,,0.017446629247721036,-0.00945566308067301,,,,,,,,,,,,,,-0.01790990291231174,,-0.01790990291231174,,,,,-0.017286827408510667,,,,0.015307828507310496,0.017993532776814123,-0.01790990291231174,,,,,,,,,,,,,,,,,0.017173099780221083,,,,,,,,,,,,-0.010530920260964938,,,,,,,,-0.01790990291231174,,,,,-0.016986448987470603,,,,,,,,,,,,-0.01790990291231174,,,,,0.013431155884837714,,0.017993532776814123,,,0.017993532776814123,,-0.014865232668417237,,,,,,,,,,0.01484128368415775,,-0.01790990291231174,,,,0.017993532776814123,,,,,,,,-0.01790990291231174,,,,0.017993532776814123,,,,-0.01790990291231174,,,,,,0.007059167298812879,-0.01790990291231174,,,,,0.012735516061650246,,,,0.017993532776814123,,,0.017993532776814123,-0.014232137097828999,,,,0.017993532776814123,,,,,,,,,,,0.008503417601729355,-0.01080150657961418,,0.017993532776814123,,,,,-0.017705231341237495,,,,,,,0.011391799290438367,,,-0.01790990291231174,0.013102904066715774,,,,-0.016943196823420124,,,,,,,,0.015346796020641727,,0.017993532776814123,,,,,,,,,,0.008160111831295858,-0.012216615619134912,,,0.014973285307536076,,,,,,,,,,-0.01790990291231174,-0.012881958873212031,0.01370024217073733,,,-0.012312613828045922,,,,0.017993532776814123,0.017513579713783308,,0.005362863436109075,,,,,,,,,,,,,,,,,,,,,,,,,,,,,,,,,,,,,,,,,,,,,,,,,,,,,,,,,,,,,,,,,,,,,,,,,,,,,,,,,,,,,,,,,,,,,,,,
2008-03-31,-0.01931605002118713,,,,,,,,-0.017854768657011636,,,,,,,,,,,0.010281510153812378,,,,,,,,-0.01931605002118713,,,0.019306659292712622,,,,-0.0179582618586717,0.012375664878980798,,,-0.017193213416095345,,0.015454930030204737,,,,,,,,-0.01931605002118713,,,,,0.008088681668669348,,-0.01931605002118713,,,,,,,,0.019306659292712622,,,,,,,,,,0.017876075586532585,0.019306659292712622,-0.010164224416523772,,,,,0.019306659292712622,-0.011882567041809176,0.01874022100965093,,,,,,,,,,-0.01931605002118713,,,,,,,,,,-0.016053501724276102,,,0.019306659292712622,,0.019306659292712622,,0.019306659292712622,,-0.014329183348963652,-0.01931605002118713,,,,,,,,,,-0.01931605002118713,0.01106126975200018,-0.014586780572546967,,,-0.017269271715555395,,,,,-0.009436090509257505,0.019306659292712622,,,-0.011311009918468982,,-0.007140611911329713,,,,,,-0.01931605002118713,,0.015938917062718928,,,,,,-0.01931605002118713,,0.011963391847190998,-0.01931605002118713,0.019306659292712622,-0.01931605002118713,,0.01704443452642219,,,,0.013937135211835202,0.019306659292712622,,,,,,,,,,,0.013157292957829978,0.0145142341109112,,,,,,,,,,,-0.01931605002118713,,,,,,,,,0.019306659292712622,0.015088061710785798,-0.018039279679786684,-0.01931605002118713,,,,,,,,,,,,,,,,,,-0.01931605002118713,,,,,,,,,,-0.008794753417005452,,,,-0.01931605002118713,-0.01931605002118713,,,-0.01931605002118713,,,,,-0.01778326593645165,,,,,,,,,,,-0.01802706668634176,-0.01931605002118713,0.019306659292712622,,,,0.016626654206848373,,,,,0.019306659292712622,,-0.012025218625355086,,,,,,,,,,0.019019363715555574,,-0.017149924148986036,,,,0.019306659292712622,,,,,,,,-0.01931605002118713,,,,0.019306659292712622,,,,-0.01931605002118713,,,-0.014313513748746114,,,0.01293682076588791,-0.014505328595037486,,,,,0.01762056625486919,,,,,,,0.011796260144994764,,,,,,,,,,,,,,,,0.017121125360198067,-0.015278292423854896,,,,,,,-0.012054331976143551,,,,,,,0.013219229025763593,,,,0.015544265919601355,,,,-0.012920284041714542,,,,,0.017014357417844628,,,0.01211366256958206,,0.019306659292712622,,,,,,,,0.019306659292712622,,0.019306659292712622,-0.01024556729623647,,,,,,,,0.018080088717810538,,,,,-0.01931605002118713,-0.0138749468353517,0.01012353884485201,,,-0.012670248962176526,,,,0.019306659292712622,0.013958462542619713,,0.010975815353114734,,,,,,,,,,,,,,,,,,,,,,,,,,,,,,,,,,,,,,,,,,,,,,,,,,,,,,,,,,,,,,,,,,,,,,,,,,,,,,,,,,,,,,,,,,,,,,,,
2008-05-30,-0.02427114861164035,0.02407438708365231,,,,,,-0.02427114861164035,-0.02427114861164035,,,,,,,,,,,0.015608444114749391,,0.019566241043493818,,0.02407438708365231,,,,-0.02427114861164035,,,,,,,-0.02427114861164035,0.020992814869822365,,0.02407438708365231,-0.01768626898166728,,0.02146100041215153,-0.017231078148415485,,,,,0.02407438708365231,0.02407438708365231,,,,,,,,-0.02427114861164035,,,,,,,,0.024015531291485093,,,,,,,,,,0.02407438708365231,0.015577978069247368,-0.02112976972575739,,,,,0.02407438708365231,,,,,,0.02407438708365231,,,,,,-0.02032985036919099,,,,,,,,,,-0.015013223292293279,,,0.02407438708365231,,0.016878029935315626,,0.02407438708365231,,-0.02427114861164035,,,,,,,,,,,-0.02038752280920855,0.020257053132878546,-0.02427114861164035,-0.023400579501640383,,-0.02427114861164035,,0.02407438708365231,,,-0.015359844157156643,0.02407438708365231,,,,,,0.02407438708365231,,-0.02427114861164035,,,,,0.01771677279058152,,,,,-0.02427114861164035,,,,,,,,0.02131528284849483,,,,0.020014164637370515,,,,,-0.02427114861164035,,,,,,,,,,,-0.02427114861164035,,,,,,-0.02427114861164035,,-0.02427114861164035,,,,,-0.022263922361314945,,0.02407438708365231,,,,-0.02427114861164035,-0.019221547455642585,,,,,,,,,,,,,,0.02407438708365231,,,,,,,,,,,,,,-0.016580248568015245,,,,,-0.02427114861164035,,,,,,,,-0.017583822195570444,0.02407438708365231,,,0.013470251328067721,,,,,,,,,0.02407438708365231,,,,,,0.02407438708365231,,,0.02407438708365231,,-0.02427114861164035,,,,,,,,,,,,-0.020194667512463134,-0.016189113299401245,0.02407438708365231,,0.02407438708365231,,,,,,,,-0.02427114861164035,,,,,,,,,,,-0.020290395787398635,,,0.01363479898761041,,,,,,,,,,,-0.02086548871168004,,0.022519975332298554,,,,,,,,,,,,,,,,0.02327516846265968,-0.01129134682799248,,0.02407438708365231,,,,,-0.02427114861164035,,,,-0.01658709057382595,,,-0.02427114861164035,,,,0.020820140791668246,,-0.02427114861164035,,,,,,,0.022258627162052395,,,,,,,,,,,,,,,0.013942877682281826,-0.021006465969139167,,,,,,,,0.01721701422794998,0.02098907360073618,,,,-0.02427114861164035,-0.021140263554611516,0.013412347744929557,,,-0.017793048320487823,,-0.0066775275381310995,,0.019457347989985416,,,0.011144889445945683,-0.009602093588758173,-0.02427114861164035,0.02362244366064795,0.011527960526355642,,,,,,,,,,,,,,,,,,,,,,,,,,,,,,,,,,,,,,,,,,,,,,,,,,,,,,,,,,,,,,,,,,,,,,,,,,,,,,,,,,,,,,,,,,,,
2008-06-30,-0.02263362934188968,0.02219542640861381,,,,,,-0.02263362934188968,-0.02263362934188968,,,,,,,,,,,0.013998407160007172,,,,0.02219542640861381,,,,-0.02263362934188968,,,,,,,-0.02263362934188968,0.019242068293128124,,0.02022396826976011,-0.013840582279867581,,0.012180765615735625,,,,0.02219542640861381,,0.02219542640861381,0.019642840501547403,,,,,,,0.02219542640861381,-0.02263362934188968,,,,,,,,,,,,,,,,,,0.017863112225282137,0.02219542640861381,-0.020696278320998525,,,,,,-0.02263362934188968,-0.014002197015998837,,,,0.02219542640861381,,,,,,-0.02263362934188968,,-0.02263362934188968,,,,,,,,-0.02263362934188968,,,0.02219542640861381,,0.015863538912692248,,,,-0.008774446290589275,,,,,,,,,,,-0.02263362934188968,0.013054130676423156,,-0.014655754607649419,,-0.02263362934188968,,0.021487553057443813,,,-0.013775536269861546,0.02219542640861381,,,,,,0.02219542640861381,,-0.02263362934188968,,,-0.02263362934188968,,0.019292930065196102,-0.014000504049617024,,,,,,,,,,,,0.02219542640861381,,,,0.018439628169130563,,,,,-0.02263362934188968,,,,,,,0.013961254801933753,,,,,,,,,,,,,,,,,,0.02219542640861381,0.02219542640861381,,,,-0.01707979085134143,-0.02263362934188968,,,,,,-0.02263362934188968,,,,,,,,0.02219542640861381,,,,,,,,,,,,-0.02263362934188968,,-0.01510104958959099,,,,,-0.02263362934188968,,,,,,,,-0.02263362934188968,0.01683913095802129,,,0.015831688484956002,-0.022092055115762513,,,,,,,-0.02263362934188968,0.02219542640861381,,,,,,0.01916854501439159,,,0.02219542640861381,,-0.007186193578530822,,,,,,,,,,,,-0.02263362934188968,,0.02219542640861381,,,,0.02219542640861381,,,,,,-0.01632898349592899,,,,,,,,,,,-0.015558836733496437,,,0.01605377459759981,-0.010870748535126273,,,,,,,,,,,,0.019786472230796187,,,,,,,,,,,,,,,,0.02219542640861381,-0.01966238422968494,,0.02219542640861381,,,,0.022121471269002994,-0.019825598019545136,,,,-0.01981855043486056,,,-0.019082608892798048,,,,0.016759914559820958,,-0.02263362934188968,,,,,,,0.013746719879622693,,,,,0.02219542640861381,,,,,,,,,,0.01702587070057218,-0.02262037885283557,,,,,,,,0.018332389490810768,0.01106109174228579,,,,-0.02263362934188968,-0.020296425933937313,0.014166306353890313,,,-0.019038648486475723,,-0.006170444630234598,,0.01992302746704829,,,0.013502751036050165,-0.008340647700886371,-0.02116838233609683,0.017520824343027774,,,,,,,,,,,,,,,,,,,,,,,,,,,,,,,,,,,,,,,,,,,,,,,,,,,,,,,,,,,,,,,,,,,,,,,,,,,,,,,,,,,,,,,,,,,,,
2008-07-31,-0.01610613104367872,0.008802314478240666,,,,,,,-0.01281559282843814,,,,,,,,,,0.01477939537771289,0.00813855272191922,,,,0.012266603194956302,,,,-0.007932569057886987,,,,,,,-0.014687492216904085,0.00936741263936692,,0.01477939537771289,-0.012666029053236239,,,,,,0.014386442595466797,,0.012930220170482216,0.011430932193334244,,,,,,-0.01610613104367872,,-0.01610613104367872,,,,,,,,,-0.01610613104367872,,,,,0.01477939537771289,,,,0.01477939537771289,0.011798409264884426,-0.009946743560232545,,,,,,-0.01610613104367872,-0.010165036842505443,,,,0.01477939537771289,,,,,,,,,,,,,,,,,,,0.01174485517529449,,,,,,-0.007639550586433395,,,,0.00885365575716308,,,,,,,-0.01610613104367872,0.010465042218741144,,,,-0.012891852914986826,,,,,-0.00821386639391935,0.01477939537771289,,-0.006573876767321305,,,,0.01477939537771289,,-0.01610613104367872,-0.01610613104367872,,-0.015868238162800724,,0.011485687218509342,-0.01610613104367872,,,,,,,,,,,,0.012029203134307397,,,,0.011697506795177318,,,,,-0.01563053516781453,,,,,,,,,,,,,,,,,,,,,,,,,0.01477939537771289,,,,,-0.01610613104367872,-0.015613999760147238,,,,,,,,,,,,,,0.01104755894702121,,,,-0.013985285482839189,,,,,,,,,,-0.007593190301225231,,,,,,,,,-0.01610613104367872,,,,-0.012696365828801638,0.01477939537771289,-0.01610613104367872,,0.00893981804215474,-0.007663582917656524,,,,,,,,0.01477939537771289,,,0.01045520437604048,,,0.011780355147248865,,,,,-0.004404753892408055,,,,,,,,,,0.011975252228958455,,-0.015312681726411035,,,,,,,,,,,,-0.016043169262144354,,,,,,,,,,,-0.005608300776173503,,,0.010682900704435226,-0.008325160263629412,,0.013393103572310789,,-0.008178559354800758,,,,,,,,0.0072301408077695434,,,,,,,,,,,,,,,,,,,0.01477939537771289,,0.01477939537771289,,0.01477939537771289,-0.014183878892460757,,,-0.010159758688517161,-0.008765814932952904,,,-0.013100169492837913,,,-0.01610613104367872,0.01477939537771289,0.01477939537771289,-0.01610613104367872,,,,-0.01610613104367872,,,0.013223532769713948,,,,,0.01477939537771289,,,,,,,,,0.01477939537771289,0.009767154137578983,-0.008244757846822713,,,,,,,0.010254045429775926,0.01477939537771289,,,,,,-0.009517551359915275,0.009018399506282275,,,-0.013810321048720337,,-0.0028728451310660926,,0.008541059478308988,,0.01477939537771289,0.014076330106838984,-0.00497753234077389,-0.015476838379739859,0.006567661898877427,,,,,,,,,,,,,,,,,,,,,,,,,,,,,,,,,,,,,,,,,,,,,,,,,,,,,,,,,,,,,,,,,,,,,,,,,,,,,,,,,,,,,,,,,,,,,
2009-06-30,0.015268622679755284,,,,,,,-0.010555359315326161,,,,,,-0.015084292049343896,,,,,,-0.010345446617983131,,,,,,,,-0.014894697194261446,,-0.015084292049343896,,0.015268622679755284,,,,-0.015084292049343896,,,,0.015268622679755284,-0.015049591145645162,-0.015084292049343896,,,,0.015268622679755284,,,,,,,,,,,,0.015268622679755284,,,,,,,0.012548437623912792,,,,,,,0.011350798448893624,,,,-0.015084292049343896,0.011230396872402126,,,0.009022250091682369,,,0.008835467234232973,,,,,,,,,0.015268622679755284,0.013999602170553497,,0.015268622679755284,,,,-0.015084292049343896,,,-0.015084292049343896,0.015268622679755284,0.012589663089903282,,,,,,,,,,,,,,,0.015268622679755284,,,,0.015268622679755284,-0.00956870771978509,,-0.011931191834957165,,,,,,,,,,,,,,,,,,,,-0.015084292049343896,,,,,,,,,-0.010304026543332269,,,,,,,,0.011525244177130184,,,,,,,,,,,,,0.01101722401352138,,,,,,,,,,,,,0.015268622679755284,,,-0.015084292049343896,,,,,0.015268622679755284,,,,,,,,,,,0.015268622679755284,,,-0.008419301886531278,,0.015268622679755284,-0.015084292049343896,,0.012195832185022907,,0.015268622679755284,,,,,,,,0.013425272005249459,,,,,-0.015084292049343896,,,,,0.015268622679755284,0.015268622679755284,,0.015268622679755284,,,,,0.011714812835807368,-0.009766316858327313,-0.008800574620804863,,,0.014182427408225447,,,,,-0.015084292049343896,0.015268622679755284,-0.015084292049343896,,,,-0.012420665960205413,,,,,,-0.012437524903310997,,,-0.01234243346678256,,0.010064093541306371,,,,,,,,,,,,,,,,,,-0.01037010669963145,0.015268622679755284,,,,,,,,,,-0.012248535664986477,0.015268622679755284,,,-0.007037232472980526,,,,,,,,,,0.011349879333636485,-0.015084292049343896,,,,,,,-0.015084292049343896,-0.012234155043963586,,0.015268622679755284,,,,,,,-0.015084292049343896,,-0.015084292049343896,-0.015084292049343896,,,,,0.00804681281497352,,,,-0.007614870515524041,0.015268622679755284,,,0.01353306270996547,,,-0.015084292049343896,,,0.009861604665141327,,,,0.010892377315720691,,0.011665409391579328,,,,,-0.015084292049343896,,,,-0.012814066835518959,-0.012328843104760364,,,-0.01328401943684873,-0.015084292049343896,,,,,,,,,0.010640418553655506,-0.015084292049343896,0.008645775484834022,,-0.009106379916242224,,,,,,,,,,0.012630043681588156,,,,,0.00707897764196739,0.00863993003910775,-0.015084292049343896,-0.013528328341290257,-0.009025694252356288,,,,,-0.014497347478119565,,,,,,,,,,,,,,,,,,,,,,,,,,,,,,,,,,,,,,,,,,,,,,,,,,,,,,,,,,,,,,,,,,,,,,,,,,,,,,,,,,,,,,
2014-04-30,-0.019421308829319157,,,,,,,,,,,,,,,,,,,-0.019421308829319157,,,,,0.014268770966975852,-0.019421308829319157,,,,,,,,,,,,,,,,0.02073903006503183,,,-0.019421308829319157,,,-0.019421308829319157,,,,,-0.01787500401073665,,,,,-0.019421308829319157,,,,,,0.02073903006503183,,,,,,,,-0.007974905477076438,,-0.0178985640882128,,-0.015287052225790946,,,,,,0.02073903006503183,,,-0.019421308829319157,,,,,,,,0.016459139454001185,,,,,,0.02073903006503183,,,,,,,,-0.019421308829319157,,,,,,,,,-0.01049178489864271,,-0.019421308829319157,-0.014894105827295232,,,,,0.008859093401521754,,-0.013331776949570717,,,,-0.019421308829319157,,0.02073903006503183,-0.01913227908769036,,,,,,-0.006623889653525514,,,-0.019421308829319157,,,,,0.02073903006503183,0.011114709634374631,,,,,,,,,-0.019421308829319157,,,,-0.019421308829319157,,,0.02073903006503183,,,,,,,0.017182543723895348,-0.009809269313774417,,,-0.019421308829319157,0.013535402319213035,,,,,,,,,,,-0.019421308829319157,,,-0.014778180787302449,,,,,,,-0.012795408448791,,0.02073903006503183,,,,,,,,,,,,,,,,-0.019421308829319157,,,,,,,,,,-0.018689212989473146,,-0.019421308829319157,,,,,,,,,,-0.019421308829319157,,,,,,,,,0.011599001446095549,0.02073903006503183,,,-0.019092306688789886,,-0.013848622477010972,,,-0.017338314839459124,,,,,,,,,,,,,-0.019421308829319157,,,,,,,,0.02073903006503183,,-0.019421308829319157,,,,,0.02073903006503183,,,,0.02073903006503183,0.02073903006503183,0.014234232022174793,-0.01489838783927158,0.01081141214870401,,,,,,,,,,,,0.01548987479322493,,,,,,0.02073903006503183,,,,-0.019421308829319157,,,,,0.007809557864225908,,,,,,,,,0.02073903006503183,,,,,-0.005963405940003278,,,-0.017747229813933018,,,,0.02073903006503183,,,,0.02073903006503183,,,,0.013607756514548647,,,,,,,,-0.009665408718356817,,,,,,0.02073903006503183,,,,,,,-0.01892629408973426,0.011759348144475427,,,,,,,,,,,,-0.019421308829319157,,,,,0.011541920580515237,,,,,,,,,0.01728538869078775,,,,,-0.019421308829319157,,0.0139323911972479,,0.011084143448509248,0.012875384682636123,-0.01097056681914578,0.015616546488830783,,,,,,,,0.016129663597702033,0.02073903006503183,,,-0.019421308829319157,0.02073903006503183,0.015039263187117307,0.02073903006503183,0.02073903006503183,,0.013250166220887935,,-0.014303356396958603,,0.018335007330010096,0.02073903006503183,,-0.01736141616784386,,,,0.010203711257943032,,,,0.011153378400869381,,,,0.014551481474241507,-0.01891882503441203,,,,,,,,,,,,,,,,,,,,,,,,,,,,,,,,,,,,,,,,,,,,,,,,,,,,
2014-05-30,-0.019599648625637314,,,,,,,,0.02228617620379945,,,,,,0.02228617620379945,,,,,-0.02157185798254497,,,,,,-0.02157185798254497,,,,,,,,,,,,,,,,0.02228617620379945,,,,,,,,,,,,,,,,,,,,,,0.02228617620379945,-0.02157185798254497,,,,,,,-0.015678276493938388,-0.014115595080555758,-0.01659578892344245,,-0.02157185798254497,,,,,0.02228617620379945,,,,-0.014498039056537088,0.02228617620379945,,,,,,-0.02157185798254497,0.01820942374111101,,,,-0.02157185798254497,,0.02228617620379945,,,,,,,,-0.02157185798254497,-0.02157185798254497,,,,,,0.02228617620379945,,,,-0.02157185798254497,-0.02157185798254497,,,,,0.008687629734694507,,-0.0181467488435613,,-0.012850395104791839,,-0.02157185798254497,,0.021686972256987222,-0.01656511672440068,,,,,,-0.007523335012347254,,,,,,,,,0.01626440534390705,-0.02157185798254497,,,0.02228617620379945,,,,,,,,-0.02046231480232517,,,,,,,,,,,,-0.01092518018935425,,,,0.021199981778094963,,,,,,,,,,0.02228617620379945,-0.013297118080398206,,,,0.02228617620379945,,0.02228617620379945,,,,-0.01168269450636846,-0.018629511269495334,0.009387315103113393,,,,,,,,,,,,,,,,-0.02157185798254497,,,,,,,-0.015525599824043843,,,,,-0.02157185798254497,,,,,,,,,,-0.02157185798254497,,,,,,,,,0.015783525980922728,0.02228617620379945,,,-0.02157185798254497,,-0.010270770568286205,,,-0.02157185798254497,,,,,,,,,,,,,-0.02157185798254497,,,,,,,,0.02228617620379945,,-0.02157185798254497,,,,,0.02228617620379945,,,,0.02228617620379945,,0.02127922585088305,,0.014675329391721179,,,,,,0.02228617620379945,,,,,,,,,,-0.021387571145558462,,,,,,-0.02157185798254497,,,,,0.002875064605208467,,,,,,,,,0.02228617620379945,,,,,-0.012540255784461262,,,-0.01098583213415284,,,,0.02228617620379945,,,,0.02228617620379945,,,,0.008296860803856252,,,,,,,,-0.02157185798254497,,,,,,,,,,,,-0.02157185798254497,-0.02157185798254497,0.01068023623305478,,,-0.014583570340292217,,0.02228617620379945,,,,,,,,,,,,0.012224562284769808,,,,,,,,,0.02228617620379945,,,,,-0.020589950509148344,,0.02228617620379945,,0.018714370778851547,,-0.016037929501084167,0.009147276860544956,,,,,,,,0.021860610160167573,0.02228617620379945,,,-0.02157185798254497,0.02228617620379945,0.01907638393765119,0.013158892550872658,,,0.017404572544202284,,-0.02157185798254497,,,0.020786060503247137,,-0.02157185798254497,0.02228617620379945,,,0.00882060337479909,,,,0.013812422887416315,,,,0.011459100044032257,-0.02157185798254497,,,,,,,,,,,,,,,,,,,,,,,,,,,,,,,,,,,,,,,,,,,,,,,,,,,,
2014-07-31,-0.03337564198830821,,,,,,,,,,,,,,,,,,,,,,,,,-0.029407065386571958,,,,,0.017041633518483132,,,,,0.027328192584063177,,,,,,0.035879374828599625,0.035879374828599625,,,,,-0.03483763406857067,,,,,-0.03157333029381245,,,,,,,,,,,,-0.03483763406857067,,,,,0.035879374828599625,,-0.022508860950987492,-0.03483763406857067,,,-0.030597957619229267,,,,,,0.035879374828599625,,,-0.03483763406857067,,,,-0.03483763406857067,,,-0.03483763406857067,0.035879374828599625,,,,,,0.03493138198164433,,,,,,,,,,,,,,,,,-0.024554165052143993,,,-0.03113641464871113,,-0.01998117747761179,,,0.019708941162023125,,-0.03483763406857067,,,,-0.03483763406857067,,0.035879374828599625,,,,,,,,,,-0.019498560761160397,,,,,,0.02218526136109452,,,,,,,,,,,,-0.03483763406857067,,,-0.026743426299540192,,,,,,,,,,,,-0.03483763406857067,0.014203037963407538,,,,,,,-0.02017783693248343,,,,-0.03313903041370883,,,-0.03483763406857067,0.035879374828599625,,0.035879374828599625,0.035879374828599625,,,0.035879374828599625,-0.03483763406857067,0.030778352346167638,,,,,,,,,,,,,,,,-0.03483763406857067,,,,,,,,,,,,-0.03483763406857067,,,,,,,,,,-0.03483763406857067,,,-0.03483763406857067,,,,,,0.035879374828599625,,,,-0.03483763406857067,,-0.034410423957769866,,,-0.03483763406857067,,,,,,,,,,,,,-0.03483763406857067,,,,,,,-0.012586732069749008,,,-0.03483763406857067,,,,,,,,,0.035879374828599625,,0.03205705305658911,,-0.013894298417249956,,,0.035879374828599625,,,0.035879374828599625,,,,,,,,,,,,0.035879374828599625,,,,-0.03483763406857067,,,,,,,,,,,,,,,,,,,-0.00871572520168281,,,-0.03302371684022454,,,,0.035879374828599625,,,,,,,,0.009483564792648416,,,,,-0.03483763406857067,,,-0.0332885831245301,,,,,0.026741576247851326,0.035879374828599625,,,,,-0.03106477726187932,,-0.03483763406857067,0.029147145738064394,,,,0.035879374828599625,,,0.035879374828599625,,,,,,,,,,0.018472697741670076,,0.0316772555527161,,,,,,,0.035879374828599625,,,,,-0.03483763406857067,,0.0259283466486874,,0.03165209790789253,,-0.01801845396266289,0.01932636203604089,-0.027738770744487398,0.035879374828599625,,,,,,0.028302244513371724,,,,-0.03483763406857067,0.03469749931019164,0.028865630157731414,,-0.025816190261406247,,0.027598783244592372,,-0.03483763406857067,,0.035879374828599625,0.035879374828599625,0.018258614420430936,-0.032970374551251035,0.035879374828599625,,,0.028295701841406787,,0.03440870542261072,,0.02200914092466258,,,,0.025795783639566985,,,,,,,,,,,,,,,,,,,,,,,,,,,,,,,,,,,,,,,,,,,,,,,,,,,,,
2014-08-29,-0.03190845659248416,,,,,,,,,,,,,,,,,,,,,,,0.030197509192816115,,-0.029791938099213544,,,,,0.03253626687639048,,,,,,-0.012984449463341943,,,,,0.03512634047575745,,,,,,-0.036480298224996655,,,,,,,,,-0.02393795296371442,,,,,-0.03372435571411515,,0.03512634047575745,-0.036480298224996655,0.03512634047575745,,,0.033833040410736315,,,-0.03492448789237987,,,,-0.036480298224996655,,,,,,0.023859198715903977,,,-0.036480298224996655,,,,,,,-0.036480298224996655,,,,,-0.036480298224996655,,0.028547961905365616,,,,,0.03512634047575745,,,-0.036480298224996655,,0.03512634047575745,,,,,0.02910187959726347,,-0.02644361182065824,,-0.036480298224996655,-0.036480298224996655,,,,-0.036480298224996655,,,-0.030083729916956944,,,,-0.036480298224996655,,0.034488111449571944,,,,,,,,,,-0.036480298224996655,,,,,,0.02264304343783329,,,,,,,,,,,,-0.028129898586832985,,,,,,,,-0.036480298224996655,,,,,,,-0.036480298224996655,0.02942129290773065,,,,,,,-0.036480298224996655,,,0.03512634047575745,-0.02401857748780309,,,,0.018437067340044015,,0.03512634047575745,0.02162696259645256,,,,,,,,,,,,,,,,,,,,,-0.036480298224996655,,,,,,,,,,-0.021512533066494373,,-0.036480298224996655,,,,,,,,,,-0.036077900098392394,,,-0.036480298224996655,,,,,0.025370332640640827,,,,,,,-0.026437595043408355,,,-0.03024947892858472,,,,,,,,,,,,,,,,,,,,,,,,,0.03512634047575745,,,,,,,0.03512634047575745,,0.03512634047575745,,-0.030002020628266207,,,,,,0.03512634047575745,,-0.03365919937436528,,,0.03512634047575745,,,,,,,0.03372362103054576,,,,-0.036480298224996655,,,,,,,,,,,,,,,,,,,,0.03512634047575745,,-0.026249124670869855,,,,0.03512634047575745,,,0.03512634047575745,,,,-0.036480298224996655,-0.008839264150693834,,,,,,,,-0.018104385958455312,,,,,0.027580229778215313,,,0.03512634047575745,,,,,-0.036480298224996655,0.022223589124003032,,,,,,-0.023785480579125814,0.03512634047575745,,,,,,,,,,,,0.03512634047575745,,-0.017224024755077623,,,,,0.03512634047575745,0.01700123353229392,,,0.03512634047575745,-0.036480298224996655,,0.022735106214741212,,0.03512634047575745,-0.015308674450082847,-0.01867381825076217,0.014494879924005756,-0.029052410043755757,,,,0.03512634047575745,,,0.03512634047575745,,,,,0.03512634047575745,0.019627462309449003,,,,,,-0.036480298224996655,,,,0.03512634047575745,-0.013349474064245196,0.025039349888252904,,,,,0.03512634047575745,,0.03512634047575745,,,0.020865860811912305,0.018234807470380077,,-0.036480298224996655,,,,,,,,,,,,,,,,,,,,,,,,,,,,,,,,,,,,,,,,,,,,,,,,,,,
2014-09-30,-0.03559268654576848,,,,,,,,,,,,,,,,,,,,,,,0.02328937534353746,,-0.02571512312070935,,,,,,,,,-0.03559268654576848,0.028839209879121863,-0.01991709983184278,,,-0.022370174415595856,,0.035580778108045094,0.035580778108045094,,,,,-0.02741732827489131,,,,,,,,,-0.03559268654576848,,,,,-0.03213333664565739,,,-0.03559268654576848,0.035580778108045094,,,0.035580778108045094,,,-0.02675644165108452,,,,,,,,,,0.012293611899115865,0.032010733740936645,,-0.03559268654576848,,,,,,,-0.03559268654576848,,0.035580778108045094,,,-0.026552783683365024,,0.028125157205827287,,,,-0.03559268654576848,0.035580778108045094,,-0.03559268654576848,-0.03559268654576848,,0.022363102883064617,,,,,0.035580778108045094,,-0.02175684251431921,,,-0.03559268654576848,,,,-0.03251403092627445,,,-0.03332058769282034,,,,,,0.035580778108045094,,,,,,,,,,,,,-0.028578128341161628,,,0.014835253490881644,,,,,,,,,,,-0.03213841207464314,-0.03559268654576848,,,,,,,,-0.03559268654576848,,,0.032483608557469235,,,,,0.0232790078886359,,,,,,-0.03559268654576848,-0.03559268654576848,,,0.035580778108045094,-0.03559268654576848,,,-0.03559268654576848,,,,0.024824942481236435,,,0.023627970467898156,,,,,,-0.03559268654576848,,,,,,,,,,,,,,,,,,,,,,,,-0.03559268654576848,,,,,,,,,,,,,-0.03559268654576848,,,,,,,,,,-0.03559268654576848,,-0.03559268654576848,,,-0.030503336811358434,,,,,,,,,,,,,-0.03559268654576848,,,,,,,,,,,,,,,,,,,0.035580778108045094,,0.035580778108045094,,-0.01731290203164374,,-0.03559268654576848,,,,0.026142869894036937,,,,,,,,,,,,0.035580778108045094,,,,,,,,,,,,,,,,,,,,,,,,0.035580778108045094,,-0.0328017782169787,-0.03559268654576848,,,0.035580778108045094,,,0.035580778108045094,,,,-0.03559268654576848,,,,,,,,,-0.028493340292348023,,,,,0.030344267899267176,,,0.035580778108045094,,,,,,,,,,,,-0.03559268654576848,0.035580778108045094,,,,,,0.035580778108045094,,,,0.02114798799640641,,0.034157208762896615,,,,,,,0.035580778108045094,0.027128511761012754,0.035580778108045094,,0.035580778108045094,-0.010422310106455272,,0.026625417572886757,,,-0.01080621435669533,-0.00928651724882372,,-0.007991470351065694,,,,0.035580778108045094,,,0.035580778108045094,,,,,0.02837361415197954,0.03221836585814694,,,,0.022933559660041302,,-0.03559268654576848,,,0.035580778108045094,0.032341713573712356,,0.035580778108045094,-0.026661290112165382,,,,,,0.02859162966132545,,,0.015074929512019735,0.019428497157415348,,-0.035548014564351624,,,,,,,,,,,,,,,,,,,,,,,,,,,,,,,,,,,,,,,,,,,,,,,,,,,
2014-10-31,-0.024415256214607307,0.02370149961899693,,,,,,-0.020245747964001987,,,,,,0.019830598360766435,,,,,,,,,,0.02019878086438661,,,,,,,,,,,-0.024415256214607307,0.01788030588429298,-0.015528513285928386,,,-0.011470801405143963,,,,,,,,,,,,,,,,,-0.020290286586578155,,-0.024415256214607307,,,,,,-0.024415256214607307,,,,,0.02370149961899693,,-0.01376103542259225,,,,,,,,,,0.010560448357628135,0.02370149961899693,,,0.02370149961899693,,,,,,,,,,,-0.0199204144348929,,0.01852575107693512,,,,-0.024415256214607307,0.02370149961899693,,-0.024415256214607307,,-0.01582721021210748,,,,,,0.01611576747582962,,-0.014123052900004287,,,,,,,-0.024415256214607307,,,-0.0163254800791421,,,-0.01733928236294841,-0.024415256214607307,,,,0.02370149961899693,,,,,0.023262271252534453,,,,,,-0.024415256214607307,,,0.01497167810739371,,,,,,,-0.020298236526071035,,,,,-0.02436656645641768,,,,,,,,-0.024415256214607307,,,0.02104819871737978,,,,,0.013033206156877508,,-0.024415256214607307,,,,,-0.015312242670597118,,,,,,,-0.015435714690749069,,,,0.02370149961899693,,,0.02370149961899693,,0.02370149961899693,,,,,,,,,,,,,0.02370149961899693,,,,,,,,,,,,,,-0.010207828969096177,-0.024415256214607307,,,,,,,,,,,,,-0.024415256214607307,,0.021736509554241286,,,,,,,,,,,,,,,,,,,,,,,,,,-0.024277014080930425,-0.024415256214607307,0.02370149961899693,,,,,,,,,,,,,,,,,0.02113918553686517,,0.014276489218746448,,-0.01448111069057963,,,,,,0.02370149961899693,,-0.01590092959422927,,,,,,,,,,,-0.024415256214607307,,,,,,,,,,,,,,,,,,,,,,,0.02370149961899693,,-0.024415256214607307,,0.01836464735883311,,,-0.01784153692312501,,0.02370149961899693,,,,-0.024415256214607307,-0.012514938088485849,,,,,,0.02370149961899693,0.02370149961899693,-0.018492836024391175,,,0.021838631629555107,,0.0109701072265092,,,,,,,0.01734482850074619,,,,,,,,-0.017683653244257868,,,,,,,,0.02370149961899693,,,,,0.01988467381551072,,-0.014126745506379747,0.02370149961899693,,,,,,0.02370149961899693,,,-0.024415256214607307,,,,0.02370149961899693,-0.01769638304574966,-0.020207658489975557,0.014669061601789523,,,,,0.02370149961899693,,,,,,,-0.024415256214607307,0.015928255110453485,0.013563205384682737,-0.02224366203553017,,,0.012842424651250987,,-0.024415256214607307,,,0.02370149961899693,0.02370149961899693,,0.015354055492630915,-0.015299230731146142,,0.014774422723421029,,,,0.022450650838393375,,,0.015336079916038976,,,-0.021015253972722952,-0.020496235364701167,,,,,,,,,,,,,,,,,,,,,,,,,,,,,,,,,,,,,,,,,,,,,,,,,,
2015-01-30,0.035950329833755165,,,,,,,-0.03578757688295141,,,0.035950329833755165,,,,0.035950329833755165,0.035950329833755165,,,,,,,,,-0.03578757688295141,,,,,0.017494108594098303,,,,,,,0.014918533972485094,0.02345717384817493,-0.017994979090300085,,,,0.035950329833755165,,,,0.035950329833755165,,,,,,,0.03417008193543079,,,,,,,,,,,-0.03578757688295141,0.035950329833755165,,,,0.035950329833755165,,-0.020243368340778264,,,,,,,,,,0.018649364133314923,0.02756002103905949,,,,,,,,,,,,,,-0.0181431121234333,,0.01975228731007069,,,-0.029378274761488795,,0.035950329833755165,,-0.03578757688295141,,-0.02245477426412201,,,,-0.034757168498124345,,0.03043957866184579,,-0.028832442557803727,,,-0.03578757688295141,,,,-0.03578757688295141,,,,,,-0.03578757688295141,,,,,,,,,,,-0.03578757688295141,,,,,,,,,,0.029912198729197616,,,,,-0.01602642864029738,,,-0.03578757688295141,,-0.035196602092330935,0.035950329833755165,,,,,,,,,,,,,,0.035373991198865896,0.02637356789371089,,,,,,,-0.03578757688295141,,,,,,,,,-0.03578757688295141,,,,0.029956989190529526,0.035950329833755165,,,,,,-0.03578757688295141,,,,,,,,,,,,,,,0.035950329833755165,,,,,,,,,-0.03578757688295141,,,,,,,,,,,,0.035950329833755165,,,,,,,-0.02652056696543431,,,,,,,0.035950329833755165,0.03221874684571244,,,,-0.01836125180078663,,,,,0.035950329833755165,,,,,,-0.03578757688295141,0.035950329833755165,,,,-0.034302738475893886,-0.03578757688295141,,,,,,,,,,,,,,,,-0.03578757688295141,,-0.03578757688295141,,,,,,,-0.02925715334390773,,,,,,,,,,,-0.03578757688295141,,,,,,,-0.013120523294195295,,,,-0.03578757688295141,,-0.03578757688295141,,,,,,,,,,-0.03578757688295141,,-0.03578757688295141,0.035950329833755165,,,-0.02144937562861644,,0.03295442197261021,,,,,0.0257636893867789,,,,,,0.029682950291067947,,-0.025020948781432177,,,0.035950329833755165,,-0.014424994031244052,,,,,,,,-0.03578757688295141,-0.02805225821577751,,,0.032201999893288015,-0.029086152377953985,,,,,,,,,,0.035950329833755165,,,,-0.03047096640347302,,,-0.024435145809398748,,,,,,0.021460796962404098,,,,,-0.02297858684684825,0.019758788122904842,,0.03390514447132224,,,0.013706097165616382,0.035950329833755165,,,,0.035950329833755165,,,,,,,-0.03578757688295141,,0.02801593439866815,,,-0.03578757688295141,0.024641413828213887,,,,0.033549008060527075,,0.023950889318178417,0.035950329833755165,0.01914355080680718,-0.032027660987170775,,,,,,,,,0.030081415626502836,,,,,-0.032775104595403136,,,,,,,,,,,,,,,,,,,,,,,,,,,,,,,,,,,,,,,,,,,,,,,,,
2017-04-28,0.032566882841611126,,,,,,,-0.030951758858725812,0.019196931710505277,,,,,,-0.030951758858725812,0.032566882841611126,,,,,,-0.027118277187904154,,-0.030951758858725812,,,,,,,,,,-0.030499844395235315,,,0.032566882841611126,,0.013030189531158936,,,,,,0.032566882841611126,,,,,,,,,,-0.030951758858725812,,,,,,,-0.016446553663700344,,,,,,,,,,,,0.032566882841611126,,,,,,,0.032566882841611126,0.019657585744240594,,,0.032566882841611126,,,-0.02894592524718079,,,,-0.01243118063798397,,0.028687634041956775,,,0.032566882841611126,,,,,,,,-0.030951758858725812,-0.030951758858725812,,,,,,,,,,,,,,,,,0.032566882841611126,0.01160005805283285,,,,,,,,-0.02386872993980491,,,,0.02464281386748163,,,,,-0.024244953576936675,,,,,-0.030951758858725812,,0.02074026666960264,,,,0.032566882841611126,,,-0.012244939599171794,,,,,,,,,,,,,,,0.02277802091125764,,,,,,,-0.027377068555715093,,,,,,,,,,-0.030951758858725812,,,0.01921456060314962,,,,,,,,,,,,,0.032566882841611126,,,-0.030951758858725812,,,,,,,,,,-0.030951758858725812,,,,,,,,0.027359781785056242,,-0.01381275278760624,,,,,-0.030951758858725812,,,,-0.030951758858725812,,,,,,,,,,0.014725963212091159,,,,,,,,,0.032566882841611126,0.023733292240612387,,,0.032566882841611126,,0.020124915357175595,,,,,,-0.023189765128290626,,,,,-0.030951758858725812,,,0.024979426797220143,-0.030951758858725812,,,-0.020402662074133444,,,,,,,,,,,0.01759257099896864,,,,,,,,,,,0.020492151976449942,,,,0.021311873265379082,,,,0.016122417000876355,,-0.030951758858725812,,,-0.030951758858725812,,,,,,,,,,,,,,0.02266214635481743,,,,,,,,-0.030951758858725812,,-0.013120400030894418,,-0.030951758858725812,0.012534397993146379,,0.032566882841611126,,,,-0.030951758858725812,,,,,0.032566882841611126,,,,,0.032566882841611126,,,,,,,,,,,0.032566882841611126,,,0.00848288199977726,-0.030951758858725812,-0.022172961476606197,0.021720792352525182,,-0.02425360335416926,,0.02068630219852417,,,-0.030951758858725812,-0.030951758858725812,,0.032566882841611126,,,,,,,,-0.01544461960143028,,0.032566882841611126,,,,-0.02557191911349307,,,0.032566882841611126,-0.016350898374380866,,0.032566882841611126,-0.028612929069537083,,,-0.02444196641337386,0.032566882841611126,,,,,,,,,,-0.030951758858725812,0.028229588159120675,,,-0.01560993743000007,,,,,-0.030951758858725812,,-0.01388586959669248,,,,0.02791866570697825,0.023329308652364097,,,-0.030951758858725812,,-0.030951758858725812,,,,-0.02745451697278087,,,-0.02356072689915909,,,,0.032566882841611126,,,,,,,,,-0.02115664625316388,,,0.02380565232427993,0.032566882841611126,,,,,,,,,,,,,,,,,,,,,,,,,,,,,,,,,,
2017-05-31,0.028154168745430593,,,,,0.028154168745430593,-0.02716955154792834,,0.028154168745430593,,,,,0.020145584879751446,-0.0211795318044956,,,,,,,-0.021907074048276527,,-0.02716955154792834,,-0.024527704578945507,,,,,,,,,,,0.006826063409304396,,0.007962600382193008,,,,,,,,,,,,,,,,-0.023062068771843143,,,,,,,-0.0201721950853598,,,,,,,,,,-0.02371365560896843,,,,,,,,,0.028154168745430593,0.02623639603482693,-0.02351596086464385,,0.01689804997298619,,,,,,-0.02716955154792834,-0.027048379323213457,-0.01881415859240437,,,,0.028154168745430593,,,,,,,,-0.02716955154792834,,,-0.017286475174515415,,,,,,,,,,,,,,,0.028154168745430593,0.014028864066132553,,,,,,,,-0.014307712797327175,,,,0.021765180730713176,,,,,,,,,,-0.02716955154792834,,0.016375393910386934,,,,,,,,,,,,,,,,0.023634412741285832,,,,,,0.02269224515532503,,,,-0.013758207910538191,,,,-0.02716955154792834,,0.028154168745430593,,,,,,,-0.022518220725352575,,-0.010195498688574063,,,,,,,,,,,,,,0.028154168745430593,,,-0.02716955154792834,,,,,,,,0.028154168745430593,,-0.018628529347565315,,,,,,,,,,-0.021991674723109422,,,,,,-0.02716955154792834,,,,,,,-0.02716955154792834,,,,,,0.01944873826038273,,,,-0.025112855833340667,,,,,0.0120101082302184,0.028154168745430593,,,,,0.026049067668177887,,,,,,-0.018513500465831362,,,,,-0.02716955154792834,,,0.028154168745430593,,,,-0.015801674876981142,,,,,,,,,,,0.017152878172190425,-0.02716955154792834,,,,,,,,,,,,,0.02600361675022194,0.023141790735471318,,,,0.007595797271426757,0.028154168745430593,-0.02716955154792834,,,-0.02716955154792834,,,,,,,,,,,,,,0.028154168745430593,,,,,,,,-0.02716955154792834,,,,-0.0187225407072038,0.017039245259874502,,0.022250580049603636,,,,,,,,,0.007278090232269135,,0.028154168745430593,,,0.028154168745430593,,,,,,,-0.02716955154792834,,,,,,,0.024211117792854807,-0.02716955154792834,,,,,,0.028154168745430593,,,,,,0.028154168745430593,-0.02716955154792834,,,,,,,-0.010953425278663963,,,,,0.01811616601562133,-0.016468513700563455,,,0.0250838446611958,-0.007776026187019476,,0.026558834246751976,-0.02716955154792834,0.016709745062487943,-0.019969597105905304,-0.02180081600836274,,,,,,,,,-0.02150212055488836,,-0.02429069526407346,0.028154168745430593,,,-0.02716955154792834,,0.024533320076253036,,,-0.017076360475686177,,-0.01519418593142717,,,,,0.027051874448749416,0.02745935961523845,0.013241861268329427,-0.02716955154792834,,,,,,-0.018665707272306927,,,,,,,0.022188806679826395,-0.026530513895107223,,,,,,,,,,0.012755638692521153,0.02034662335322282,0.024829679317515375,,,,,,,,,,,,,,,,,,,,,,,,,,,,,,,,,,
2017-06-30,0.026950473458429814,,,,,,,,,,,,,0.022906579818734816,-0.006088969030989807,,,,,-0.014514720973724141,,-0.026942034158618407,,-0.020435588691134206,,-0.015603767324266977,,,,,,,,,,,0.026950473458429814,,0.00804923927997844,-0.026942034158618407,,,,,,,,,,,,,,,-0.020436223440492497,,,-0.026942034158618407,,,,-0.008980138546623872,,,,,,,,,,-0.017918075678502593,,,0.026950473458429814,,,,0.026950473458429814,,0.01996024199108572,0.020905238481082604,,0.02083160093285604,,,,-0.026942034158618407,,,-0.026942034158618407,-0.019365657079526685,,,,,0.020279641102824573,,0.026950473458429814,,,,,,,-0.026942034158618407,,,-0.026942034158618407,,,,,0.026010320528966124,,-0.018687772306146305,,,,,,,,0.011184147535605806,,,,,,,,,,,,0.024066641772884784,,,0.015175850075587532,,,,,-0.019134711789740747,,-0.022520367740516363,,0.012364984428274023,,,,,,,-0.013589372683898428,,,,,,,,,0.014087870673717624,,,,,,0.026950473458429814,,,,-0.026942034158618407,,,,-0.026942034158618407,,0.026950473458429814,,,,,,,-0.014601704123174528,,-0.021367032911110667,,0.026494479458140485,,,,,,,,,,,,0.026950473458429814,,,-0.018941842243444536,,,,,,,,0.018404645970894046,,-0.016460158995235175,,,,,0.022531443235677212,,,,,-0.01697217594721101,,,,,,,,,,,,,-0.026942034158618407,,,,,,0.01442253462648962,,,,,-0.026942034158618407,,,,0.018634239901108858,,,,,,0.026950473458429814,,,,,,-0.01231661850427714,,,,,,,,,-0.026942034158618407,,,-0.026942034158618407,,,,,,,,,,,0.014523138451224289,-0.024591868994093633,0.02174080880261945,,,,,,,,,0.020608962221705218,-0.024782039258866236,,,0.026950473458429814,,,,0.011207794896468608,0.026950473458429814,,,,-0.026942034158618407,,,,-0.022056350890750403,,,,,,,,,,0.026950473458429814,,,,,,,,-0.02165874365239824,,,-0.025375636278124,,0.019271138221772902,,0.02512594238985375,,,,,-0.021204724830050932,,,,0.026950473458429814,,0.026950473458429814,,,0.026950473458429814,,,,0.017597789722880758,,,-0.026942034158618407,,,,,-0.026942034158618407,,,,,,,,0.025752213531988356,0.020121458075670992,,,-0.026942034158618407,-0.026942034158618407,,,,,-0.013660127136605261,,,,,,,0.026950473458429814,,,0.026950473458429814,,,,0.026950473458429814,-0.014242440728614096,,,-0.026942034158618407,,-0.01659948448799685,-0.02158224511363732,,,,,,-0.026942034158618407,,,,,-0.01602147942408952,0.026950473458429814,,,-0.026942034158618407,,,,,-0.026942034158618407,,-0.020023614979497863,,,,,0.01829507225763685,0.023013484594918077,0.015238587830018486,,,,,,,,,,,,,,0.01669611198298945,,,,,,,,,,,0.012803700358614325,0.02559428516416323,0.016499221247745267,,,,,,,,,,,,,,,,,,,,,,,,,,,,,,,,,,
2021-10-29,-0.01761383746357226,,,0.021021408142474225,,,,0.031560240928024945,,,,,0.018560914246774116,-0.029271535656737988,,,,,,,,,,,,,-0.027230663559585838,,0.031560240928024945,,,,,0.02840905711259003,,,-0.031244601482026808,,,,-0.027287401450582387,,-0.024658289868554836,,,-0.015227426264458136,,,,,,,,-0.028636334805452794,,,,,,-0.024952310362114195,,-0.012327415851481584,,,,,,,,,,-0.024550861949989084,,,,,,,,,,,,,,-0.015497654833819145,,0.031560240928024945,0.020643604213152672,,,,-0.03072267567001621,,,,0.01890381845128877,,,,,,,,,,-0.031244601482026808,,,,-0.031244601482026808,0.03020707069054056,-0.031244601482026808,,-0.031244601482026808,-0.017697249064665813,,,,-0.031244601482026808,,,,-0.029464153054535105,0.02210776565192432,,,-0.029014420061923958,,,,,-0.031244601482026808,0.031560240928024945,,,0.019255689594532024,,-0.031244601482026808,0.031560240928024945,,,,0.031560240928024945,-0.027002982879487138,0.031560240928024945,,,,,,,,,,,,-0.031244601482026808,,,,-0.031244601482026808,,,,,,,,0.031560240928024945,,,,,-0.031244601482026808,,,,,,,,,,,,0.031560240928024945,,,,,,,,,-0.031244601482026808,,,,,,,,,0.016002961763461183,,,,-0.02607626872691466,0.031560240928024945,0.031560240928024945,,,,,0.018050112877783853,,,,,,,,0.027762680374826397,,,,,,0.031560240928024945,,0.031560240928024945,,,,-0.031244601482026808,,,,,,,,,,0.019247455580753706,,,-0.031244601482026808,-0.031244601482026808,,0.026415588654895374,,-0.024871805153340615,,,,-0.026061936684187433,-0.031244601482026808,,,,,,,0.031560240928024945,,,,,,,,0.026547174842453402,-0.024466095974812144,-0.014778545703401941,,,,,,,,,,,,,0.01943480742855093,-0.031244601482026808,-0.014911399960824662,,,,,,,,,,,,,,0.030043942895357965,-0.020942985264560256,0.03141643015730582,,-0.02815927630824555,-0.031244601482026808,,,-0.031244601482026808,,,,-0.031244601482026808,,,,,,0.02957155507419558,,,,,,,,,,,,,,,,-0.017328069854068595,,,,,,-0.01846837687193755,,,,,,0.031560240928024945,-0.02978203974393362,,0.02369028739729016,,,,,,,,,,,0.027131797240408925,,-0.027017675185936237,,,,,,0.031560240928024945,,,0.031560240928024945,,-0.031244601482026808,,,,,-0.027729439990061704,,,0.017418216685629033,-0.020161666427401262,,,,0.03042965918937467,,,0.031560240928024945,,,,-0.019599206744670108,,,-0.017038781358538882,,,,,,,,,,,,,,0.02110660192690667,,0.025536868910406078,,0.031560240928024945,,,0.021946801047128157,,,,,,,,,0.025367438257359036,,,,,0.01571989792642231,,,,,,,0.030937342390847573,0.023384651295220757,,,0.031560240928024945,,,,0.022118271935810025,,,,-0.031244601482026808,,,,,,,,,,,,0.031560240928024945,,,,,,,,,0.013266331911467876,,,,,0.01792444755054274,,,0.023584304448202555,,,,,,,,,,,,,
2021-11-30,-0.025239614288338107,,,0.024958678285210575,,-0.015487493891215714,,,-0.019481071043715926,,,,0.014443593952938236,,,,,,-0.017778807771769618,0.014339243491238454,,,,,,,,,0.022103107395330116,,,0.013209603510398554,,0.015124545861747994,,,,,,,,,-0.025239614288338107,,,-0.022829663282359483,,-0.019648626689360876,,,,,,,,,,,,-0.025239614288338107,,,,,,,,,,,,-0.025239614288338107,,,,,,,,,,,,,,-0.025239614288338107,,0.01688924061849816,0.01623007775582152,,,,-0.020344692717519576,,-0.02075010948681109,,,,,,-0.020163522123967832,,,0.024958678285210575,,,,,,,-0.025239614288338107,0.024958678285210575,-0.02458272497841158,,,-0.0177503036043312,,,,-0.025239614288338107,-0.020572297638332095,,,-0.01414992653703312,,,,,,,,,,0.024958678285210575,,0.024958678285210575,0.024958678285210575,,-0.02219433251509236,0.024958678285210575,,,,,-0.017201354602249377,,,,,,,,,,,0.024958678285210575,,-0.025239614288338107,,,,,,,,,,,,,,,,-0.01845955106034862,-0.016109115988470795,,,,,,,,,,,-0.024415070881895536,0.024958678285210575,,0.024958678285210575,,,,,,,,0.022022787041857055,,,,,,,,,,,-0.025239614288338107,,0.024958678285210575,,,,,,,,,,,,,,,,,,,,,0.02453696323476101,0.024958678285210575,,,,-0.025239614288338107,,,,,,,,,0.017940219096957196,0.018228948446384695,,,-0.010944692114917182,,,,,,,,,,,,,,,,,,,,,,0.01812991461855729,,,0.018090808856371026,,-0.025239614288338107,,,,,,,,,,,,,0.024958678285210575,,-0.025239614288338107,,-0.025239614288338107,,,,,,,,,,,,,-0.025239614288338107,0.024958678285210575,0.01081778754400381,,-0.025239614288338107,,-0.021618049986246786,-0.025239614288338107,,,,-0.023050340288887687,,,,,,0.024958678285210575,,,,,,,,,,,,0.024958678285210575,,,,-0.016877584774436186,,,,,,-0.021961572435916125,,,,,,0.024958678285210575,,,0.022521267004993267,,,,,,,-0.025239614288338107,,,,0.016766511711595468,,,,-0.013157955145792696,,,,0.015331250664945815,,,0.020932729161450912,,,0.024958678285210575,,,,,,,0.021429284185958016,-0.012795709932866321,,,0.016838720496776902,,,,,,,,-0.014901395520940212,,-0.025239614288338107,,-0.014299251571642286,-0.02440294965637425,,,,,,,-0.019653276001109728,,,,,0.018324958818782728,0.024958678285210575,0.019190955718229447,,0.024958678285210575,,,0.020070417514513158,,0.019929923569515732,,,,,-0.023203860203287352,,0.024958678285210575,-0.025239614288338107,0.02089914470189785,0.024958678285210575,,0.010913588487502486,0.014396322227125136,,-0.01661982890832488,,,,0.02117064036323653,0.014536760100030204,,,,,,,,,,,-0.01252405941568081,0.024958678285210575,,,,,,,,-0.0050862061208827155,,-0.018724633883794955,,,,,,,,,,0.005341738963606511,,,,-0.01227533198936399,0.0119136234959683,,,-0.013096244929063704,,,,,,,,,,,,,
2021-12-31,-0.021195550600433388,,,0.019285111765569754,,-0.014043370673641307,,,-0.011025953913049993,,,-0.021195550600433388,0.010547797530677432,,0.016351572290094527,,,,-0.021195550600433388,,,,,,,,,,0.015724385260309642,,,0.016285778233096362,,0.01603057856899356,,,,,,,,,,0.021642855281696304,,-0.021195550600433388,,-0.01916367097573993,,,,-0.021195550600433388,,,,,0.021642855281696304,,,,,,,,,,,,,,,-0.013178176390647738,,,,,,,,,,,,-0.017181828224574616,,-0.019639568997652176,,0.019436384734286154,0.011427937708226012,0.021642855281696304,,,-0.021195550600433388,0.021642855281696304,-0.01817471353217389,,0.013481557269291474,,,-0.01564109238304583,,-0.014706727753243366,,0.021642855281696304,,,,,-0.021195550600433388,,-0.021195550600433388,0.021642855281696304,-0.01896825181346967,,,,,,,,,,,-0.018245283950642822,,,,,,,,,,0.021642855281696304,,,,-0.016250444426842748,-0.021195550600433388,0.019935622671729877,,,,,-0.021195550600433388,,,,,,,,,,,0.021642855281696304,,-0.021195550600433388,,,,,,,,,,,,,,,,-0.021195550600433388,-0.018745369412987503,,,,,,,,,,,,0.021411775146359825,,,,,,,,,,,,,,,,0.021642855281696304,,,,,,,0.013249070632403357,,,,0.01730267550157167,-0.021195550600433388,,,,,,,,,0.012642075770422227,,0.021642855281696304,,,,,,0.021642855281696304,,,,,,,,0.01320254288443805,,,,,0.014507869657590437,,,,,,,,,-0.021195550600433388,,,,,,,,,,,,,,,,,0.011704241396102995,,,0.02154834587108437,,,,,,,,,,,,,,,0.018989754465764144,,-0.021195550600433388,,,,,,,,,,,,,,-0.008412316322127689,,,0.008861990192005785,,-0.021195550600433388,,,,,,,,,,,,,,,,,-0.021195550600433388,,0.010615132900812042,,,,,,0.021642855281696304,,,,-0.012952121602506191,,,,,,-0.01584084383345368,,,,-0.018116613005491784,,0.021642855281696304,,,0.017970490218724842,,,,,,,,,0.021642855281696304,,,,,,-0.011102999035603339,0.017983354519197966,,,,,0.021642855281696304,,,,0.021642855281696304,,,,,,,0.010615414872860206,-0.009325161900503922,,0.021642855281696304,0.016220706774049815,,,,,0.020251419615886078,-0.009574844567230425,-0.019442353950575673,-0.017845635678907706,,-0.021195550600433388,,-0.012991957950093206,-0.021195550600433388,,,,,,,-0.021195550600433388,,,,,0.013334547475735101,0.021642855281696304,0.009685767679386696,,,-0.020157504296652355,,0.014845032523704067,,0.016017066449971154,,,,,-0.01893977067214312,,,,0.020576121339441616,0.020600483430579842,,0.009264664673534732,,,-0.016833370926436466,,,,,0.012069519730156185,,,,,-0.007616709533588058,,,,,,-0.013311524026173496,0.021642855281696304,,,-0.01644944689050993,,,,,,,-0.021195550600433388,,,-0.021195550600433388,,,,,,,0.007562760137780807,,,,-0.009279004902475326,-0.010509903202179822,,,-0.010785152290170292,,,,,,,,,,,,,
2022-01-31,-0.01896677345942996,,,0.014318285539516732,,,,-0.01896677345942996,,,,,0.012191369327824757,,,,,,,,0.01921200142931007,,-0.017229523443726125,,,,,,0.013043700950108547,,-0.014376765867467497,,,,,,,,,,-0.01896677345942996,,,,,-0.01653851452918248,,-0.01896677345942996,,,,,,,,,0.012630433992079566,,,-0.01896677345942996,0.019534328932301316,,,,,,,,,,,-0.01827690771637174,,,,,,,,,,,,,,-0.01896677345942996,,0.019534328932301316,0.01047776920429422,0.019534328932301316,,,-0.01896677345942996,,,,,,-0.01896677345942996,-0.016353767741866126,,,0.01719987650402373,0.015201662059144673,,,,,,,-0.01896677345942996,,,,,-0.010620531848262197,,,0.018230432032365015,,,,,-0.01896677345942996,,,,,,,,,,0.019534328932301316,,,,,,,,-0.01896677345942996,,,-0.00827353941548089,,,,,,,,,,,0.019534328932301316,,-0.01896677345942996,,,,,,,,,,,,,0.017926905301434735,,,-0.01896677345942996,-0.01896677345942996,-0.014762686579047012,,,,,,,,-0.015287088243843722,,,,,0.01888804084806611,,,,,-0.017233550870582776,,,,,,,,,0.019534328932301316,,,,,,-0.01896677345942996,,,,,0.01950160035028684,,,,,,,,,,,,0.016205000284692173,,,,,0.014621286475562139,0.016598512770061396,,,,,,,0.019534328932301316,0.01741405600766725,,,,,0.011073759510728675,,,,,,,,,-0.008667719673903883,,,,,,,,,,,,,,,,,0.008349831788593925,,,0.014065348927051313,,,,,,,,,,,,,,,,,-0.015918734871935857,,,,,,,0.019534328932301316,,,0.019534328932301316,,,,,,,0.00986511834174444,,,,,,,,,,-0.01896677345942996,,,,,0.017030570590514164,,,,-0.015571452134754273,,0.008599105305621767,,,,,,0.019534328932301316,,0.016093331235023177,,-0.017302350696696264,,,,,,-0.016065639056701407,,-0.012637113266604582,,-0.01896677345942996,,0.019534328932301316,,0.019011769436021037,0.015841736130890148,,,,,,,,,,,,,-0.01896677345942996,,-0.012333489543800086,0.011741299635240265,,,-0.01896677345942996,,0.019534328932301316,,,,0.018477042597735447,,,,,,,,-0.008589547499641062,,0.019442096040721755,0.012207900169658913,0.011977178353810482,,,0.017273993762531536,,,,,,-0.018808694293115973,-0.013029135852952515,-0.01794331887017976,-0.01467999694150416,,,,,,,,,,,,0.010428189176769713,0.019534328932301316,0.009684790933163994,,,,,,,0.01315143980008191,,,,,-0.01856032805154591,,,-0.01896677345942996,0.019534328932301316,0.015108736381500785,,,0.010345985030697072,,-0.017287051333296027,,,,,0.011722763840276972,0.016305948021847854,,,,-0.010151070332693562,,,,,,,,,,-0.012500571617079589,,-0.008269201572073302,,0.01647760761890873,,,-0.01645629616050294,,,-0.01896677345942996,,,,,,,0.0068834084913857755,,,,-0.010768689247915787,-0.009133930681433379,,,-0.009972900594692968,-0.00649366273543271,-0.009904475316860516,,,,,,,,,,,
2022-03-31,-0.02114394877633098,,,,0.01506288411662299,-0.01576851041420571,0.020836659247836856,-0.02114394877633098,,,,,0.010458336874266633,,0.01740837255473894,,,,,0.00893578286146939,,,,,,,,,0.014369458051869953,,-0.02114394877633098,,,,,,,,,,-0.0203853080638054,,,,,,,,,,,,,,0.020836659247836856,,,,,,0.020836659247836856,,,0.018454089871650023,,,,,,,,,,,,-0.02114394877633098,,0.020836659247836856,,,,-0.014244282913376025,-0.013858530351358206,-0.014686393983226598,,-0.02114394877633098,,,0.014385498803168957,0.020836659247836856,,,-0.02114394877633098,,,,,0.020836659247836856,-0.015083365691209164,-0.01769390883253922,,,,0.015454197503246397,,,,0.013350839313730711,,-0.02114394877633098,-0.02114394877633098,,-0.014780200441151553,,,,,,0.015395439837196023,,,,,-0.02114394877633098,,,,,,-0.02114394877633098,,0.020836659247836856,,0.020836659247836856,,,,,,,,-0.02114394877633098,,,,,,,,,,,,,,,,-0.02114394877633098,,,,,,-0.014574320992823908,,,,,,,,,,,-0.02114394877633098,-0.01496620416872338,-0.01894273460773185,,,,,,,-0.01881920294443252,,-0.02114394877633098,,,0.020836659247836856,,,,,,,-0.02114394877633098,,,,0.013334476301613468,,,,-0.02114394877633098,-0.01070963138283347,,,-0.01752979477610501,,0.020836659247836856,,,,0.020836659247836856,,,,,,,,,,,,,,,,,,0.013698910735404638,,,,,,,0.020836659247836856,,,,,,,,,,,,,,,,,,,,,,,,,,,,,,,0.01995663218765752,0.01350419100460487,,,,,,,,,-0.02114394877633098,,0.015583490548707423,,,,,,,,,-0.014357309264503584,,,,,0.020836659247836856,,,,,0.020836659247836856,,,,-0.01014809253911115,,,0.008531298336939644,,,,,,,,,,,,,,,0.020612222611494174,,,,,,0.009746084677222334,,,,,0.014366099955333113,0.020836659247836856,,,,-0.02114394877633098,-0.010159154862383267,,,,0.01603994274496612,-0.017844299277055022,,,,-0.02114394877633098,,0.01664237103063714,,,0.012733234842014052,,,,,,-0.015342448650677208,,,,,,,,,-0.009421513724824408,,,,,,,,,,0.017324359829771596,,,,-0.02114394877633098,,,,-0.008289117573175069,,0.020836659247836856,0.00986829790708311,0.010380513745537057,,,0.010640303378762714,,-0.008087746935585265,,,,,,-0.009817716304689333,,,,,,,,,,,,,0.00957461138230451,0.020836659247836856,0.009256934216968963,,,,,,,,,,,,,,0.020836659247836856,-0.02114394877633098,0.018139684890675502,0.011048837778771102,,0.010569023683910354,-0.0052433043168300195,,-0.017123498604888914,-0.01452921916368733,,,0.015426716967533454,,,,,,-0.009842385812670402,,,0.020836659247836856,,,,,,,-0.01215559022124172,,-0.006335242427976618,,0.014280549245843235,,0.020836659247836856,-0.013746611280560763,,,,,,,,,,,,,,-0.010192143811854794,,0.006734238217816442,,-0.010670940680455803,,,-0.008629461647626497,,,,,,,,,,
2022-04-29,-0.020312959501983766,,,,0.019913840484057397,,0.017972699508182113,-0.020312959501983766,,,,,0.012238120538020245,,0.019913840484057397,,,,,0.011841630362078167,0.019913840484057397,,,,,,,,0.01819715298474306,,-0.020312959501983766,,,,,,,,,,,,,,,,,,,,,,,,,,,,,,,,,0.019913840484057397,,,,,,,,,,,,-0.020312959501983766,,,,0.019913840484057397,,-0.015693493760675553,-0.020312959501983766,-0.013758151849894937,,-0.01749040553484886,,,0.013412955232692042,,,,-0.020312959501983766,0.014449619325964794,,,,,-0.016050014738433805,-0.009973471146690971,,,0.019913840484057397,,,,,,,-0.020312959501983766,-0.020312959501983766,,-0.020312959501983766,,,,,,0.019590028820868258,,-0.01740164320483903,,,,,,,,,,,0.019913840484057397,,0.019913840484057397,-0.020312959501983766,,,,,,,,,,,,,,,,,,,,,,,,,,0.019913840484057397,,,-0.01948658977130403,,,,,,,,,,,,-0.016868436559584855,,,,,,,,,,,,,0.014454816970517682,,,,,,,,0.019913840484057397,,,,,,0.019913840484057397,-0.020312959501983766,-0.01648530724487641,,,-0.020312959501983766,,0.018663714707323278,,,,0.01742142702152334,,0.011598174832764313,,,,,,,,,,0.015875861167895793,,,,,-0.017536587359728573,0.01975801654711962,,,,,,,0.019913840484057397,0.019056881931705724,,0.019913840484057397,,,,,,,,,,,0.019913840484057397,,,,,,,,,,0.019913840484057397,,,,,,,0.019913840484057397,0.01772023255294944,,,0.015020952128406378,,,,,,-0.020312959501983766,,,,,,,,,,,-0.01662740554689411,,,0.015334729945018267,,0.019913840484057397,,,,,0.011154830411020073,,,,-0.01396962066106439,,,0.009766308539405598,,,,-0.020312959501983766,,,,,,,,,,,,,-0.018712701300737513,,,,0.011391342488932867,,-0.020312959501983766,,,,,,,,-0.015716152130572102,-0.009908906765143097,,,,0.019913840484057397,-0.018427748736062254,,,,-0.019982148363581642,,,,,,,,,0.019458750033577284,,-0.005346909849429349,,,,,-0.011821162402769352,,,,-0.015615463773569913,,-0.020312959501983766,,,,,,,,0.015449090239635126,,,,-0.020312959501983766,,,,-0.01726144972025263,,0.019913840484057397,0.010642428859790993,0.015585248470081133,,,0.01524395153406144,,,,,,,,,,,,,,,,,,,,,0.012204228893638336,0.015100111233487692,0.0112387777747662,,,,,,,,,,,,,,,-0.020312959501983766,0.018244533331772658,,,0.00939847662196702,-0.009913104140807871,-0.020312959501983766,-0.018010143587419435,-0.008560737919634945,,,0.014394510879586332,,,,,,-0.013604154565446142,,-0.018408791822122437,0.0164212810650814,,,,,,,-0.01014281596539486,,-0.009416511571574722,,0.012953462024386702,,0.019913840484057397,-0.018095474249493492,,,-0.020312959501983766,,-0.016639391968691474,,,,,,,,,-0.012343892628989874,,0.009074954178420795,,-0.011035863833346017,,,-0.010141887099128466,-0.011900381025853654,,,,,,,,,
2022-05-31,-0.019511367426545335,,,,0.01990826408999696,-0.013016348110878434,0.01990826408999696,-0.019511367426545335,,,,,0.01102600074874694,,0.019365826865516734,,,,,0.009220421963912645,0.01990826408999696,-0.01741229875976172,,,,,0.01990826408999696,,,,,,,,,,,0.014546720478004963,,,,,,,,,,,,,,,,,,,,,0.01990826408999696,,0.01990826408999696,,,0.01990826408999696,,0.01990826408999696,,0.01990826408999696,,,,,,,,-0.018357852523038752,,0.01990826408999696,,0.01990826408999696,,-0.017960413611890057,,-0.0139243218305553,,,,-0.019511367426545335,0.012664034196760432,,,,-0.019511367426545335,,,,,,,,,,0.00726262122261787,,,,,,-0.019511367426545335,,-0.019511367426545335,,-0.018790874879929906,,,0.012090296221855128,,,0.019284510546680938,,-0.019508171951347224,,,,,,-0.01375711009931849,,,,,0.01990826408999696,,0.01990826408999696,,,,,,,,-0.019511367426545335,,,,-0.019511367426545335,,,,,,,0.01990826408999696,,,,,,,,0.01990826408999696,,,-0.01240568022423823,,,,0.01990826408999696,,,,,,,,-0.01826925748948999,-0.01920214065892572,,,,,,,,,,,,0.012951810193958925,,,,,,,,0.0166087111159961,,,,,,,,,,,,,0.01990826408999696,,,,0.01261858638391462,,0.011263325649621998,,,,,,,,,,,,,,,-0.016354516874612153,,,,,,,,0.01990826408999696,0.01990826408999696,,,,,,,,,,,,,,,,,,,,,,,,,,,,,0.016704411683988576,0.01990826408999696,,,,0.017404900195547537,,,,,,-0.019511367426545335,,,-0.019511367426545335,,,,-0.019511367426545335,,,,-0.018748821726106337,,,,,0.01990826408999696,,,,,,,,,-0.010053126738561338,,,,,,,,,,,,,0.019765390556802032,,,,,,,-0.019511367426545335,,,,0.011167247718257863,,,,,,,,,,-0.019364573988216328,-0.0160129894346922,,0.013578932268555055,,,-0.019511367426545335,,,,-0.019511367426545335,,,,,,,,,,,-0.013098830029169024,-0.019511367426545335,,,,-0.016765562587142097,,,,-0.011308656184485908,,-0.019511367426545335,,,,,-0.019511367426545335,,,,,,0.013726044345327957,,,,,-0.01115896704963713,,,0.012003688266120355,0.011880045478999034,,,0.01096150576233208,,,,,,,,,,,,,,0.010295669667168543,,,,,,,,0.015311709937154248,0.012903512606466834,,,,,,,,,,0.01990826408999696,,,,,-0.019511367426545335,,,,0.008248528971384074,-0.011570348684999983,-0.0176286924555103,-0.019511367426545335,-0.015442369245720379,,,0.009798247826202531,,,,,,-0.008658285924666047,,,0.01990826408999696,0.013974758619850324,,,,,,-0.015169528448388092,,-0.007375740303687756,,0.013090693809119853,0.00584820067435942,0.014205909727248747,-0.019511367426545335,,,,,-0.013202313507979544,,,,,-0.01139881187412041,,,,-0.011509355696285554,,0.007440396037556777,,-0.0072431073016154274,-0.006879524165735356,,-0.013185990174472062,-0.0048662316217117415,-0.005274571122163454,,,,,,,,
2022-06-30,-0.019516447303686624,,,,0.019216814362039022,-0.013676650562034395,,-0.019516447303686624,0.01228277910284776,,,,0.009821756496700966,,0.017079117137956415,,,,,0.01183261605536031,0.01860397383846224,-0.019516447303686624,,,,,,,,,-0.019516447303686624,,,,,,,,,,,,,,,,,,,,,,,,,,,0.019397127799815915,,,,,,0.014964506046248438,,,,,,,,,,,,,,0.019397127799815915,,,-0.019516447303686624,-0.014033914888494741,,,,,,-0.019516447303686624,,,,,,,,,0.011846461969608247,,,,,,0.019397127799815915,,,,0.019397127799815915,0.010088213331990717,,,-0.019516447303686624,,,,,,,,,,-0.019516447303686624,,,,,,,,,-0.019516447303686624,,0.019397127799815915,,0.019397127799815915,-0.019516447303686624,,,,,,,,0.01885928175948673,,,,,,,,,,0.019397127799815915,,,,,,,,0.019397127799815915,,,,,,,0.019397127799815915,,,,,,,,-0.019516447303686624,-0.019516447303686624,,,,,,,,,,-0.019516447303686624,,0.019397127799815915,,-0.019516447303686624,,,,,,0.01798573308231586,,,,,,,,,,,-0.019516447303686624,,0.019106656580380205,,,,,,0.01214919891532384,,,,,,,,,,,,,,,-0.01949211339852142,,,,,,0.019397127799815915,,,0.018049959078948494,,,,,,,,,,0.019397127799815915,,,,,,,,,,,,,,,,0.017673432824384157,,,,0.019397127799815915,,,,0.012498904201164528,,0.019397127799815915,,,,,,,,,,,,,,0.017009893435999388,-0.019516447303686624,,,,,0.019397127799815915,,,,,0.019397127799815915,,,,-0.008787005929799134,,,,,,,,,,,-0.019516447303686624,,0.01918999836695597,,,,,,,-0.019516447303686624,,,,0.010877601248106519,0.019397127799815915,,,,,,,,,-0.019516447303686624,-0.015935401086904298,,0.01510063083266954,,0.01476739032500526,-0.019516447303686624,,-0.015460302862409311,,,,0.01635670268407368,,0.019397127799815915,,,,,,,-0.014347228921334929,,,,,-0.01875716535770534,,-0.019516447303686624,,-0.012677074668358254,,-0.019516447303686624,,,,,,,,,,,0.016368027133634548,,-0.015042259176415882,0.010276310127265528,-0.014448522072856884,,,,0.011445703259309903,0.011324898499795632,,,0.01361130447525606,,,,,,,,,,,,,0.010482791892268242,0.01636684117773796,,,,,-0.019516447303686624,,0.010934226235423863,,0.012193717267292313,,,,0.019397127799815915,-0.012781248827726977,,,,,,-0.0162675778767042,,,,-0.019516447303686624,,,,,,-0.019516447303686624,-0.01557639895447733,-0.014944035127745219,,,0.016793473878675934,,,,,-0.015595997025714,-0.008494750248955223,,,0.019397127799815915,0.014267779074811708,,,,,,-0.015143392530334041,,-0.009900816160545216,,,,0.014942247097973774,-0.019516447303686624,,,,,-0.012726460555008421,,,,,-0.012912652094156278,,,,-0.012813773580573302,-0.012767558369535,,,-0.011359371056931014,-0.010316322055724324,,-0.013659594352347848,-0.007399047419854534,-0.009567232734772292,,,,,,,,
2022-07-29,-0.018129063939882527,,,,0.013127998013125818,-0.016211866686618243,0.017505585551476528,-0.015911240470272273,,,,,0.008819519060541216,,,,,,,0.00965970222833466,,-0.018129063939882527,,,,,,,,,-0.018129063939882527,,-0.018129063939882527,,,,,,,,,,,,,,,,,,,,,,,,,0.01671883866666523,0.017505585551476528,,,0.007373733313802622,,0.012703831731284003,,,,,,,,,,,,,,0.017505585551476528,,,-0.017060572637251165,-0.016079303939390253,,-0.015903128470481954,,,-0.018129063939882527,,,,,,,,,,,0.013431781717413362,,,,,0.012743546342440747,,,,0.013944905051600736,,,,-0.018129063939882527,,,-0.008085882920659645,,,,,,,-0.009796470464261575,,0.017505585551476528,,,,,,,-0.018129063939882527,,0.017505585551476528,,0.015916577730400765,,,,,0.017505585551476528,,,,0.017505585551476528,,,-0.018129063939882527,,,,,,-0.018129063939882527,,,,,,,,,0.015095275140147734,,,,,0.014518290005277637,,0.017505585551476528,0.015064046842911462,,,,,,,-0.018129063939882527,,,,,,,,,,,-0.018129063939882527,,0.017505585551476528,,-0.017076388465327826,,,,,,0.017433754003575774,,,,,,,,,,,-0.018129063939882527,,0.017505585551476528,,,,,,0.010043255477979442,,,,,,,,,0.014655774018022767,0.013348276861515122,,,,,-0.018129063939882527,,,,,,0.017120281289855436,,,,,,,,,,,,,0.014279457237945856,,,,,,-0.018129063939882527,,,,,,,,,,,,,,0.017505585551476528,,,,0.010923327149749312,,0.01724692516862976,,,,,,,,,,,-0.018129063939882527,,,0.013230525159690176,-0.010921742971948058,,,,,0.017505585551476528,,,,,0.017505585551476528,,,,-0.006906966790144767,,,,,,,,,,,,,0.011494742825967175,,,,,,,-0.018129063939882527,,,,0.007563024332525394,0.015943129085302175,,-0.01632442906481113,,,,,,0.017505585551476528,-0.018129063939882527,-0.01105186559653895,,,,,-0.018129063939882527,,-0.014631361695833301,0.017505585551476528,,,,,0.01145833237598833,,,,,,,-0.01145420304312839,,,,0.017505585551476528,-0.015347632905198397,,,0.017505585551476528,,,-0.018129063939882527,,,,,-0.018129063939882527,,,,,,0.015593178667217801,,,,,,,,0.013970046503031894,0.010346759234488844,,,0.012811175503881772,,,,,,,,,,,,,0.008440103521275942,0.015538121687525679,,,,,-0.018129063939882527,,,,0.009404104247267297,,,,,-0.011186287281489527,,,,,,,,,,-0.018129063939882527,,,,,-0.013502752895767295,,,-0.010544347861905825,-0.012576531705460343,,0.010201669667235888,,,,,,-0.007763186235361092,,-0.018129063939882527,0.017505585551476528,,,,,,,-0.01010343692215935,,-0.008945930262515844,,,,0.0113731727360933,,,,,,-0.011935265672946022,,,,,-0.011894925113733275,,,,-0.01096860540473265,,,,-0.009484219098129293,-0.008510257700157817,,-0.011084303047297291,-0.004511935032019917,-0.009479175359530967,0.017505585551476528,-0.01192062174439464,,,,,,
2023-03-31,0.018256663528862332,,,,,,,0.017659276326075453,,,,,,-0.022207618310098824,-0.022207618310098824,,,,,,,-0.020767399857576287,,0.02178312692904002,,,,0.02178312692904002,,,0.02178312692904002,,,,,0.017322857501875552,,,-0.014819048000464173,,,,-0.022207618310098824,,,,,,-0.022207618310098824,,-0.01949764616259614,,,,,,,,,0.015056472770685345,,,,,,,0.02084464097018657,,,,-0.017484333961989756,-0.01665287221041645,,,,,,,,,,,0.02178312692904002,,,,,0.014057432419260687,0.01346894054285256,,,0.02178312692904002,,,0.02178312692904002,,,,-0.018200636250690322,0.02178312692904002,,,,,,,0.015216951050364247,,,,,,,,,,,,,,-0.021737932339737375,,,,0.02178312692904002,0.021413906665014307,,,,,,0.02178312692904002,,,,,,-0.016773310787546673,,-0.022207618310098824,,,,,0.01673047078744241,,,,,,,,,,,,,0.02178312692904002,,,,-0.016764387074505876,,,,0.012259963538288761,,0.012428376728555433,,,,,,-0.02054818042504347,0.02001308033592813,,,,,-0.022207618310098824,,,,-0.01499668321168429,,0.020860890114081595,-0.022207618310098824,,,,,,,,,0.021377075171366933,0.020256028930357807,,-0.022207618310098824,,,,,-0.022207618310098824,,,,,0.02178312692904002,,,,0.017308473023219657,,,,-0.021479644242812623,,,,0.0150715250567121,,,,,,,,,,,,,,,,,,,,,-0.022207618310098824,,,0.009199426438812436,,-0.022207618310098824,,,,,,,,,,,-0.022207618310098824,,-0.022207618310098824,,-0.010890669921801963,,,,,,,,,,,,,,,0.015579816249665186,,,,,,,,,,,,0.01077366671622144,,0.02178312692904002,,,,,,,,,,,-0.022207618310098824,,,-0.010868141590229937,,,,,,0.015986751738692757,,,,,,-0.022207618310098824,0.02178312692904002,0.021545712945744342,,,,,,,,,,0.01141893843714881,,,,,-0.022207618310098824,,,-0.02150376378219593,0.02178312692904002,,-0.015986804258158693,,,,,-0.010181730855203965,,0.020368752807965924,,,,,-0.02090591021871859,,,,0.01150142642663499,0.020422559682434352,,,,,,,0.019734351637185076,,,,,0.02033648804567219,,,,,-0.015405714199729501,,,,,,,,,,,,,0.01843705770666081,-0.017017688904950697,-0.020707927698997604,0.017635667545584044,,,,-0.02160058114754015,,,,,,,0.01917200802690866,,0.02178312692904002,0.010572082428053305,,,0.008448506352470452,0.02178312692904002,,,,,-0.022207618310098824,,-0.013202337311569062,,,,,,,-0.017860415620703462,,,,-0.022207618310098824,,,,,,-0.022207618310098824,,0.00951069780441499,0.017088077689159323,-0.01246500398848458,,,,,,,,,,,,,,-0.01762297433228423,,,,,,,,,-0.020471233824716085,,-0.008614138684888566,,,,,0.02178312692904002,,,0.02041990792460319,,,,,,,,,,,,-0.01569947077069426,-0.011879665255764676,,-0.013729952522664063,-0.01456863210735333,,-0.015535931806818927,-0.005841709318516302,-0.012647996822458542,,-0.0129759894264981,0.02178312692904002,,,,,
2023-04-28,0.023195671692117874,,,,,0.01807256409616764,,0.01733748316462309,,,,,,-0.0235027277276377,,,,,,-0.015567835132892211,,,,0.023195671692117874,,,,,,,0.01809025841329893,,,,,0.023195671692117874,,,,,,,-0.020548568224810146,,,,,,,,,,,,-0.0235027277276377,,,,,,,-0.015038976196004514,,,,,0.02145336071104855,,,,-0.0235027277276377,-0.019555388012192074,,,,,,,,,,0.012118408718178503,0.023195671692117874,,-0.0235027277276377,,,,,,,0.015375875300328665,,,0.023195671692117874,,0.008243318392073234,,-0.021921132501141593,,,-0.01360361026129182,,,,,0.01630090114814503,,,,,-0.01849636750983678,,,-0.0235027277276377,,,,,,-0.013590254679584043,,,,0.01214731280820323,0.016785042016459008,,,,,,,0.022477877050134615,-0.0235027277276377,,,,,,-0.014428376408602863,,,,,0.023195671692117874,0.023195671692117874,,,,,,,,,,,,0.023195671692117874,,-0.0235027277276377,,-0.0235027277276377,,,,0.023195671692117874,,0.023195671692117874,,,,0.01529990855958448,,-0.0235027277276377,0.02065119968231179,,,,,-0.0235027277276377,,,,-0.02139627990086082,,0.023195671692117874,-0.020806521995058485,,,,,,,,,0.023195671692117874,0.023195671692117874,,-0.0235027277276377,,,,,-0.0235027277276377,,,-0.0235027277276377,,0.01913493980099863,,,,0.017425359354313236,,,,,,,,,,,,,,,,,,,,,,,,,,,,,,,-0.012750991214705446,0.010429539838238399,,-0.0235027277276377,,,,,,,,,,,,,,,-0.016176242444032988,,,,,,,,,,,,0.023195671692117874,,,,,,,,-0.0235027277276377,,,,,,,,,0.013762019476222742,,,,,,,,,,,-0.0235027277276377,,-0.012459728411939111,-0.016250893707023015,-0.01008377153237449,,0.01641924845846238,,-0.0235027277276377,,,,,,,-0.02289399103768271,0.012935552544110602,0.023195671692117874,,,,,,,,,,0.01284366362963568,-0.014777511417063832,-0.021673996031882997,,,,,,-0.0235027277276377,0.023195671692117874,,,,,,,-0.017463455819333618,,0.020147601023783157,,,,,-0.022529426155175253,,,,,,,,0.016664049507619832,,,,,,,0.022212034777157788,,0.015578494110640615,,,,,-0.0235027277276377,,,,,,,,,-0.012213013871572965,,,,0.015659391872421546,-0.019360881941834475,-0.0235027277276377,0.014112427016451767,,,,-0.0235027277276377,,,,,,,0.00932966399437845,-0.01814128175689803,,0.021211016063602206,0.023195671692117874,,0.006747369940192186,,,,,,,0.008703671222503068,,,,,,,,-0.01035402991907358,0.023195671692117874,,,-0.012444051494501597,,,,,0.023195671692117874,,,0.017936267288887302,0.01184304266863804,-0.009840777867773858,,,,,,,,,,,,,-0.013813985500193608,,,,,,,,,,,,-0.016784417319414,,0.01699698100280972,,,0.023195671692117874,,,0.023195671692117874,,,,,,,,,,,,-0.0121990791974345,-0.009343939338879732,,,,,-0.012456681923368533,-0.008861733389207972,-0.013366146484183784,,,0.023195671692117874,,,,,
2023-06-30,0.02351179900431162,-0.024171649823030144,,,,,,,,,,,-0.022157044338394775,,,,,,,-0.014489571080196802,,,,,,,,,,,0.022038723140752614,,,,,0.018778785668193538,,,,,,,,,,,,,,-0.024171649823030144,-0.020292422613687758,,,,-0.016092174194116276,,,,0.02351179900431162,,,,,,,0.02192098486541315,,,,,,-0.02358540059893171,,0.02351179900431162,,,,,,,,-0.018693141497313097,0.02351179900431162,,-0.02368891494814816,0.02351179900431162,0.02351179900431162,0.01831025998799763,,,,,,,0.022562129391697293,,,,-0.024171649823030144,,,,,,,,,-0.016953621633448063,,,,-0.01618593134281017,,0.017271259497059238,-0.024171649823030144,,,,,,-0.013664181614455593,-0.016993561248924142,0.02351179900431162,-0.024171649823030144,0.018779455418528806,0.016932379467944868,,,,,,,0.01948566871634931,,,,,,,,,,,,0.01903317010338854,0.02351179900431162,,,,,,,,,,,,,,-0.024171649823030144,,,,-0.02219923632531247,,0.019165869140380532,,0.02351179900431162,,,,,0.017827351749431487,,,,,,,-0.024171649823030144,,,-0.02396699528775327,-0.01237193951371236,,0.02351179900431162,,,,,,-0.02068872732968149,,,,,0.0203703675678667,,-0.024171649823030144,,,,,-0.014476916001635655,-0.017370928033685215,,-0.024171649823030144,,,,,,0.02351179900431162,,,,,,,,,,,,,,,,,,-0.015816108549829948,,0.02351179900431162,,,,,,,-0.024171649823030144,0.02351179900431162,-0.024171649823030144,,-0.01940378085948359,0.01216196424000469,,-0.024171649823030144,-0.011832019360109004,,,,,,,,,,,,,,-0.011647244748297609,,,,,,,,,,,,,,,,,,-0.024171649823030144,,-0.024171649823030144,,,,0.02351179900431162,,,,,0.01914939834952481,,-0.024171649823030144,,,,,,,,,,,-0.012187444717740517,,-0.024171649823030144,,0.011668312812042829,-0.024171649823030144,,0.02351179900431162,,-0.024171649823030144,,,,,0.019485453590801356,,,,,,,,,,,,,,0.02351179900431162,,,,,,,,,,,,,-0.024171649823030144,,0.016719482484107047,,,,,-0.024171649823030144,,,,,,-0.01890044613288168,,0.01637248636633354,,,,,,,0.02279584164082314,,0.021549634858016135,-0.018866500945490458,,,,-0.019177707326128474,,,-0.019935617670666053,,,,,,,,,0.01538575910674545,0.015607580329735906,,,0.01438486674466316,,,,,0.02351179900431162,,0.02351179900431162,,,-0.024171649823030144,0.015770114068185317,,,0.01821283355925134,,,0.0076766164413306715,,,,,,,,,,,-0.01908610029869659,,,0.013014199708859364,-0.010524483437368327,,,,-0.01924540749197879,,,,,0.02351179900431162,,,0.02115124976024693,0.019092813451950442,-0.012030601258985918,-0.006910885804457077,,,,,,,,,,,,,,,,,,,,,,,,,-0.014901993352850694,0.011415138748030563,0.022056688972156457,,0.02351179900431162,,,,,,,,,,,,,,0.01263154099237684,,,,,,,-0.016188827412161686,0.005390931594411049,-0.009786568372178268,,,0.02351179900431162,,,,,
2023-07-31,0.021637573276386355,,,,,,,,,,,,-0.01698807594203023,,,,,,,-0.014694280291899207,-0.021582167739230388,,,,,,,,,,,,,-0.014821225494539823,,0.017446029072820328,,,,,,,,,,,,,,-0.021582167739230388,-0.018892410780510075,,,,-0.021582167739230388,,,,0.021637573276386355,,,,,,,0.020519896104972596,,,,-0.021582167739230388,,,,,,,0.021637573276386355,,,,,-0.014838227793621645,0.021637573276386355,,-0.021582167739230388,,0.021637573276386355,0.021637573276386355,,,,0.018136445436602193,,,0.01952923051852037,,,,,,,,,,,0.021637573276386355,,,0.018009673288509335,,,,,0.012016935239795318,,-0.019109782915047762,,,,,,-0.013638337198339909,,,0.01501324619404654,0.021637573276386355,,,,,,,0.011769487144710319,,,,,0.017342041356046556,,,,,,,0.021195866995177445,0.015590119849635781,,,,,,,,,,,,,,-0.021582167739230388,,,,-0.015281523952502093,,0.021637573276386355,,0.01637047409110904,,,,,0.011772420688564258,,,,,,,,,,-0.020878239731774273,,,0.021637573276386355,,,,,,-0.021582167739230388,,,,,0.021637573276386355,,-0.021582167739230388,,,,,-0.01563295351280238,-0.012284028005792418,,-0.021582167739230388,,,0.018514210553184085,,,,,,,,,,,,,,,,,,,,,-0.017441538478299375,,0.021637573276386355,-0.0204707730101633,,,,,,-0.021582167739230388,0.021637573276386355,,,-0.011103021405493636,0.012893981855787644,,-0.021582167739230388,-0.021582167739230388,,,,,,,,-0.021582167739230388,,,,,,-0.01734638488796406,,,,,,,,,,,0.021637573276386355,,,,,,,,,-0.017786851866213635,,,,,,,,-0.021582167739230388,0.010944268101832149,,-0.013884022088595764,,,,,,,,,,,-0.009290725180556963,0.0125070647848643,-0.02058233013704803,,0.01396851901596265,-0.011937061100338677,,0.018766355594615217,,,,,,,,,,,,,,,,,,,-0.020316806753605993,,0.015460336184659751,,-0.019638432760979166,,,,,,,,,,,-0.016033133922587407,,0.01643830922990726,,,,,-0.013245384556576908,,,,,,-0.012946804288367086,,0.009819576373604094,,0.021637573276386355,,,,,0.021637573276386355,,,-0.015222068016346901,,,,-0.021582167739230388,,,-0.01160736012332714,,,,,,,,,0.01277375970134852,,,,0.01499398114267639,-0.01799466173927804,,,,0.021637573276386355,,0.021637573276386355,,,-0.021582167739230388,0.010202804102078349,,,0.015568841582813008,,,0.010305440231763626,,,,,-0.021582167739230388,,,,,,-0.021582167739230388,,,0.018461969168907535,-0.010720342374495217,,,,-0.021582167739230388,,,,,0.021637573276386355,,,0.019845437739720338,0.018254514784719702,,-0.014859205329312617,,,0.011895288436316806,,,,,,,,,0.012575535596047415,,,,,,,,,,-0.016617864707228275,,,-0.012754221109434033,,0.009157418678581275,,0.014820285888069381,,,,,,,,,,,,,,0.013528938030750207,-0.012445002911671423,,,,,,-0.01309733732017627,,-0.013548766224979076,,,0.021637573276386355,-0.011149795329170663,,,,
2023-08-31,0.025672747238733272,-0.025132014459725086,0.025672747238733272,,-0.025132014459725086,,,-0.0160328491358034,,,,,-0.025132014459725086,,,,,,,-0.022733571523849215,,,,,,,,,,,0.025672747238733272,,,-0.009688495333545268,,,,,,,,,,,,,,,,-0.025132014459725086,-0.007084083971481232,-0.018930009059476203,,,-0.016434844631849365,,,,,,,,,,,,,,,,,,,,,,0.025672747238733272,,,,0.019098515748072475,-0.017074070095087147,0.01619846826754242,,-0.012560820526025246,,,0.025672747238733272,,,,,,,0.025672747238733272,,-0.02209989048275226,,-0.025132014459725086,,,,,,,,,,,,,-0.019183188191237016,,0.018034473795069235,-0.025132014459725086,,,,,,,,,,0.025672747238733272,0.014632985801018478,,,0.025672747238733272,,,,0.01722461554169011,,,,,0.025672747238733272,,,,,,,0.02438719240574244,0.025672747238733272,,,,,,,,,0.021426590609573554,,,,,,,,,-0.014517897993597397,,0.020616725925998627,,0.024007367528295083,,,,0.01771678876037144,0.02473520126615854,,,,,,,,,,,,,,,,,,-0.024430980656301497,-0.024668277002817044,,0.025672747238733272,,,0.025672747238733272,,-0.022348891023707882,,,,,-0.020594214548230298,,,,,,0.00991243971006519,,,,,,-0.024652251820412446,,,,,,,,,,,,,,,-0.017490711994679886,,,,,,,,,-0.025132014459725086,,,,-0.018047467093122667,,,-0.025132014459725086,-0.020575178557912032,,,,,,,,,,,,,,,,,,,,,,,-0.024058841654808108,,,,,,,,,-0.025132014459725086,,-0.025132014459725086,-0.025132014459725086,,,,0.025672747238733272,,0.0173843690912166,-0.025132014459725086,0.025672747238733272,,-0.025132014459725086,,,,,,,,,-0.025132014459725086,,-0.01462588583726031,0.014525973805186795,-0.014268740305419894,,0.010262362779038157,-0.023260129466389348,,,,-0.025132014459725086,,0.025672747238733272,,,0.009777153131909029,,,,,,,0.020294444406274387,,,,,-0.022189653484079842,,0.018199142697504656,,,,,-0.025132014459725086,,,0.01980113542959766,,,,,-0.025132014459725086,,,,,,,-0.025132014459725086,,,,,,-0.025132014459725086,,0.016215281079120597,,0.025672747238733272,-0.025132014459725086,,,,0.025672747238733272,,0.018925765573621373,,,,,,,,,,,,,,,,,0.012056969417044712,,,,0.00915273432434978,,,,,0.025672747238733272,,,,,,0.012518208460920447,,,0.025672747238733272,,,0.004929111360534566,,,,,,,,,-0.012911584198960395,,-0.01139321271703874,,,0.015095083379766295,-0.014936058654124874,,,,,,,,,,,,0.021809710672353693,0.024631421291620815,-0.010696189574636573,-0.019884726236598108,,,0.01864809868077575,,,,,,,,,,-0.024219872347458742,,,,-0.01029729774342436,,,,,-0.015252963786516515,,,,,,0.020446268448206885,0.025672747238733272,,,,,,,,,,-0.008724055099034383,,,,0.020544090366580572,-0.009707028375852297,,,0.007061770144296941,,,-0.01753782874847207,0.007528970680579597,,,0.01882492847296793,0.025672747238733272,,,,,
2023-10-31,0.02728311537728094,,,,-0.016721739409721364,,,-0.022105810035406553,,,,,-0.021051732944712322,,,,,,,-0.019695429274276016,,,,,0.021663841834263002,,,,,,,,,,,,,,,,,,,,,,0.027259097658658672,,,-0.020898647756119906,-0.022727705274750747,-0.026404271787819723,,,-0.026404271787819723,,0.018340218280715442,,0.02728311537728094,,,,,,,0.02587965518556008,,,,,,,,0.02728311537728094,,,,,,,,-0.026404271787819723,,,-0.026404271787819723,,0.02728311537728094,,,,,,,,,,-0.013230057282636492,-0.022723306310510987,-0.026404271787819723,,,,-0.026404271787819723,0.021575181804655254,,0.02728311537728094,,,,,,,0.025230910533380318,0.02110228944820894,,,,,,,,,,,,0.02178815500153095,,,,,0.019303898476295937,,0.023981553023057444,,,,,0.02705614778219875,,,,,,,0.018139323895863316,0.019613759555261616,,,,,,,,,,,,,,,,,,,,,0.02728311537728094,0.0255518984647414,,,-0.022889715643602905,,,0.009744430656810176,,,,,,,,,,,,,-0.026404271787819723,,,-0.019904595265526806,-0.024382368092093994,-0.026404271787819723,,0.022363233065853957,,,0.02728311537728094,,,,,,,-0.026404271787819723,-0.02315009801345847,,,,,0.020487000468156612,,,,,,-0.023447173397284415,,,,,,,,,,,,,,,-0.021165244262760775,,,,,,,,,-0.026404271787819723,,,,-0.019065990484676092,,,-0.026404271787819723,,,-0.02046249913386328,0.02675769444246756,,,,,-0.024543507335003455,,,,,,,,,-0.026404271787819723,,,,,,,,,,,,,,,,,-0.01692885095908966,-0.017321987639459205,,,,0.02728311537728094,,,,,,-0.02203939943946115,,,,,,,,,-0.024431990733515603,0.02526399302891555,-0.01999718540695814,,,,0.01736286900696068,-0.025079678776716283,,,,,,,,,,,,,,,0.020569982872023544,0.018667904557929733,,0.02728311537728094,,,,,,,,,,,,,0.007644375742215878,,,,,-0.02520719187476638,,,,,,,-0.015943992691932057,,,-0.026404271787819723,,,,,,,0.02376140990622286,,-0.015906365867214525,,,0.021184426375988462,,0.022180939923298858,,,,,,-0.026404271787819723,,,,,,,-0.026404271787819723,0.023325149991171308,,,,,,,0.016468034120935032,,,,,,,,0.02671127155259567,,,,,,,-0.015182856910453285,,0.011271132280499164,,,,,,,,,-0.026404271787819723,,-0.01826411507350033,,0.02728311537728094,0.021822841004250623,,0.02728311537728094,0.02236819580460459,,,,-0.023977855439620138,0.026298912033605872,-0.019699721400494453,,,0.02728311537728094,0.025446770035311643,0.02728311537728094,,-0.022369152008236692,,,0.019956552550700515,,,,,,,,,,-0.022627260751006042,,,,-0.026404271787819723,-0.026404271787819723,,,,-0.02418319664647941,,-0.014582065291057638,-0.019697824390781507,,0.012404084497720395,0.02728311537728094,,,,,,,,,,,-0.01688876893354361,,,,0.017044094519973442,,,,0.012854003176521054,0.013817834993933662,,,,0.020551729224890937,,,0.02728311537728094,-0.018289555105717396,,,,
1996-09-30,,0.032817941198639865,0.032817941198639865,,,,,0.029618399075535855,,0.032817941198639865,,0.032817941198639865,-0.03329949578759944,,,,,,0.029552710290931972,0.032817941198639865,0.032817941198639865,,0.02114152562043452,,,,0.02421062128264884,0.020095458941151507,0.016775665487045625,,0.016946784386495994,,,,,,-0.023222839580753184,,-0.026082910303868632,,,-0.014184695458016728,-0.03329949578759944,,-0.03329949578759944,-0.03329949578759944,0.032817941198639865,-0.03329949578759944,,-0.03329949578759944,,,,,,0.032817941198639865,,-0.03329949578759944,-0.03329949578759944,,,-0.03329949578759944,,,-0.03329949578759944,,0.032817941198639865,0.032817941198639865,0.032817941198639865,,0.032817941198639865,,0.032817941198639865,-0.0296013657627268,0.032817941198639865,,,,,,,,0.009471420759753716,,-0.017380935946979367,,,,,,,,-0.03329949578759944,,-0.03329949578759944,,-0.03329949578759944,,,,0.032817941198639865,0.032817941198639865,0.026459039678701602,-0.013516959006372871,,,,,,,,0.032817941198639865,,,-0.03329949578759944,,,-0.022296816465668546,,,,0.032817941198639865,,0.02266795677413249,0.032817941198639865,,-0.019940844196319106,,,,-0.03329949578759944,,,-0.03329949578759944,,,,0.032817941198639865,,,-0.03329949578759944,,-0.03329949578759944,,,,,-0.01564153532382583,,,,,,,,,0.032817941198639865,,,,,,-0.03329949578759944,0.032817941198639865,0.032817941198639865,0.032817941198639865,-0.02691856929786011,-0.029894296607010505,-0.03329949578759944,-0.03329949578759944,-0.03329949578759944,-0.03329949578759944,,,,,,,,,,,,,,,,,,,,,,,,,,,,,,,,,,,,,,,,,,,,,,,,,,,,,,,,,,,,,,,,,,,,,,,,,,,,,,,,,,,,,,,,,,,,,,,,,,,,,,,,,,,,,,,,,,,,,,,,,,,,,,,,,,,,,,,,,,,,,,,,,,,,,,,,,,,,,,,,,,,,,,,,,,,,,,,,,,,,,,,,,,,,,,,,,,,,,,,,,,,,,,,,,,,,,,,,,,,,,,,,,,,,,,,,,,,,,,,,,,,,,,,,,,,,,,,,,,,,,,,,,,,,,,,,,,,,,,,,,,,,,,,,,,,,,,,,,,,,,,,,,,,,,,,,,,,,,,,,,,,,,
1997-03-31,,0.03308051066372885,,0.03308051066372885,,,,0.03308051066372885,,0.03308051066372885,,,0.03308051066372885,0.03308051066372885,,0.03308051066372885,,,0.025671164730518295,,,0.031192962687332716,,,,,,,,,,-0.025178584068362025,,,,,-0.012624107156599094,-0.023408358490832497,0.02099410684491966,,,-0.03385430692796416,,,,-0.03385430692796416,,-0.03385430692796416,,-0.023387869729735444,,0.03308051066372885,-0.03385430692796416,-0.024616221773378456,,0.03308051066372885,,,-0.03385430692796416,,,,,,-0.03385430692796416,0.03308051066372885,,,,,,,,-0.02825297409507761,,0.03308051066372885,,,,-0.016488086198248923,,-0.03385430692796416,,,,,,,-0.03385430692796416,,,,-0.03385430692796416,,,,,,-0.03385430692796416,,,,,,,,,,,,,,,,,,,-0.026605524194921303,-0.03385430692796416,,,0.03308051066372885,,0.022524398230877287,0.03308051066372885,0.0213273034779915,,,,,-0.03385430692796416,,,-0.03385430692796416,0.03308051066372885,,,,0.028491459324285366,,,,-0.03385430692796416,0.03308051066372885,,,-0.03385430692796416,,,,,,,,,0.03308051066372885,0.03308051066372885,0.03308051066372885,-0.03385430692796416,-0.03385430692796416,-0.03385430692796416,,-0.03385430692796416,0.020231016838617083,,,,-0.03385430692796416,,,,,,,,-0.033024098656583206,,-0.03385430692796416,-0.03385430692796416,,,0.03308051066372885,,0.03308051066372885,,,,,-0.03385430692796416,,,-0.031395664989043684,,,,0.03308051066372885,0.03308051066372885,0.03308051066372885,,,,,0.03308051066372885,0.03308051066372885,0.030099948542034658,0.029939728354124492,-0.03385430692796416,,,,,,,,,,,,,,,,,,,,,,,,,,,,,,,,,,,,,,,,,,,,,,,,,,,,,,,,,,,,,,,,,,,,,,,,,,,,,,,,,,,,,,,,,,,,,,,,,,,,,,,,,,,,,,,,,,,,,,,,,,,,,,,,,,,,,,,,,,,,,,,,,,,,,,,,,,,,,,,,,,,,,,,,,,,,,,,,,,,,,,,,,,,,,,,,,,,,,,,,,,,,,,,,,,,,,,,,,,,,,,,,,,,,,,,,,,,,,,,,,,,,,,,,,,,,,,,,,,,,,,,,,,,,,,,,,,,,,,,,,,,,,,,,,,
1997-05-30,,0.03474358703291732,,,,,,0.03474358703291732,,,,,,,,,,,0.023910222804289286,,,0.03017271325858708,-0.03365812336062468,,,-0.035921580057673715,-0.029023975083795943,,,-0.026182105814666196,,-0.02297795528123012,,,,,-0.035921580057673715,-0.035921580057673715,0.026692649958358218,-0.018492304419003264,,-0.035921580057673715,,,-0.035921580057673715,-0.035921580057673715,,,,-0.028935662046732653,,0.03474358703291732,-0.035921580057673715,,,,,,-0.035921580057673715,,,,,,-0.035921580057673715,0.03474358703291732,,,,,0.03474358703291732,-0.035921580057673715,,-0.03022904643836014,,0.03474358703291732,,,,-0.008911041660657752,-0.029686548471945507,,,,,,,,,,,,,,,,,0.03474358703291732,,,0.03474358703291732,,-0.03088461776986098,,,,0.03474358703291732,,0.03474358703291732,,0.03474358703291732,,0.03474358703291732,,,,0.03474358703291732,-0.01716252836090347,,,,0.03474358703291732,0.03474358703291732,,,0.018751094948522878,,,,,,0.03474358703291732,,-0.035921580057673715,0.03474358703291732,,,,,,,,-0.035921580057673715,,,,-0.035921580057673715,,,,,,,0.03474358703291732,,0.03474358703291732,,0.03474358703291732,-0.035921580057673715,,,,-0.035921580057673715,0.01546131596562277,,,,-0.035921580057673715,,,,,0.03474358703291732,,-0.035921580057673715,,,,,,0.03474358703291732,0.029765931045512062,,,,,,,-0.035921580057673715,,,-0.035921580057673715,-0.035921580057673715,,,,,,,,,-0.035921580057673715,,,0.026538630621464016,0.03474358703291732,,,0.027714428576069768,,,,0.03474358703291732,,,-0.035921580057673715,0.03474358703291732,0.03474358703291732,-0.035921580057673715,,,,,,,,,,,,,,,,,,,,,,,,,,,,,,,,,,,,,,,,,,,,,,,,,,,,,,,,,,,,,,,,,,,,,,,,,,,,,,,,,,,,,,,,,,,,,,,,,,,,,,,,,,,,,,,,,,,,,,,,,,,,,,,,,,,,,,,,,,,,,,,,,,,,,,,,,,,,,,,,,,,,,,,,,,,,,,,,,,,,,,,,,,,,,,,,,,,,,,,,,,,,,,,,,,,,,,,,,,,,,,,,,,,,,,,,,,,,,,,,,,,,,,,,,,,,,,,,,,,,,,,,,,,,,,,,,,,,,,
1997-06-30,,0.03361565192045591,,,,,,0.03361565192045591,,,,-0.03505422403632023,0.03361565192045591,,,,,0.03361565192045591,0.03361565192045591,,,,-0.03505422403632023,,,,-0.03505422403632023,,-0.029133563052695405,,,-0.03505422403632023,,0.03174435839484905,,,-0.020409507537471932,-0.03505422403632023,0.029918951377680553,-0.024974902304712304,0.03361565192045591,,,0.03361565192045591,,-0.03505422403632023,,,,-0.03505422403632023,,0.03361565192045591,-0.03505422403632023,,,0.03361565192045591,,,-0.03505422403632023,,,,,,-0.03505422403632023,0.03361565192045591,,,,,,-0.03505422403632023,,-0.03505422403632023,,,,,,-0.03505422403632023,-0.023632887074595817,,-0.01829731404700542,,,,,,,,0.03361565192045591,,,0.03361565192045591,,,,,-0.03505422403632023,,,0.03361565192045591,,,,,,,,,,,,,-0.03505422403632023,,,-0.018595525869450222,,,,0.03361565192045591,0.03361565192045591,0.03361565192045591,-0.03505422403632023,0.016113559337789313,,,,-0.03505422403632023,-0.019901775619488474,0.03361565192045591,,-0.03505422403632023,0.03361565192045591,,-0.03505422403632023,,,,,,,,,,-0.03505422403632023,,0.02050237695106298,,,,,,-0.03505422403632023,0.03361565192045591,,,,,,,-0.03505422403632023,0.024111883206269693,,,,-0.03505422403632023,,,,,,,-0.013953739918088187,,,,,,,0.03361565192045591,,,,,,,-0.03505422403632023,,,,,,,0.03361565192045591,0.03361565192045591,0.03361565192045591,,,,-0.03505422403632023,,,,0.025652396960828463,,,0.024642912287044207,,,0.03361565192045591,,0.03361565192045591,,-0.03505422403632023,0.03361565192045591,,,0.03361565192045591,,,,,,,,,,,,,,,,,,,,,,,,,,,,,,,,,,,,,,,,,,,,,,,,,,,,,,,,,,,,,,,,,,,,,,,,,,,,,,,,,,,,,,,,,,,,,,,,,,,,,,,,,,,,,,,,,,,,,,,,,,,,,,,,,,,,,,,,,,,,,,,,,,,,,,,,,,,,,,,,,,,,,,,,,,,,,,,,,,,,,,,,,,,,,,,,,,,,,,,,,,,,,,,,,,,,,,,,,,,,,,,,,,,,,,,,,,,,,,,,,,,,,,,,,,,,,,,,,,,,,,,,,,,,,,,,,,,,,
1998-02-27,,0.036813025107996146,,,0.036813025107996146,-0.037255600481719824,0.036813025107996146,,-0.037255600481719824,-0.03258620478260342,,,,,,-0.037255600481719824,-0.037255600481719824,,,,,,-0.02560259742736735,,-0.037255600481719824,,,,,-0.03139868944480608,0.031147417854555864,,,,,,0.023663130884795904,,-0.02423111657152322,0.016752330882492453,,0.036813025107996146,,,-0.037255600481719824,,,-0.037255600481719824,,-0.037255600481719824,,,0.02236860174406127,,,0.03343359038090109,,,,,,,,,,,,-0.037255600481719824,,,,-0.037255600481719824,0.036813025107996146,,,,-0.037255600481719824,,,-0.016013355745937517,-0.021818318151011852,0.036813025107996146,,,,,,,,,,,,,0.036813025107996146,,,,0.02904616479090389,,,,,,,-0.037255600481719824,0.036813025107996146,,,,,,,,,,,-0.037255600481719824,0.036813025107996146,,,,,0.02721541395399601,,0.019066382883197976,-0.027717901128163008,,,,0.036813025107996146,,,-0.037255600481719824,,-0.037255600481719824,0.036813025107996146,,,,0.036813025107996146,,,,,,-0.037255600481719824,,,,,,,0.036813025107996146,-0.037255600481719824,,,,,,,,0.036813025107996146,-0.03564915280116811,,,0.036813025107996146,,,,,,0.03602124231174501,,-0.037255600481719824,0.03618921751608137,,0.036813025107996146,,,,,,,,,0.036813025107996146,,,,,,,,,,0.036813025107996146,,-0.037255600481719824,,-0.03286768910846107,,,-0.037255600481719824,,,,0.036813025107996146,0.027133942228700775,,,,,0.03659926089045303,,-0.037255600481719824,,,,,,,,,,-0.018168537161256142,-0.037255600481719824,0.036813025107996146,,,,,,,,,0.036813025107996146,,,0.036813025107996146,0.036813025107996146,,-0.037255600481719824,,,,-0.037255600481719824,-0.02514829992222244,,,,,,,,,,,,,,,,,,,,,,,,,,,,,,,,,,,,,,,,,,,,,,,,,,,,,,,,,,,,,,,,,,,,,,,,,,,,,,,,,,,,,,,,,,,,,,,,,,,,,,,,,,,,,,,,,,,,,,,,,,,,,,,,,,,,,,,,,,,,,,,,,,,,,,,,,,,,,,,,,,,,,,,,,,,,,,,,,,,,,,,,,,,,,,,,,,,,,,,,,,,,,,,,,,,,,,,,,,,,,,,,,,,,,,,,,,,,,,,,,,,,,,,,,
1998-03-31,,0.03855352859619703,,,,-0.03972217524739914,,0.03855352859619703,,-0.03972217524739914,,,,0.03855352859619703,,,,0.03855352859619703,,,0.03855352859619703,,-0.02094805068357567,,,,,0.03855352859619703,,,0.03855352859619703,,,,,,0.03144639295637639,,-0.018284935530413802,0.026892815358024225,,0.03855352859619703,,,-0.03972217524739914,,0.03855352859619703,-0.03972217524739914,,0.03855352859619703,,,0.03766197200413498,,,0.03855352859619703,,,-0.03972217524739914,,,,,,,,,,,,,-0.02915993513058696,,,,,,,,-0.031359523700133035,,0.03855352859619703,0.022556676665597047,,,,,,,,,,,0.03855352859619703,,,,,0.03855352859619703,,,,,,,,,-0.03972217524739914,,-0.03972217524739914,,,,,,,,-0.027819152898106377,0.03855352859619703,-0.03972217524739914,,,,,,0.018311637967439908,,,,,0.03855352859619703,,,-0.03972217524739914,,-0.03972217524739914,,,-0.03972217524739914,,0.03855352859619703,,,,,,-0.03644437269540316,,,,,,,,-0.027303269359785706,,,,,,,,,-0.028247544080466456,,-0.03972217524739914,0.03855352859619703,,,,,,,,-0.03972217524739914,0.021589169481688434,,0.03855352859619703,,,,,,,,,0.03855352859619703,,,0.03139428734699919,,,,,,,0.0331328749227355,,-0.03972217524739914,,-0.037557507266026954,,,-0.03972217524739914,,,,0.03855352859619703,0.03855352859619703,,,,,,-0.03972217524739914,,,,,,,0.03855352859619703,,,,-0.028231750672498696,-0.03972217524739914,0.03855352859619703,,,,,,,-0.03972217524739914,-0.03972217524739914,0.03855352859619703,,,0.03855352859619703,0.03855352859619703,-0.03972217524739914,-0.032933107838951245,,,,,-0.033085794744144185,-0.03866829875744214,-0.03972217524739914,-0.03972217524739914,,,,,,,,,,,,,,,,,,,,,,,,,,,,,,,,,,,,,,,,,,,,,,,,,,,,,,,,,,,,,,,,,,,,,,,,,,,,,,,,,,,,,,,,,,,,,,,,,,,,,,,,,,,,,,,,,,,,,,,,,,,,,,,,,,,,,,,,,,,,,,,,,,,,,,,,,,,,,,,,,,,,,,,,,,,,,,,,,,,,,,,,,,,,,,,,,,,,,,,,,,,,,,,,,,,,,,,,,,,,,,,,,,,,,,,,,,,,,,,,,,,,,,
2000-03-31,,0.0169862989387649,,,,,,0.023034721919433152,-0.02226365153801224,,-0.02226365153801224,,,,-0.02226365153801224,-0.02226365153801224,,,,,0.023034721919433152,,,,-0.0190789196923511,,0.023034721919433152,-0.02226365153801224,-0.009506741361068393,0.020646214795034604,0.011802912897129396,,,,,0.017709869307647595,,,,,,,-0.02226365153801224,,,,-0.02226365153801224,-0.014843525142639244,,0.023034721919433152,,,-0.02226365153801224,-0.02226365153801224,,,,,,,,0.023034721919433152,-0.02226365153801224,,,0.013946645197763757,,-0.02226365153801224,,,0.023034721919433152,0.023034721919433152,,0.023034721919433152,,0.023034721919433152,,-0.01907726200720105,,0.009564454124694649,,-0.02226365153801224,,,,,,,,,,,,,,,,,,,-0.018555635765893787,,,,,,-0.02137674718530166,,,,,,,,,,,,,,,,,0.010210194045280755,,,,,,,,-0.02226365153801224,,,,,,,0.012876856962603855,,-0.02226365153801224,,,,,,,,,,,,,-0.02226365153801224,0.023034721919433152,,,,,,,,,-0.007679561190311616,,,-0.02226365153801224,,,0.023034721919433152,,,0.023034721919433152,-0.013235038012429465,,0.01354838977370179,,,,,,0.023034721919433152,,,,,,,,0.01624955792573023,,,,,,,,,-0.02226365153801224,0.023034721919433152,,,,,,,,,,,-0.015295229600186698,,,0.020127772287319823,,,,-0.02226365153801224,,,,,0.018381478204972646,,-0.02226365153801224,,,,,0.022662689561095538,,,,,,,-0.02226365153801224,,0.022424940598354093,,,,,,,0.023034721919433152,,-0.01048317711512328,0.023034721919433152,-0.02226365153801224,,0.014210368470786518,,,,,,,,,,,,,,,,,,,,0.023034721919433152,,0.023034721919433152,0.013776997531351294,-0.02226365153801224,,,-0.0203005165330074,0.01953374808777372,,0.023034721919433152,,,,,,,-0.02226365153801224,0.023034721919433152,,,0.023034721919433152,-0.02040653289268388,,,-0.02226365153801224,,,,-0.011958374069597759,-0.02226365153801224,,,,,,,,,,,,,,,,,,,,,,,,,,,,,,,,,,,,,,,,,,,,,,,,,,,,,,,,,,,,,,,,,,,,,,,,,,,,,,,,,,,,,,,,,,,,,,,,,,,,,,,,,,,,,,,,,,,,,,,,,,,,,,,,,,,,,,,,,,,,,,,,,,,,,,,,,,,,,,,,,,,,,,,,,,,,,,,,,,,,,,,,,,,,,,,,,,,
2000-04-28,,0.017200198259661282,,,,,,0.018504482917242524,-0.017280395268781272,,-0.017280395268781272,,,,,-0.017280395268781272,,,,-0.017280395268781272,0.018504482917242524,,,,-0.01717366704911274,,0.01447507893806815,,-0.01586720990879223,,0.011058636031223259,,,,,0.012053719633104169,0.018173766339900976,,,-0.00889052549528943,,,-0.017280395268781272,,,,-0.017280395268781272,-0.017280395268781272,0.018504482917242524,0.018504482917242524,,,,-0.015525075855088657,,,,,0.018504482917242524,,0.018504482917242524,0.018504482917242524,-0.017280395268781272,,,,,-0.017280395268781272,,,,0.018504482917242524,,0.018504482917242524,,,,-0.01635987645519531,,0.007297529278410306,,-0.017280395268781272,,,,,0.018504482917242524,,,,,,,,,,,,,,,,0.018504482917242524,,,,-0.016093299897193443,0.018504482917242524,,,-0.01345995785339298,,,,,,,,,,,,,0.00998350498664525,,,,,,,,,,,,,,,0.01153672111629573,,-0.016725584916930988,,,,,0.018504482917242524,,,,,,,-0.017280395268781272,-0.017280395268781272,,,,,,,,,,-0.00750841421218493,,,-0.017218794598685024,,,0.018504482917242524,,,,-0.007359231273514789,,,,,,,,0.016083350915103826,,,,,,,,0.011374358001719907,,,,,,,0.018504482917242524,,-0.017280395268781272,0.018504482917242524,,,,,,,,,,,,,,0.018504482917242524,,,,,,,,,,,-0.013856413798161047,,,,,,,,,,,,-0.017280395268781272,,,,0.018504482917242524,,,,,,,,0.013864127006687146,-0.017280395268781272,,0.00777806323000939,,0.014461497742123963,,,,,,-0.017280395268781272,,,,,,,,,,,,0.018504482917242524,0.014068882724307848,0.016348783806170053,0.007103367220726656,-0.016458063981030214,,,-0.017280395268781272,0.018504482917242524,,,,,,,,,-0.017280395268781272,0.01713905354867496,,,0.015093773267074485,,,,-0.017280395268781272,,,-0.017280395268781272,,-0.017280395268781272,-0.0079584686454354,-0.017280395268781272,-0.017280395268781272,-0.017280395268781272,,,,,,,,,,,,,,,,,,,,,,,,,,,,,,,,,,,,,,,,,,,,,,,,,,,,,,,,,,,,,,,,,,,,,,,,,,,,,,,,,,,,,,,,,,,,,,,,,,,,,,,,,,,,,,,,,,,,,,,,,,,,,,,,,,,,,,,,,,,,,,,,,,,,,,,,,,,,,,,,,,,,,,,,,,,,,,,,,,,,,,,,,,,,,,,
2000-08-31,,0.02595290261102463,,,,,,0.022201590764323726,,,,,,,,,,,,,0.02595290261102463,,,,-0.023335691802519574,,0.020656520456435894,,-0.016771307991588744,,,,,,,,,,,-0.007016678665314768,-0.026537009502732314,,,-0.026537009502732314,,,-0.026537009502732314,,,0.02595290261102463,-0.026537009502732314,0.02595290261102463,,-0.01501787241901601,,,-0.026537009502732314,,0.02595290261102463,,,0.02595290261102463,,,,,,,,,,,,,,,,,0.02595290261102463,0.018722679574807742,,-0.026537009502732314,,,,,,,,,-0.026537009502732314,,,,,,0.02595290261102463,,0.02595290261102463,,,,0.02595290261102463,,,,-0.026537009502732314,,,,,,,-0.019812984688237282,,,,0.02595290261102463,,,,,,,,,,,,,,,,,,,,,0.015055841985811069,0.010883797510849636,-0.026537009502732314,,-0.026537009502732314,,,,0.02595290261102463,,,,,,,-0.026537009502732314,-0.02011665815982035,,,-0.026537009502732314,,,,,,-0.008243339089293806,-0.024505613148623533,,-0.02420864546623375,,,0.02595290261102463,,,,,,,0.02595290261102463,,,,,0.02595290261102463,,,,,,0.02595290261102463,,,,0.011465373319156067,,,,,,,-0.026537009502732314,0.02595290261102463,,,0.02595290261102463,,,-0.026537009502732314,,,,,,,,,,,,,,-0.026537009502732314,,,,,-0.015819257567680357,,,,,0.02595290261102463,,,,,-0.026537009502732314,,-0.026537009502732314,,,,0.02595290261102463,,,-0.026537009502732314,,0.02595290261102463,,,,,,0.019187897650849904,,,0.022797584594245815,,,,,-0.026537009502732314,,,,,-0.026537009502732314,,,-0.026537009502732314,,,,0.021762381648741735,0.02595290261102463,0.013526523293699612,,,,,,0.02203273260113041,,,,,,,,,,0.02595290261102463,,,0.025127111735092262,,,0.021765314773752247,,,,-0.026537009502732314,,,-0.01379273288568647,-0.026537009502732314,-0.024476689161515238,-0.024727091184487595,,0.017822191917698137,0.02595290261102463,,,0.025025262342667547,-0.017653413037266943,-0.018516263500992888,-0.026537009502732314,,,,,,,,,,,,,,,,,,,,,,,,,,,,,,,,,,,,,,,,,,,,,,,,,,,,,,,,,,,,,,,,,,,,,,,,,,,,,,,,,,,,,,,,,,,,,,,,,,,,,,,,,,,,,,,,,,,,,,,,,,,,,,,,,,,,,,,,,,,,,,,,,,,,,,,,,,,,,,,,,,,,,,,,,,,,,,,,,,,,,,
2001-07-31,,-0.03155685097911002,,0.0312632542842923,,,,-0.03155685097911002,,,,,,,,0.0312632542842923,,0.0312632542842923,,-0.03155685097911002,-0.03155685097911002,,,,,,,,,,0.01420702032508657,,,,,,,,,,,0.0312632542842923,0.0312632542842923,,,,0.0312632542842923,0.0312632542842923,,,,,,,,,,,,,-0.03155685097911002,,,,,-0.03155685097911002,,0.0312632542842923,,,,,-0.02681436373972513,0.0312632542842923,,,,,,,,,-0.03155685097911002,0.020830527239285312,,,,,,,,,,,-0.03155685097911002,,-0.03155685097911002,,,,0.0312632542842923,-0.03155685097911002,-0.02078449844114182,,,,0.0312632542842923,,,0.029503398308360216,,,,,0.0312632542842923,,,,0.0312632542842923,,0.0312632542842923,,,-0.0236623838216252,0.027042689907954724,,,,,,,,,,,,,,,-0.029535736615079442,,,,,0.02096642585290429,,,,,,,0.0312632542842923,,,,,-0.03155685097911002,,,0.020974730727024025,0.0312632542842923,,,,,0.0312632542842923,0.03040003855307376,,,-0.03155685097911002,-0.03155685097911002,,-0.03155685097911002,0.0312632542842923,,,,,,0.0312632542842923,,,-0.025751507364062263,,0.0312632542842923,,,,,0.0312632542842923,,,,,-0.03155685097911002,0.03108634799205079,,,,,,0.0312632542842923,,,,,,,,-0.03155685097911002,,,,,,,,,0.0312632542842923,,,,,,0.026710983370036863,,0.030247838683792504,,,,,,,,,,,,,,,,,,,-0.03155685097911002,,0.01512898111268391,,,,-0.01923106178465371,,0.014161956316639572,,,,-0.015200062922780321,,,,,,,,,-0.03155685097911002,,,,,,,-0.03155685097911002,,,0.028975026209318838,,,-0.03155685097911002,,-0.03155685097911002,,,,,,,,,,-0.03155685097911002,-0.022088083883849214,,,,,-0.03155685097911002,,,0.022601085721819444,,-0.022370301178550916,,,,,0.014514039743751891,-0.028234379955063057,,,-0.024566423078653664,,,,,-0.022355515103924483,-0.021678701607036367,,,,,,,-0.03155685097911002,0.02780390151955096,,,-0.01554476847646891,,,-0.01902762865080158,,,,,,,,,,,,,,,,,,,,,,,,,,,,,,,,,,,,,,,,,,,,,,,,,,,,,,,,,,,,,,,,,,,,,,,,,,,,,,,,,,,,,,,,,,,,,,,,,,,,,,,,,,,,,,,,,,,,,,,,,,,,,,,,,,,,,,,,,,,,,,,,,,,,,,,,,,,,,,,,,,,,,
2001-08-31,,-0.028500375319845044,,,,,,-0.028500375319845044,,,,,,,,,,0.020420691851844808,,-0.028500375319845044,,,,,,,,,,,,,,,,-0.010524436743855267,,,,0.010420409025517111,,0.028069981197716865,0.028069981197716865,,-0.028500375319845044,,0.028069981197716865,0.022860210742982088,,,,,0.02086967413239153,,,,,,,,,0.028069981197716865,,,,-0.028500375319845044,,0.028002303646224608,,,,,,0.025603320863240214,,,,,,,,,-0.028500375319845044,0.02189587038887326,,,,,,,,,,,-0.028500375319845044,,-0.028500375319845044,,,,,-0.027165569910639318,-0.028500375319845044,,0.028069981197716865,,0.028069981197716865,,,0.028069981197716865,,,,,0.028069981197716865,,,,0.028069981197716865,,0.028069981197716865,,,-0.02077295915903148,0.01786624690322414,,,,,0.028069981197716865,,0.028069981197716865,,,,,,,-0.024406150149189235,-0.02757127477133669,,,,,0.028069981197716865,-0.028500375319845044,,,,,,,0.028069981197716865,,,,,,,,0.028069981197716865,,,,,0.028069981197716865,0.018544947235881883,,,-0.026329873554368548,-0.028500375319845044,,-0.028500375319845044,0.027314066638861195,,,,,,,,,-0.024559923237864517,,0.021050455792055136,,0.028069981197716865,,0.024395822709331546,,,,,-0.028500375319845044,,,,,,,,,,,,,,,,,,,,,,0.028069981197716865,,,,,,,,,0.019392610570954965,,,,,,,,,-0.028500375319845044,,,,,,,,,,,,-0.028500375319845044,,0.011677958866868713,,,,-0.01726496431648179,,0.00932372203005678,,,,-0.01963985197831293,,0.028069981197716865,,,,,,,,,,,,,,-0.028500375319845044,,,,,,-0.027355253002819352,,,,,,,,0.028069981197716865,,,,-0.028500375319845044,-0.015097891532025056,,,,,-0.028500375319845044,,,0.028069981197716865,,-0.01547048081197683,,,,-0.028500375319845044,,-0.014631575066687387,,,-0.0164125725689194,,-0.013917198433737529,,,-0.012411039683835428,-0.028500375319845044,,,,-0.027423417244233993,,,-0.028500375319845044,0.021430405351254612,0.028069981197716865,,-0.027215970414989903,0.028069981197716865,,,,,,,,,,,,,,,,,,,,,,,,,,,,,,,,,,,,,,,,,,,,,,,,,,,,,,,,,,,,,,,,,,,,,,,,,,,,,,,,,,,,,,,,,,,,,,,,,,,,,,,,,,,,,,,,,,,,,,,,,,,,,,,,,,,,,,,,,,,,,,,,,,,,,,,,,,,,,,,,,,,,,,,
2001-11-30,,-0.020200750794220956,,,,-0.020200750794220956,0.019761667468945643,-0.019079916550966934,,,,,,,,0.019761667468945643,,,0.012595519657467365,,-0.020200750794220956,,0.008101918475104778,0.017841636783962424,,,,,,,,,,,,,,,,0.009435064809423094,,0.01964223951758769,0.019761667468945643,,,,0.019761667468945643,0.019761667468945643,,,,,,,-0.020200750794220956,,,,,,,0.019761667468945643,,,,-0.020200750794220956,,,,,,0.016586321735657977,-0.020200750794220956,0.014549456693692415,,,,,,,,,,0.013948593913866466,0.016768798461750327,,,,,,,,0.018794746481614766,,-0.020200750794220956,,,,,,,-0.020200750794220956,-0.020200750794220956,,,,0.019761667468945643,,,,,,,-0.013760391484612765,0.019761667468945643,,,,0.019761667468945643,,0.019761667468945643,,,-0.01343110337639411,0.019761667468945643,,,,,,,,,,-0.020200750794220956,0.019761667468945643,,,-0.01830112351577734,,,,,,0.01514194674161669,,,,,,,,,,,,,,-0.020200750794220956,0.019761667468945643,,,,,-0.020200750794220956,,,0.019761667468945643,,,-0.018412139141513087,,-0.020200750794220956,0.019243513905686075,0.019761667468945643,,-0.020200750794220956,,,0.019761667468945643,,,-0.020200750794220956,,,,,-0.020200750794220956,0.019761667468945643,0.019761667468945643,,,,-0.020200750794220956,,,,,,,,,,,,,,,,,,-0.020200750794220956,,,,0.01937649124557306,,,0.019761667468945643,,,,,,,0.010415933060073929,,,,,-0.020200750794220956,-0.012882237886449502,,,,,,,,,,,,,,,,0.01283495209532357,,,,-0.010895947452582308,,0.010628609863276982,,,,-0.006248884879165918,,0.019761667468945643,,,,,,,,,,,-0.020200750794220956,,,-0.020200750794220956,,0.019761667468945643,,,,-0.006737142563957822,,,,,,,,,,,,-0.020200750794220956,-0.01733503605632489,,,,,,,,,,,,,,,0.013224525509483885,-0.007407493159626291,,,-0.01259670840965541,,,,,-0.00900158363981267,,,,,-0.020200750794220956,-0.020200750794220956,,,,,,-0.012778475295602635,,,,,,0.019761667468945643,-0.020200750794220956,,,,,,,,,,,,,,,,,,,,,,,,,,,,,,,,,,,,,,,,,,,,,,,,,,,,,,,,,,,,,,,,,,,,,,,,,,,,,,,,,,,,,,,,,,,,,,,,,,,,,,,,,,,,,,,,,,,,,,,,,,,,,,,,,,,,,,,,,,,,,,,,,,,,,,,,,,,,,,,,,
2001-12-31,,-0.028698209155102364,,0.028624282431040676,,-0.028698209155102364,,-0.022018947234350654,,,,,-0.028698209155102364,,,,,,,-0.025784803235767918,-0.028458052745363255,,0.02088753992024245,0.028624282431040676,0.028624282431040676,,,,,,,,,,,,0.028624282431040676,,,0.01851177952522668,,0.028624282431040676,0.028624282431040676,,,,0.028624282431040676,0.028624282431040676,,,0.028624282431040676,,,,-0.028698209155102364,,,,,,,0.028624282431040676,,,,,,,,,,,,0.025701556287360337,,,,,,,,0.028624282431040676,,,0.024468750808130428,,,,,,,,,,,,,,,,,-0.008576721574213278,,,,,0.028624282431040676,,,,,,,-0.022158025173028215,0.028624282431040676,,,,0.021357188512221847,,,,,,0.02074737330585175,,,,,,,,,-0.028698209155102364,,0.028624282431040676,,,-0.024282986641897847,,,,,,0.028624282431040676,,,,,,,,,,,,-0.028698209155102364,,-0.028698209155102364,0.028624282431040676,,0.028624282431040676,,,-0.028698209155102364,,,0.028624282431040676,,,-0.028698209155102364,,,,0.028624282431040676,,-0.028698209155102364,,,0.028624282431040676,,,-0.028698209155102364,,,,,-0.028698209155102364,,,,,,-0.028698209155102364,-0.028698209155102364,,,,,,0.01694471299223148,0.028624282431040676,-0.028698209155102364,,,,,,,,,-0.028698209155102364,,,,,,,0.028624282431040676,,,,,,,0.01577179034957021,,,,,-0.028698209155102364,-0.02357285731017056,,,,,,,,,,,,,,,,0.028624282431040676,,,,-0.014690236550271133,-0.028698209155102364,0.006175858341863703,,,,-0.01614955226741224,,,,,,,,,,,,,,,-0.028501741893068935,-0.028698209155102364,,,,,,-0.01660745964688915,,,,,,,,,0.028624282431040676,,,-0.028698209155102364,-0.025865699232080146,,,,,,,,,,0.011486674090190272,,,,,0.018487909941569257,-0.0176775567145367,,,-0.020964556510740796,,,,,-0.02191345160961319,,,,,-0.028698209155102364,,0.027205166530013408,,,,,-0.013422679512772826,,,0.025208403815252762,,-0.027935652842629315,0.028624282431040676,-0.028698209155102364,0.021379816911316404,,,,,,,,,,,,,,,,,,,,,,,,,,,,,,,,,,,,,,,,,,,,,,,,,,,,,,,,,,,,,,,,,,,,,,,,,,,,,,,,,,,,,,,,,,,,,,,,,,,,,,,,,,,,,,,,,,,,,,,,,,,,,,,,,,,,,,,,,,,,,,,,,,,,,,,,,,,,,,,,
2002-02-28,,-0.022792167976447907,,0.022277214542356052,,-0.022792167976447907,0.022277214542356052,-0.007136565524275484,,,,,,-0.013358643083013528,-0.022792167976447907,,,,,-0.022792167976447907,-0.022792167976447907,,0.016530321408598697,0.01665933642206315,,,,,,,,,,,,,,,,0.01854699630303127,,0.022277214542356052,0.022277214542356052,,,,0.022277214542356052,0.022277214542356052,,,,,0.014668810244620398,,-0.022792167976447907,,,,,,,,,,,,,,,,,0.016554417521917716,,0.01448856536480776,,,-0.022792167976447907,,,,,,,,0.014455868027248575,,,,,,,0.022277214542356052,0.022277214542356052,,0.022277214542356052,,,,,-0.018801539981181264,,-0.020326347139640728,,,,,0.022277214542356052,,,,,,,-0.022792167976447907,,,,,0.022277214542356052,,,,,,0.022277214542356052,,,,,,,,,-0.022792167976447907,,,,,-0.018268865131292288,,,,,,,-0.022792167976447907,,,,,,,,,,-0.00938917063230105,-0.022792167976447907,,-0.022792167976447907,,,,,0.008462147276523444,-0.022792167976447907,,,0.022277214542356052,,-0.022792167976447907,-0.02090437380231146,,,0.022277214542356052,0.022277214542356052,,-0.022792167976447907,,,,,,-0.022792167976447907,,,,,,0.022277214542356052,,,,,-0.022792167976447907,-0.022792167976447907,,,,,,,,-0.022792167976447907,,,,,,,,,,,,0.022277214542356052,0.022277214542356052,,,0.022277214542356052,,,,,,,0.022277214542356052,,,,,,-0.022792167976447907,,,,,,,,,,,,,,,,0.009825078536542272,,,0.022277214542356052,-0.010846130620172914,,0.013604760957244343,0.022277214542356052,,,,,,,,,,,,,,,,-0.022792167976447907,,,-0.018702603102752676,,0.022277214542356052,0.022277214542356052,,,-0.00989403340390311,,,,,,,,,,,,-0.022792167976447907,-0.01211886934335114,,,,,,,,,,0.007299152338540355,,-0.022792167976447907,,,0.012035551217110545,-0.007758080781492591,,,-0.011838614467094787,,0.008272824153687996,,,-0.017857448524108924,,,,,-0.02089488295387991,,,,,,,-0.01276741039866858,,,,0.022277214542356052,,0.022277214542356052,,,,0.022258077267538777,-0.017786042792990495,,,,,,,,,,,,,,,,,,,,,,,,,,,,,,,,,,,,,,,,,,,,,,,,,,,,,,,,,,,,,,,,,,,,,,,,,,,,,,,,,,,,,,,,,,,,,,,,,,,,,,,,,,,,,,,,,,,,,,,,,,,,,,,,,,,,,,,,,,,,,,,,,,,,,,,,,,,,,
2002-05-31,,-0.032600756843781026,,,0.03126230664190733,-0.032600756843781026,0.03126230664190733,-0.028602974889139036,,,,,,-0.019017358009935547,-0.032600756843781026,,,0.030776256969986628,,,,,0.02859538856752939,,,,,,0.03126230664190733,,,,,,,,,,-0.03047662342982499,0.018291230000778685,,0.03126230664190733,0.03126230664190733,0.028582565491377006,,,,0.03126230664190733,,,,-0.032600756843781026,,0.03126230664190733,,,,,,,,,,,,0.03126230664190733,,,,,,,,,,,-0.032600756843781026,,,,,,,,,,,,,,,,,,0.03126230664190733,,,,,-0.032600756843781026,,-0.032600756843781026,0.030662925684905567,0.015400450078990158,,,,0.03126230664190733,,-0.032600756843781026,,,,,,,,,0.03126230664190733,,,,,-0.021258458164309376,,,,,,,,,,,,,,,-0.016021111306366277,,,,,,,-0.032600756843781026,,,,,,0.03126230664190733,,,,-0.021087445226318016,,,,,0.03126230664190733,,,0.008818975021739653,-0.032600756843781026,,,0.03126230664190733,0.03126230664190733,-0.032600756843781026,-0.023477189276549248,,,,,,-0.032600756843781026,,,,,,-0.032600756843781026,,,,,,0.02884603900100241,,0.03126230664190733,,,,,,,,,,0.016778314969414985,,-0.01575554802244244,,0.03126230664190733,,,,,,,-0.032600756843781026,,,,,,0.03126230664190733,0.03126230664190733,0.03126230664190733,,,-0.032600756843781026,,,0.03126230664190733,,,,,-0.032600756843781026,,-0.032600756843781026,,0.03126230664190733,,,,,,-0.032600756843781026,,,,,,,,,,,,,0.01718416177622946,0.03126230664190733,,,,,,,,,,0.03126230664190733,,,,,,-0.032600756843781026,-0.032600756843781026,,-0.02046659269351239,-0.018858623775348925,0.03126230664190733,,,,-0.026655770650808173,0.0300493992183124,,,,,,,,,,,,-0.020693807583118097,,-0.032600756843781026,,,,,,,,,,,,,,-0.016933733294249277,,,-0.02977176042144407,,,,,-0.013966396927989178,,,,,,,,0.025027963992645806,,,,,,,0.0223181143736076,0.03126230664190733,-0.031495680507460974,,-0.032600756843781026,,,0.022805480593450257,-0.032600756843781026,,-0.032600756843781026,,,,,,,,,,,,,,,,,,,,,,,,,,,,,,,,,,,,,,,,,,,,,,,,,,,,,,,,,,,,,,,,,,,,,,,,,,,,,,,,,,,,,,,,,,,,,,,,,,,,,,,,,,,,,,,,,,,,,,,,,,,,,,,,,,,,,,,,,,,,,,,,,,,,,,,,,,,
2002-06-28,,-0.020987981305205863,,,0.019205437095176477,-0.020987981305205863,,-0.007577361064344235,,,,,,-0.010930115924841579,-0.020987981305205863,,,0.019205437095176477,,,,,0.008247954195063866,,0.01592031047026019,,-0.020987981305205863,,,,,,,,,,,,,0.010921445744085335,,0.013087020807557479,0.019205437095176477,0.019205437095176477,,,0.019205437095176477,0.019205437095176477,,,,,0.016669259010892147,0.01786053366820803,,,,,,,,,,,,0.019205437095176477,,,,,,0.017636166280562256,,,,,,,,-0.016634229792135028,,,,,0.01399491149906678,,,,,,,,,,0.0162568708470932,,,,,-0.012818334951486429,,-0.020987981305205863,0.019205437095176477,,,,,0.019205437095176477,,-0.020987981305205863,,,,,,,,,0.019205437095176477,,,,,-0.012737580175816107,,,,,,,-0.020987981305205863,,,,,,,,-0.019578352445302143,,,,,,,-0.020987981305205863,,,,,,0.019205437095176477,,,,-0.005632691171499624,,,,,0.019205437095176477,,,0.010315150473880564,,,,0.019205437095176477,0.019205437095176477,-0.020987981305205863,-0.020987981305205863,,,,,-0.00832712344986958,-0.020987981305205863,,,,,,,,0.019205437095176477,,,,0.019205437095176477,,,,,,,,,,0.019205437095176477,,0.01468191727471512,,-0.020987981305205863,,0.019205437095176477,,,,,,,-0.020987981305205863,,,,,,,0.019205437095176477,,,,-0.020987981305205863,,,0.01906155616448241,,,,,-0.020987981305205863,,-0.020987981305205863,,0.019205437095176477,,,,,,-0.020987981305205863,,,,,,,,,,,,,0.00892321817615541,,,,,,,,,,,,,,,,,-0.020987981305205863,-0.020987981305205863,,-0.013893815308068345,-0.020987981305205863,0.019205437095176477,,,,-0.011172733931677725,,,,,,,,,,,,,-0.020001218536412374,,-0.020987981305205863,,,,,,,,-0.010440948102970825,,,,,,-0.008309480826130495,,,-0.013861742391507913,,,,,-0.00974382687191596,,,,0.01833264075466024,,-0.020987981305205863,,0.018815671298151555,,,,,,,,0.019205437095176477,-0.020987981305205863,,-0.020987981305205863,,,,-0.01033983763082087,,,,,0.019205437095176477,0.019205437095176477,0.014055826950669861,,,,,,,,,,,,,,,,,,,,,,,,,,,,,,,,,,,,,,,,,,,,,,,,,,,,,,,,,,,,,,,,,,,,,,,,,,,,,,,,,,,,,,,,,,,,,,,,,,,,,,,,,,,,,,,,,,,,,,,,,,,,,,,,,,,,,,,,,,,,,,,,,,,,,,
2002-07-31,,-0.017450277207746074,,,0.015479948912839298,,,-0.008075706790818453,,,,,,-0.0038077122205302837,-0.017450277207746074,,,0.015479948912839298,0.015479948912839298,,-0.017450277207746074,,0.009081893898615084,,0.013822438571237322,,-0.017450277207746074,,,0.015479948912839298,,0.015479948912839298,,,,,,,,0.015479948912839298,,0.015479948912839298,0.015479948912839298,0.015353785343965167,,,,,,,,,,0.015479948912839298,,,,,,,,,,,,,-0.017450277207746074,,,,,,,,,,-0.015982804023328544,,,,,,,,0.014989099961067334,,,0.015479948912839298,,,,,,,0.013740132980947712,,0.015479948912839298,,-0.017450277207746074,-0.017450277207746074,,-0.014028768114156497,0.01437751601938677,0.015479948912839298,,,0.015479948912839298,0.015479948912839298,,,,,,,,,,,0.015479948912839298,0.015479948912839298,,,,-0.017450277207746074,,,,,,,,,,,,,,,-0.017450277207746074,,,,,,,-0.017450277207746074,,,,,,0.015479948912839298,0.015479948912839298,-0.017450277207746074,,-0.008453997285654654,,,,,0.015479948912839298,,,,,,,0.015479948912839298,0.015479948912839298,-0.017450277207746074,-0.017450277207746074,,,,,-0.013685731132297242,-0.017450277207746074,,,,,,,,,,,,0.015479948912839298,,,,,,,,,,0.015479948912839298,,,,-0.005662080023626828,,,-0.017450277207746074,,,,,,,,-0.017450277207746074,,,,,0.015479948912839298,,,,,,,0.015479948912839298,,,,,-0.017450277207746074,,-0.017450277207746074,,0.015479948912839298,,,,,,-0.017450277207746074,,,,,,,,,,,,,,,,,,,,,,,,,,,,,,-0.017450277207746074,-0.017450277207746074,,-0.013964139054453189,-0.010466630861533566,0.015479948912839298,,,,-0.010688693659648888,,,,,,,,,-0.017450277207746074,,,,-0.016308200349295206,,,,,,,,,,-0.016666045996054885,,,,,,-0.012908260112373558,0.015479948912839298,,-0.010848262324977483,,,,,-0.01294300779614713,,,,0.015479948912839298,,,,0.015479948912839298,,,,,,,,0.015479948912839298,-0.017450277207746074,,,,,,-0.009364534800424576,,-0.017450277207746074,,,,0.015479948912839298,0.010458046632310569,0.015479948912839298,,,,,,,,,,,,,,,,,,,,,,,,,,,,,,,,,,,,,,,,,,,,,,,,,,,,,,,,,,,,,,,,,,,,,,,,,,,,,,,,,,,,,,,,,,,,,,,,,,,,,,,,,,,,,,,,,,,,,,,,,,,,,,,,,,,,,,,,,,,,,,,,,,,,,
2002-11-29,,-0.01879233173668265,,,,,,-0.007912829175197278,,,0.017812826439361672,,0.017492411682334695,-0.010826055438426851,-0.01879233173668265,,,0.014471393445622625,,,,,,,0.017812826439361672,,-0.01879233173668265,,,,,0.01492135516433135,,,,,-0.01879233173668265,,,0.017812826439361672,,0.017217661292892872,0.017812826439361672,,,,,,,,,,0.013718626964363718,,,,,,,,,,,,,,,,,0.017812826439361672,,,,-0.01879233173668265,,,-0.01879233173668265,,,,,,,,,,,,,,,,,,,,,,,,,-0.017128829735083118,,0.017812826439361672,,,,0.017812826439361672,,,,,,,,,,,,,,,,-0.01879233173668265,,,,,,0.017812826439361672,,,,0.017812826439361672,,,-0.018224355612285956,,,,,,,0.017812826439361672,,-0.01879233173668265,,,,,,,,-0.01879233173668265,,-0.01879233173668265,,-0.01879233173668265,,,,,,0.011470679428714941,,,0.017812826439361672,,0.012032140184386626,,,,,,,-0.015629471992911682,-0.01879233173668265,,,,,0.017812826439361672,,,0.012499510423721081,,-0.01879233173668265,,,,0.017812826439361672,,,,,,,,,,,,-0.014479076868507842,,,-0.01879233173668265,,0.017812826439361672,,,,,,-0.01879233173668265,,,,,0.017303923159199396,,,,,,,0.011306826518465164,,,,0.017812826439361672,,-0.01879233173668265,-0.01879233173668265,,0.017812826439361672,,,,,,,,,,,,,,,,0.01227961923944449,,,0.012593023437855571,,,,0.012656838190335844,,,,,,,0.017812826439361672,,,,,,-0.01879233173668265,,,-0.01879233173668265,-0.016313752311519457,0.011686075226106572,,,,-0.007183679823071843,,,,,,,-0.01879233173668265,,-0.01879233173668265,,,,-0.015261485065699876,-0.01879233173668265,,,,,,,,,-0.011376622169887777,,,-0.01879233173668265,,-0.010534332119632898,-0.005517762085393648,0.01295506465878918,0.017812826439361672,-0.009555007585050289,,,,,-0.0076303863086587655,,,,,,,,0.014765473071628128,,,,,,,,0.017812826439361672,-0.01879233173668265,,,,,,-0.007895982826635712,,,,,,0.017812826439361672,-0.01110482068140385,,,,0.017812826439361672,,0.013579286467688741,0.017812826439361672,0.013737826555233751,0.017812826439361672,-0.01879233173668265,,,,,,,,,,,,,,,,,,,,,,,,,,,,,,,,,,,,,,,,,,,,,,,,,,,,,,,,,,,,,,,,,,,,,,,,,,,,,,,,,,,,,,,,,,,,,,,,,,,,,,,,,,,,,,,,,,,,,,,,,,,,,,,,,,,,,,,,,,,,
2002-12-31,,-0.020448097430690256,,,,,,-0.009514934894125356,,,0.019010943464773118,0.019010943464773118,0.019010943464773118,-0.008236278348765438,-0.020448097430690256,,,0.016883008514574846,,,,,0.019010943464773118,,0.019010943464773118,,-0.020448097430690256,,,,-0.020448097430690256,0.017715648285494417,,,,,-0.018211979318713187,,,,,,0.019010943464773118,0.015493788138050085,,,,,,,,,,,,,,,,,,,,,,,,,,0.019010943464773118,,,,-0.020448097430690256,0.019010943464773118,,,,,,,,,,0.01324762836681415,,,,,,,,,,,,0.019010943464773118,,,-0.010945999046359185,,0.01817103264940685,,0.013782559444096483,,0.019010943464773118,,,,,,,,,-0.020448097430690256,,,,0.019010943464773118,,,,,-0.015188511942389219,,,,,,0.015753866106798065,,,,,,,-0.020448097430690256,,,,,,,,,-0.020448097430690256,,,,,,,,,,-0.015911028538114214,,-0.020448097430690256,,,,0.019010943464773118,,0.007363864483152476,,,0.017401111040257294,0.019010943464773118,,,,,,,,,-0.014468616588655728,,0.019010943464773118,0.019010943464773118,,,,,,,,,,,0.011541764930423606,,,0.019010943464773118,-0.020448097430690256,,,,,,,,-0.019044071750011056,,,-0.020448097430690256,,,,,,,,-0.020448097430690256,,,,,,,,,,,,0.012752565921632316,,,,,,-0.020448097430690256,-0.020448097430690256,,0.019010943464773118,,,,,,-0.020448097430690256,,0.019010943464773118,,,,,,,,0.019010943464773118,,,0.009089525450478997,,,,0.014058335441724973,-0.020448097430690256,,,,,,,,,-0.020448097430690256,,,,-0.020448097430690256,,-0.015866183151402147,-0.015619635366836247,,,,,-0.008478992995428,,,,,,,,,-0.013643844060392213,,,,-0.01032351790555934,-0.020448097430690256,,,,,,,,,-0.016312298315173508,,,,,-0.013075252507811193,-0.006813331316264924,0.019010943464773118,0.019010943464773118,-0.010295828159136586,,,,,-0.009743615237091574,,,,,,,,0.015144646692977074,,,,,,,,,-0.020448097430690256,,,,,,,,,,,-0.020448097430690256,0.019010943464773118,-0.020448097430690256,0.019010943464773118,0.019010943464773118,,,,,,0.011184150196440252,0.019010943464773118,-0.020448097430690256,0.01714307806645507,,,,,,,,,,,,,,,,,,,,,,,,,,,,,,,,,,,,,,,,,,,,,,,,,,,,,,,,,,,,,,,,,,,,,,,,,,,,,,,,,,,,,,,,,,,,,,,,,,,,,,,,,,,,,,,,,,,,,,,,,,,,,,,,,,,,,,,,,,,
2003-01-31,,-0.024498308534352097,,,,,,-0.016964119561818508,,,0.0236688882343486,,,-0.012375919837450667,,,,0.0236688882343486,,,,,,,0.022390794164817242,,-0.024498308534352097,,,,,0.015580449843941122,,,,,-0.02175433155309095,,,,,,0.02225144723592256,,,0.021496505723610802,,,,,,,,,,,,,,,,,,,0.0236688882343486,,,,,,,0.01842637893322198,,-0.024498308534352097,,,,,,,0.0217327512752186,,,,0.01823358660600191,,,,-0.024498308534352097,,,,,,,,,,,-0.011842970284511192,,0.022975055933587053,-0.024498308534352097,0.022259358095005503,,0.0236688882343486,,,,,,,,,,0.0236688882343486,,,,,,,,-0.01856772807899058,,,,,,,,,,,,0.0236688882343486,-0.021491489168271132,,,,,,,0.0236688882343486,0.023498586981885665,-0.024498308534352097,,-0.02311093914238625,,,,,,,,-0.024498308534352097,,,,,0.0236688882343486,,,,,,0.022265311792709554,0.0236688882343486,,,,,-0.024498308534352097,,,,-0.024498308534352097,,,0.0236688882343486,,,,,,,-0.024498308534352097,,,,0.0236688882343486,,,0.0236688882343486,-0.024498308534352097,,,,,,,0.0236688882343486,-0.024498308534352097,,,-0.024498308534352097,,,,,,-0.024498308534352097,,-0.024498308534352097,,,,,0.0236688882343486,,,,,,,0.020072307404144462,,,,,,-0.024498308534352097,-0.024498308534352097,,0.0236688882343486,,,,,,,,,,,,,,,,,,,0.013741485689354996,,,,,-0.024498308534352097,,,,,,,,,,,,,-0.024498308534352097,,-0.02355922199484318,-0.015549273459798911,,,,,-0.015612380705514003,0.0236688882343486,,0.0236688882343486,,,,,,-0.024498308534352097,,,,-0.012933055743516345,-0.024498308534352097,,0.0236688882343486,,,,,,,-0.02379082839831071,,,,,-0.02195051466140656,-0.009925014027909799,0.022514560902910822,0.0236688882343486,,,,,,-0.02078048221319976,,,,,,,,0.023484997517564377,,,,,,,,,-0.024498308534352097,,,,,,,,,0.02129855467167714,,,,-0.024498308534352097,,0.0236688882343486,,0.0236688882343486,-0.024498308534352097,,,0.014251204758177757,0.0236688882343486,-0.024498308534352097,0.015477103504400453,,,,,,,,,,,,,,,,,,,,,,,,,,,,,,,,,,,,,,,,,,,,,,,,,,,,,,,,,,,,,,,,,,,,,,,,,,,,,,,,,,,,,,,,,,,,,,,,,,,,,,,,,,,,,,,,,,,,,,,,,,,,,,,,,,,,,,,,,,,
2003-02-28,,-0.02801302681824778,,,,,,,-0.02801302681824778,,,,,-0.010701622274066637,-0.02801302681824778,,,,,,,,,,0.027364903432436135,,-0.02801302681824778,,,,-0.02801302681824778,0.018995644248691435,,,,,-0.02801302681824778,,,,,,0.027364903432436135,0.027364903432436135,,0.027364903432436135,,,,,,,0.022057734448723797,,,,,,,,,,,,0.02049634478610475,,,,,0.027364903432436135,,,,-0.01484870168122852,,,,,,,0.027364903432436135,0.027364903432436135,0.014600446689397957,,0.015881379582637856,,,,-0.02801302681824778,,,,0.02670883763132093,,,,,,,-0.01304565119209769,,,-0.02801302681824778,0.020333219043146823,,0.027364903432436135,,,,,,,,,,0.027364903432436135,,,,,-0.02801302681824778,,,-0.023412200499777703,,,,,,,,,,,,0.027364903432436135,-0.02801302681824778,,,,,,,,,,,-0.0270868075075529,-0.02801302681824778,,,,,-0.021571871549647542,0.02360534919282877,-0.02801302681824778,,,,,,,,0.024429317446037248,,,,0.027049119918664648,0.027364903432436135,,,,-0.02801302681824778,,,,-0.026003416239684024,,,,,0.027364903432436135,,,,,-0.02801302681824778,,,,,0.023978062481279164,,,-0.02801302681824778,,,,,,,0.027364903432436135,-0.022879310500936667,,,,-0.02801302681824778,,,,-0.02801302681824778,,,-0.02801302681824778,0.027364903432436135,,,,0.027364903432436135,,,,,,,0.021108810422114568,,,,,,-0.02057108565920684,-0.02801302681824778,,0.027364903432436135,,,,,,,,0.02706811043889773,,,,,,,,,,,0.017218014744941928,,,,0.02463087744976327,,,,,,,,,,,,,,-0.02801302681824778,,-0.021221712049949593,-0.02801302681824778,,,,,,,,0.027364903432436135,,,,,,-0.02801302681824778,,0.024008446901926928,,-0.01751598190857055,-0.02801302681824778,0.027364903432436135,,,,,,,,-0.015620939591409321,,,,,-0.01620754735587509,-0.015715451808149893,0.027364903432436135,,,,,,,,,,,,,,,,,,,,,,,0.027364903432436135,-0.02801302681824778,,,,,,,,,0.025120441498328486,,,,-0.02801302681824778,,,,0.027364903432436135,-0.02801302681824778,,,,0.027364903432436135,-0.02801302681824778,0.016071088040005465,0.027364903432436135,,,,,,,,,,,,,,,,,,,,,,,,,,,,,,,,,,,,,,,,,,,,,,,,,,,,,,,,,,,,,,,,,,,,,,,,,,,,,,,,,,,,,,,,,,,,,,,,,,,,,,,,,,,,,,,,,,,,,,,,,,,,,,,,,,,,,,,,,,
2003-03-31,,-0.022977445856328764,,,,,,-0.022977445856328764,-0.022977445856328764,,,,,-0.017609400189853623,-0.022977445856328764,,,,,-0.022977445856328764,,,,,0.017083289274932415,,-0.022977445856328764,,,,,0.008493107531355723,,,,,,,,,-0.022977445856328764,,0.023940682786807305,,,0.022214896064154867,,,,,,,,,,0.023283345357247746,,,,,,,,,,,,,,0.023940682786807305,,,,-0.022977445856328764,,,,,,,0.023940682786807305,0.023940682786807305,0.014018164581002145,,,,,0.023940682786807305,-0.022977445856328764,,,,0.023940682786807305,,,,,,,,,0.01979210659852914,-0.022977445856328764,0.01689135102700905,,0.02163214368035951,,,,,0.023940682786807305,,,,,,,,,,,,,-0.013574754249477385,,,,,,,,,,,,0.023940682786807305,-0.022977445856328764,,-0.022977445856328764,,,,,0.023940682786807305,0.022231352594048796,,,-0.021231775284388653,-0.022977445856328764,,,,,-0.015828270984540562,,-0.022486733750335816,,,,0.023940682786807305,0.023940682786807305,,,0.01250223869999398,,,,0.023940682786807305,,,,,-0.022977445856328764,,,,-0.019512831452373484,,,,,0.023940682786807305,,,,,-0.022977445856328764,,,,0.023940682786807305,,,,-0.022977445856328764,,,,-0.02231535698198422,,,,-0.022977445856328764,0.023940682786807305,,,,0.023940682786807305,,,-0.022977445856328764,-0.022977445856328764,,,,,,,0.023940682786807305,,,,,,,0.01326894212704864,,,,,,-0.022977445856328764,,,0.023940682786807305,,,,,,,,0.01507480915761447,,,,,,,,0.023940682786807305,,,0.017631608215312598,,,,0.016300810170159486,,,,,,,,,,,,,-0.022977445856328764,-0.022977445856328764,,-0.022977445856328764,-0.022977445856328764,,,,,,,,0.023940682786807305,,,,,,-0.022977445856328764,,,,-0.02027942428548791,,,,,,,,,,-0.012023635984880904,,,,,-0.022977445856328764,-0.011139372206909215,0.023940682786807305,,,,,,,,,,,,-0.022977445856328764,,,,,,,-0.022977445856328764,,,-0.013283385101101153,0.023940682786807305,,,,,,,,,,0.020491354226561804,,,,-0.022977445856328764,,0.023940682786807305,,0.023940682786807305,,,,0.020047705430951582,0.023074704541538562,-0.022977445856328764,,,,,,,,,,,,,,,,,,,,,,,,,,,,,,,,,,,,,,,,,,,,,,,,,,,,,,,,,,,,,,,,,,,,,,,,,,,,,,,,,,,,,,,,,,,,,,,,,,,,,,,,,,,,,,,,,,,,,,,,,,,,,,,,,,,,,,,,,,,,
2003-04-30,,-0.02111689087155314,,,,-0.02111689087155314,,,-0.02111689087155314,,,,,-0.01318378931103763,-0.02111689087155314,-0.02111689087155314,,,,,,,,0.019814476014373635,0.021916192881188696,,-0.02111689087155314,,,,,,,,,,,,,,,,0.021916192881188696,,,0.018126232935753717,,,,,,,,,,,,,,,,,,,,,,,,0.021916192881188696,,,,-0.02111689087155314,,,,,,-0.021111082820852264,,0.021916192881188696,,,,,,,-0.02111689087155314,,,,0.01969163934200527,,,,,,,,,0.021435373031708848,-0.02111689087155314,0.0120933395574283,,0.013197378393538168,0.021916192881188696,,,,0.021916192881188696,,0.021916192881188696,,,,,,,,-0.019560522606253686,,,-0.018601682417207315,,,-0.014803999351682745,,,,0.02121104734320366,,,,,,-0.02111689087155314,,,,,,,0.021916192881188696,0.021916192881188696,,,-0.020067643556900532,-0.018939701942312103,,,,,-0.015873022753409356,,,,,,0.021916192881188696,0.021916192881188696,,,0.014947069383273531,,,,0.021916192881188696,,,,,-0.02111689087155314,,,,-0.016263530334175713,,,,,0.02143601314902063,,,,,,,,,,0.013832941968526795,,,-0.02111689087155314,,0.021916192881188696,,-0.02111689087155314,,,,-0.02111689087155314,,,,-0.02111689087155314,0.021916192881188696,0.020185878784176305,,-0.02111689087155314,-0.02111689087155314,,,,,,,0.021916192881188696,,,,,,,,,,,,,-0.02111689087155314,,,0.021916192881188696,,,,,,,,,,-0.02111689087155314,,,-0.02111689087155314,0.018248495940613722,,0.021916192881188696,,,,,,,0.009988589458531382,,,,,,,,,,,,,-0.01896023538956565,,,-0.01588648156136029,,,,,,,,,,,,,,0.021916192881188696,-0.02111689087155314,,,,-0.02111689087155314,,0.021916192881188696,,,,,,,,-0.014767501085542228,,,,,-0.02111689087155314,-0.00891094702954262,0.012253276022136706,,,,,,,,,,,,-0.02111689087155314,,,,,,,-0.015081620184434666,,,,0.021916192881188696,,,,,0.021916192881188696,,0.008256311266760913,,,0.016962421957578234,,,,-0.01672079334314565,,0.01837155051041215,,0.021916192881188696,-0.02111689087155314,,,0.01364724502142216,0.021916192881188696,-0.02111689087155314,,,,,,,,,,,,,,,,,,,,,,,,,,,,,,,,,,,,,,,,,,,,,,,,,,,,,,,,,,,,,,,,,,,,,,,,,,,,,,,,,,,,,,,,,,,,,,,,,,,,,,,,,,,,,,,,,,,,,,,,,,,,,,,,,,,,,,,,,,,,
2004-07-30,,-0.032873877957427355,,,,,,0.031001677724602845,,,,,,0.031001677724602845,,,,,,0.023592240521414322,,,0.031001677724602845,,,,,,,,0.031001677724602845,-0.032873877957427355,,,0.022613042415373766,0.023164595586189732,,,0.02302460096629031,,,,,-0.032873877957427355,0.031001677724602845,,-0.03235174680914338,,,,,,,,,0.031001677724602845,0.031001677724602845,,,,-0.032873877957427355,,,,,0.031001677724602845,,,,,,-0.02644245025026952,,0.031001677724602845,,,,,,-0.014453736886445582,,,0.01510421321396616,0.031001677724602845,,,-0.032873877957427355,,,,,,-0.01414868617231442,,,,,,-0.032873877957427355,,,,-0.02386413549733022,,-0.032873877957427355,,,,-0.032873877957427355,,,-0.03223876594140111,,,,,,,0.031001677724602845,,0.031001677724602845,,,,,,,,,,-0.032873877957427355,,,,,,0.031001677724602845,-0.032873877957427355,-0.01551380732265687,,,,,,-0.008940524769938389,,,,,,,-0.032873877957427355,-0.030698601875348317,,,0.031001677724602845,,,,-0.03215798982507595,,,,-0.01206628846371145,,,,,,,-0.023919341057586842,,,0.031001677724602845,,,-0.02576626637033853,,,,,,,,,,,,-0.032873877957427355,,,,,0.031001677724602845,,,,,0.031001677724602845,0.031001677724602845,,-0.032873877957427355,0.031001677724602845,,,,,,,,0.031001677724602845,,,,,,,,-0.032873877957427355,,,,-0.032873877957427355,,-0.02628046286435002,,,,,,,,,,,-0.032873877957427355,-0.032873877957427355,,,,,-0.032873877957427355,,,0.02723126987835063,,,-0.021561704881856943,0.031001677724602845,,0.031001677724602845,,,,,,,,,,,,,,,,,,,,,,,-0.020279577925145627,,-0.032873877957427355,0.031001677724602845,,,0.030618207914980714,,,,,,,,,,,0.031001677724602845,,,,0.031001677724602845,,,,,,,,-0.03042683240751154,,,,,,,,,,,,,0.031001677724602845,0.016498900760903084,,,,,,,0.031001677724602845,,,,,,,,,,,,,,-0.032873877957427355,,,,,-0.015759379148209542,,0.031001677724602845,,0.010161907118698599,-0.032873877957427355,0.028428468454594135,,,,,,,,,,,0.009541809017064532,,,-0.032873877957427355,,,0.026682178572118197,0.01808258266095224,,0.031001677724602845,-0.010823179604915297,-0.032873877957427355,,,,,,,,,,,,,,,,,,,,,,,,,,,,,,,,,,,,,,,,,,,,,,,,,,,,,,,,,,,,,,,,,,,,,,,,,,,,,,,,,,,,,,,,,,,,,,,,,,,,,,,,,,,,,,,,,,,,,,,,,,,,,,
2008-04-30,,0.02637863119262967,,,,,0.03218970568945992,-0.030281127253178976,-0.030281127253178976,0.03218970568945992,,,,,,,,,,0.013886082417257436,,,,0.03218970568945992,,,,-0.030281127253178976,,,0.03218970568945992,,,,,0.011239092777830967,,0.02509434604497961,-0.030281127253178976,,,-0.030281127253178976,,,0.03218970568945992,,0.03218970568945992,0.03218970568945992,,,,,0.0211204456054612,,,,,,,,,,,,,,,,,,,,,0.03218970568945992,0.0255421401310191,-0.029201699715150162,,,,,,-0.021306444436110874,,,,,,,,,,,-0.030281127253178976,,,,,,,,,,-0.030281127253178976,,,0.03218970568945992,,0.02824897970870652,,0.03218970568945992,,-0.01771422584444239,,,,,,,,,,,-0.030281127253178976,0.021834525177128843,-0.028057319605009432,-0.030281127253178976,,-0.030281127253178976,,,,,-0.019810024437677196,0.03218970568945992,,,,,,0.0298302801365332,,-0.030281127253178976,,,,,0.030139307835911712,-0.02974829039800451,,,,,,-0.030281127253178976,,,0.03218970568945992,,,0.027212552851853276,,,,0.01701052135205451,,,,,,,,,,,,,,,,,,,,,,,,-0.025716900661538464,,,,,-0.030281127253178976,,,,,0.021968476451136212,-0.030281127253178976,-0.021848025992514838,,,,,,,,,,,,,,0.03218970568945992,,,,,,,,,0.03218970568945992,,,,,-0.01596151252696745,,,,,-0.030281127253178976,,,-0.030281127253178976,,,,,-0.030281127253178976,,,,0.017732119991657528,,,,,,,,-0.030281127253178976,0.03218970568945992,,,,,,0.03218970568945992,,,0.03218970568945992,,-0.019459871696856368,,,,,,,,,,,,-0.030281127253178976,,,,0.03218970568945992,,,,,,,,-0.030281127253178976,,,,,,,,-0.030281127253178976,,,-0.02049760214479753,,,0.023228148522566893,,,,,,,,,,,-0.0199731326978976,,0.029729469911233004,,,,,,,,,,,,,,,,0.013292119030742434,-0.030281127253178976,,0.03218970568945992,,,,,-0.014443285114242345,,,,-0.026670036475709803,,,,,,,0.01678078475162737,,-0.030281127253178976,,-0.030281127253178976,,,-0.02518666231468694,,0.010119969317551316,,,0.029181651438544627,,0.03218970568945992,,,,,,,,,,0.024674956894182164,-0.022561781573265403,,,,,,,,0.018970864363837936,0.02314671739189393,-0.01166475617633112,,,-0.030281127253178976,-0.026521427928156337,0.014939266034552739,,,-0.0255406195360471,,-0.008062161038995083,,0.020350334051747656,0.02115956399970623,,0.020636507405310003,-0.009986879679800362,-0.030281127253178976,,,,,,,,,,,,,,,,,,,,,,,,,,,,,,,,,,,,,,,,,,,,,,,,,,,,,,,,,,,,,,,,,,,,,,,,,,,,,,,,,,,,,,,,,,,,,,
2008-08-29,,0.012076388177499939,,,,-0.014702003790098651,,,-0.014069590157667688,,,,,,,,,,0.01426701736629704,0.006815437568600774,,0.011639853128738302,,0.01426701736629704,,,,-0.014702003790098651,,,,,,-0.013539908348772793,-0.01208622643924164,,,,-0.014702003790098651,,,,,,0.005788072766713227,,0.014138965455876938,0.011771176433736052,-0.014702003790098651,,,,0.010379939072542844,-0.014702003790098651,,-0.014702003790098651,,,,,,,,,,,,,,,,,,0.01426701736629704,,-0.011993114297912383,,,,,,-0.014702003790098651,-0.008902589854530863,,,,0.01426701736629704,,,,,,,,,,,,,,,,,,,,,0.010094636723439045,,,,-0.0111179714524091,,,,,,,,,,,-0.014702003790098651,0.011686743911545573,,,,,,0.010798301857572204,,,,0.01426701736629704,-0.014702003790098651,,,,,0.01426701736629704,0.01426701736629704,,-0.013894985340005401,,,,0.009384360873276223,-0.013458269082845796,,,,,,-0.014702003790098651,,,,,,,,,,,,,,,-0.014702003790098651,,0.012311413917158608,,,,,0.013390725590437596,,,,,,,,,,,-0.013862131260746069,,,,,,,0.010717568587829546,0.01426701736629704,,,0.011059169291326096,-0.013920349025748405,,,,,,,,,,,,,,,,,,,-0.014702003790098651,,,,,,,,,,-0.008031568313230144,,,,,,,,,,,,,-0.013882823936998731,0.01426701736629704,-0.014702003790098651,,0.007634273642151053,-0.005473776051371375,,,0.01426701736629704,,0.01426701736629704,,,0.01426701736629704,,,0.01426701736629704,,,0.013148898199453269,,,,,-0.008274068344262928,,,,,,,,,,,,-0.012347299122328003,,,,,,0.01426701736629704,,,,,,-0.014702003790098651,,,-0.014197590283301644,,,,,,,,-0.00906632024377346,,0.01426701736629704,0.006673775163919691,-0.008371543621818425,,0.012970390756275636,,-0.011868697658865389,,,,,,,,0.013368454842766272,,,-0.014702003790098651,,0.01426701736629704,,,,,,,,,,,0.01426701736629704,,,0.01426701736629704,,0.013104323905547234,0.01426701736629704,,-0.014702003790098651,,,-0.014702003790098651,-0.006990018940393822,,,-0.014702003790098651,,,-0.014702003790098651,,0.01426701736629704,-0.014702003790098651,,,,,,,0.01426701736629704,,,,,,,,,,-0.014702003790098651,,,,0.01426701736629704,0.012336202004984618,-0.012655542413206114,,,,,,,,0.006728638408268993,,,-0.00732356090145387,,,-0.008105796849181095,0.0073400238428979175,,,-0.006450707329424527,,-0.00470812844883254,,0.01426701736629704,,,0.01181242981940256,-0.007274902266299606,-0.014702003790098651,,,,,,,,,,,,,,,,,,,,,,,,,,,,,,,,,,,,,,,,,,,,,,,,,,,,,,,,,,,,,,,,,,,,,,,,,,,,,,,,,,,,,,,,,,,,,,
2008-09-30,,0.006779154910140009,0.014848923904531214,,,-0.01508603168241257,,-0.01297505663578562,-0.009776517807641608,,,,,,,,,0.0104560371649578,0.014848923904531214,0.006154073850570179,,,,0.010775404178945664,,,,-0.01508603168241257,,,,,,,-0.01508603168241257,,,,-0.00974744988824824,0.014848923904531214,,,,,,,0.01303347499599696,,,,-0.01508603168241257,,0.014848923904531214,-0.01508603168241257,,,,,,,0.014848923904531214,,,-0.01508603168241257,,,,,,,,,,0.014848923904531214,,-0.007714419561470111,,,,,,-0.01508603168241257,-0.011843835199707064,,0.014848923904531214,,0.014848923904531214,,,,,,,,,,,,,0.01009720896853616,0.014848923904531214,,,0.011217216371200094,,,,0.009726561119041178,,,,-0.00541484721055053,,,,,,,,,,,-0.01508603168241257,0.010575603266987563,,,,,,,,,,,,,,,,0.014848923904531214,0.010422649733645324,-0.01508603168241257,,,,,0.011125509406314574,-0.009777055650549768,,,,,,-0.01508603168241257,,,,,,,,,,,,,0.014848923904531214,,-0.010761478465396513,,0.006251107716036281,,,,,,,,,,,,,,,,,,0.014848923904531214,,,,,,,,,,-0.01508603168241257,,,,,,,,,,,,,,,,,,,,0.014848923904531214,,,,,,,,,,,,0.014848923904531214,,,,,,,,,,,0.012670082620420981,,,,-0.010229695317216505,0.014848923904531214,,0.010288780552384821,,0.014848923904531214,,,0.007235906763798626,,0.011742472775904999,0.014848923904531214,,,0.01041171416156979,,,,,-0.0063304203809897855,,,,-0.013976412122584306,,,,,,,,-0.011657229887836964,,,,,,,,,,-0.01508603168241257,,-0.009363719362588447,,,,,,,,,,,-0.004570264723171779,,0.013465644442680924,,-0.0070037471774660465,,0.014848923904531214,,-0.01440747398312363,,,,,,,,0.008235689374030304,,,,,,,-0.013286816196018835,,,,,,,,,0.014848923904531214,,,0.014848923904531214,,,0.014848923904531214,0.014848923904531214,-0.01508603168241257,0.008593378663556809,,-0.01508603168241257,-0.0029095420399126008,,,-0.01508603168241257,,,-0.01508603168241257,,0.014848923904531214,-0.01508603168241257,,,,,,,0.014848923904531214,,,,,,-0.009570437533788284,,,,-0.01508603168241257,,,,,,-0.010259212214809294,,,,,,,0.009370876389041207,,,-0.01508603168241257,-0.008080456653462522,-0.014357213179099432,,-0.011965598863623255,0.0060947743709671345,,,-0.011028215540558682,,-0.009878528393087626,,0.008913342260393173,,,0.007991175588464247,-0.010758712055711116,-0.01508603168241257,,-0.01508603168241257,-0.013550991979271352,,,,,,,,,,,,,,,,,,,,,,,,,,,,,,,,,,,,,,,,,,,,,,,,,,,,,,,,,,,,,,,,,,,,,,,,,,,,,,,,,,,,,,,,,,,
2009-02-27,,0.009141906318376029,0.014537387283893243,,,,,-0.015502987824998806,-0.014565644585937962,,,,,-0.015502987824998806,,,,,0.012070838507514899,-0.014932681312825711,,,-0.015502987824998806,0.015298473391290984,,,,-0.015502987824998806,,-0.015502987824998806,,0.009660023879107266,,,,,,,-0.015502987824998806,0.015298473391290984,,,0.015298473391290984,,,0.012270515423396472,0.009029734457344691,,,,,,,,,,,0.01401782157062218,0.007397563934181718,,,,,-0.015502987824998806,,,,0.015298473391290984,,,,,,,-0.015502987824998806,-0.0067079518918035114,,,,,,,,,,,,,,,,0.015298473391290984,,,0.015298473391290984,,,,,,,,0.009033679375755459,,,,,,,,,-0.004114490615934647,,-0.010866406107786317,,,,,0.013153442930438828,0.015298473391290984,,,0.015298473391290984,-0.015502987824998806,0.008800132201562238,,,,,,,,,,,-0.006718565934492163,,,0.012361971101319305,,,-0.015502987824998806,,,,-0.015502987824998806,,,-0.015502987824998806,,,,,,-0.015502987824998806,,,,,,0.013480604094111592,,,,,,0.015298473391290984,0.01295626965889998,,,,,,,,,,,,,,,,,,,,,0.014539569700345416,,,,,,0.015298473391290984,,,,-0.015502987824998806,,,,,,,,,,,,-0.007057321794533831,,0.015298473391290984,,,,,0.015298473391290984,,,,,,,,,,,,,-0.015502987824998806,,,0.014848792089675149,,0.014720557505316199,0.015298473391290984,,,,,,,,,-0.00999709132695221,,,0.015123223181867616,,0.015298473391290984,,,-0.015502987824998806,0.015298473391290984,,,,,,,,,,-0.0042743112955469795,,,0.015298473391290984,-0.01386102949146611,,-0.015502987824998806,,0.015298473391290984,0.007895645104496729,,,-0.015502987824998806,,,,,,,,-0.015502987824998806,,,,-0.015502987824998806,,,,,0.010986466701694467,,,-0.015502987824998806,,,-0.005117815073990684,0.007624995201496122,,,,,0.012260163617727693,,-0.015502987824998806,,,,,,0.014250700083025673,,,-0.015502987824998806,,,,,,-0.011190604182146121,,,,,,,,,-0.015502987824998806,,,,,0.015298473391290984,0.015298473391290984,,,,,,-0.009338669815029232,,,,0.010178576226855529,,,-0.015502987824998806,,,,,,-0.01417065126251049,,,0.015298473391290984,,,,,-0.015502987824998806,,,,,-0.015502987824998806,,,-0.015502987824998806,,,-0.011752650257569212,,,,,0.015298473391290984,,0.007580476579683861,,,-0.014615358628556693,-0.007178940919070462,,,-0.007612482352236975,,,,,,-0.010797846664311946,,,,0.015298473391290984,,,0.009969689100556532,,,-0.015502987824998806,,,,,,,,,,,,,,,,,,,,,,,,,,,,,,,,,,,,,,,,,,,,,,,,,,,,,,,,,,,,,,,,,,,,,,,,,,,,,,,,,,,,,,,,,,,
2009-03-31,,0.00533778536460747,,,,,,-0.01262269528740823,,,,,,-0.01262269528740823,,,,,0.011376092490304681,,,,-0.01262269528740823,,,,,,,,,0.011376092490304681,,,,,,,-0.012241206165996677,0.011376092490304681,,,0.011376092490304681,,,0.009927143372405025,,,,,,,,,,,,0.008963456801659114,,,,,,,,,,0.011376092490304681,,,,0.008186789283942604,,,,-0.005877268368184579,,,,,,,,-0.01262269528740823,,,0.011376092490304681,,,,,0.011376092490304681,0.011376092490304681,,0.011376092490304681,,,,,,,,0.011376092490304681,,,,,,,,,-0.008686777347764478,,-0.009788742174006857,,,,,0.010657647093741219,0.011376092490304681,,,0.011376092490304681,-0.010995394148467091,,,,-0.010215820678036518,,,,,,,,-0.00625162974556402,,,0.00944511017691586,,,-0.00990549925290881,,,,-0.01262269528740823,,,-0.01262269528740823,,,,,,,,,,,,,,,,,,,0.008361846216420919,,,,,,,,0.00700422124882913,,,,,,,,,,,-0.01262269528740823,,0.011376092490304681,,,,,,0.011376092490304681,,,,-0.01262269528740823,,,,,,,,,,,,-0.0062443118078231545,,0.011376092490304681,,,,,0.010779328567480215,,,,,,,,,,,,,-0.01262269528740823,,,0.011376092490304681,,0.011376092490304681,0.011376092490304681,,,,,,,,-0.00982546216511123,-0.007231152185050904,,,0.011376092490304681,,,,,-0.01262269528740823,0.011376092490304681,,,0.008528287806767194,,,,,,,-0.006063828181294546,-0.008434208056143982,,0.011150083151706824,-0.007749956675908858,,,,,,,,-0.01262269528740823,,,0.011376092490304681,,,,,,,-0.012530079233135137,,-0.01164067827547043,,,,,0.011376092490304681,,,-0.01262269528740823,,,,0.011376092490304681,,,,,,,-0.01262269528740823,,,,,,0.010029130023662047,-0.01262269528740823,,,,,,,,-0.009089240669257823,,,,,,,,,-0.01262269528740823,,,,,0.011376092490304681,0.009788648325560386,,,,,,-0.003928772886827076,0.011217984769052327,,,0.005122025408812439,,,-0.01262269528740823,,,,,-0.007408528976137874,-0.01262269528740823,0.008296690965470426,,0.01055719110664931,,,,,-0.01262269528740823,,,,-0.010465406545087331,-0.012346431508374753,,,-0.01262269528740823,,,-0.004471582275673656,,,,,0.00874467780644495,,0.005285001719576528,,,,-0.00680849957736399,,,-0.005008105017090479,,,,-0.011057223925722302,,-0.008377379091615464,0.011202566260595868,,,0.011376092490304681,,,0.00969648772184617,,-0.005137547496563805,-0.012007892851046947,,,0.011376092490304681,0.008182023089725656,-0.01262269528740823,,,,,,,,,,,,,,,,,,,,,,,,,,,,,,,,,,,,,,,,,,,,,,,,,,,,,,,,,,,,,,,,,,,,,,,,,,,,,,,,,,,,,,
2009-04-30,,0.005606893427656228,,,,,,-0.011880091418199009,-0.006457725120077898,,,,,-0.011880091418199009,,,,,0.011186164338041892,,,,-0.011880091418199009,,,,,-0.011880091418199009,,,,0.011186164338041892,,,-0.011880091418199009,,,,,0.00740186308031155,,,0.011186164338041892,0.007079192945226821,,0.009760568863013675,,,,,,,,,,,,0.007637470469334671,,,,,,,,,,,,,,0.009016685308377419,,,,-0.007147464421124166,,,,,,,0.011186164338041892,-0.011880091418199009,,,,,,,,0.011186164338041892,0.009273804166466452,,0.011186164338041892,,,,,,,-0.011880091418199009,0.011186164338041892,,,,,,,,0.011186164338041892,-0.004864452619572608,,-0.0074183749421351764,,,,,0.011186164338041892,,,,0.011186164338041892,-0.011878392597438744,,,,,,,,,,,,-0.0056339612600140795,,,0.007729206653153501,,,-0.007292808282126302,,,,-0.011880091418199009,,,-0.011880091418199009,,,,,,,,,,,,0.008617130352959194,,0.009287369275435059,,,,,,,,,,,,,0.006855051957497561,,,,,,,,,,,,,0.011186164338041892,,,,,,,,0.00700215106105426,,-0.011880091418199009,,,,,,,0.011186164338041892,,,,,-0.007334586204704679,,0.011186164338041892,,,,,0.00835258953209018,,,,,,,0.011186164338041892,0.010264043632203419,,,,,-0.011880091418199009,,,,,0.010460677831942027,0.011186164338041892,,0.011186164338041892,,,,,,-0.010544059564679477,-0.003941646296423545,,,0.011159329971985705,,,,0.011186164338041892,-0.011880091418199009,,,,,0.011186164338041892,,,,,,-0.004873135143146179,-0.006839843395127552,,0.011186164338041892,,,,,,,,,,,,,,,,,-0.01101375439365719,,-0.009604560417671845,,-0.01172659466710859,,,,,0.011186164338041892,,,,,,,0.011186164338041892,,,,,,,,,,,,,0.00699780357757601,-0.011880091418199009,,,,,,,,-0.004987535669449218,,,,,,,,,-0.011880091418199009,,,-0.011880091418199009,,0.008820044860942278,,,,,,,-0.007450414251170111,0.011186164338041892,,,0.004679233398342935,,,-0.011880091418199009,,,,,-0.0069871818810009825,-0.011880091418199009,0.006931065957643766,,0.006967894364398089,,,,,-0.011880091418199009,,,,-0.008094976210510885,-0.011880091418199009,,,-0.011880091418199009,,,-0.006766923444936396,,,,,,,0.004586415346322215,,,,-0.006676383718506643,,,-0.00831147581955951,,,,-0.009699273045825092,,-0.00780391112232953,0.008305949187706692,,,0.011186164338041892,,,0.009066941570285272,,-0.006385262224896494,-0.010543371900250714,,,0.011186164338041892,,-0.01056733250930762,-0.011880091418199009,,,,,,,,,,,,,,,,,,,,,,,,,,,,,,,,,,,,,,,,,,,,,,,,,,,,,,,,,,,,,,,,,,,,,,,,,,,,,,,,,,,,,
2010-01-29,,-0.018441785826352756,,,,,,0.026837214183399103,0.02099890900078073,,,,,,-0.027788837519872222,,,,,,,,,-0.020241628284840517,-0.025009916108459634,,,,-0.01569639399906006,-0.015546824389083206,,,,,,,,,0.015763970046931263,,0.02175490485618763,-0.027788837519872222,,,0.026837214183399103,,,,,,,,,,,0.026837214183399103,,,-0.027788837519872222,,,,,,0.026837214183399103,,,-0.027788837519872222,,,,,,,,-0.015986740878811172,,,,,,,,,-0.020361590395813277,,,,-0.022191984548376276,,,,,,,,,,,,,0.02437846985711637,,,,,,,,,,0.01895140764399665,,0.026837214183399103,,,-0.027788837519872222,,-0.027788837519872222,,,,-0.02050903746994508,0.015422301012078336,,0.023098684214308312,,,,,,,-0.015607175108483196,-0.027788837519872222,,0.021936677255678518,0.015954829678413513,,,,,0.024489009305116945,,-0.023851714089661566,,,,0.016587986635204506,,,,,,0.026837214183399103,0.019716606606207554,,,,,-0.021771172044897667,-0.027788837519872222,,,0.019247157333353058,,,,,,,,,0.026837214183399103,,,0.023581338691161163,,,,,,,,,,,0.026837214183399103,,-0.027788837519872222,,,,,,-0.027788837519872222,,-0.027439068421117895,,,,,,,,,,,,,-0.02430075974110022,,,-0.027788837519872222,,,,,,,,,0.026837214183399103,,,-0.027788837519872222,,,,,,0.0260879956448905,0.026837214183399103,-0.025238564295018837,,,-0.027788837519872222,,,,,-0.024237822460654427,,0.019887867900366438,,,-0.009044653196797448,,,,,,,,,,,,,,,,,,,,-0.021152383703471164,,,,,0.01794700473997564,,,-0.01930945269659928,-0.027788837519872222,-0.027788837519872222,-0.016630563539709788,,-0.027788837519872222,,,,,,0.026837214183399103,,0.022330691184382107,,,,,0.0248906125512025,0.026837214183399103,,,-0.027788837519872222,0.026837214183399103,,,,,,0.026837214183399103,-0.013308834962791002,,,,,,,,,,,0.021064409461680634,0.026837214183399103,,,,,,,0.01535809179513847,,,-0.027788837519872222,,,,,,0.020133442833483135,,,-0.027788837519872222,,,,,0.01968301158211445,,,,,,,-0.005933616731889501,,,-0.027788837519872222,,-0.027788837519872222,,,,,0.026700441720031953,,,,,-0.02430372299864588,-0.024399643862339615,,,,,,,0.014637938563469092,,,,,,0.025662518321760402,,,0.026837214183399103,,,,,,,0.019277350232966048,,0.026837214183399103,,0.018557000906271253,,,,,,,,,,-0.027788837519872222,-0.01787478817432453,,-0.011100649876816183,,,0.026837214183399103,,,,,,0.026837214183399103,,,0.026837214183399103,,,,,,,,,,,,,,,,,,,,,,,,,,,,,,,,,,,,,,,,,,,,,,,,,,,,,,,,,,,,,,,,,,,,,,,,,,,,,,,,,,
2010-02-26,,-0.018992092146065627,,,,,,0.022404595732092074,0.022996416636656265,,,,,0.021838833304712327,-0.024025860664108577,,,,,,,,,-0.022350014985249834,,,,,,-0.013557877591757708,-0.024025860664108577,-0.016963696089700702,,,,,-0.024025860664108577,,0.016697386270177524,,,,,,0.020100147117577315,,-0.023804140735637067,,,,,,,,,,,,,,,,,-0.02061670585935814,,,,-0.024025860664108577,,,,-0.010768456009609177,,,,,,,,,,,,,,,-0.024025860664108577,0.022194095101744412,,,,,,,,,,,,,,,,-0.024025860664108577,,,,,,-0.024025860664108577,,0.019475781157237203,,0.017213231839115387,,,-0.024025860664108577,,-0.022038760289527164,,,,-0.024025860664108577,0.020793703176079193,,0.018587417799468008,,0.022100347465581368,,,,,-0.013715790779249087,-0.024025860664108577,,0.022881384460384565,0.022996416636656265,,,,,0.019474923370631354,,-0.019063942920896377,,,,0.015376756138077352,,,,0.022996416636656265,,,,,,,0.022996416636656265,-0.018705138565711807,-0.024025860664108577,,,0.018168602777960986,,,,,,,,,,,,,,,,0.022996416636656265,,,,,,,0.022996416636656265,,-0.024025860664108577,,,,,,-0.024025860664108577,,-0.01464493087157346,,0.022996416636656265,,,,,,,,,,,,0.019865246960187107,,-0.024025860664108577,,,,,,,,,,,-0.015020413855122382,-0.021862583025629104,,,,,,0.022996416636656265,,-0.019576837578259808,-0.024025860664108577,,-0.024025860664108577,,,,,-0.018646343971366542,,0.022996416636656265,,,,,,,,,,,,,,,,,,,,,,,,,,,,0.022493584800827318,,,-0.014795382544449466,-0.024025860664108577,-0.024025860664108577,-0.020198948706933853,,,,,,,,0.019452537424625608,,0.020222204097658795,,,,,0.022996416636656265,,-0.024025860664108577,,,0.022996416636656265,,,,-0.019274626601966136,,,-0.013366173988321864,,,,,,,,,,,0.022996416636656265,,,0.022996416636656265,,,,,0.020800904689464033,,,-0.02314959530187286,,,,,,0.022996416636656265,,,-0.023042185994283836,,,,,0.022996416636656265,,,,,,,,,,,,-0.024025860664108577,,,,,0.022996416636656265,-0.024025860664108577,0.022996416636656265,,,,-0.019914839459837137,,,,,,,0.01461696237604562,,,,,,0.01695877611152789,,,,,,,,,,0.022996416636656265,0.012258875182041688,,,,,,,0.022996416636656265,,,,,,-0.024025860664108577,-0.009539848017379761,0.013505189359707676,-0.012437139568386999,-0.02168640470337553,0.018855689655614002,0.021823458520722365,0.01953357339067936,0.022806373796302896,,,,0.017803621806954373,,,0.021065684792243463,,,,,,,,,,,,,,,,,,,,,,,,,,,,,,,,,,,,,,,,,,,,,,,,,,,,,,,,,,,,,,,,,,,,,,,,,,,,,,,,,,
2010-03-31,,-0.024527209519525223,,,,,,0.021219580108646587,0.02496171776590434,,,,,,-0.022308479664502466,,,,,,,,,-0.024527209519525223,-0.008030954496547293,,,,,-0.024527209519525223,-0.024527209519525223,-0.024527209519525223,,,,,-0.018828228518572583,,0.017637353495407612,,0.022648924737080786,,,,0.021803173210405397,,,,,,,,,,,,,,,,,,,-0.019170040728909696,0.02496171776590434,,,,,,,,,,,,,,,,,,,,-0.024527209519525223,,-0.024527209519525223,0.02496171776590434,-0.017978518991459583,,,,,,,,,,,,,0.021527407994308235,,,,,,,,-0.023476442160692796,,0.023555011726694282,,,,,,,-0.024527209519525223,,,,,0.01340691732115022,,0.013536701740206918,,,,,,,-0.01677320905934421,-0.024527209519525223,,,0.023943148570003243,,,,,0.017711537848781177,,,,,,,,,,0.02496171776590434,,,,,,,0.02496171776590434,-0.01778557101489441,,,,,,,,,,,,,,,,,,,,0.02496171776590434,,,,,,,,,-0.024527209519525223,,,,,,-0.024527209519525223,,-0.0219304841890695,,0.02496171776590434,,,,,,,,,,,-0.024527209519525223,0.0197292922306518,-0.024527209519525223,-0.024527209519525223,,,,,,,,,,,-0.01947843227516795,-0.024527209519525223,,,,,,0.02496171776590434,0.02496171776590434,-0.01166273249537155,,,-0.024527209519525223,,,,,-0.012437843933371709,,0.02496171776590434,,,0.011478331400737875,,,-0.01736732949537169,,,,-0.024527209519525223,,,,,,,,,,,,0.016576443966596577,,,,,,0.014904849222787345,,,-0.02016210825718619,,-0.024527209519525223,-0.014425196031455785,,,-0.017358424162658696,,,-0.024527209519525223,,0.02496171776590434,,0.02496171776590434,,,-0.024527209519525223,-0.022676678435765818,0.02496171776590434,,-0.024527209519525223,,,0.02496171776590434,,,,-0.024527209519525223,,,-0.01208234927213604,,,,,,0.02496171776590434,,,,0.023303835165878622,,,,,,,,0.02496171776590434,0.02496171776590434,,,,,,,,,0.02496171776590434,,,,,,,,0.02496171776590434,,,,,,,,,,,-0.0155409616910742,,,,,0.02496171776590434,,-0.008550139260485354,0.02496171776590434,,,,-0.024527209519525223,,,,,,0.017037864201779374,0.01745468455860888,,,,,,0.01570939908151035,,,,,,,,,,0.01294205195729196,0.009952895872885212,,,,,,,0.016180379105407074,,0.01459637862688137,,,,-0.01610595438607226,-0.012709888296541507,0.01694073372283869,-0.020010687366617066,-0.024527209519525223,0.017796602973188545,0.01388453389546128,0.0155963600246215,,-0.023616086661615684,,,0.023849303469687423,,,,,,,,,,,,,,,,,,,,,,,,,,,,,,,,,,,,,,,,,,,,,,,,,,,,,,,,,,,,,,,,,,,,,,,,,,,,,,,,,,,,,
2010-04-30,,-0.022080491457542907,-0.026756699589666925,,,0.026030639266197923,,0.026030639266197923,0.02157384668746379,,,,,0.026030639266197923,-0.026756699589666925,,,,,,,,,-0.01623472103830377,-0.026756699589666925,,,,,-0.026756699589666925,,,,,,0.016160176477767553,-0.019838852123460912,,0.02039940115669352,-0.01798736893585778,0.02537220338526611,,,,0.026030639266197923,,,,0.026030639266197923,,,,,,-0.026756699589666925,,,,,,,,,,0.026030639266197923,,,,,,,,,,,,,,,0.018349592870001114,,,-0.024889652942985657,,-0.02590145098672199,,-0.026756699589666925,,,,,,,,,,,,0.026030639266197923,,,,,,,0.02363555976063963,,,,-0.018887016859959256,,0.02174849610633142,,,,,,,-0.026756699589666925,,,,,0.023502789937872966,,,,,,,,,-0.014118320791008672,-0.026756699589666925,,0.025304860398670814,0.02292294186092288,,,-0.026756699589666925,-0.01654158097395553,0.02422092407075304,,-0.017172154686534057,,,,0.017804629230631194,,,,0.026030639266197923,,,0.026030639266197923,,,,,,,,,,,,,,,,-0.026756699589666925,-0.01452419721800056,,,,,,,,0.026030639266197923,,-0.02530076054057019,,,,,,,-0.026756699589666925,,,,,-0.026756699589666925,,,-0.017307551976578323,,0.026030639266197923,,,,,,,,,,,,0.025836751315972812,,-0.026756699589666925,,,,,,,,,,,-0.023013512788452838,-0.026756699589666925,,,,,,0.026030639266197923,,-0.023843954032449308,,,,,,,,-0.019168426114000568,,,,,,,,-0.019322835466310802,,,,,,-0.026756699589666925,0.025144786426331715,,,,,,,,,0.012698153458516208,,,,,,,,,-0.026756699589666925,,-0.026756699589666925,-0.0171492222091034,,,,,,-0.026756699589666925,,,,0.025613706577721624,,,-0.026756699589666925,-0.026756699589666925,,,-0.026756699589666925,,,,,,,-0.02065296611026929,,0.02371724534811528,,,,,,,0.026030639266197923,,,,0.023050590257059023,,,,0.026030639266197923,,,,0.026030639266197923,0.0160713257219575,,,,,,,,,0.021453727459571973,-0.015276050274120694,,,,,,,,,,,,,,,,,,,,,,,,,,0.024131846148574464,,,,-0.017645012111914223,,,,,,,0.020200406817783113,,-0.02440975630079982,,,,0.024004396217587858,,,,,,,,,,0.022952371006474428,0.014566572366007176,,,-0.011209358335174684,,,,0.0225205105968042,,0.013776601260813396,,,,-0.026756699589666925,-0.008206603448776013,0.01881857833120706,-0.0211068872189661,-0.02347750636317276,0.02546780780845558,0.019799233719332322,0.012188114826477399,0.014415226410718697,,,,0.026030639266197923,,,,,,,,,,,,,,,,,,,,,,,,,,,,,,,,,,,,,,,,,,,,,,,,,,,,,,,,,,,,,,,,,,,,,,,,,,,,,,,,,,,,,
2010-05-31,,-0.01518922359113746,,,,,,,,,,,,,-0.01762130157991118,,,,,-0.014971652881726328,,,,-0.01492729861471899,-0.01749910765623975,,,,,-0.013121983855307086,-0.01762130157991118,,,,-0.01762130157991118,0.015978639107723066,,,0.014395096903724688,-0.01762130157991118,0.014755470303419227,0.01745847217137645,,,,,,,0.01745847217137645,,,,,,,,,,,,,,,-0.01762130157991118,0.01745847217137645,,,,,,,,,-0.01762130157991118,,,,,,0.014196127435937757,,-0.01762130157991118,,,-0.015945173276830635,,,,-0.01762130157991118,,,,,0.01745847217137645,,,,,,,,,,,,,,,,-0.01762130157991118,,0.013985446338814286,,,,,,,-0.01762130157991118,,,,,0.011929354020371057,,0.01465907286625279,,,,,,,,-0.01762130157991118,,,0.01745847217137645,,,,,0.017250447141198028,,-0.012852262434894597,,,0.01745847217137645,,,,,0.01745847217137645,,,,,,,0.01745847217137645,-0.011594286097508892,,,-0.01762130157991118,,,,,,,-0.012806766847278224,,,,,,,,,,0.01745847217137645,,,,,,,,,-0.01762130157991118,,,,,-0.01762130157991118,-0.01762130157991118,,-0.015814336228555874,-0.01762130157991118,,,,,,,,,,,,-0.01762130157991118,0.0166324088124052,,,,,,,,,,,0.01745847217137645,,,,,,,,,0.01745847217137645,,,,,,,,,,,,0.01745847217137645,,,,,,-0.01762130157991118,,,,,,,0.01745847217137645,,,,,,,,,,,,,,,,,,-0.01565977154694438,-0.014018704754404946,-0.01762130157991118,-0.011066778291895766,,-0.016946442745131483,,,,-0.01762130157991118,,,,0.01454046328712558,,0.01332616077375898,,-0.01762130157991118,0.01745847217137645,,,,,0.01745847217137645,,,0.015377734494208725,,,,,,,,,,,,,,0.015577847694980253,0.01745847217137645,,,,,,,0.01745847217137645,0.012037442434438723,,,,,,,,,0.01745847217137645,-0.015392669089651274,,,,,,,,,,,,,,-0.012236830817600686,,,,-0.015057533661777613,-0.01762130157991118,,,,,,,,0.013006919073966039,,,-0.014718632871039895,-0.016501634162859994,-0.01762130157991118,-0.01606314268715547,,,0.013968220122493899,0.01745847217137645,,,,,,0.01274826968561389,,,,,,,,0.01628450861226076,,0.014929348313103188,0.011652424228120564,,,-0.008021310963822526,-0.012585869417071733,,,0.015262554932965659,,0.01250173738476879,,,,-0.01762130157991118,-0.010142334376126251,0.014806437078069175,-0.008908608368722901,,0.01622437496767356,0.011520471793967728,0.014894567457049014,0.015884132292954954,,,,0.01745847217137645,,,,0.01745847217137645,,,,,,,,,,,,,,,,,,,,,,,,,,,,,,,,,,,,,,,,,,,,,,,,,,,,,,,,,,,,,,,,,,,,,,,,,,,,,,,,,
2010-07-30,,-0.01843603483669714,,,,0.019652191778741807,,-0.014122876947198396,,,,,,,-0.020530460578264367,,,,,-0.011585187844865143,,,,-0.01848067130081756,-0.015598327384422553,0.019652191778741807,,,,-0.018237483800293785,,,-0.020530460578264367,0.01514334544506902,,0.014747293253464296,-0.01872703656257506,,0.018396340412999115,,0.018103510697729613,,,,,,,,0.019652191778741807,,0.019652191778741807,,,,-0.020530460578264367,,,,,,,,,-0.020530460578264367,,,,,,,,0.019652191778741807,,,,,,,,,,-0.020530460578264367,,,,,,,,,,,,,,,0.019337627501109005,,0.019652191778741807,,,,0.019652191778741807,,,,,,,-0.020530460578264367,,,,,,,,,,0.019652191778741807,,,,0.018358584530773985,-0.014510707605168193,,,-0.009492439591070061,,,,,-0.012737832476327607,-0.020530460578264367,,,,,,-0.020530460578264367,,,-0.01549007657345175,,,,0.019652191778741807,,,,,0.019652191778741807,0.01856752498338179,,,,,,,-0.014912190881401525,,,,,,,,,,-0.019935628492623075,-0.020530460578264367,-0.014267517403919914,,,,,,,,0.019652191778741807,,,,,,,,,,0.019652191778741807,,,,-0.020530460578264367,,,-0.02010033839689768,-0.013634292965435939,0.019652191778741807,,,0.016241965147107334,,,,,,,,,,,-0.020530460578264367,,,,0.017124157254074342,,,,,,,-0.020530460578264367,,,,,,,0.019652191778741807,,,,,-0.020530460578264367,,,,,,,,,-0.01809185868261596,,,,-0.01816080358595487,,,,,,,0.017075326859726757,,,,,,,,,,,,,,,,,,-0.020530460578264367,,,,,,,,,,,,,,,,,,0.01882782627714624,,,-0.020530460578264367,,,,,0.012667327422656622,,,,0.015234805580766399,,,-0.020530460578264367,-0.011855854596642875,,0.019652191778741807,,,,0.01146079975528806,,-0.019036945284966147,0.012454896344581409,,,,,,,,,,,,,0.018971517211397473,,,,,,,0.019652191778741807,,,,0.01808087699027279,,,0.015834826827470668,,,-0.010644488591248745,,,,-0.01038309261954738,-0.020530460578264367,,,,,,,,0.009870264550212749,,,-0.020530460578264367,,,,-0.01781998004888877,,,,,,,0.019652191778741807,,,,,,,,,,0.019652191778741807,-0.016686389112141785,0.016660748995246298,0.017383441628949017,-0.015447285199521002,,-0.007704883617128886,-0.015923766745710742,,,0.010174751449509129,,0.011225734851413309,0.019652191778741807,,,-0.020530460578264367,-0.015882731043324542,0.014201113954053398,-0.017508167754458126,,0.01819725318678753,0.016720367605952465,0.01463980415633439,0.016747772484028783,,,,0.019652191778741807,,,,,,,,,,,,,,,,,,,,,,,,,,,,,,,,,,,,,,,,,,,,,,,,,,,,,,,,,,,,,,,,,,,,,,,,,,,,,,,,,,,,,
2010-08-31,,-0.03635285395355932,,,,,,-0.03019754146447605,,,,,,,-0.03635285395355932,,,-0.03635285395355932,,,-0.03635285395355932,,-0.030960635867709755,-0.03635285395355932,-0.023804221745954528,,,,,-0.024622932058767793,,,,,,0.032955313871202506,,,0.02350991666656791,,0.028325558408014276,,,,,,-0.03635285395355932,,0.03642670563884891,,,,,,-0.03635285395355932,,,,,,,,,-0.03209274717152715,,,,,,,,0.03642670563884891,,,0.03588801367136908,-0.03635285395355932,,,,,,-0.01964992938048178,,,-0.028824580638837766,,,,-0.03635285395355932,,,,,,,0.03642670563884891,0.03642670563884891,,0.03642670563884891,,,,,,,,,,,,,,,,,-0.03635285395355932,,,,,,,,0.025860607035109243,,,,-0.025115524255424328,0.03642670563884891,,,,-0.02446170270099441,-0.03635285395355932,,-0.03635285395355932,,0.03642670563884891,,,,,,,,,,,,,,0.03642670563884891,,,,,,,,-0.03635285395355932,,,,-0.02174976823573032,,,,,,,-0.03542429843204248,-0.025719000093187293,,,0.03642670563884891,,,,,0.03642670563884891,,,,,,,,,,,,,,-0.03635285395355932,,,-0.03635285395355932,-0.030809300713849366,0.03157341220548837,-0.030944259063611052,,0.03642670563884891,,,,,,,,,,,,,,,0.03642670563884891,,,,,,,,,,,,,,0.03642670563884891,0.03301420733704367,,,,,,,0.03642670563884891,,-0.03635285395355932,,,,-0.024696481363534823,,0.03642670563884891,,-0.03635285395355932,,,0.02386852140719354,,-0.02198344909513087,,,,,,,,,,,0.02867834508925925,,,,,,,,,-0.030781541382837348,,,,,,,,,,,,,0.03065298259272048,,,,,0.03642670563884891,,,,,,,,,,,,,,,,-0.019981894195597504,,,,,,0.025347339085046088,0.03642670563884891,-0.03635285395355932,0.0266048014584052,,,,,,,,,,,,-0.03101788707186825,0.034542631041093314,,0.03130089907671753,-0.03635285395355932,,,,0.03642670563884891,,,,0.03560642027751504,,-0.02546885945694904,,,,-0.025305417941452565,,,,-0.028872090483659234,-0.03635285395355932,,,,,,,,0.01889001434752489,0.03642670563884891,,,,-0.03635285395355932,,-0.03635285395355932,,,,,0.021771373242992612,-0.03635285395355932,,,,,,,,,,,0.015422825689192711,-0.024221095081229674,0.027163073289479346,0.021580456158824965,,,-0.010826347219722924,,,,,0.033944337289615725,0.023744686497708827,,,0.03642670563884891,-0.03635285395355932,,0.027451387798846004,,,0.034339209012893016,0.023150861069807977,0.010627342754641842,0.029224645209899452,,,,0.03642670563884891,,,,,,,,,,,,,,,,,,,,,,,,,,,,,,,,,,,,,,,,,,,,,,,,,,,,,,,,,,,,,,,,,,,,,,,,,,,,,,,,,,,,,
2011-02-28,,-0.032644761192613406,,,,,,,0.03137114754595991,,,,,,-0.032644761192613406,,,,,,,,,-0.032644761192613406,-0.024384174687260982,,,,,,,,,,,,-0.032644761192613406,,,,0.030794438314622773,,,,,,,,,0.032871040833108094,,,,,,0.032871040833108094,,,,,,-0.02920113469135405,0.032871040833108094,,,,,,,-0.032644761192613406,,,-0.014988409631509285,,0.032871040833108094,,,,,,,,0.02454433815164328,,,,,,-0.032644761192613406,,,,,,,,0.032871040833108094,,-0.029087277172770296,,,,0.025915092911476388,0.028988785560178847,,,,,,-0.032644761192613406,,,,,,-0.015644088921506445,-0.032644761192613406,,0.032871040833108094,,,,,,,,,-0.016285808370813126,0.032871040833108094,,,,-0.018785529722320376,,,-0.029489161372261853,,,,,,,,,,,,,,,,,,0.032871040833108094,0.02235017393673759,,,,0.032216887147591515,,,,,-0.024129588769321874,,,,,,,-0.03089078192696965,-0.025000094259118713,,,0.032871040833108094,0.02361736590906347,,,,,,,,,,,,,,,,,,,,,-0.03219724192115951,,-0.021518205850122353,,,,,,-0.02928156233942672,,,,0.02485923026133595,,,,,,-0.032644761192613406,,,,,,,,-0.032644761192613406,,,,,,,,0.017065519021801426,,-0.02770840830373241,,,,,,0.032871040833108094,,-0.02176901405962984,,,-0.032644761192613406,,,,,,,,0.025042947374332845,,,,,,,,,,,-0.032644761192613406,,0.03188275619927351,,,,,,,,,,,-0.032644761192613406,0.019810333268149943,,,,,,,,,,,,0.018763586474099685,,,,,,,,0.032871040833108094,,,,,,,,,,,,,,,,,0.02214929500862949,0.032871040833108094,-0.0313767820079149,0.01546938654707395,-0.032644761192613406,-0.032644761192613406,,,,,,,,,,,,-0.032644761192613406,,,,,,0.032871040833108094,,,,,,-0.029455459274699176,0.025206825874411653,,,-0.021591082419383848,,,,,-0.032644761192613406,,,,0.02779274202884736,,0.02760163050525582,,0.019490326396626623,0.032871040833108094,,,,,,-0.030588408185095062,,0.026008769543674662,-0.032644761192613406,,0.026534500266916755,-0.02791643132113247,,,0.030822540438626218,,,,,,-0.01931887154979709,-0.032644761192613406,0.024939709270088182,-0.02089484907528825,0.032871040833108094,0.02060848120654054,,,-0.010671590813232391,,,0.032871040833108094,-0.02268445992761813,0.026649185803051645,,,,0.025064208434726468,-0.032644761192613406,,-0.022807065823602424,0.026654392755304658,,,0.02156998513166275,-0.018812249453858627,0.024391392650373378,,-0.032644761192613406,,,,,,0.032871040833108094,0.0250340487948667,,,,,,,,,,,,,,,,,,,,,,,,,,,,,,,,,,,,,,,,,,,,,,,,,,,,,,,,,,,,,,,,,,,,,,,,,,,,,,,,
2011-03-31,,-0.027662817458479826,,,,,,,,,,,,,,,,,,0.022510166568756703,,,,-0.027662817458479826,,,0.026639135231191997,,0.026639135231191997,,,,,,,0.02661918501562724,-0.021968417464884732,,,,0.026639135231191997,,,,0.02609265985172839,,,,,0.026639135231191997,,,,,-0.027662817458479826,0.016502158137405562,,,,,,-0.020544176740916062,0.024410953172918443,0.026639135231191997,,,,,,-0.02530625542042586,,,-0.027662817458479826,,0.026639135231191997,,,,,0.026394778157189294,,0.026639135231191997,0.026639135231191997,,,,-0.027662817458479826,,,,,,,0.025397915323464762,,,,,-0.01698763928701817,,,,,,,,,,,-0.027662817458479826,,,-0.024474138213903228,,0.026639135231191997,,,,0.026639135231191997,,,,,,,,,-0.024046925866770624,,,,,-0.01618239418819529,,,-0.02484729663232141,,,,,,,0.02177544956633437,,,,-0.022361790352258836,,,,,,,0.026639135231191997,,,,,0.026639135231191997,,,,,-0.009786181413882863,,,,,,,,-0.020715259720388877,,,0.026639135231191997,0.020480008839166244,,,,,,,,,,,,,,,,0.025850874698655546,,,,,-0.021714050452150552,-0.027662817458479826,,,,,,,,,,,,,,,,,-0.027662817458479826,,,,,,,,-0.027662817458479826,,,,,,,-0.027662817458479826,0.026639135231191997,,-0.027662817458479826,,,-0.027662817458479826,,,0.026639135231191997,,-0.022569848534689362,,0.026639135231191997,-0.027662817458479826,-0.022014259481511027,,,,,,,,,,,,,,,,,,,,,,,,,,,,,,,,,,,,,,,,,,,,0.025306947039632578,,,,-0.01993941176883167,,,,,,,,,,,,,,-0.027662817458479826,,,,,,,0.015172161624785744,0.026639135231191997,,,-0.02713246993514164,-0.027662817458479826,,,,,,,,,,,,-0.027662817458479826,,,,,,0.026639135231191997,,,,,,-0.027662817458479826,,0.026639135231191997,,-0.014455482774751928,,,,,-0.027662817458479826,,,,,,,,0.015151295700442014,,,,,,,-0.027662817458479826,,,-0.014229571450788526,,0.023562022496558154,-0.027662817458479826,,,0.016236003343601958,,,,,,-0.027536786271223912,,0.01942902211843917,-0.018494049740144947,0.016900018302275038,0.014094694270213433,-0.027662817458479826,,-0.01183577787258131,0.017519654756412265,,0.026639135231191997,-0.024366906721538517,0.026639135231191997,,0.026639135231191997,,0.026639135231191997,-0.027662817458479826,,-0.012482743489449508,0.026639135231191997,,,0.017030892425496713,-0.019440325459699384,0.01902980378558208,,-0.027662817458479826,,,0.026639135231191997,-0.027662817458479826,,0.026639135231191997,0.019255597051306455,,,,,,,,,,,,,,,,,,,,,,,,,,,,,,,,,,,,,,,,,,,,,,,,,,,,,,,,,,,,,,,,,,,,,,,,,,,,,,,,
2011-05-31,,-0.026167642655269507,,,,,,,,,,,,,,,,,,,,,,-0.026167642655269507,,,,,0.0192346747688516,,0.02640549136808703,,-0.02369657417644611,,0.02640549136808703,,-0.02374227956027081,,,,0.02195279757719176,,,,0.01746835275368985,,,,,0.02640549136808703,,,,,-0.026167642655269507,0.02640549136808703,,,,,,-0.019552504366160184,,,,,,,,-0.026167642655269507,,-0.025281702450125593,-0.024739268127672045,,0.02640549136808703,,,,,0.013993310073515964,,,0.02640549136808703,,,,,,,,,,,,,,,,-0.026167642655269507,,,0.01981502147115205,,,-0.026167642655269507,,,,,,,,,,,,,,,,,,,,,,,,,,,,-0.015187041839875997,,,-0.026167642655269507,,0.019616891558585897,,,,,,,,,-0.01837259874517169,,,,,,,,,,,-0.026167642655269507,0.024115562058504104,,,,,,,,,,0.02640549136808703,-0.026167642655269507,,-0.02408385998514158,,,0.02640549136808703,0.01991334786930688,,,,,-0.026167642655269507,,,,,,-0.026167642655269507,,,-0.026167642655269507,,0.01336577509786302,0.02640549136808703,,,,,,,,,,0.02640549136808703,,,,,,,,,,,,-0.026167642655269507,,,,,,,,,,,,,,,-0.012964400462709613,0.02640549136808703,,-0.026167642655269507,,,,,,0.02640549136808703,,-0.0167923122141089,,,-0.026167642655269507,,-0.011035485431824962,,,,,,,,,-0.026167642655269507,,,,,,,,,,,,,,,,,,,-0.01263011046509596,,-0.026167642655269507,,,,,0.02640549136808703,,,,,,,,0.016083655057911646,,0.02367305160298775,,-0.026167642655269507,,,,,,,-0.02444770830605933,,,0.02267532169229159,,,,,,,0.021827945547108665,,,,,0.025184129476192908,,-0.017377745108472127,-0.026167642655269507,,,,,,,,,,,,,-0.026167642655269507,-0.026167642655269507,0.02640549136808703,,,,,,,0.02292672407031997,-0.026167642655269507,,-0.020581007939759557,,,,-0.016141815355951543,,,,0.02640549136808703,,,,,,,,,0.022874764529724315,,,0.02596753978417617,,,-0.026167642655269507,-0.026167642655269507,,0.02537073598473259,,,,-0.026167642655269507,,,0.02191351943564311,,,,,,-0.017863016311202042,-0.026167642655269507,,-0.02171049493620705,0.016392297114774603,0.017795740621795595,,,-0.009427089875650569,0.014198943520445942,,,-0.012369974162498461,0.02640549136808703,,,,,-0.026167642655269507,,-0.01183197183814386,0.01459773615222262,,,0.019483309110730797,,0.022904437973189178,,,,,0.02640549136808703,,0.02640549136808703,0.02640549136808703,0.02083061786814866,,0.02640549136808703,0.015212691650655195,,0.01885659156737187,,,,,,,,,,,,,,,,,,,,,,,,,,,,,,,,,,,,,,,,,,,,,,,,,,,,,,,,,,,,,,,,,,,,,,,,,,,
2011-08-31,,-0.018313381470084,,,,,,,,,,,-0.018313381470084,,,,,,,,,,,,,,,,,,0.018009844554711038,,,,,0.012972106363178047,-0.018313381470084,0.018009844554711038,,,,,,,0.015565067908411275,,,,,,,,,0.018009844554711038,,0.018009844554711038,,,,,,,,-0.018313381470084,,,,,,-0.018313381470084,,,-0.015255229680817434,,,,,,-0.018313381470084,0.016878750851381023,,,0.01664858946593043,,,,,,,,,,,,-0.018313381470084,,0.014405138510426609,,-0.018313381470084,,,,0.018009844554711038,,,-0.014947743202020868,,,,,,,,,,0.015912653604243966,-0.018313381470084,,,,,,,,,0.013224875640536017,,-0.013954110857433272,,-0.015444869196079002,,,-0.009948116610538984,,-0.018313381470084,-0.007804491093040405,,0.016129184880431295,,,0.01792627340435573,,,,,,-0.01828857997897461,,,,,,,,,,,-0.018313381470084,,,,,,,,,,,0.018009844554711038,-0.011384892101889262,,,,,0.018009844554711038,,,,,,,,,,,,-0.018313381470084,,,-0.018313381470084,,,0.018009844554711038,,,,0.018009844554711038,,,,,,0.018009844554711038,,,,,,,,,,,,,,,,,,,,,,,,,,,,0.018009844554711038,-0.012899718832175189,-0.018313381470084,,,-0.018313381470084,,,,,-0.017442827004311975,,,,,,,,,,,,,0.018009844554711038,,,,,,,,,-0.017275104935647257,,,,,,0.016238837666608285,,,,,-0.01336590131304221,,,,,,,0.01772337415919292,-0.01677722600381708,,,,,,-0.018313381470084,0.010059846452272626,,,,,,,,,,,-0.010604677361140463,,,,,-0.018313381470084,-0.018313381470084,,,,,,-0.014739402589166086,,,0.018009844554711038,,-0.018313381470084,-0.018313381470084,-0.018313381470084,,,,,,-0.01697425483507755,,,,,,,,0.015274069248239092,-0.018313381470084,0.018009844554711038,,,,,,,-0.0173787849857232,,-0.013247132956306565,,0.018009844554711038,,-0.018299965438081208,,,,,,,,,,0.018009844554711038,,0.018009844554711038,,,,,,,,,,,,,,,,,0.018009844554711038,,,,0.018009844554711038,-0.012173604461096704,-0.01804305308345105,,-0.016827865022606282,-0.011162058478999407,,,0.018009844554711038,,0.017497504201451543,,,,,-0.014885382616224272,0.013992641524570554,0.016668085327373582,0.018009844554711038,,-0.018313381470084,-0.016069569138702278,,,,0.013760203041534195,,0.014460337134399932,,,,,0.018009844554711038,,0.013367966857674912,,0.015292051334337288,,0.018009844554711038,0.012387791240507514,0.016168534831783064,0.014828515619564185,,0.013708244552549107,0.011085267008987428,,,,,,,,,,,,,,,,,,,,,,,,,,,,,,,,,,,,,,,,,,,,,,,,,,,,,,,,,,,,,,,,,,,,,,,,
2013-10-31,,-0.0276965178851921,,,,0.02808177480881932,,0.02808177480881932,,,,,-0.024464344582055007,,0.02808177480881932,,,,,-0.0276965178851921,,-0.025534087155210217,-0.026550042087428623,0.020386988708756198,0.02659454852409821,,,-0.012342025265509258,,,,,,,,0.009552308368478283,0.02197863375583747,-0.0276965178851921,0.012517492999980671,0.0184492401201519,,0.02808177480881932,,,,,,,,,,,,,,,,,,,,,,,,,,,,,,-0.016110008469046325,,-0.0276965178851921,-0.0276965178851921,,,,,0.019300168932116543,-0.0276965178851921,0.02808177480881932,,,,,-0.0276965178851921,,,,,,,-0.023984412502847774,,,,,0.02808177480881932,,,,0.02808177480881932,,,,,-0.0276965178851921,0.02808177480881932,,,,,,,0.02245330259946406,,,,,,-0.0276965178851921,,0.014291530696661186,,,,,,,,,,-0.0276965178851921,,,,,,,,,,,,,,0.018590525877976626,,,,,,,-0.025846024079450466,,-0.0276965178851921,,,,-0.0276965178851921,,-0.01817739459152398,0.02417352997047419,,,,,,,0.02764436452349919,-0.01448565233432509,,-0.0276965178851921,,-0.015154477115764056,,,,,,,,,,,-0.0276965178851921,,,,,,,,,,-0.0276965178851921,,0.02808177480881932,,,,,,,,,,,,,,-0.0276965178851921,,,,,,-0.0276965178851921,,,,,,,,-0.0276965178851921,-0.015430180328976006,,,,,,,,,,,,,,,,,,0.026521399085175718,,,,-0.0276965178851921,,,,,,-0.0276965178851921,,,,,,,,,,,,,,,,,,-0.0276965178851921,,,,,,,,,,,,,,0.02808177480881932,,-0.0276965178851921,0.02808177480881932,,,,,,,,,,,,,,-0.0276965178851921,,,,,,,,-0.0276965178851921,,-0.021562034003423367,,,,,,,,-0.02737404530885705,,,,0.02808177480881932,,,-0.025168988993882726,,-0.015736961171459587,,,-0.0276965178851921,,-0.01709624086936972,,,,,,,,,,0.012505555026379268,,,,,-0.0276965178851921,,,,0.02808177480881932,,,,0.012020558359289387,,,,,,,,-0.018840091640137665,,,0.027717633206490233,,0.02290405491704267,,,0.02808177480881932,,,,,,,-0.009012998221338777,,,0.023503939825541765,,-0.007838369718597865,,-0.009140090414853988,,,,,0.02808177480881932,0.025208584462825655,,,,0.02808177480881932,0.014928912421388184,0.02808177480881932,,,,,,,,,,,,,0.02071263254253552,0.02808177480881932,-0.013716580096911589,,-0.0276965178851921,0.02808177480881932,,,0.02808177480881932,,,,,,0.01743790443349533,0.02808177480881932,,,,0.02448356767809693,,0.01610672445731179,0.021479568785939224,,,0.01823511572138656,0.02808177480881932,,-0.020206440955735334,0.014079641012473356,,,,,,,,,,,,,,,,,,,,,,,,,,,,,,,,,,,,,,,,,,,,,,,,,,,,,
2013-12-31,,-0.023991645844489526,,,,0.02550046463497551,,0.018143277206644236,,,,0.02550046463497551,,-0.017764882177382625,0.02550046463497551,,,,,-0.01952972878080857,,,,0.017726412099913463,0.017165166386888125,-0.018067568373120835,,-0.025950677279405743,,,0.02270548849908355,,,,,0.02045809081634862,0.01710782340874208,,,0.02550046463497551,,0.02550046463497551,,0.02550046463497551,,,,,,,,,,,,,,,,,,,,0.023079452354801012,,,,,,,,-0.01623616623349185,,,-0.025858543255405327,,,,,,,0.02550046463497551,,,,,,,,,,,,,,,,,0.019560823797059503,,,,,,,,,,,,,,,,,,,,,,-0.025950677279405743,-0.02551491753395647,,0.016892758494047214,,,,,,-0.025443328752721508,,,,-0.025950677279405743,0.02550046463497551,,,,,,,,,,,,,0.015077374742680331,,,,,,,,,,,,,-0.025950677279405743,-0.025950677279405743,,0.024587683873373088,,,,,,,,-0.015033019676627568,,-0.01455524677187113,-0.023389242405940855,,,,,,,-0.025950677279405743,,,,,-0.02508990220642192,,,,,,,,,,,,0.024767114001328427,,,,,,,,,0.02550046463497551,,-0.025950677279405743,,,-0.025510733940189614,,,,,,-0.025950677279405743,,,,,,,,-0.025950677279405743,-0.015029368223658477,,-0.012131304371133375,,,-0.025950677279405743,,,,,,,,,,,-0.025950677279405743,,,,,,-0.025950677279405743,,,,,-0.016738142301168466,,,,,,,,,,,,,,,,,,,-0.020481817056198982,,,,,,,,,,,,,,,,-0.025950677279405743,0.019035723846291163,,,,-0.02255780251049083,,0.02550046463497551,,,,,,0.02550046463497551,,-0.025950677279405743,,,,0.02550046463497551,,,,-0.025950677279405743,-0.01910530161096127,-0.025950677279405743,,,0.020249969753477842,,,,,,,,,0.023555005444082698,,-0.025950677279405743,-0.025950677279405743,,-0.020205792919863436,,,-0.02491679376012652,,-0.01807564724663831,,,0.02550046463497551,,,,,,,0.010611151273414124,,,,,-0.025950677279405743,,,,0.02550046463497551,,,,0.02550046463497551,,,,,,,-0.022528936853983435,-0.025950677279405743,,,,,,0.02550046463497551,,0.02550046463497551,,,,,,0.02550046463497551,-0.017787395065360655,,,0.022227919097335035,,,,,,,,,,,,,0.02550046463497551,,0.018908871035076547,0.017725125620761235,,0.02550046463497551,,-0.010355789520107534,,,,,,,,,0.02550046463497551,,-0.021208354239039964,,-0.025950677279405743,,,0.025010932930494504,0.02550046463497551,,,,,,0.02550046463497551,0.02550046463497551,,-0.017988262679690392,0.02550046463497551,0.02550046463497551,,0.007224952964691398,0.0206742762796961,,,,,,-0.01774238724147269,0.012294769984249223,,,,,,,,,,,,,,,,,,,,,,,,,,,,,,,,,,,,,,,,,,,,,,,,,,,,,
2019-06-28,,-0.01890300540146028,,,,,,,-0.01890300540146028,,,,,,,,,,,,0.019266600334332865,,,,,,,0.013376761545080008,,-0.01808562110800404,-0.01890300540146028,,,,,,,,0.007146939069182021,,,,0.019266600334332865,-0.01890300540146028,,,0.019035272480915712,,,0.019266600334332865,,,-0.01890300540146028,-0.017558947207680777,-0.01890300540146028,,,,,,,,,,,-0.015604704379690647,,0.019266600334332865,,,,,,,,,,,,,,0.010144848708342235,,,,,,,,,,,-0.017274765870165028,,-0.005511407835436072,,,,,,,-0.01311570347135374,,,,,0.019266600334332865,-0.013158008875477294,,,,,-0.015561194762314795,,,0.016680296168853696,,,,0.019266600334332865,,,0.019266600334332865,,,,,,,0.017916724732653558,0.019266600334332865,,,,,,,,,0.016468329254694547,-0.014293347509590014,,-0.01890300540146028,,0.013131908025879945,-0.017563340003058654,,-0.007759115312888458,,,,,,,-0.01890300540146028,,,,-0.01825111112105942,,,0.01807873857476478,,-0.009210692034703174,,,,,,,-0.015680283437058497,,-0.01516915419421082,-0.01890300540146028,0.0156575171360761,-0.01569154666133156,-0.01890300540146028,0.019266600334332865,-0.01890300540146028,,,,,,,-0.01890300540146028,,0.019266600334332865,0.019266600334332865,,,,,,,0.019266600334332865,-0.01890300540146028,-0.01890300540146028,,,,,,,-0.01890300540146028,,,0.014396388437620354,,0.014717084235478706,,-0.01890300540146028,,,-0.009076075391835487,,,,,0.019266600334332865,,,,,,,,,,,,,,,,,,,0.01655889793418324,,,,,,-0.011766662705368004,,,,,,0.018971008798539902,-0.01890300540146028,,,,,,,,,,,,,,,,,,,,,,,0.016869747738820245,,,,,0.019266600334332865,,,,0.019266600334332865,0.019266600334332865,,,,-0.013307518152332932,,,,,0.019266600334332865,,,,,,-0.018391460361714945,0.019266600334332865,0.01614210727253672,,,,,-0.01890300540146028,-0.012078857533253738,,,,,,-0.018295839380010278,,,,,0.019266600334332865,,,,-0.01886535753835426,,0.01808802161809017,,,,-0.012133444977616361,,,,,,,,,,0.017051173394405185,,,,,,,,,0.01764277116005077,,,-0.01890300540146028,,,,-0.015335275020028882,,,,,,,,,,,,,,-0.01020306421097889,,,0.01043622519426334,,,,-0.01890300540146028,,,,,,,,,,,,,,-0.013811262977076952,,,,,,,0.01744546038777901,,0.015563772560245326,,,,,-0.01814219836606156,,,,0.01823396008585778,,,,,0.019266600334332865,0.012622609060483198,,,,,,,,,,,,,,,,,,0.01828518928203214,,,,-0.010587555866055583,0.013434194211726052,,,,-0.017198183748109094,0.010656545282845493,,,,,-0.01890300540146028,0.009899377583080005,,0.008183422021571591,,,,,,,-0.018851841144368196,,0.0148317538052769,,,,,0.006465262524283551,-0.017826266464239435,,,,,,0.009930325480065998,0.012928280599757957,,,,,,,,,,,,,,,,,,,,,,,,,
2019-07-31,,-0.02008603069249036,,,,,,,-0.02008603069249036,,,,,,-0.02008603069249036,,,,,,,,,,,,,0.020317048827006745,,-0.015871971889539198,-0.02008603069249036,,,,,0.009088558815876375,,,0.008208890577970345,,,,0.019116680666592997,-0.018615343450149365,,,0.020317048827006745,,,,,,-0.014740701237565311,,,,,,,,,-0.009477919961609398,,,,-0.01964786126236383,,,,0.020317048827006745,,,,0.020317048827006745,,,,,,,,0.015830693168235918,,,,,,-0.02008603069249036,,,,-0.012457719347231406,-0.009536421929634047,,-0.010033066304554403,,-0.02008603069249036,,,,,-0.01121135236057133,,,,,0.01844501379007309,,,,,,-0.02008603069249036,,,,,,,,,,0.019353640364578546,,,,,,,,,,,,,,,,,,-0.012149929585947532,,-0.02008603069249036,,0.020317048827006745,-0.017569082347531847,,-0.01431163336051786,,,,0.01792957681947703,,,-0.017276476478132904,,,,,,,,,-0.011686310275238159,,,,,,,-0.02008603069249036,,-0.02008603069249036,-0.013365969784689482,0.008147081835386122,,-0.02008603069249036,0.020317048827006745,-0.019089896610082913,,,,,,,,,0.010601384626958645,0.020317048827006745,,0.005231678630126016,,,,,0.020317048827006745,-0.016606264676226553,-0.015801879835136767,0.019909542820563775,,,,,,-0.00791725051684831,-0.02008603069249036,,0.020317048827006745,,,,-0.02008603069249036,,,-0.015228032358474752,,,,,0.01829411999112664,,,,,,,,,,,,,,,,,,,0.01748409620233947,,,,,,-0.018252436902237268,,,,,,,-0.02008603069249036,,,,,,,0.020317048827006745,,,,,,,,,,,,,,,,,,,,,0.020317048827006745,,,,0.020317048827006745,0.018802329843132907,,,,,,0.011849463843547124,,,,,,,,,-0.02008603069249036,,,,-0.02008603069249036,-0.02008603069249036,,,-0.017787535280580184,0.017597116241358284,-0.02008603069249036,,,,-0.019147066181191646,,,,,,,,,-0.012670451346457268,-0.02008603069249036,0.014237151837095927,,,,,,,,,,,,,,0.01907419518691817,-0.005166679592377684,,,,,,,,,,,,,,-0.02008603069249036,-0.018580574199147333,,,-0.018251993377205653,,,,,,,,,,,,,,0.01230274340353679,,,-0.016329009063664954,,,,-0.014247253778703787,,,,,,,0.014234621806669836,,,,,,,0.019772159608410615,0.02023006645203814,,,,,0.014027977442458605,,,,,,0.017308276673368827,0.020317048827006745,-0.01943808611058777,,,,,,0.020317048827006745,0.015610341902132662,0.015842857186247592,,,0.020317048827006745,,,,0.015515308176122107,,,,,0.020317048827006745,,,,,0.020317048827006745,,,,-0.008686302545381245,,,,,,0.015782614348819512,,,0.020317048827006745,,,0.015230566353051813,,0.013344230390881935,,,,0.013167190817272339,,,-0.02008603069249036,,0.01460318074163217,0.020317048827006745,,,,0.00762986933888489,-0.02008603069249036,,,,,,0.013217999568354628,,,,,,,,,,,,,,,,,,,,,,,,,,
2024-02-29,,-0.022387284591961883,,,,,,-0.01619336424399693,0.022841352686725158,,,,-0.0226663398997229,0.024215276414404647,,,,,,-0.017346865591508397,,,,,,,,,,,,,,,,0.009885961170761846,,,0.009018231302467964,,,,,,,,,,,-0.018722313857416358,,,,-0.0226663398997229,,,,,,,,,,-0.0226663398997229,,,,,,,,,,,,,,,,,,-0.020165227676474735,,,,,,,,-0.0226663398997229,,,,,,,-0.010641566029751663,,-0.019608753263555337,,,,,,,,,-0.01809295567240092,,,,,,0.016194042542692896,-0.010605187330713965,,,,0.024215276414404647,,,,,-0.020299904246412814,,,,,0.018878002651875468,-0.019287574873557797,,0.024215276414404647,0.021762456138137185,,,,,,0.024215276414404647,,,,,,,0.024215276414404647,,,,,,,0.024215276414404647,,,-0.0226663398997229,,,,,,,,,,,,,,,-0.0226663398997229,,,,0.013047006896191685,-0.0226663398997229,,,,,,,,,,0.022059953453931313,,,,,-0.011025963640907592,,,0.024215276414404647,,,0.016430298626311603,-0.0226663398997229,,,,,,-0.0226663398997229,,-0.0226663398997229,,,0.024215276414404647,0.01719787244808175,,,,0.024215276414404647,,,,0.024215276414404647,0.024215276414404647,,,,,,,,,,,,-0.011641042075243255,,0.024215276414404647,,,,,-0.0226663398997229,,-0.0226663398997229,0.022493798782511648,,,-0.0226663398997229,,,-0.019098967692023395,,,,0.024215276414404647,,,,,-0.017640217118175806,,0.015376689561387104,,,,,,,,,,,,,,,,,,-0.0226663398997229,,,,,,,-0.021532956048773887,,,,,,,-0.012378423752909056,,,,,,,,,,-0.0226663398997229,,,,-0.01863398652971405,,,,0.008119547976707846,,,,,,,,,,,,,,,,,0.021076655020382862,,,,-0.012487451080034578,,,0.024215276414404647,,,,,,,,,,,,,,,,,,,,,,,,,,,,0.02203876533357698,,0.024215276414404647,,-0.0226663398997229,,,0.021789064675541682,,-0.02005935876730335,,,,0.024215276414404647,,-0.0226663398997229,,,,,-0.0226663398997229,,,0.013500052103338725,,,,-0.022388515599164275,,-0.022198499730435993,0.023606854423245834,,,,,,-0.01942962546651858,0.024215276414404647,,,,-0.01325762919421835,,,,-0.013910569836821979,,0.003200421977896568,,0.024215276414404647,,,,,,0.020436094393537104,,,-0.019991889603830266,,,,,0.024215276414404647,0.019587218419325446,,,,,0.013940220478010669,,,,,0.024215276414404647,0.022987649093694284,,-0.012845447834201513,,0.024215276414404647,0.007204169115183413,-0.020066676890625343,,,,,,,,,-0.02000677591225866,,,,-0.01742339665363072,,0.022008251336966114,,,-0.011682669530231985,,,-0.01850791154605405,,,0.01620782185690784,,,,,,,,,,0.012583261890944821,-0.008055049247563973,,-0.017127786226136858,,0.009479175255265466,0.010670676134692917,,,0.004654751000261308,0.011159407348782789,,-0.014102704191633434,0.00537577501834572,0.005362876466621732,-0.008306653782172508,,0.007790694065231094,-0.011340590824688024,,,,
2024-03-29,,-0.020733021761852464,,,,-0.01858554817402084,,-0.015219838622137691,0.02751192872953449,-0.018194048630639992,,,-0.02720674177428182,,,,,,,-0.020203091822621266,,,,,,,,,,,-0.023142940263687073,,,0.008040422093482144,,0.02111550344684237,,,,,,,,,,,,,,-0.021582337466046514,,,,-0.02720674177428182,,,,,,,,,,-0.025766587618229267,,,,,,,,-0.015470435615494993,-0.02720674177428182,,-0.02720674177428182,,,,,,,-0.02186107824371138,,,,,0.02751192872953449,0.02751192872953449,,,,,,,,,-0.005930173083619138,-0.02720674177428182,,,,,,,0.02751192872953449,,,-0.017543107886880578,,,,,,0.02249536274962272,,,,,,,,,-0.021173959863760604,,0.02751192872953449,,,,0.02751192872953449,-0.020925743050681567,,,0.021730193028739814,,,,,,,,,,,,,0.019597685191457864,,,-0.01586046059888901,,,,0.02751192872953449,,,,,,,,,,,,,,,,,-0.01886727344223253,,,,0.01776744592412642,0.025846503070832274,-0.01642050799320718,-0.026283451362560297,,,,,,,,,0.023420230638070517,,-0.02720674177428182,,,-0.019708446696209213,,,0.02751192872953449,,,0.022967811667592125,-0.02720674177428182,,,,,,-0.017639430127946425,,-0.02699039113620719,,,,0.021616921458163935,,,,0.016715934652312192,,,,0.02751192872953449,,,,,0.02751192872953449,,,,,,,,-0.01397918449030285,,0.02751192872953449,,,,,-0.023236627536317896,,-0.02083670903355766,0.02751192872953449,,,,,,,,,,,,,,,,,,,,,,,,,,,,,,,,,,-0.02720674177428182,-0.02720674177428182,,,,,,,-0.022060055619002917,,,,,,0.021552624621034425,-0.01822002114085378,,,-0.026685104653232955,-0.02720674177428182,,,,,,-0.02225285530544442,,,,,,,,0.011540587956781236,-0.02720674177428182,,,,,,,,,,,,,,,,0.02751192872953449,,,,,,,0.020009424411537916,,,,,,,,,,,,0.02751192872953449,,,,-0.02720674177428182,,,,,,,,,,,,0.0245428503226782,,,,-0.02720674177428182,,,,,-0.024284847402711668,,,0.02751192872953449,0.021270585668944818,0.02751192872953449,,,,,,-0.01584832063543884,,,0.022447811885150434,,,,,,,0.017695766609564362,,,,,,,0.02751192872953449,,,,-0.012627209520025431,,,,-0.014028701360136647,,0.005502983243715832,,,,,,-0.02720674177428182,-0.02720674177428182,0.02180868831780166,,,-0.016313936874478387,,,0.010721642801171053,,,0.025340251598990098,,-0.017173217877271628,,,,,,,0.02751192872953449,0.02751192872953449,,,,,0.02751192872953449,0.017642111908307584,-0.01953485403761885,,,0.02751192872953449,,0.02751192872953449,,,,-0.020777929370617166,,,,,,,,,-0.020215569872880708,,,,,,0.01300629048277306,,,,,,,,,,0.004678130320205028,-0.011360188002431167,-0.02407502854101954,,,0.02419134457069169,0.010620016559423342,,,0.010553897779747332,0.01862681376973498,,,0.006124318756481272,0.011917546203634359,,0.010199307372036375,0.016197791450285517,-0.013053871233487058,,,,
2025-07-31,,0.013832267933780932,,,,,,-0.005860304525887069,,,,,,0.016132852757469476,0.016132852757469476,,,,,0.012339245915025531,,-0.016006063836180754,,0.011175433723909682,0.016009574618026663,,,,,,-0.01426970184097606,,-0.016006063836180754,,,-0.00845359934315327,,,,,,-0.015405528987246833,,-0.015932755949192145,,,0.015193034540273665,0.016132852757469476,,,,,,-0.008178613107071436,,,,,,,-0.016006063836180754,0.0068220773312211505,,,,-0.016006063836180754,-0.011229894467660198,,,0.016132852757469476,,0.007795775394849301,,,,,,,,-0.016006063836180754,,,,,,,0.016132852757469476,,,,,,,,-0.016006063836180754,,-0.006038253022390159,,,,,-0.011689312953617387,,-0.011051022858301713,,,,-0.012592789415653585,,,,,-0.015628173443734204,0.011034431877605812,,,0.010065380391236856,,,,-0.011689575015407369,,,,0.009081184508179279,0.011725642713984909,,-0.016006063836180754,,-0.015296923371758663,,,-0.009120091052956596,,,,0.016132852757469476,,,,,,-0.015427946720723135,,,0.016132852757469476,,,-0.006310533873490595,,,,,,,0.011206153683530956,,-0.015767615421765423,,,,,,,,-0.016006063836180754,,-0.016006063836180754,-0.011138880209207676,,,-0.006668486848268478,,,-0.016006063836180754,-0.016006063836180754,-0.007878809559896794,,0.016132852757469476,,,,,,,0.016132852757469476,,,,,,,,,,,,,,,,,,,-0.012093623161101928,,,,,,,0.016132852757469476,,,,-0.013569303934289826,,,,,,,,,,,,-0.010213117125812868,,,,-0.011683752118876761,,,-0.016006063836180754,,,,,,,,,,,,,,,,,,,0.016132852757469476,,-0.015564743066939574,,,,,,,,,,,,,,,,,,0.012997240409915217,,,,0.016132852757469476,,,,,,,,,,-0.016006063836180754,,,,,,,,,,,,,,,,,0.01439783629727455,,0.016132852757469476,,,,,,,0.013973836834042063,,,,0.016132852757469476,,,,,,,,,,,-0.010069695323360077,,,,,,,,,,-0.012727018513958964,,,,,,,,0.007655591655037361,,,,-0.013339126729250588,,,,0.01216383380653586,,,,-0.016006063836180754,0.011800491681888927,-0.011424562070693334,,,,-0.009652960728333694,0.016132852757469476,,,,,,,0.010063128435361795,,,0.010381875940074973,,,,-0.010723472892332594,,-0.016006063836180754,0.016132852757469476,,,,,,,-0.010040125812240414,,,,,,0.005732292330732075,,,,,-0.00852109413736039,,,0.009828442016486178,0.01572770277228498,,-0.008360059590321005,,,,,,,,,,0.009257961281247583,,0.009036506015561004,-0.008508211640001755,0.013083380979902666,,,,,,,,,,,,,,,,,,,,,,,,,,,,,,,,,,,,,,,,,,,-0.013121028798205954,0.007711344494165829,,0.010300786213525525,-0.016006063836180754,,,,,,,,-0.007579512541359471,,,-0.006211578710714367,,0.011709007807282132,,,0.01169050779171976,0.012347150344033475,,,0.009455800765805218,0.0075413170041424,0.016132852757469476,0.0075415085236669975,0.010780286572087957,,0.008315522828747392,,0.0060675474803990916,0.015029220471877517
2025-08-29,,0.016084801182511706,,-0.0135223929942005,,,-0.016105723875959217,-0.012440908341577453,,,,,-0.016105723875959217,,0.014876030224546463,0.016084801182511706,,,,0.006988455838204604,,,,0.011128497567618436,0.016084801182511706,,,,-0.003675878425035394,,,,-0.013919708990294436,,,-0.011820424586032096,,,,,,,,,,,0.016084801182511706,,,,-0.01221726696959618,,,,,,,,,,-0.016105723875959217,0.015430335120470337,,,,-0.012667214557556213,-0.016105723875959217,,,0.016084801182511706,,0.016084801182511706,,,,0.016084801182511706,,,,-0.013105642568934227,,,,,,-0.016105723875959217,0.014690855264051887,,,,,,,,-0.010326848436555012,,,,,,,-0.014718565944610063,,-0.009789573748340987,,,,-0.010256280690782325,,,,,-0.013355755682663926,0.011584280294006058,,,,,-0.016105723875959217,,-0.009608222566312918,,,,0.016084801182511706,0.011940462199203758,,,,-0.016105723875959217,,0.012531072793815367,,,,,0.013930114368069967,,,,,,,,,0.016084801182511706,,,,,-0.013663247121367517,,0.014044648244065582,,,0.016084801182511706,,-0.016105723875959217,,,,,,0.014889576002621089,,-0.016105723875959217,,-0.016105723875959217,-0.007837697803454889,,0.016084801182511706,,,,-0.016105723875959217,-0.015695101148668344,,,,,,,,,,0.011179483945031566,-0.011409725844943661,,,,,,,,,,,,,,,,,,,,,,,,,0.016084801182511706,,,-0.016105723875959217,,,,,,,,,,,,,-0.011943862742173543,,,,-0.016105723875959217,,,,,,,,,,,,,,,,-0.01252375133913864,,,,,,,,-0.011605736241118486,,,,,,,,,,,,,,,,,0.009915132888549892,0.016084801182511706,,-0.016105723875959217,,0.010383625958070384,,,,,-0.016105723875959217,,,,,,,,0.01432089643140912,,,,,,,,,,,,,,0.010537324685430565,,,,,,,,,,,,-0.011722234678321375,,,,,,,,,,,,-0.005700352636750918,,,,,,,,,,-0.008645095703180101,,,,,,,,0.005253048062558946,,,,,,-0.015082998578405817,,0.00563023444012337,,,-0.011246649461660384,-0.016105723875959217,0.016084801182511706,-0.011499605203927928,,,,,,,,,,,-0.01303453161639058,0.006775490401996992,,-0.01291394041919552,0.016084801182511706,,,,-0.016105723875959217,,-0.01186474744330388,0.016084801182511706,,,,,,,-0.007375261160484298,,,,0.016084801182511706,,0.008453074761403065,,,,,-0.005716606913241065,,,0.012306673258024913,0.010191523531543898,-0.010715298122370357,,,,,,,,,,-0.016105723875959217,,,0.016084801182511706,-0.008771994974427062,0.012091749052401226,,,,,-0.014798387700236264,,,,,,0.016084801182511706,,,,,,,,,,,,,,,,,,,,,,,,,,,,,,,,,0.010272070528647459,,0.016084801182511706,,,,,,,,,-0.008701514586577095,,,-0.009113284008828479,,0.010113087751024243,,,0.006889716639557736,0.009819432397098808,,,0.008068801452683324,0.005813669136561441,0.016084801182511706,0.0073139968772124725,0.01282333532559115,0.006767469926577968,0.016084801182511706,,0.012089548334494276,
1996-05-31,,,0.03428718334664874,0.03428718334664874,,,,0.02657274427077682,0.03428718334664874,0.03428718334664874,,0.03428718334664874,,0.03428718334664874,0.03428718334664874,,,,0.027390389857764447,0.03010882655728622,0.03428718334664874,,0.016831927885763966,,,,0.03428718334664874,0.03428718334664874,0.025156196081182716,,0.028241151458925792,,,,,-0.011108045640023316,-0.03160203048081826,-0.023542870205956568,-0.03373199269211386,,,-0.03373199269211386,-0.03373199269211386,-0.03373199269211386,,-0.03373199269211386,,,,-0.03373199269211386,-0.03373199269211386,,,,,,-0.03373199269211386,-0.03373199269211386,-0.03373199269211386,,,-0.03373199269211386,,,-0.03373199269211386,,0.03428718334664874,0.03428718334664874,,,,,0.03428718334664874,,,,,0.03428718334664874,,0.01349901014371057,,,-0.004700162455286419,,-0.02747878449501197,,,-0.03373199269211386,,,,,,,-0.03373199269211386,0.03428718334664874,,,,,0.03428718334664874,0.03428718334664874,0.0234995598906409,-0.01438644201603682,,-0.03373199269211386,,-0.03373199269211386,,0.03428718334664874,,0.03428718334664874,,,,,-0.03373199269211386,-0.03373199269211386,-0.03373199269211386,,0.03428718334664874,0.03428718334664874,0.03428718334664874,0.026475402165222293,0.021554427000179642,0.020121003096768147,-0.023918526746400017,-0.03373199269211386,-0.03373199269211386,-0.03373199269211386,-0.03373199269211386,-0.03373199269211386,-0.03373199269211386,-0.03373199269211386,,,,,,,,,,,,,,,,,,,,,,,,,,,,,,,,,,,,,,,,,,,,,,,,,,,,,,,,,,,,,,,,,,,,,,,,,,,,,,,,,,,,,,,,,,,,,,,,,,,,,,,,,,,,,,,,,,,,,,,,,,,,,,,,,,,,,,,,,,,,,,,,,,,,,,,,,,,,,,,,,,,,,,,,,,,,,,,,,,,,,,,,,,,,,,,,,,,,,,,,,,,,,,,,,,,,,,,,,,,,,,,,,,,,,,,,,,,,,,,,,,,,,,,,,,,,,,,,,,,,,,,,,,,,,,,,,,,,,,,,,,,,,,,,,,,,,,,,,,,,,,,,,,,,,,,,,,,,,,,,,,,,,,,,,,,,,,,,,,,,,,,,,,,,,,,,,,,,,,,,,,,
1996-06-28,,,0.03645761322995495,,,,,0.03645761322995495,0.03645761322995495,0.03645761322995495,,0.03645761322995495,,,0.03645761322995495,,,,0.028587888222692606,,0.03645761322995495,,0.025993571534966405,,,0.03645761322995495,0.03548827613961019,0.029204469678709252,0.026018720629108767,,0.034244532426248954,,,,,-0.020375891132536413,-0.028013661291628054,-0.03275235558070168,-0.033134433781389715,,-0.038528755049707285,-0.038528755049707285,-0.038528755049707285,,,-0.038528755049707285,,-0.03121748862711861,,-0.03749315504108474,,,,,,,-0.03342821817702532,-0.038528755049707285,-0.038528755049707285,,,-0.038528755049707285,,,-0.038528755049707285,,0.03645761322995495,0.03645761322995495,,,,,0.03645761322995495,-0.022978285563451266,,,,0.03645761322995495,0.03645761322995495,,,,,,-0.02767186664323045,,,,,,,,-0.038528755049707285,,-0.038528755049707285,0.03645761322995495,,,,0.03645761322995495,0.03645761322995495,0.03645761322995495,0.033588459011802456,-0.014769698273254608,,-0.038528755049707285,,-0.038528755049707285,,0.03645761322995495,,,,,-0.038528755049707285,,,-0.033623734931764564,-0.038528755049707285,,0.03645761322995495,,,,0.03645761322995495,,-0.02464720630673634,,,,-0.038528755049707285,-0.038528755049707285,-0.038528755049707285,-0.038528755049707285,0.03645761322995495,0.03645761322995495,0.03645761322995495,0.03645761322995495,0.03385722455385104,0.02641797813832243,-0.03770274151016345,-0.038528755049707285,-0.038528755049707285,,,,,,,,,,,,,,,,,,,,,,,,,,,,,,,,,,,,,,,,,,,,,,,,,,,,,,,,,,,,,,,,,,,,,,,,,,,,,,,,,,,,,,,,,,,,,,,,,,,,,,,,,,,,,,,,,,,,,,,,,,,,,,,,,,,,,,,,,,,,,,,,,,,,,,,,,,,,,,,,,,,,,,,,,,,,,,,,,,,,,,,,,,,,,,,,,,,,,,,,,,,,,,,,,,,,,,,,,,,,,,,,,,,,,,,,,,,,,,,,,,,,,,,,,,,,,,,,,,,,,,,,,,,,,,,,,,,,,,,,,,,,,,,,,,,,,,,,,,,,,,,,,,,,,,,,,,,,,,,,,,,,,,,,,,,,,,,,,,,,,,,,,,,,,,,,,,
1996-07-31,,,0.029019721893422112,,,,,0.029019721893422112,,0.029019721893422112,0.029019721893422112,0.029019721893422112,,,,,,,0.029019721893422112,,0.029019721893422112,,0.017109358816913896,,,,0.023045689048554942,0.014375226735829078,0.020029491258824934,-0.016865099449290908,0.015732820501512118,,,,,-0.019937815990113173,-0.027974951408330236,,-0.018707740160690444,,,-0.030156859757096022,-0.030156859757096022,-0.030156859757096022,,,,-0.024718979408676102,,-0.030156859757096022,-0.030156859757096022,,,-0.030156859757096022,,,-0.030156859757096022,,-0.030156859757096022,,,-0.030156859757096022,,,-0.030156859757096022,,0.029019721893422112,0.029019721893422112,,,,,0.029019721893422112,-0.01722138660105534,,,,0.029019721893422112,0.029019721893422112,,,,0.012995800894396779,,,,-0.030156859757096022,,,,,,-0.02593894966349132,-0.030156859757096022,-0.030156859757096022,0.029019721893422112,,,,,0.02891046981743513,,0.029019721893422112,-0.012327523859633214,,-0.030156859757096022,,,,0.029019721893422112,,,,,,,,-0.030156859757096022,-0.030156859757096022,,0.029019721893422112,,,0.026588426978676406,0.029019721893422112,,-0.013971593578912155,,,,,,,-0.030156859757096022,0.029019721893422112,0.029019721893422112,,0.029019721893422112,0.018647065946443088,,-0.030156859757096022,,-0.030156859757096022,0.029019721893422112,0.029019721893422112,0.029019721893422112,0.029019721893422112,-0.014858105706577,-0.02281105976665862,-0.02528041494827207,-0.030156859757096022,-0.030156859757096022,,,,,,,,,,,,,,,,,,,,,,,,,,,,,,,,,,,,,,,,,,,,,,,,,,,,,,,,,,,,,,,,,,,,,,,,,,,,,,,,,,,,,,,,,,,,,,,,,,,,,,,,,,,,,,,,,,,,,,,,,,,,,,,,,,,,,,,,,,,,,,,,,,,,,,,,,,,,,,,,,,,,,,,,,,,,,,,,,,,,,,,,,,,,,,,,,,,,,,,,,,,,,,,,,,,,,,,,,,,,,,,,,,,,,,,,,,,,,,,,,,,,,,,,,,,,,,,,,,,,,,,,,,,,,,,,,,,,,,,,,,,,,,,,,,,,,,,,,,,,,,,,,,,,,,,,,,,,,,,,,,,,,,,,,,,,,,,,,,,,,,,,,
1996-08-30,,,0.029685678524427748,,,0.029685678524427748,,0.029685678524427748,,0.029685678524427748,,,,0.029685678524427748,,,,,0.016860704947222686,,0.029685678524427748,,0.024060713171321944,-0.015087546472502104,,,0.028687854383663395,0.0165139628967498,0.029685678524427748,,0.016146829237855896,,,,,-0.016185305426398507,-0.02621056129161937,,-0.025625270534101654,,,-0.030304696297176224,-0.030304696297176224,,,,0.029685678524427748,-0.030304696297176224,,-0.030304696297176224,,,,,,,-0.030304696297176224,-0.030304696297176224,-0.030304696297176224,,,-0.030304696297176224,,,-0.030304696297176224,,0.029685678524427748,,0.029685678524427748,,0.029685678524427748,,0.029685678524427748,-0.021725361856057907,,,,0.029685678524427748,,,,,,,-0.023442742684341655,,,,,,,,-0.029187499006607793,,-0.030304696297176224,,,,,0.021857955827231264,0.024822093735936707,,0.01836434774643655,-0.011815738004734913,,,,-0.030304696297176224,,,,,,,,,,-0.020817305564737962,-0.030304696297176224,,,0.029685678524427748,,0.019374942970148128,0.029685678524427748,,,,,,-0.030304696297176224,,,-0.030304696297176224,,0.029685678524427748,,0.029685678524427748,,,-0.030304696297176224,,-0.030304696297176224,,,0.029685678524427748,,-0.014129857809782917,-0.028215182314070743,,-0.030304696297176224,,0.029685678524427748,0.029685678524427748,0.029685678524427748,0.029685678524427748,0.029685678524427748,0.029685678524427748,-0.030304696297176224,-0.030304696297176224,-0.030304696297176224,-0.030304696297176224,-0.030304696297176224,,,,,,,,,,,,,,,,,,,,,,,,,,,,,,,,,,,,,,,,,,,,,,,,,,,,,,,,,,,,,,,,,,,,,,,,,,,,,,,,,,,,,,,,,,,,,,,,,,,,,,,,,,,,,,,,,,,,,,,,,,,,,,,,,,,,,,,,,,,,,,,,,,,,,,,,,,,,,,,,,,,,,,,,,,,,,,,,,,,,,,,,,,,,,,,,,,,,,,,,,,,,,,,,,,,,,,,,,,,,,,,,,,,,,,,,,,,,,,,,,,,,,,,,,,,,,,,,,,,,,,,,,,,,,,,,,,,,,,,,,,,,,,,,,,,,,,,,,,,,,,,,,,,,,,,,,,,,,,,,,,,,,,,,,,,,,,
1996-10-31,,,0.048028935983803436,0.048028935983803436,,,,0.048028935983803436,,0.048028935983803436,,0.048028935983803436,,,,,,,0.044650331626569374,,0.04163957071884599,,0.025111894049361615,,,,0.03359170565368075,0.040255843538072385,0.03877427165460019,,,-0.03375157201224675,,,,,,,,,,-0.047936138045638635,-0.047936138045638635,,-0.047936138045638635,,,-0.047936138045638635,,-0.03859313348870285,-0.047936138045638635,,,-0.047936138045638635,,0.048028935983803436,,,-0.047936138045638635,,,-0.047936138045638635,,,-0.047936138045638635,,0.048028935983803436,0.048028935983803436,,,0.048028935983803436,,0.043618204534259256,-0.046803892671039,,0.048028935983803436,,0.048028935983803436,,,,,,,-0.03223993949968561,,,,,,,,-0.047936138045638635,,-0.047936138045638635,0.048028935983803436,,,,,0.042869947240557336,,0.03777330422932147,-0.012708351849895116,,,,,,,,,-0.047936138045638635,,,-0.047936138045638635,,-0.028981050725991477,,,,0.048028935983803436,0.048028935983803436,0.030760274756199475,0.048028935983803436,,-0.03833617312943832,,,,-0.047936138045638635,,-0.047936138045638635,,,,,0.048028935983803436,,,,,-0.047936138045638635,,,,,,,,-0.047936138045638635,,,0.048028935983803436,0.048028935983803436,,,0.048028935983803436,,,,,-0.047936138045638635,0.03785024669630259,0.048028935983803436,,,-0.047936138045638635,-0.047936138045638635,,-0.047936138045638635,-0.03825870991131154,0.048028935983803436,0.04239756614301123,0.03209918349934618,-0.031923725570723385,-0.047936138045638635,-0.047936138045638635,-0.047936138045638635,-0.047936138045638635,,,,,,,,,,,,,,,,,,,,,,,,,,,,,,,,,,,,,,,,,,,,,,,,,,,,,,,,,,,,,,,,,,,,,,,,,,,,,,,,,,,,,,,,,,,,,,,,,,,,,,,,,,,,,,,,,,,,,,,,,,,,,,,,,,,,,,,,,,,,,,,,,,,,,,,,,,,,,,,,,,,,,,,,,,,,,,,,,,,,,,,,,,,,,,,,,,,,,,,,,,,,,,,,,,,,,,,,,,,,,,,,,,,,,,,,,,,,,,,,,,,,,,,,,,,,,,,,,,,,,,,,,,,,,,,,,,,,,,,,,,,,,,,,,,,,,,,,,,,,,,,,,,,,,,,,,,,,,
1996-11-29,,,0.04062425253236496,,,,,0.04062425253236496,,0.032487633904282186,,,,,,,,,0.03036728881394984,,0.04062425253236496,,,,,,0.03315604011309297,0.02920844652838318,,,,-0.014441268212153356,,,,,-0.016969731436477443,,,-0.013895985736218917,,-0.042521441882686264,-0.043500125998091256,,,,0.04062425253236496,-0.043500125998091256,,-0.03691476774552993,-0.043500125998091256,,-0.043500125998091256,-0.034315900331541,,0.04062425253236496,,-0.043500125998091256,-0.043500125998091256,,,-0.043500125998091256,,,-0.043500125998091256,0.04062425253236496,0.04062425253236496,0.04062425253236496,,,0.04062425253236496,,,-0.043500125998091256,,,,0.04062425253236496,,0.03354759959668121,,,,,-0.021416094291391498,,,,,,,,-0.043500125998091256,,-0.043500125998091256,,,,-0.043500125998091256,,0.04062425253236496,,0.028825293182427183,-0.02459154407381987,,,0.04062425253236496,,,,,,,,,-0.043500125998091256,,-0.03217086660790963,,,,0.04062425253236496,0.04062425253236496,0.033612391128801745,0.04062425253236496,,-0.02481883296646974,,,,-0.043500125998091256,,-0.043500125998091256,-0.043500125998091256,0.04062425253236496,,,0.04062425253236496,,,,,-0.043500125998091256,,,,,,,,,,,0.04062425253236496,,0.04062425253236496,,0.04062425253236496,,-0.043500125998091256,,,-0.043500125998091256,0.04062425253236496,,,,-0.043500125998091256,-0.028269320671366373,,,,0.04062425253236496,,0.015313967331189917,,-0.043500125998091256,-0.043500125998091256,-0.043500125998091256,,0.04062425253236496,0.04062425253236496,0.04062425253236496,0.038703678003730986,,,,,,,,,,,,,,,,,,,,,,,,,,,,,,,,,,,,,,,,,,,,,,,,,,,,,,,,,,,,,,,,,,,,,,,,,,,,,,,,,,,,,,,,,,,,,,,,,,,,,,,,,,,,,,,,,,,,,,,,,,,,,,,,,,,,,,,,,,,,,,,,,,,,,,,,,,,,,,,,,,,,,,,,,,,,,,,,,,,,,,,,,,,,,,,,,,,,,,,,,,,,,,,,,,,,,,,,,,,,,,,,,,,,,,,,,,,,,,,,,,,,,,,,,,,,,,,,,,,,,,,,,,,,,,,,,,,,,,,,,,,,,,,,,,,,,,,,,,,,,,,,,,,,,,,,,
1996-12-31,,,0.04115304709368289,0.04115304709368289,,,,0.04115304709368289,,,,0.04115304709368289,,,,,,,0.04115304709368289,-0.041052005541692554,0.04115304709368289,,,,,,0.03246779376686423,,,,,-0.026868464292629367,-0.042861223540693175,,,,-0.030413397470727827,,,-0.01346070218785995,,-0.042861223540693175,-0.042861223540693175,,,-0.042861223540693175,,-0.042861223540693175,,-0.042861223540693175,,,-0.042861223540693175,-0.042861223540693175,,0.04115304709368289,,-0.042861223540693175,-0.042861223540693175,,,-0.042861223540693175,,,-0.042861223540693175,0.04115304709368289,0.04115304709368289,0.04115304709368289,,,0.04115304709368289,,0.04115304709368289,-0.012889118824176137,,,0.04115304709368289,,,,,-0.042861223540693175,0.009821766987526511,,,,,,,,,,-0.03213811871655769,,-0.042861223540693175,,,,,,0.04115304709368289,,0.03851818526157219,-0.02710689864696559,,,,,,,,,,,,,,-0.017621964677883274,,,,0.04115304709368289,,,,0.01692244730710548,,,,-0.042861223540693175,-0.042861223540693175,,,-0.042861223540693175,0.04115304709368289,0.04115304709368289,,0.04115304709368289,,,,,,0.04115304709368289,,,,,,,,,,,,0.04115304709368289,,,,-0.042861223540693175,-0.042861223540693175,,-0.042861223540693175,0.03541134980996277,,,,-0.042861223540693175,-0.042861223540693175,,,,0.04115304709368289,,0.01633805709793008,-0.032463473923530856,,-0.042861223540693175,-0.042861223540693175,,,0.038743137309529205,0.04115304709368289,0.039805973225776684,0.04115304709368289,0.04115304709368289,0.04115304709368289,0.03704327785527497,-0.031214656704955383,,,,,,,,,,,,,,,,,,,,,,,,,,,,,,,,,,,,,,,,,,,,,,,,,,,,,,,,,,,,,,,,,,,,,,,,,,,,,,,,,,,,,,,,,,,,,,,,,,,,,,,,,,,,,,,,,,,,,,,,,,,,,,,,,,,,,,,,,,,,,,,,,,,,,,,,,,,,,,,,,,,,,,,,,,,,,,,,,,,,,,,,,,,,,,,,,,,,,,,,,,,,,,,,,,,,,,,,,,,,,,,,,,,,,,,,,,,,,,,,,,,,,,,,,,,,,,,,,,,,,,,,,,,,,,,,,,,,,,,,,,,,,,,,,,,,,,,,,,,,,,,,,,,,
1997-01-31,,,0.034700293711296966,0.034700293711296966,,,,0.034700293711296966,,,,0.034700293711296966,0.034700293711296966,,,,,,0.028007943119720633,,0.03206188785169973,0.034700293711296966,,-0.024347184102306747,,,0.03392872429163068,,,0.029232557789143517,,-0.022893653153043272,,0.026742062452573094,,,-0.0350556973617955,,,,,-0.0350556973617955,,,,-0.0350556973617955,,-0.0350556973617955,,-0.0350556973617955,,,-0.0350556973617955,-0.0350556973617955,0.034700293711296966,0.034700293711296966,,-0.0350556973617955,-0.0350556973617955,,,,,,-0.0350556973617955,0.034700293711296966,,0.034700293711296966,,,,-0.0350556973617955,,-0.020053732704083064,,,,,,,-0.02990321567610908,,0.014599579266474724,,,,,,,,,,,,-0.0350556973617955,0.034700293711296966,,,-0.0350556973617955,,0.034700293711296966,,0.034700293711296966,,,,,,,,,,,,,-0.0350556973617955,,-0.019343743573174678,,,,0.034700293711296966,,,,0.029240850493369514,-0.029714909316185614,,,-0.0350556973617955,-0.0350556973617955,,,-0.0350556973617955,0.034700293711296966,0.034700293711296966,,,,,,,,0.034700293711296966,,,-0.0350556973617955,,,,,0.034700293711296966,,,,0.034700293711296966,,,-0.0350556973617955,-0.0350556973617955,-0.0350556973617955,,-0.0350556973617955,0.028507275562309812,,,,-0.0350556973617955,,,,,,,0.015374846939540361,,,,,,0.034700293711296966,0.034700293711296966,0.034700293711296966,0.034700293711296966,,,0.034700293711296966,,,0.031048835621327216,-0.020280093891396428,-0.023566948635934445,-0.0350556973617955,-0.0350556973617955,-0.0350556973617955,,,,,,,,,,,,,,,,,,,,,,,,,,,,,,,,,,,,,,,,,,,,,,,,,,,,,,,,,,,,,,,,,,,,,,,,,,,,,,,,,,,,,,,,,,,,,,,,,,,,,,,,,,,,,,,,,,,,,,,,,,,,,,,,,,,,,,,,,,,,,,,,,,,,,,,,,,,,,,,,,,,,,,,,,,,,,,,,,,,,,,,,,,,,,,,,,,,,,,,,,,,,,,,,,,,,,,,,,,,,,,,,,,,,,,,,,,,,,,,,,,,,,,,,,,,,,,,,,,,,,,,,,,,,,,,,,,,,,,,,,,,,,,,,,,,,,,,,,,,,,,
1999-09-30,,,0.025880884327638062,,,,,0.025880884327638062,,,,,,,,,,,,-0.025986731818492627,-0.023683006338941638,,-0.018014756513972337,0.016607764068964567,,0.025880884327638062,-0.025328567890111987,-0.026333657266532765,,,0.014060850903441544,,,,,-0.011650705509457661,0.017912724575443576,,,-0.026333657266532765,0.025880884327638062,,,,,,-0.026333657266532765,-0.01200851139835021,,,,-0.026333657266532765,,,,,,,,,,,,-0.026333657266532765,,,0.025880884327638062,-0.026333657266532765,-0.026333657266532765,,,-0.013343321934064687,,0.025880884327638062,,0.025880884327638062,0.025880884327638062,-0.026333657266532765,,,,,,,,,0.025880884327638062,,,,-0.026333657266532765,,,,,,,,,,,,,-0.013643271287891041,,,,0.021918957932563685,,0.025880884327638062,,,0.0243584414331332,,,,,,,,,,-0.026333657266532765,,,,0.017897185851068333,,,-0.026333657266532765,,-0.026333657266532765,,0.025880884327638062,,,,0.025821152756957177,,0.025880884327638062,,,0.025880884327638062,,-0.026333657266532765,,,,,,,-0.026333657266532765,,,,,,,,,-0.026333657266532765,,,-0.025523634290185122,,-0.026333657266532765,-0.01996296432405118,-0.026333657266532765,,0.025880884327638062,0.025880884327638062,,,-0.026333657266532765,,0.025880884327638062,,,,,,0.02153182614936535,0.025880884327638062,,-0.026333657266532765,,0.025880884327638062,,,,,,,,,,,,-0.026333657266532765,,,,,,-0.026333657266532765,,,,,,,,,,,-0.026333657266532765,,,,,,,,,,,,-0.025558552001406103,,,0.025880884327638062,,,,,0.025880884327638062,,,0.025880884327638062,,,,0.025880884327638062,,0.025880884327638062,0.025880884327638062,,-0.02045797017795985,0.022898608269636703,,,,,,,,,0.0145204280331315,,,,0.025880884327638062,,,,,,,,,,,,,0.025880884327638062,-0.026333657266532765,,,,,,-0.026333657266532765,,,,,,,,,,,0.025880884327638062,,0.0168118398000396,-0.019620231471769622,-0.026333657266532765,,,,,,,,,,,,,,,,,,,,,,,,,,,,,,,,,,,,,,,,,,,,,,,,,,,,,,,,,,,,,,,,,,,,,,,,,,,,,,,,,,,,,,,,,,,,,,,,,,,,,,,,,,,,,,,,,,,,,,,,,,,,,,,,,,,,,,,,,,,,,,,,,,,,,,,,,,,,,,,,,,,,,,,,,,,,,,,,,,,,,,,,,,,,,,,,,,,,,,,,
2000-01-31,,,0.026494389331810853,-0.026308848958656688,,,,0.026494389331810853,-0.026308848958656688,,-0.026308848958656688,,,,-0.026308848958656688,-0.026308848958656688,,,,,,,,,,,,-0.021321826407304054,-0.026308848958656688,0.01296856876293355,0.013914784641267679,,,,,,,,,,,,,,,,-0.026308848958656688,-0.026308848958656688,0.026494389331810853,0.026494389331810853,,-0.01930378440773421,-0.026308848958656688,,,0.026494389331810853,,,,,0.026494389331810853,,,,,,,-0.026308848958656688,,,,,,0.020104968679805414,,0.026494389331810853,,-0.021847556393819797,,,,-0.026308848958656688,,-0.022594688506961245,,,0.026494389331810853,,,,-0.026308848958656688,,,,-0.026308848958656688,,-0.026308848958656688,,,,,,,,,,-0.026308848958656688,0.026494389331810853,,,,,,,,,,0.026494389331810853,,,,,,0.007414963675376976,,,,,,,,-0.02071768646058751,,,,,,,,0.02576274910855639,,,0.026494389331810853,,,0.026494389331810853,,,,,,-0.026308848958656688,-0.015970611073664827,,0.026494389331810853,,,,,,,,,-0.007674672678833717,0.026494389331810853,-0.026308848958656688,-0.023719310655374685,-0.026308848958656688,,0.026494389331810853,,-0.026308848958656688,,-0.011348514333939002,,,,,,,,0.026494389331810853,,,-0.02013085216631256,,,,,,,,,,,,,,,0.026494389331810853,,,,,,,,,,,,,,,-0.026308848958656688,0.026494389331810853,,,,,0.026494389331810853,,0.026494389331810853,,,-0.02231106461094718,,-0.026308848958656688,,0.026494389331810853,,,-0.026308848958656688,,,,,,0.026494389331810853,,,,,,,0.026494389331810853,,-0.013820654337965815,0.01484409059503912,,,0.011505025101165568,,,,,,,,,,,,,,,,,,,,0.026494389331810853,,,0.018105092138747707,-0.026308848958656688,,,,,,,,,,,,,-0.026308848958656688,,0.019650707792023044,0.026494389331810853,0.026494389331810853,,0.018677443172899096,-0.026308848958656688,-0.026308848958656688,0.026494389331810853,0.026494389331810853,,,,,,,,,,,,,,,,,,,,,,,,,,,,,,,,,,,,,,,,,,,,,,,,,,,,,,,,,,,,,,,,,,,,,,,,,,,,,,,,,,,,,,,,,,,,,,,,,,,,,,,,,,,,,,,,,,,,,,,,,,,,,,,,,,,,,,,,,,,,,,,,,,,,,,,,,,,,,,,,,,,,,,,,,,,,,,,,,,,,,,,,,,,,,,,,,,,,,,
2008-11-28,,,0.009040678628905991,,,,0.007886488566354273,-0.012047777436946867,,,,0.012432919639275862,0.008491834968777043,,,,,0.009025835108254434,0.011342971309330593,-0.010954948651643003,,,-0.012440331386469142,,,0.009817323538249954,,-0.010931875534356225,0.008697773463118308,-0.012440331386469142,,,,-0.008699002196635778,-0.012440331386469142,,,,-0.012440331386469142,0.012432919639275862,,-0.012440331386469142,,,,,0.010274632023039236,,,,,,0.0112776966184246,-0.012440331386469142,,-0.012440331386469142,0.012432919639275862,,0.012432919639275862,,0.010166525067180155,,,,,,,,,,0.008301867614287495,,,,,,,0.0074490929956394876,,,,,-0.012440331386469142,,,,0.012432919639275862,,,,,,,,,,,,,,,,0.012423249465656212,0.00905585692229238,,,,,,,,,,,,,,,,,,0.010482191105207728,,,,,,,,,,,0.006758938195351518,,,,,-0.012440331386469142,,0.012432919639275862,0.009623770089051263,,,,,,0.0074054777946503565,,,,,,,-0.012440331386469142,-0.01115887957625603,,,0.012432919639275862,,-0.011217006643847971,,,,,,,0.012432919639275862,0.012432919639275862,-0.012440331386469142,-0.009008453148930081,,,,,,,,,,,,,,,,,,,0.010500443486951155,,,,,,,,,,-0.01054522599832505,,0.012432919639275862,,,,,,,0.011035668514649743,,,-0.004933576685936862,,,,,,,0.012432919639275862,0.012432919639275862,,,,,,,,,,,,,,,,,0.012432919639275862,0.012432919639275862,,,,,0.012432919639275862,-0.012440331386469142,0.01033478693629903,-0.00962028730120049,-0.011873029684271938,,,0.011760742320143182,,,,,,,,,,,0.012432919639275862,,,,,,,,,-0.006840174218453039,,,,,,,,-0.012440331386469142,,,,,,,,-0.012440331386469142,,,,-0.010734524505109375,,,,-0.012308188446805155,,,,,,,,,0.012432919639275862,,,,0.011729667297956334,,-0.012440331386469142,,,,,,0.012432919639275862,,,-0.012440331386469142,0.012282438548605674,,,,,-0.012440331386469142,,,,,,,,,,,,,,0.012432919639275862,0.012432919639275862,,,,,-0.012440331386469142,-0.00987817314618237,,,-0.009563231778246745,,,,-0.012440331386469142,0.012432919639275862,,0.008086735944492957,,-0.008043111631906888,-0.01088337805422311,,-0.008619327275692186,0.008062146740161145,,,,,,,,,,-0.012440331386469142,,,-0.012438375698664178,,,-0.005437456983922363,,,-0.012440331386469142,,0.012432919639275862,,,,,,-0.005751350870214927,,,,,-0.011803892783678055,,,-0.009991487008694783,-0.008057662670890043,,,,,,,,,-0.009811376893744525,-0.012440331386469142,,,,,,,,,,,,,,,,,,,,,,,,,,,,,,,,,,,,,,,,,,,,,,,,,,,,,,,,,,,,,,,,,,,,,,,,,,,,,,,,,,,,,,,,,,,
2011-10-31,,,0.017696830026650703,,,,,-0.01832707355123196,-0.016490009094598444,,,,,,,,,,,-0.016368164707356563,,,,,,0.01747216083452558,,,,0.012866500522030627,0.012351122257190334,,,,0.017696830026650703,0.011861476860506715,-0.01832707355123196,0.017242776619077416,,0.011133034369595332,,-0.01832707355123196,,,,,,,,,0.017696830026650703,,,,,0.012781199429464875,,,,,,0.01475560200938291,,-0.01832707355123196,,,,,,-0.01832707355123196,,,,0.017696830026650703,,-0.012453500096863523,,,,0.010700995333228897,,,0.01556672045161089,,,,,0.01601522360981275,,,,0.017315741184257917,-0.01832707355123196,,-0.01832707355123196,,,,-0.01832707355123196,,,,0.017696830026650703,,,-0.015213123387454036,,-0.01832707355123196,-0.01832707355123196,,,,,-0.015359624182054235,,0.008615827441427826,,,,,,,,-0.014775173350610658,,0.012157377424638545,,-0.01622797912114821,,,,,-0.010788343428661893,,,-0.011377143393005384,,,,,0.013485457180746478,,,,,,-0.015057857120457263,-0.014594213836130522,,,,,,,-0.01297409964691012,,,,,,,,,,,,-0.01832707355123196,0.017696830026650703,0.017696830026650703,-0.00954360395199069,,,,-0.01832707355123196,0.017696830026650703,,,,,,,,,,,,,,,,,,0.017696830026650703,-0.01832707355123196,,,0.017696830026650703,,,,,,,,,,,,-0.01832707355123196,,,,,,,,,0.017696830026650703,,,,,,,,0.015700392941316296,,,,-0.01832707355123196,,,,,,,,,,,,,,,-0.012847242097692141,,,,,,0.017696830026650703,,,,,-0.01832707355123196,,,,,,,,,,,,,,,-0.01832707355123196,,,,,,,,,,,,,,,,,,,,,,,,,,0.017696830026650703,,,-0.010117605057656782,,,,,,-0.01832707355123196,-0.015103002240818916,,,,,,,-0.012585508341997299,,,-0.01155472398236024,-0.01832707355123196,,,,,,,-0.015605042234912745,,,,,,,0.015253194940753315,0.011934764348973642,-0.016315035551141048,0.017696830026650703,,,,,,,,,-0.013989115527655801,,0.013561742597350669,,,,,,,,,,,,0.01338115950577973,,-0.00675547838443257,,,,,,,,0.017696830026650703,,,,,,,,-0.010491928606985971,0.014462659324826967,,,,,-0.01832707355123196,,,-0.018181514167515758,,,,,-0.007140656696028383,,,,,,-0.01832707355123196,0.017696830026650703,0.015200839470464777,,,-0.006857843904432106,-0.01832707355123196,,,,0.010599615027688358,,0.015877082814192013,,0.017696830026650703,,,0.017696830026650703,,,0.012601725320816208,,0.017696830026650703,,,0.017696830026650703,0.012578221197630678,,,,0.014857106661019862,0.017696830026650703,,,,,,,,,,,,,,,,,,,,,,,,,,,,,,,,,,,,,,,,,,,,,,,,,,,,,,,,,,,,,,,,,,,,,,
2012-01-31,,,0.022634716983553037,,,,,-0.022778673325418726,-0.022778673325418726,,,,-0.021410562538415695,,,,,,0.019171112795364896,-0.022778673325418726,,,,,-0.022778673325418726,0.022634716983553037,,0.015056151704787305,,0.009811050042807658,0.022634716983553037,,,,0.01795941434739256,,-0.022065408924588633,0.0174778831442829,,0.022634716983553037,,,,,,,,,,,,,,0.020884867298482896,,,,,0.022634716983553037,,,,,-0.022778673325418726,,,,,,,,0.014571249954205308,,,,-0.015343009651429837,,,,0.007948663644749521,,,0.015995025536328835,,,,,0.022634716983553037,,,,0.021366456864832836,,,-0.022778673325418726,,,,-0.022778673325418726,,,,0.022634716983553037,0.020883584036377613,,,,,,,,,,-0.016304002731210576,,0.006984713415866571,,,,,,,,,,,,,,,,,,,-0.022778673325418726,-0.015477330276881515,,-0.022778673325418726,,,0.017576489107670543,,-0.022778673325418726,,0.0108820879145082,,,-0.01718027741932003,,,,0.022634716983553037,,,-0.019185393422609862,,,,,,0.022634716983553037,,,,,,,0.022634716983553037,,-0.016376645742034002,,,,,0.022634716983553037,-0.015839364519162607,,,,,,,,,,,-0.022778673325418726,0.022634716983553037,,-0.015903840332368628,,,0.02016923705147088,-0.022778673325418726,,,0.022634716983553037,,,,,,0.022634716983553037,,,0.022634716983553037,,0.022634716983553037,-0.022778673325418726,,-0.021494361634032393,,,,,,,,,,,,,,,,,,,,,,,,,,0.022634716983553037,,,,,,,,,-0.02241867854505486,,,,,,,0.022634716983553037,,,,,,,,-0.022778673325418726,,,,,,,,,,-0.022778673325418726,,,,,,,,,,,,,,-0.0208861786156324,,,,,,,,,,,,0.022262296038344582,,,-0.019280804322903237,,,,,,,-0.019560081772600806,-0.022778673325418726,,,,-0.016447167326295357,,,,,,,,,0.022634716983553037,,-0.013187720660163136,,-0.022778673325418726,,,,,,,0.014437783125277806,,-0.022778673325418726,,,,,,,,,,-0.022778673325418726,,,0.014539230632944072,,,,-0.022778673325418726,,,,,,,0.015535487342823366,,-0.0067606877422951555,,,,,-0.011567175141184846,,,,,,,,-0.022778673325418726,,,-0.016634305229565133,0.016743710752987487,,,,,-0.022778673325418726,,,,-0.012770063351655717,,,,,,,,,,-0.016422674067755598,,0.017026805424250453,0.022634716983553037,,-0.009189847107112301,-0.02025450848472204,-0.013074208997995952,,,,,0.016205021200031727,,0.022634716983553037,,,,,,0.022634716983553037,,0.022634716983553037,0.020446144420186003,,,0.02177611164037417,,,,0.022634716983553037,,-0.022778673325418726,,,,,,,,,,,,,,,,,,,,,,,,,,,,,,,,,,,,,,,,,,,,,,,,,,,,,,,,,,,,,,,,,,,,,
2018-02-28,,,0.026267301128716645,-0.026462611802606992,,0.02214179029689512,,,,,,,,,,,-0.026462611802606992,,,-0.017147963524031057,,0.02657823256246052,,,,,,,,,,,0.02657823256246052,,,0.024996573267222145,0.02423203841496432,,-0.014696133041460925,,,,-0.024896313674822694,,,,-0.025620793748761653,,,,,,,,,,,,,,,,,,,-0.026462611802606992,-0.022250699246347563,,,,,,,,0.025053063820717248,,,,,,,0.02657823256246052,0.02657823256246052,,-0.026462611802606992,,0.020975518947656837,,,,,,,,-0.026462611802606992,,,,-0.026462611802606992,,,,,0.025460164236068575,,,,-0.01949622485162728,-0.026462611802606992,-0.026462611802606992,,,,,,,,,,,,-0.026462611802606992,,-0.02443179235921165,,-0.026462611802606992,,,,-0.0252211340464851,,,,,0.02657823256246052,,,-0.019867397463030657,0.020858151173010507,,-0.01784970200062232,,,,,-0.02283037204074814,,0.014945426734768301,,,0.02657823256246052,,,,0.01651073734563374,-0.026030476017778633,,-0.021543941457931922,,,-0.026462611802606992,,,,,-0.02490140235785694,,-0.026462611802606992,,,,,,,-0.026462611802606992,,,,,,,,,,-0.023632663212791755,-0.022547693172945117,,,,,,,,-0.02308273816564525,,,,,,,,,,,,,,,,,,,,,,,,,,,,-0.026462611802606992,,,,,,,,,0.02657823256246052,-0.01786016711214248,-0.020872344810016128,,,,,,,,,,,,,,,,,,,,,0.01560901044203473,,,,0.02473359512014361,,,,,,,,-0.02127615864022488,,,,,-0.024986462153461605,,,-0.02308925253056787,,,0.02657823256246052,,,,,,0.02657823256246052,,,,,,,,0.02657823256246052,,,,,,,,,,-0.022332144992945963,,,,,-0.017841084485589118,,0.016449108230813022,0.02657823256246052,,,,,-0.024906817168899073,0.022786924392157626,0.02657823256246052,,,-0.026462611802606992,,,,,,,,,,0.02231089418224177,,,0.02657823256246052,,,,,,,,0.019620336890275304,,0.025168342995281135,,-0.026462611802606992,,,,,,,,,,,,,,,,0.020160418455428535,,,,,,,,-0.026462611802606992,0.02138927492237459,,,0.02657823256246052,0.02583893079829358,-0.026462611802606992,,0.02657823256246052,,,,,,,,,,-0.026462611802606992,,,,0.024364717327239965,,,,,,-0.026462611802606992,,0.02657823256246052,-0.010138970283881237,,0.0217946243993652,,,0.023360348453648243,0.024957090970981748,,-0.014281178707598041,-0.022121707224780802,,,,,,,,,,,,,,,0.01801152575871352,,,,,,,,,-0.026462611802606992,,0.024672298148201273,0.02657823256246052,,,0.02657823256246052,,,,0.02158624043611469,-0.026462611802606992,,,,,,,0.024343329168884133,,0.023425430274651955,,,,,-0.026462611802606992,,0.021657151231049086,,0.017988357787440408,,0.010706399724886191,,0.02657823256246052,0.02657823256246052,-0.019545966772917377,,,,,,,,,,,,,,,,,,,,,,,,,,,,,,
2020-07-31,,,0.012313668016081691,,,-0.010594023236721638,,,-0.009036278588141997,,,,-0.0071278305289894294,,0.012313668016081691,,,,,-0.009110505656617635,,,,,-0.01190689515528944,0.012313668016081691,0.012313668016081691,,,0.012313668016081691,,,,,-0.01190689515528944,,,0.007346890799042667,0.00392203292517202,,,,,,0.012313668016081691,,-0.011565047276840568,-0.00979691006666838,,0.012313668016081691,,,,,,-0.01190689515528944,0.012313668016081691,,,,,0.005022643476306359,,,,-0.01190689515528944,-0.01190689515528944,,,,,0.009197784538883733,,,,,,,,0.009817973656218655,,0.00733719694521457,,0.00964152752437725,0.012114171044972134,,,-0.008695430396784469,,,,,-0.01190689515528944,,-0.01190689515528944,,,,-0.009511380700666178,,,,,0.012313668016081691,,,,,-0.011285130909703473,,0.012313668016081691,,,-0.004628311560452642,,0.0080503770261725,,,,,,,,,,,,,,,,,,,,,,,0.010227241534066314,,,,,,,-0.010677958471250991,,,,,,,,,,,,,,,,,,-0.011124133483978236,,,,,,,,,,,,,-0.009472360766769076,-0.01190689515528944,,,,,-0.009900594879506413,,,,0.012313668016081691,,,,,,0.012276509535610127,-0.01190689515528944,,,,,-0.01190689515528944,0.012313668016081691,,,-0.01190689515528944,,,,,,,,,,,,,-0.006942017699634423,,0.012313668016081691,,,,-0.011727666139945246,,,,,-0.01190689515528944,,,-0.01190689515528944,,,,,,,,,,,,,0.012313668016081691,,,-0.00715840836896124,0.007369560464976553,,,,,-0.01190689515528944,,,,,,0.007015913250203538,,,,,,,-0.009043589765987358,,,,,,,,,,,,,,,0.012313668016081691,,,0.012313668016081691,,,,-0.01190689515528944,,,,,,0.012313668016081691,,,,,,,,,,,,-0.004812885232089548,,,0.009610549780297285,,,,,,,,,,-0.01190689515528944,,,,,-0.01190689515528944,,,,,,,,,,0.012210385136417536,,,,,,,,,,,-0.008680638047037502,,,0.011524817338502935,,,,-0.01190689515528944,,,-0.00955291985215219,-0.008986620640295047,,,,,0.00695802663828815,,,0.012313668016081691,,,,0.012313668016081691,-0.01190689515528944,,,,,,,,,0.01192868731047227,,,,,,0.012313668016081691,,0.00930259970194217,0.008563583886862434,,,,,-0.009742103947277663,,,-0.00937392672841474,,-0.00553801824288357,,,,,-0.007672184866869496,-0.008157565335465454,,,0.009163088425204696,0.011436825841935274,,,,,,,,0.009574507763785867,,,0.006142741521171338,0.012313668016081691,,,,0.009272993506224328,,,,,,,,,-0.008272649495880961,,,0.008619557749120975,,0.0037388089338191125,,,,,,,,-0.007301894075571619,,,,,-0.004145144799750572,0.009152528220699166,-0.009348309876946785,,,,,,,-0.01190689515528944,0.008829292155911184,,0.005694869198651416,,-0.01190689515528944,0.007290412716913416,,,-0.010092943163712991,,,,0.009359559942401195,,,,,0.002962608992207322,,,,-0.010143114756714157,,,,,,,,,,,,,,,,,
2023-05-31,,,0.024627415364631196,,,0.024627415364631196,,0.016780107848563493,,,,,-0.018695216225798887,,,,,,,,,,,,,,,0.010780941793938834,,,0.024627415364631196,,,,0.024627415364631196,0.014498991062671092,,,,,,,,,,,,,,-0.02475559212275418,,,,,-0.02475559212275418,,,,0.024627415364631196,,,-0.016185731799128494,,-0.02475559212275418,0.024627415364631196,0.024209186072038928,0.019168881895112788,,,,,-0.021409184219292176,,,,,,,,,,,,,,0.024627415364631196,,0.02005295064281632,,,,0.024627415364631196,-0.022144676923003762,,0.024627415364631196,,-0.01676450993796825,,-0.022016542881353227,,,,,,,0.024627415364631196,,,,,,-0.014813220618947413,,,-0.02475559212275418,-0.022078933564284732,,,,,-0.02475559212275418,-0.016130462588217348,0.024627415364631196,,0.022520290705608542,,,,,-0.02475559212275418,,,,,,,,,,,,-0.02475559212275418,,,0.020839036506094564,0.023052042600943814,,,,,,,,,,,,,,-0.02475559212275418,,,,-0.01343890856030022,,0.0190527463079742,,0.01745518203430451,,,,0.024627415364631196,,,0.02103472835922409,,,,,-0.02475559212275418,,,,-0.014786095363966089,,0.024627415364631196,,0.013984551336432036,,,,-0.024469850250779416,,,,0.02127978102138585,0.024627415364631196,,-0.01053237284397593,,,,,-0.02475559212275418,,,,,,,,,0.0221403726064395,,,,,,,,,,,,,,,,,,,,,,,,,,,-0.024042606656851515,,,,-0.012324208951958848,0.01760348320478526,,-0.02475559212275418,-0.01859634225255737,,,,,,,,,,,,,,-0.01864600085055299,,,,,,,,,,,,,,,,,,,,-0.02475559212275418,,,,,,,,,0.024627415364631196,,-0.02475559212275418,,,,,,,,,-0.02475559212275418,,-0.009860173244159331,-0.013189231622709375,-0.02475559212275418,,0.005463684432662437,,,0.020024208731903,,,,,,,0.014639361100654722,,,,,,,,,,,,,,0.024627415364631196,,,,,,0.024627415364631196,,,,,,,-0.02207516187195511,,0.008114585042078534,,,,-0.02475559212275418,-0.02475559212275418,,,,,,-0.02475559212275418,,0.011754015573289206,,,,,-0.021584014019155842,,,,0.013339604506141772,-0.02063337604087535,,,-0.018305495811255432,-0.017666452614014286,,,,,,,,,-0.014304321248889855,,,0.019432319813360726,0.016279278457727385,-0.019575270822835323,,0.0092388849960703,,,,-0.011979249426294313,,,,,,,0.005115554643304691,-0.02135630841736222,,0.014892312646855393,0.014729047470603478,,0.003971019319119233,,,,,,,,,,,,,,,-0.011114847547999573,0.024627415364631196,,,,,,,,0.024627415364631196,,0.020454914778412082,,0.014370320750453407,-0.018032629238483696,,,,,,,,,,,,,,,,,,,,,,,,,-0.01808666081616756,,0.008916758890055363,,,0.024627415364631196,,,0.024627415364631196,,,,,,,,,,,0.01816993608454449,-0.01693763327473194,-0.01187459075391797,,,,,-0.016553559672237397,-0.0073388068859058546,-0.007882851003920778,,,0.024627415364631196,-0.014136062226073042,,,,
2023-11-30,,,0.017652488579944763,,,,,-0.009808867748603506,,,,,-0.01793964224915737,,,,,,,-0.014751427578190647,,,,,,,,,,,,,0.01651029900863681,,,0.017652488579944763,,,,,,,,,,,0.017652488579944763,,,-0.016759592812186568,-0.01793964224915737,-0.014857135509042727,,,,,0.015258513853223611,,0.017652488579944763,,,,,,,,,,,,,,,0.016968282904821278,,,,,,,,-0.01595002957745157,,,-0.013751226365977308,,0.012545949495133366,,,,,,,,0.01580780814880304,,-0.008059475019947051,,-0.014670885737725405,,,,,,0.017652488579944763,,0.017652488579944763,,,,,,0.017652488579944763,0.011600499251753483,-0.01793964224915737,,,,0.017652488579944763,,,,,,0.017030945621107168,0.008610370032452718,,,,-0.009912028607559999,,0.016675753012975046,0.011901287852497493,,,,,0.017116416514237454,,,,,,,,0.017652488579944763,,,,,,,,,,-0.01793964224915737,,,,,,,,,,0.014976038565063498,0.014430670710962419,0.013977977813402728,,,-0.015413885824863575,,,,,,,,,,,,,,,0.01423082636624738,-0.007484083719299094,,,-0.017328222116946634,-0.013933699587489473,-0.01793964224915737,,0.017652488579944763,,,0.014884400588838352,,,,,,,-0.01793964224915737,,,,0.017652488579944763,,0.01068083618229021,,,,,,,,,,,,,,,,,,,,,-0.009982537634861665,-0.01793964224915737,,,,,,-0.01793964224915737,,-0.01793964224915737,,,,-0.014028857310987904,,,-0.014640578502841641,,,,0.014854909202100247,,,,,-0.009211802475829334,,0.017652488579944763,,,,,,,-0.013467485665309045,,,-0.01793964224915737,,,-0.01299658007063007,,,,,,,,,,,-0.01793964224915737,-0.01593238387842452,,,0.017652488579944763,,,,,,,-0.014112243847831918,,,,,,,-0.013617413849370544,,-0.01793964224915737,,-0.009686707390051346,,-0.01465612787831442,,0.013731826579768293,,,,-0.01793964224915737,,,,,,,,,,,,,0.017652488579944763,,0.016642731265235303,,,,,,,-0.01629715682162185,,,,,,,,,,,,,,,,,,-0.01793964224915737,,,-0.015466790598630925,,,,,0.017652488579944763,,,,-0.01793964224915737,,0.017652488579944763,0.017652488579944763,,,,,,,,,,,,,-0.01793964224915737,,,0.01555501244865966,,,,,,,0.008761457575411387,,,,,,-0.01695178799559452,0.01108764876164068,,,,,,,,-0.007631855814923709,,0.005783781393155373,,,,,,,,,-0.00950273657751415,,-0.01793964224915737,,,0.013258334870576776,,0.017652488579944763,,,,,-0.01034127659611439,,,,,0.01109296840054483,,0.014267700165788945,,-0.012695946931237293,,,0.017652488579944763,,,,,,,,,,-0.013085204815887931,,,,-0.01793964224915737,,,,,-0.012940208186050373,,-0.010268176719228935,-0.011079704314295044,,0.00526284359351682,0.017652488579944763,0.017652488579944763,,,,,,,,,,-0.008546480132750714,,,,0.01497924677911653,,,,0.0045992942498951596,0.006085762841244279,,-0.012012146399586681,0.007478707851658679,0.006631579379213702,,,0.010763369639192269,,,,,
1997-11-28,,,,-0.02957030485926278,,-0.02957030485926278,,0.030039257613413493,0.030039257613413493,-0.02957030485926278,,,,,,,,0.030039257613413493,,,,0.030039257613413493,,,-0.018059522758729383,,-0.02957030485926278,,-0.024327716050881115,-0.017817242747916327,,,,,,-0.02957030485926278,0.030039257613413493,-0.02898903570577295,,0.022310054119033182,,0.030039257613413493,0.030039257613413493,,-0.02957030485926278,,,-0.02957030485926278,,,,,,,,0.030039257613413493,,,,,,,-0.02957030485926278,,,0.030039257613413493,,,,-0.02957030485926278,,-0.02957030485926278,,-0.02957030485926278,,,,0.030039257613413493,,-0.02085964425214163,-0.02957030485926278,,,,,-0.02957030485926278,,,,,,,,,,,,,,-0.02957030485926278,,0.02493429913729484,,0.022292993487929905,,,,,,,,,0.030039257613413493,0.030039257613413493,,,,,,-0.02957030485926278,,,,0.030039257613413493,,0.015166839290308005,,,,,0.030039257613413493,0.030039257613413493,,-0.02957030485926278,,,,,,,0.030039257613413493,,,,,,-0.02957030485926278,-0.01761215602923314,,,,,,,-0.02957030485926278,,,,,,-0.02957030485926278,-0.02957030485926278,,,-0.02957030485926278,,,,,,0.024712905329332405,,0.030039257613413493,,-0.02957030485926278,0.024948318859841164,,,,,,0.0223816955962285,,,,,,,,,,,,0.030039257613413493,-0.02957030485926278,,,0.030039257613413493,-0.02957030485926278,,,-0.02957030485926278,,,,,,,,0.030039257613413493,,,,0.030039257613413493,,,0.030039257613413493,,,,0.030039257613413493,0.030039257613413493,,,,,,,,,-0.02957030485926278,,0.030039257613413493,,,-0.02957030485926278,0.030039257613413493,0.017866049835313456,-0.02957030485926278,,,,,,,,,,,,,,,,,,,,,,,,,,,,,,,,,,,,,,,,,,,,,,,,,,,,,,,,,,,,,,,,,,,,,,,,,,,,,,,,,,,,,,,,,,,,,,,,,,,,,,,,,,,,,,,,,,,,,,,,,,,,,,,,,,,,,,,,,,,,,,,,,,,,,,,,,,,,,,,,,,,,,,,,,,,,,,,,,,,,,,,,,,,,,,,,,,,,,,,,,,,,,,,,,,,,,,,,,,,,,,,,,,,,,,,,,,,,,,,,,,,,,,,,,,,,,,,,,,
1998-09-30,,,,0.021490638391802343,-0.022241994397875456,-0.022241994397875456,,-0.013328615231145391,-0.022241994397875456,,,,,0.021490638391802343,0.021490638391802343,,,,,,0.020954384287428632,,,-0.016450872721805582,,-0.022241994397875456,0.021490638391802343,,,,-0.015688404029528383,,,,,-0.022241994397875456,0.020475165661094374,,,0.011185016914651794,-0.01946675325848689,,,,,,,-0.022241994397875456,,0.021490638391802343,,,,,0.021490638391802343,,,,,,,,,-0.022241994397875456,,,,,-0.022241994397875456,,,-0.012136628750058496,0.021490638391802343,,,,,,,,,,0.021490638391802343,,,0.021490638391802343,0.021490638391802343,,,,,,,-0.022241994397875456,,,,,0.020622100046008174,,,-0.022241994397875456,,,0.021490638391802343,,,,,,,,,,,,,-0.022241994397875456,0.021490638391802343,,,,,,,,-0.022241994397875456,,,,0.021490638391802343,0.021490638391802343,,0.021490638391802343,0.021490638391802343,,0.016755414485406513,-0.019676073536188086,-0.016183110801616166,,,,,,,0.021490638391802343,,,-0.018468617421005126,0.01923919123855506,-0.022241994397875456,,,,-0.02162051054935861,0.021490638391802343,,,,,-0.022241994397875456,,,-0.022241994397875456,,,,,,,,,,,,,,,-0.022241994397875456,,0.021490638391802343,,,,,,,,,0.018559017504741662,,,,,,,,,-0.022241994397875456,,,,,,,,,,,,,,0.021490638391802343,,,,,,,,,-0.01763579287577397,,,,,-0.022241994397875456,,-0.017927068310372673,,,,,0.021490638391802343,,,,,,0.021490638391802343,0.021490638391802343,,,,,-0.022241994397875456,,-0.022241994397875456,,,,0.01926351792366383,,-0.016801739664020755,,0.021490638391802343,,0.01119880942035787,-0.022241994397875456,,-0.02154979576007569,,0.021490638391802343,0.021490638391802343,-0.022241994397875456,0.021490638391802343,-0.022241994397875456,,,,,,,,,,,,,,,,,,,,,,,,,,,,,,,,,,,,,,,,,,,,,,,,,,,,,,,,,,,,,,,,,,,,,,,,,,,,,,,,,,,,,,,,,,,,,,,,,,,,,,,,,,,,,,,,,,,,,,,,,,,,,,,,,,,,,,,,,,,,,,,,,,,,,,,,,,,,,,,,,,,,,,,,,,,,,,,,,,,,,,,,,,,,,,,,,,,,,,,,,,,,,,,,,,,,,,,,,,,,,,,,,,,,,,
1999-10-29,,,,-0.023432238942731273,,,,0.02255349619210472,,,-0.023432238942731273,,,,,-0.01902867811940174,,,,-0.023432238942731273,,,-0.01409995620968588,0.021353815128442852,,,,-0.023432238942731273,,,0.016885329000561878,,,,,,0.02255349619210472,,,-0.023432238942731273,,,,,,,,-0.023432238942731273,,0.02255349619210472,,-0.023432238942731273,-0.023432238942731273,-0.015090273146223724,,,,,,,,0.02255349619210472,,,,,,-0.023432238942731273,-0.023432238942731273,,,,,0.02255349619210472,,0.02255349619210472,,-0.02322560542648839,,,,,,-0.023432238942731273,,,0.02255349619210472,-0.023432238942731273,,,-0.023432238942731273,,,,,,,,,,,,,,0.02255349619210472,,-0.023432238942731273,0.02255349619210472,,,-0.023432238942731273,,,,,,,,,,,,,,,,0.02255349619210472,,,-0.023432238942731273,,-0.023432238942731273,,,0.02255349619210472,,,,,0.02195196065001253,,,0.02255349619210472,,,,,,,,,-0.023432238942731273,,,,0.019193594084277513,-0.023432238942731273,,-0.023432238942731273,,,,,-0.019678344584073845,0.02255349619210472,-0.023432238942731273,,-0.023432238942731273,,0.02255349619210472,0.015623583067334178,,,-0.01106617342964317,,0.020094448645753483,,,,,,0.02255349619210472,0.02255349619210472,,-0.012998893383427926,,0.02255349619210472,,,,,,,,,,,,,,,,,,-0.023432238942731273,,,,,,,,,,,,,,,,,,,,,-0.023432238942731273,,-0.023432238942731273,,,,,,,,0.02255349619210472,,,0.02255349619210472,,,,0.02255349619210472,,,0.02255349619210472,,-0.006391775336994838,0.02255349619210472,,0.02255349619210472,,,0.019355884319555004,,,,0.021441211544113624,,,,,,,,,,,,,,,,0.02255349619210472,0.018168001755249734,-0.022061270906095228,-0.023432238942731273,,,,,-0.023432238942731273,,,,,0.02255349619210472,,,,0.010541870305271447,0.02255349619210472,0.02255349619210472,,0.019482096176604825,-0.013292530925494123,-0.023432238942731273,,,,,,,,,,,,,,,,,,,,,,,,,,,,,,,,,,,,,,,,,,,,,,,,,,,,,,,,,,,,,,,,,,,,,,,,,,,,,,,,,,,,,,,,,,,,,,,,,,,,,,,,,,,,,,,,,,,,,,,,,,,,,,,,,,,,,,,,,,,,,,,,,,,,,,,,,,,,,,,,,,,,,,,,,,,,,,,,,,,,,,,,,,,,,,,,,,,,,,,,
1999-11-30,,,,-0.02637585043000691,,,,0.026686102863192045,-0.02637585043000691,,,,,,,-0.020939533790974463,,,,-0.02637585043000691,,,-0.01585830660407193,0.014785342922985677,,,,-0.02567631968822016,-0.02637585043000691,0.017635227577342875,0.02493636283356258,,,,,,0.018718102522667934,,,,0.026686102863192045,,,,,,,-0.023550035480928787,,0.026686102863192045,,-0.02637585043000691,-0.02637585043000691,-0.020488525471519404,,,,,,,,,,-0.02637585043000691,,0.026686102863192045,,-0.021666263332054243,,,,,,0.015803710251084707,,0.026686102863192045,,-0.022789111714596244,,,,,,-0.017452559746221896,,,0.026686102863192045,-0.02637585043000691,,,-0.02637585043000691,,,,,,,,,,,,,,,,-0.02637585043000691,0.026557527291047028,,,,,,,0.026686102863192045,,,0.026686102863192045,,-0.02637585043000691,,,,,,,0.02562640681243687,,,,,-0.02637585043000691,,,0.026686102863192045,,,0.02397612528011624,,0.026686102863192045,,,0.026686102863192045,,,0.026686102863192045,,,,,,-0.02637585043000691,,,0.026686102863192045,,,,-0.02637585043000691,,-0.02637585043000691,,,-0.009452344569153606,,-0.02637585043000691,,-0.02637585043000691,,0.026686102863192045,0.016090227553923652,-0.0230786839384588,,-0.020480843855946854,,0.025990538625836435,,,,,,0.026686102863192045,,,-0.019053937643343746,,,,,,,,,,,,,,-0.02637585043000691,,,,,,-0.02637585043000691,,,,,,,,,,,,,,,,,,,,,,,-0.02637585043000691,,,,,,,,0.026686102863192045,,,0.026686102863192045,,,,,,,0.026091080528699778,,-0.01796891367116268,0.01725058307902055,,0.026686102863192045,,,,,,,0.015361222841849625,,,,,,,,,,,,,,,,0.025120814899829827,0.01644052009715819,-0.022270059075611373,-0.024935364399395452,,,,,-0.022003590881087186,,,,,,,,0.024574771890855163,0.026686102863192045,0.026686102863192045,0.016630382026523907,,0.022622099024117034,-0.02637585043000691,-0.02637585043000691,,,,,,,,,,,,,,,,,,,,,,,,,,,,,,,,,,,,,,,,,,,,,,,,,,,,,,,,,,,,,,,,,,,,,,,,,,,,,,,,,,,,,,,,,,,,,,,,,,,,,,,,,,,,,,,,,,,,,,,,,,,,,,,,,,,,,,,,,,,,,,,,,,,,,,,,,,,,,,,,,,,,,,,,,,,,,,,,,,,,,,,,,,,,,,,,,,,,,,,,
2000-02-29,,,,-0.024007587315440105,,,,0.024072926279554936,-0.024007587315440105,,-0.024007587315440105,-0.024007587315440105,0.024072926279554936,,-0.022969092181616545,-0.024007587315440105,0.024072926279554936,,-0.012704929509725191,,0.024072926279554936,,,,,,0.024072926279554936,,-0.024007587315440105,0.01817519531024875,0.014593102875850274,,,,,,,,,-0.009777606752042622,,,,,,,-0.024007587315440105,-0.024007587315440105,,0.024072926279554936,,,-0.024007587315440105,-0.024007587315440105,,0.024072926279554936,,,,,,,,,,,,-0.023809531209187784,,,,,,0.024072926279554936,0.024072926279554936,0.024072926279554936,,-0.01623654933831634,,,,-0.024007587315440105,,-0.014982841623908514,,,0.023037329190660042,,,,-0.024007587315440105,,,,-0.024007587315440105,,-0.024007587315440105,,,,-0.024007587315440105,,,,,,-0.024007587315440105,0.024072926279554936,,,,,,0.024072926279554936,,,,0.023682931648908816,,,,,-0.024007587315440105,0.010450885256706677,,,,,,,,-0.024007587315440105,,0.024072926279554936,0.024072926279554936,,,,,0.024072926279554936,-0.024007587315440105,,,,,0.024072926279554936,-0.024007587315440105,,,,,,-0.024007587315440105,,0.024072926279554936,,,,,,-0.024007587315440105,,,-0.018323803888958184,,,-0.024007587315440105,,,0.024072926279554936,,,,,,0.015049667922973175,,,,,,0.021762452962997888,,,-0.016427380897531377,,,,,,,,,,,,,,,0.024072926279554936,,,,,,,,,,,,,,,,,,-0.02178073086345671,,,,,0.024072926279554936,,,,,,,,,,,,,,,,0.024072926279554936,,,,,,,,,-0.022949582875579643,0.021214798832429244,-0.024007587315440105,,0.017164023969423958,,,,,,,,,,,,,,,,,,,,0.024072926279554936,,,0.02173792648194565,-0.024007587315440105,,,-0.024007587315440105,0.024072926279554936,,,,,,,,,-0.024007587315440105,0.024072926279554936,0.024072926279554936,0.024072926279554936,0.019957835875003976,,0.019452260377069028,,,,,-0.024007587315440105,,,,,,,,,,,,,,,,,,,,,,,,,,,,,,,,,,,,,,,,,,,,,,,,,,,,,,,,,,,,,,,,,,,,,,,,,,,,,,,,,,,,,,,,,,,,,,,,,,,,,,,,,,,,,,,,,,,,,,,,,,,,,,,,,,,,,,,,,,,,,,,,,,,,,,,,,,,,,,,,,,,,,,,,,,,,,,,,,,,,,,,,,,,,,,,,,,,,,
2001-09-28,,,,0.01976557385372721,,-0.01908251163602462,,-0.009146004796323777,,,,,,,,0.01976557385372721,,,0.018691049762890592,-0.01908251163602462,-0.01908251163602462,,,,,,,,,,,,,-0.01908251163602462,,-0.01628256494639854,,,,0.013918683848437956,,0.01976557385372721,,,,,0.01976557385372721,0.01976557385372721,,,,,0.012030954605132335,,,0.01915009193058467,,,,0.01976557385372721,,,,0.01976557385372721,,-0.01908251163602462,,0.01976557385372721,0.01976557385372721,,,,,,,,,,,,,,-0.01908251163602462,0.01976557385372721,,,,,0.017329281102890285,,,,,,-0.01908251163602462,,-0.01908251163602462,,,,,-0.01908251163602462,-0.01908251163602462,,,,0.01976557385372721,,,,,,,,,0.01451996669142643,,,0.01976557385372721,,0.017147592511963697,,,-0.01735811106825984,0.01976557385372721,,0.01544013955871392,,,,,,,,,,,,-0.01631225123540158,,,,0.01976557385372721,,0.01976557385372721,-0.01908251163602462,,,,,,,,,,,,,,,,,,,,,0.013878640183621655,,,-0.01908251163602462,-0.01908251163602462,,-0.01908251163602462,0.01976557385372721,,,,,,,,,-0.01908251163602462,,0.01976557385372721,,,,0.017779548088901097,0.01976557385372721,,,,-0.01908251163602462,,,,,,,,,,,,,,,,,,,,,,0.01976557385372721,,,,,,,,,,,,,,,,,,-0.01908251163602462,,,0.01976557385372721,,-0.01806512272666954,,,,,,,,,0.008909211944855415,,,,-0.01802231427697706,,0.006255852348655179,,,,-0.01908251163602462,,0.01642830212723024,,,,,,,,,,,,,,-0.014666477881508825,-0.01590759376185444,,,,,-0.01908251163602462,,,,,,,,0.01976557385372721,,,,-0.01908251163602462,-0.01670966303865682,,,,,-0.01908251163602462,,,0.012690479465822423,,-0.008255047142786364,,,,-0.01908251163602462,,-0.01908251163602462,,,-0.018224856467274626,,,,,-0.01709498422991258,-0.01908251163602462,,,,-0.01908251163602462,,,,0.01976557385372721,0.01976557385372721,,-0.016118846405642012,0.01976557385372721,,,0.01976557385372721,-0.01908251163602462,,,,,,,,,,,,,,,,,,,,,,,,,,,,,,,,,,,,,,,,,,,,,,,,,,,,,,,,,,,,,,,,,,,,,,,,,,,,,,,,,,,,,,,,,,,,,,,,,,,,,,,,,,,,,,,,,,,,,,,,,,,,,,,,,,,,,,,,,,,,,,,,,,,,,,,,,,,,,,,,,,,
2002-01-31,,,,0.021746003668869487,,-0.022304923983105417,,-0.022304923983105417,,,,,-0.022304923983105417,,,,,,,-0.022304923983105417,-0.022304923983105417,,,0.016331357670953076,0.021449480257830673,,,,0.01486990831681232,0.013496568393334603,,,,,,,,,,0.014678142876751496,,,0.021746003668869487,,,,0.021746003668869487,0.01750416640245671,,,0.021550964537073114,,,,-0.022304923983105417,,,,,,,0.021746003668869487,,,0.021746003668869487,,,,,,,,-0.022024061502593853,0.016053075887101562,,,-0.022304923983105417,,,,,,,,,,,,,,-0.022304923983105417,,0.021746003668869487,,0.021746003668869487,,,-0.022304923983105417,,,,-0.009122418838769963,,,,,0.021746003668869487,,,,,,,-0.020434847336476672,0.021746003668869487,,,,0.018530769998608945,,0.021746003668869487,,,,0.021746003668869487,,,,,,,,,,,,,,-0.022304923983105417,,,,,,0.0076856422964907516,,,,,,,,,,,,-0.022304923983105417,,-0.022304923983105417,0.019097068287037,0.021746003668869487,,,,-0.0216260626850789,,,0.021746003668869487,,-0.022304923983105417,-0.014919430543600906,,,0.021746003668869487,,,-0.022304923983105417,,,,,,-0.022304923983105417,,,,,-0.021214064064651594,0.02111774894196559,,,,,-0.022304923983105417,,,,,,,0.01558463479559181,0.021746003668869487,-0.022304923983105417,,,,,,,,,,,,,0.021746003668869487,,,0.021746003668869487,,,,,,,0.01409057849317532,,,,,-0.022304923983105417,,,,,,,,,,,,,,,,,0.014545163235471874,,,,-0.009878919675430515,,,,,,-0.008866469184020894,,,,,,,,,,,,,-0.022304923983105417,,,-0.021499815028206047,,,,,,-0.01200174326584276,,,,,,,,,,,,-0.022304923983105417,-0.011768950187395322,,,,,,,,,,0.013115044888061051,,,,,0.011704788032921151,-0.013776976235814331,,,-0.017111367553836854,,,,,-0.013051736783743951,-0.022304923983105417,,,,-0.022304923983105417,,0.019172418206765393,,,,,-0.0049137081767712185,,,,0.021746003668869487,,0.021746003668869487,-0.022304923983105417,0.021746003668869487,0.021746003668869487,0.01907367895606706,-0.008788530863965012,-0.022304923983105417,,,,,,,,,,,,,,,,,,,,,,,,,,,,,,,,,,,,,,,,,,,,,,,,,,,,,,,,,,,,,,,,,,,,,,,,,,,,,,,,,,,,,,,,,,,,,,,,,,,,,,,,,,,,,,,,,,,,,,,,,,,,,,,,,,,,,,,,,,,,,,,,,,,,,,,,,,,,
2002-03-29,,,,0.019694943699813547,,-0.020732717462335327,0.019694943699813547,-0.009226035384897104,,,-0.020732717462335327,,,-0.015051461217545165,,,-0.020732717462335327,,,,-0.020732717462335327,,0.01067467611534037,0.01617099354126047,,,-0.01923927053621427,,0.019694943699813547,,0.01383094212007855,,,,,,,,-0.014372535442410326,0.012096576848717988,,0.019694943699813547,0.019694943699813547,,,,0.019694943699813547,0.019694943699813547,,,0.019694943699813547,,0.013431946773367726,,-0.020732717462335327,,,,,,,,,,,,,,,,,,,,,,-0.020732717462335327,,,,,,,,0.011789717192321709,,,,,,,0.019694943699813547,,,0.019694943699813547,,,,,,,-0.020732717462335327,0.01901026269291605,,,,0.019694943699813547,,,,,,,-0.016841348304793613,,,,,0.017849166507025838,,,,,,0.019694943699813547,,,,,,,,,,,,,,-0.015228052474190162,,,,,,0.019694943699813547,,,,,,,,,,,-0.0190779398496573,,-0.020732717462335327,-0.020732717462335327,,,,,,,,0.019694943699813547,0.019694943699813547,,-0.020732717462335327,-0.020732717462335327,,,,0.019694943699813547,,,,,,,,,,,,,,0.019694943699813547,,,,,,,,,,,,,,-0.020732717462335327,,0.018435080990707477,,,,,,,-0.020732717462335327,,,,0.019694943699813547,,,0.019694943699813547,,,,,,,0.014900332580413619,,,,,-0.020732717462335327,-0.016584498244208698,-0.020732717462335327,-0.020732717462335327,,,,,,,,,,,,,,0.0160563623025819,-0.014919642053805318,,0.01884007587062058,,,0.012158993821000733,0.019694943699813547,,,,,,,,,,0.019694943699813547,,,,,,-0.020732717462335327,,,-0.020732717462335327,,0.019694943699813547,0.019694943699813547,,,-0.009700674845314245,,,,,,,,,,,,,-0.007983129771429943,,,,-0.020732717462335327,,,,,,,,,,,,-0.004742747586422814,,,-0.011336121026665284,,0.007452653367919454,,,-0.010064173134890352,,-0.020732717462335327,,,-0.019653514403731615,-0.020732717462335327,0.019694943699813547,,,,,-0.011144154178781982,,,,,,0.015153926359473706,,,,0.013831929874706028,-0.01234448566530666,,-0.020732717462335327,-0.020732717462335327,,,,,,,,,,,,,,,,,,,,,,,,,,,,,,,,,,,,,,,,,,,,,,,,,,,,,,,,,,,,,,,,,,,,,,,,,,,,,,,,,,,,,,,,,,,,,,,,,,,,,,,,,,,,,,,,,,,,,,,,,,,,,,,,,,,,,,,,,,,,,,,,,,,,,,,,,,
2002-04-30,,,,0.025655895146102222,,-0.02665353257371523,0.025655895146102222,-0.01724821130138183,,,,,,-0.025887856405298195,,,,,,,,,0.014157034841416229,0.014990333617645681,0.025655895146102222,,-0.02665353257371523,,0.01625699746232206,,0.01689571271354559,,,,,,,,-0.019074205578392976,0.014617613642813882,,0.025655895146102222,0.020310800318458305,,,,,0.025655895146102222,,,,-0.02665353257371523,0.018860346350943,,-0.02665353257371523,,,,,,,,0.025655895146102222,,,0.024287907984764913,,,,,,0.023908265729223853,,,,,-0.02665353257371523,,,,,0.025655895146102222,,,,,,,,,,,,,0.025655895146102222,,,,,-0.022576693085416467,,-0.02665353257371523,0.019224815168111718,,,,0.025655895146102222,,,-0.02665353257371523,,,,,,,,,0.025655895146102222,0.025655895146102222,,,,,0.025655895146102222,,,,,,,,,,,,,,-0.012986220440345773,,,,,,0.018690298766484915,-0.02665353257371523,,,,,,,,,,-0.012967540207580387,,-0.02665353257371523,-0.02665353257371523,,0.025655895146102222,,,,-0.02665353257371523,,,0.025655895146102222,,,-0.02665353257371523,,,0.025655895146102222,,,-0.02665353257371523,,,,,,-0.02665353257371523,,,,,,0.025655895146102222,,,,,,-0.02665353257371523,,,,-0.025267507851368887,,0.02218506815839863,,-0.02665353257371523,,0.02046498933750985,,,,0.025655895146102222,,,-0.02665353257371523,,,,,,,,0.025655895146102222,,,,,,0.024741562622527125,,,,,-0.02665353257371523,,-0.02665353257371523,,0.025655895146102222,,,,,,,,,,,,,0.01811007607742511,,,,,,0.01334683556883453,,,,-0.015364868825893767,,,,,,,0.025655895146102222,,,,,,-0.02665353257371523,,,-0.02365918666212773,-0.006778191963012308,0.025655895146102222,,,,-0.011493146311213726,,,,,,,,,,,,,-0.0156450701394978,,,,,,,,,,,,,,,,-0.009332972508366255,,,-0.02142649006786659,,0.009894251005191276,,,-0.014370492366346944,,,,,,,0.024208205209366594,,,,,,,,,,-0.012089848025632958,,-0.02665353257371523,,,0.02060202348784649,-0.015327185195783518,,-0.02665353257371523,,-0.02665353257371523,,,,,,,,,,,,,,,,,,,,,,,,,,,,,,,,,,,,,,,,,,,,,,,,,,,,,,,,,,,,,,,,,,,,,,,,,,,,,,,,,,,,,,,,,,,,,,,,,,,,,,,,,,,,,,,,,,,,,,,,,,,,,,,,,,,,,,,,,,,,,,,,,,,,,,,,,
2004-01-30,,,,-0.024439350497267642,-0.030631893612794028,,,0.03005624087751956,,,,,,0.027821633101119916,,0.03272865246142645,,,,-0.009373326863771896,,0.03272865246142645,,,,,0.03272865246142645,,,,,-0.02226433297187075,,,,0.015328669873485263,,,0.02165723077690292,0.03272865246142645,0.03272865246142645,,,,,,,,,,,,0.028990056892807016,0.028859029200930225,,0.03272865246142645,0.03131965493426511,,,,,-0.030631893612794028,,,,,,,,,,,,,,,,,,-0.019373030450823826,,,0.020178362848679587,,,,,,,,0.03272865246142645,-0.030631893612794028,,,0.03272865246142645,,,,,,-0.030631893612794028,,,,,-0.030631893612794028,0.03272865246142645,,,,,-0.030631893612794028,,,,,,,-0.030631893612794028,,,,,,-0.030631893612794028,,0.020978921262436376,,,,,,,,-0.020085578376547095,,0.03206834247510141,-0.02562456883157337,-0.0168802369453209,,,,,,-0.02144939709393888,,,,,,,,,,0.020326117195239378,,,,,,,,-0.01890454784159318,,,0.03272865246142645,-0.02489455579587875,,,,,0.028214480531706592,,,,,,,,-0.030631893612794028,-0.030631893612794028,,,,,,,,-0.030631893612794028,,,,,-0.030631893612794028,,,-0.016042744606447536,,,,,-0.030631893612794028,,,,,,,0.03272865246142645,,,,,,,0.03272865246142645,,,-0.030631893612794028,,,,-0.030631893612794028,,,,-0.030631893612794028,,,,,,,-0.030631893612794028,,,-0.030631893612794028,,,,,,,,0.03272865246142645,,,,,,0.03272865246142645,,,,,,,0.025810828728393475,,,,,,,,,,,,,,,-0.025507908169458013,0.023919278844602716,,-0.030631893612794028,,,,,,,,,,,,,,,,,0.030443253874463273,,,,,,,-0.027850401964284437,,,0.018630655984264045,,,,,,0.016615715897662673,,,,-0.030631893612794028,,0.03272865246142645,,0.01892315258439176,,-0.030631893612794028,-0.030631893612794028,,,,,,,,,0.01974452718292798,,,,,0.03272865246142645,,,,-0.030631893612794028,0.03272865246142645,0.01733289976212689,,,,,,,0.013429074826292596,-0.030631893612794028,,,,,,,,,,,,0.015245671455164114,0.03272865246142645,-0.030631893612794028,-0.008973469740739653,-0.030631893612794028,,,0.013715034278795646,-0.030631893612794028,,,,,,,,,,,,,,,,,,,,,,,,,,,,,,,,,,,,,,,,,,,,,,,,,,,,,,,,,,,,,,,,,,,,,,,,,,,,,,,,,,,,,,,,,,,,,,,,,,,,,,,,,,,,,,,,,,,,,,,,,,,,,,,,,
2004-05-31,,,,-0.025997792256947438,,,,,,,,,,,,,,-0.0194328342067241,,0.025806546328012946,,0.025806546328012946,0.022714840602623243,,,0.025806546328012946,,,,,,,,,0.025806546328012946,0.01688259658546766,,,,,0.025806546328012946,,,-0.025997792256947438,,,,0.025806546328012946,,,,,0.025806546328012946,,,,,,,,-0.025997792256947438,,,0.025806546328012946,,0.025806546328012946,,,,,-0.025997792256947438,,,0.013167114688535646,,,,,,,0.025806546328012946,,0.008132980541887951,0.020257501983401587,0.025806546328012946,,,,,,0.025806546328012946,,,,0.025806546328012946,,,,-0.025997792256947438,,,,-0.014154274132608122,,,,,,,,,-0.025997792256947438,,0.025806546328012946,,,,,,,,,,,-0.025997792256947438,,,,,,-0.025997792256947438,,,,,,0.025806546328012946,-0.02469811841021112,-0.014327845269050189,,,-0.025997792256947438,,,,,,,,,,-0.025997792256947438,-0.025997792256947438,,,,,,,,,,,-0.01853624957014826,,,,,,,,,,0.025806546328012946,,,,,,-0.025997792256947438,,,,,,,,,-0.025997792256947438,,,,,,,,,,0.025806546328012946,0.025806546328012946,,,,,,,,-0.025997792256947438,,,,-0.025997792256947438,,-0.025997792256947438,,0.025806546328012946,-0.025997792256947438,,-0.025997792256947438,,,0.025806546328012946,-0.025997792256947438,,-0.014323064404978266,,,,,,,,,,,-0.025997792256947438,,,,,,,,,0.016438900868583017,,,,,,0.025806546328012946,,,,,,,,,-0.025997792256947438,,,,,,,,,,,,,-0.025997792256947438,-0.014538011111102183,,,0.025806546328012946,,,,,,-0.025997792256947438,,,,,,,,,,0.025806546328012946,-0.025997792256947438,,,,,,-0.025997792256947438,,,-0.017469916882788632,,,,,-0.01846584314029102,,0.025458624520992734,,,,,,0.025806546328012946,0.01916521134267404,,-0.025997792256947438,,,,0.025806546328012946,,,,,,,-0.025997792256947438,,-0.025997792256947438,,,,,,,0.025806546328012946,0.025483378529993692,,,-0.016857847561917105,,,,0.01575259434161677,-0.023854519842514472,0.025806546328012946,,,,,,,,,,,0.019744269450156053,,-0.025997792256947438,,,,0.025806546328012946,0.019885585665985583,,0.022909206708085193,-0.01798160303055657,,,,,,,,,,,,,,,,,,,,,,,,,,,,,,,,,,,,,,,,,,,,,,,,,,,,,,,,,,,,,,,,,,,,,,,,,,,,,,,,,,,,,,,,,,,,,,,,,,,,,,,,,,,,,,,,,,,,,,,,,,,,,,,
2004-06-30,,,,-0.03467005365576664,,,,0.033925001353953106,,,,,-0.030600045356712863,0.033925001353953106,-0.03467005365576664,,,,,0.033925001353953106,,,,,,,,,,,0.033925001353953106,-0.03467005365576664,,-0.031232249517260093,0.028282580446339325,0.030253197584879737,,,0.021358629501748334,,0.033925001353953106,,,,,,-0.03467005365576664,0.03236237505564545,,,-0.03467005365576664,,0.03319928436733611,,,,0.033925001353953106,,,0.033925001353953106,-0.03467005365576664,,,,,0.033925001353953106,,,,,,,,0.03355679208976683,,,,,,-0.011007518128603812,0.033925001353953106,,0.012871984954433908,0.033925001353953106,,,,,,,,,,,,,-0.03467005365576664,,-0.022769758675556095,,,,-0.03076007575008816,0.03101019735560523,,,,,,,,-0.03467005365576664,,,,,,,,,,,,,-0.03467005365576664,,,,,,,,,,,,0.033925001353953106,-0.03467005365576664,-0.020745218673075886,,,,-0.03467005365576664,,,,,,,,,,-0.03467005365576664,,,0.033925001353953106,,,,-0.015066575677632164,,,,-0.027876194039073505,,,,,,,-0.02761304053092244,,,0.033925001353953106,,,-0.03318301064339855,,,,,,,,,,,,,,,,,,,,,,0.033925001353953106,0.033925001353953106,,,0.033925001353953106,,,,,,,,0.033925001353953106,,,,,,,,-0.03467005365576664,,,,,,-0.03467005365576664,,,,,,0.033925001353953106,,,,,-0.03467005365576664,-0.03467005365576664,,-0.017025912373856148,,,-0.03467005365576664,,,0.033925001353953106,,,-0.030196927599615602,,,0.033925001353953106,,,,,,,,,,,,,,,,,,,,,-0.03467005365576664,-0.030189967391019815,-0.015097561545424396,,,0.03244280618418704,,,,,,-0.03467005365576664,,,,,,,,,,0.019375586084919454,,,,,,,,,,,,,,,,,,,,-0.03467005365576664,,,0.033925001353953106,0.020457551417157528,,-0.03467005365576664,,,,,,,,,,0.02016345447970842,,,,,,,,,-0.03467005365576664,,,,,-0.017344922744854045,,0.033925001353953106,,0.00881791826799023,-0.03467005365576664,0.033925001353953106,,,,,,0.033925001353953106,,,,,0.021983430693024206,,-0.03467005365576664,-0.03467005365576664,,,0.033925001353953106,0.029947152410577507,,0.03076171089450207,-0.02750936559538933,,,,,,,,,,,,,,,,,,,,,,,,,,,,,,,,,,,,,,,,,,,,,,,,,,,,,,,,,,,,,,,,,,,,,,,,,,,,,,,,,,,,,,,,,,,,,,,,,,,,,,,,,,,,,,,,,,,,,,,,,,,,,,,
2005-06-30,,,,0.030736453953707853,,,,0.028405528711793977,,,,,,,,,,0.030736453953707853,,,-0.019193050267314153,,0.02238432697298646,,-0.030403289642190984,,-0.030403289642190984,,,,-0.019688083279151374,,,,,-0.013941494642558625,,0.021323607068957973,,-0.030403289642190984,,0.02527483535940377,,,-0.030403289642190984,0.028609125390801578,,,-0.030403289642190984,-0.030403289642190984,,,,0.030736453953707853,,,,,,,-0.030403289642190984,,,,,,,,,,,,,,,,,,,-0.010220439200340398,,0.030736453953707853,0.019375493042787108,0.02833859021429146,,,,0.030736453953707853,0.02298124819665844,,,,,,,,,,-0.030403289642190984,,,,,,,,,,,,,-0.030403289642190984,,,,-0.030403289642190984,,,,,,,0.030736453953707853,,,,,,,,,,,0.030736453953707853,-0.030403289642190984,,,,,,,-0.030403289642190984,-0.030403289642190984,,,,,-0.025796741509646278,-0.022871508994904116,,,,,0.030736453953707853,,-0.030403289642190984,,,,0.030736453953707853,,,0.030736453953707853,0.014466086545743885,,,,,0.030736453953707853,,,0.025429181293831225,-0.030403289642190984,0.030736453953707853,,,-0.030403289642190984,,,,,,-0.030403289642190984,,,,,,,,-0.028099671505392068,,,-0.030403289642190984,,,-0.030403289642190984,,-0.030403289642190984,,,,-0.030403289642190984,,,,,,,,,,,,,,,,,,,0.030736453953707853,-0.030403289642190984,,-0.023074707665815763,,,,,,-0.030403289642190984,,0.030736453953707853,,,,,,,,,,0.030736453953707853,,,0.023294678886012294,,,,,,,-0.030403289642190984,0.022809776902428833,,,,-0.030403289642190984,,,,,,,,,,,,,-0.020667376166960374,,,0.02588838677259611,,,0.027240029604887507,,,,,,,,,,,,,,-0.02555271420775016,,,-0.030403289642190984,-0.025810528078517216,,,,,,,,,,,,,,0.01888202939510683,0.030736453953707853,,,,0.020865027601647674,,,,,-0.030403289642190984,,,,0.030736453953707853,,,,,,,,,0.02808716594515064,,,,,,,0.030736453953707853,-0.016108519798882382,,,,-0.029026736424511198,,,-0.02507760414369399,,,,0.030736453953707853,,,,,,,0.029329207378562434,0.030736453953707853,-0.0161097331853786,,,0.020096212667087623,,,0.012845204477664669,,,,,,,,0.030736453953707853,,0.030736453953707853,,,,,,,,,,,,,,,,,,,,,,,,,,,,,,,,,,,,,,,,,,,,,,,,,,,,,,,,,,,,,,,,,,,,,,,,,,,,,,,,,,,,,,,,,,,,,,,,,,,,,,,,,,,,,,,,,,,,,,,,,
2006-06-30,,,,-0.020767925142361164,,,,,,,-0.020767925142361164,,,,,,,-0.012933007937701416,,,,,0.0110136690442311,,-0.01599545109000712,,,,,-0.016839013218659243,,,,,,0.01949264701084919,,0.02010192625243624,0.02010192625243624,,,-0.020319687879325792,,0.02010192625243624,,-0.020767925142361164,-0.020767925142361164,,0.02010192625243624,,-0.020767925142361164,,,,,-0.020767925142361164,,,-0.020767925142361164,,,,,0.02010192625243624,,,,,,,,,,,,,,,,0.02010192625243624,,-0.020767925142361164,0.015570578010852803,,-0.020340640505558796,,,,0.015851755005796532,,,,,0.02010192625243624,,,,,,,,,,0.01758301105201446,,,,-0.012307065094465115,,,,-0.020767925142361164,,,0.02010192625243624,,,,,,,,,-0.010906171548677051,0.0188587149123711,,,-0.020767925142361164,,-0.020767925142361164,,,,0.02010192625243624,,,,0.018856025920071198,0.010149106546627125,,,,,,,,,,,,,,,-0.020767925142361164,,-0.020767925142361164,,,,,,,,,,-0.020767925142361164,,,,,,-0.011548897041713083,0.01723963802487253,,-0.020767925142361164,-0.009993061987047903,0.02010192625243624,,,-0.020767925142361164,,0.0194913124453788,,-0.01754880357059712,,,,,,,-0.019243959769605128,,,,,,,,-0.02072426419255884,,,,,,,,,,,,,,,,,,,,,,,,0.02010192625243624,,,,,,,-0.020767925142361164,,,,,,,,,,,,,,,0.013155710951674253,,,,,,,,,-0.006079327888931365,,,,,,,,,,,-0.020767925142361164,,,,,,-0.012821812797526132,,,0.015894255501800222,-0.015652131038306965,,,,,,,,,,,,-0.020767925142361164,,,,,,0.02010192625243624,,,,-0.020767925142361164,,,,,0.02010192625243624,,,-0.016265253030639363,,0.02010192625243624,0.01597716998933622,0.013174289253361011,,,,,,,0.02010192625243624,0.013160458269312631,0.02010192625243624,,,,0.02010192625243624,,-0.020767925142361164,,,,,,,,0.017311736511032974,,,,,,,,,,,0.016474213481121557,,,,-0.008743751696318646,-0.020767925142361164,-0.01461743021200537,,-0.013301388398678188,,,,,,,-0.012488877990393084,,0.02010192625243624,,,0.012500263074862834,,-0.020767925142361164,0.02010192625243624,,,0.02010192625243624,,,,0.02010192625243624,,,0.017835009523553186,,,,,,,,,0.016972469213551823,0.010758424361233662,0.016871365757956315,,,,,,,,,,,,,,,,,,,,,,,,,,,,,,,,,,,,,,,,,,,,,,,,,,,,,,,,,,,,,,,,,,,,,,,,,,,,,,,,,,,,,,,,,,,,,,,,,,,,,,,,,,,,,,
2006-09-29,,,,-0.018446345049430598,,,,0.03406823683560517,,,,,,,,,,-0.01924080350722296,,-0.02982715577452004,,0.03406823683560517,0.025478366162074426,,-0.023113157806463384,,,,,,,,,,,0.032665204212946115,,,,0.03406823683560517,,,,0.03171244974062114,,,,,0.03406823683560517,,,,,,,-0.021699262838748644,,,-0.034381305784746255,,-0.034381305784746255,,,0.03083888802580465,,-0.034381305784746255,,,,,,,,,,,0.03406823683560517,,,0.02440583913626226,,,0.013793987466997141,-0.020182400870467812,,-0.03238724371563792,,,0.021875325015041656,,,,,,,,0.03406823683560517,,,,,,0.03406823683560517,0.024430880353770487,,,-0.034381305784746255,-0.03331763089420336,,,,,,,,,,0.03406823683560517,,,,,-0.034381305784746255,,0.029753847745277284,,,-0.034381305784746255,,,,,,,,,-0.030534615893516828,0.02193732974865445,0.026455512823479913,-0.034381305784746255,,,-0.034381305784746255,,-0.034381305784746255,,-0.022599171413441886,,,,,,,-0.034381305784746255,,,,,,,0.03406823683560517,,,,,-0.034381305784746255,,,,,,-0.023388644080068858,0.021706885840528115,,,-0.012455127034518846,0.03276752542015322,,,,,0.024972784839398136,,-0.034381305784746255,,,-0.034381305784746255,,,,,,,,,,,,-0.034381305784746255,,,,,,,,,,,,,,,,,,,,,,,,,,,,,,,-0.034381305784746255,,-0.034381305784746255,,,,-0.034381305784746255,,,,,,,,,0.02013038199254933,,,,-0.030005602176295974,0.03406823683560517,,,-0.034381305784746255,-0.014240149542549879,,,,-0.020935740965812133,,,,0.03406823683560517,,,,,,,,,,,,0.03406823683560517,,,,,,,,,,,,,-0.034381305784746255,,,0.030378218266439015,-0.02897415374076941,,,,-0.022326897588552223,,-0.034381305784746255,,,,,,0.01903035477780777,,,,,0.022588697368870043,0.03135690063110155,0.03406823683560517,,,,,,0.03406823683560517,0.021885024762787558,0.03406823683560517,0.03406823683560517,,,,,-0.021231672176453414,-0.034381305784746255,,,,,,-0.034381305784746255,,,,,,,,,,,,,,,,,-0.034381305784746255,,,,,,,,,,-0.034381305784746255,,,0.03406823683560517,,,,,,,,0.03130615537027716,,,0.03406823683560517,0.03406823683560517,0.03406823683560517,,,,,,,,,0.03406823683560517,0.02220358323397151,,,0.02874126804812393,,,-0.021409964843314915,-0.034381305784746255,,,,,,,,,,,,,,,,,,,,,,,,,,,,,,,,,,,,,,,,,,,,,,,,,,,,,,,,,,,,,,,,,,,,,,,,,,,,,,,,,,,,,,,,,,,,,,,,,,,,,,,,,,
2012-06-29,,,,0.02351082148959161,,,,-0.022100539024070723,,,,,,,-0.022100539024070723,,,,0.020061780851470697,-0.02046522191480111,,,,,,,,,,,0.02351082148959161,,,,,-0.019599908830031872,-0.01534499907307712,0.02351082148959161,,0.019786836025603063,,,,,,,,,,,,0.02351082148959161,,,,,,,0.02351082148959161,,,,,,,,,,,,,,,,,-0.0146141157050442,,,,0.010927125440225172,,0.02351082148959161,0.016419117066968372,,-0.021751595471337343,,,,,,,0.014675505443541076,,,,,,,-0.021619726459626662,,0.02351082148959161,-0.02140792171720237,0.01912362730466452,,,,,,-0.019639041290357828,,,,,-0.016909423531148143,,,0.02351082148959161,,,0.02351082148959161,,0.02351082148959161,,,,,,,,,,,,-0.022100539024070723,,-0.013674966766993093,,-0.020852299817886662,,-0.022100539024070723,,,,,0.023141272075690184,,,,,,,,,,-0.017368937580500322,,,,,-0.022100539024070723,,,,,,0.02351082148959161,,,,-0.012864299635589625,,,,,,,,0.02351082148959161,-0.022100539024070723,,,-0.022100539024070723,,,,,,,,,,,,-0.022100539024070723,,,-0.013736539239280757,,,,,,,,,,,,-0.020732806675052808,,-0.018380832037425333,,,,,,,0.02351082148959161,,,,,,,,,,0.011404025349732156,,,,,,,,0.02351082148959161,,,,,,,,,-0.014305457124079452,,,,,,0.02351082148959161,-0.016468286711706897,,,,-0.022100539024070723,,,,-0.022100539024070723,-0.022100539024070723,,,,,,,,,,,,,,,,,,,,,,,,,,,0.02351082148959161,0.008850242453648597,-0.022100539024070723,,,,,,,0.02351082148959161,,,,0.010146711101429534,,,,,,-0.022100539024070723,,0.02351082148959161,,,-0.022100539024070723,0.02351082148959161,,,,,,,,,-0.02113543731539648,,,,0.022402535213686892,,-0.01949995788225872,-0.01635683211237666,,,0.021842659499122893,,,,,,,,0.013458866971488005,,,,,,,,,,,-0.022100539024070723,,,,,,,,,-0.018200800955276444,,,,,-0.022100539024070723,,0.01752329210446586,,-0.022060286901445205,0.01104194264968463,,,-0.01756042507601749,,,-0.01857946584357922,,,,,,-0.019556651962588673,,,0.012508054079286941,-0.01807015525420201,,0.01623958808991718,,0.009911909265539542,0.01589600713287882,,,,,,0.020638420734254842,0.022501264749210086,,-0.022100539024070723,-0.007029695451098217,0.01015824221892116,-0.018775184344710417,,,,,,,0.02146145555372346,,,,,,0.02351082148959161,,0.02109301873164227,,0.015792703971803178,,,,,,,0.02351082148959161,-0.022100539024070723,0.01768585205008946,,,,0.018052206727322394,-0.022100539024070723,,,,,,,,,,,,,,,,,,,,,,,,,,,,,,,,,,,,,,,,,,,,,,,,,,,,,,,,,,,,,,,
2012-07-31,,,,0.02898916806736164,,,,,,,,,,,-0.028154457569323978,,,,0.025327010175600708,-0.028154457569323978,,,,,-0.021352037192891894,,,,,,0.02898916806736164,,,,,-0.013541970985092073,,0.02898916806736164,-0.012662095949938546,0.021482590494639565,,,,,,,,,,,,,,,,,,,0.02898916806736164,0.02898916806736164,,,,,,,,,,,,,,,,-0.02286153919045179,,,,0.018491710636326868,,0.02898916806736164,0.022369290422365826,,-0.013621726933341276,,,,,-0.028154457569323978,,,,,,,,,,,,-0.026632720774053827,0.027542925205121423,,-0.028154457569323978,,,,,,,,,,,,,,,0.02898916806736164,,,,,,,,,-0.02556402915313833,,0.02898916806736164,,0.009043956977737577,-0.028154457569323978,,,,-0.018052919875061073,,,,,,,0.012597879321962888,,,,,,,,,,-0.020693637145102358,,,,,,0.02898916806736164,,,,,0.02898916806736164,,,,-0.02026937340723419,,,,,,,,0.02898916806736164,-0.028154457569323978,,,-0.028154457569323978,-0.028154457569323978,,,,,,,,,,,-0.028154457569323978,,,,,,,,,,,,,0.02898916806736164,0.02898916806736164,,,-0.028154457569323978,,,,,,,0.02898916806736164,,,,,,,,,,0.021570175505904166,,,,,,,,0.025512260603198115,,,,,,,,,-0.022444274606731086,-0.02293565756461183,,,,,0.02898916806736164,-0.023167036039496918,,,,-0.028154457569323978,,,,-0.028154457569323978,-0.020641109719010283,,,,,,,,,,-0.028154457569323978,0.02898916806736164,,,0.021041795262820465,,,,,,,,,,,,,0.02898916806736164,0.008751049560667837,-0.023002959769381406,,,,,,,,-0.02555077358830399,,,,,,,,,-0.028154457569323978,,0.02898916806736164,,0.02898916806736164,,,,-0.02664826577183257,,,,,,,,,,,,,-0.02573688979017014,-0.020458799281408143,,,0.018050111541294468,,,,,0.020955864318588216,,,0.015903324812023827,,,,,,,,,,,-0.02778219528590164,,,,,,-0.028154457569323978,,,-0.007216142665538908,,,,,-0.028154457569323978,,0.01344007713434037,,-0.028154457569323978,0.012661709892879212,0.019966071730323387,,-0.02084026384945708,,,-0.021675875726696815,,,,,,-0.027960820769235183,,,0.013402697043798937,-0.025105886895864505,,0.008911565800343333,,0.009241109606526323,,,,,,,0.023737961006964032,0.028142977209366808,,-0.028154457569323978,-0.0137996668193883,0.01921160152678146,-0.005823497360729866,,,,,,,0.02898916806736164,,,,,-0.028154457569323978,0.02898916806736164,,0.02898916806736164,,,,,,,,0.02898916806736164,0.02898916806736164,-0.02295359997707309,,,,,0.02898916806736164,-0.028154457569323978,,,,,,,,,,,,,,,,,,,,,,,,,,,,,,,,,,,,,,,,,,,,,,,,,,,,,,,,,,,,,,,
2012-08-31,,,,0.029115741142337878,,,,,,,0.029115741142337878,,,0.029115741142337878,-0.030477966554655674,,,,0.029115741142337878,-0.026741203338759414,,,,0.029115741142337878,-0.025575468743880957,,,,,-0.015946958227691408,0.029115741142337878,,,,,-0.013368929626405287,-0.00788801738844897,0.027711703641324283,-0.013146484834331925,0.029115741142337878,,0.02537463584495676,,,,,,,,,,,,-0.023958400844988677,,,,,,,,,,-0.030477966554655674,,,,,,,,-0.023580443839249624,,,-0.01976877709162249,-0.02148547506075634,,,,0.023483934818218578,,,0.007053157333639232,,,,0.029115741142337878,,,-0.030477966554655674,,,,,,,,,,,,-0.030477966554655674,,,-0.030477966554655674,,,,,,,0.029115741142337878,,,,,,,,0.029115741142337878,,0.029115741142337878,,,,,,0.018749290557483235,,,0.029115741142337878,,0.012749066631276305,-0.030477966554655674,,-0.030477966554655674,,-0.02862723355493697,,,,,,,0.021489272961875108,,,,,,,,,0.029115741142337878,-0.018983182785556833,,,,,,,,,,,,,,,-0.029500620098846596,,0.016085620471901374,,,,,,0.029115741142337878,-0.030477966554655674,,,-0.03044625509649171,,,,,,,,,,,,,,,-0.030477966554655674,,-0.010883923607802342,,,-0.030477966554655674,,,,,,,,,-0.02998943920696057,,,,,,,0.02635915700525357,,,,,,,,,,0.017167235727244497,,,,,,,,0.029115741142337878,,,,,,,,0.029115741142337878,,-0.014701030657455056,,,,,,-0.017008247334219715,,,,,,,,,,,,-0.030477966554655674,,,,,,,,,,,,,,,,,,,,,,,,0.029115741142337878,0.014198403372343722,-0.030477966554655674,0.02739140843564279,,,,,-0.030477966554655674,,-0.030477966554655674,,0.029115741142337878,,,,,,,-0.030477966554655674,,,-0.01351830039542471,,-0.0279594760429129,,,-0.030477966554655674,,0.02179072235417561,,,,,,0.02706923779943216,,0.027828411756171352,,,,,,,,,,,,,,,0.019370473765231676,,,,,,-0.030477966554655674,,,,,,,-0.015475784047583721,,,,-0.030477966554655674,,,-0.015535542267714865,,,,,,,0.029115741142337878,,-0.020719001401293655,0.014362616721320616,0.02510187627857549,,-0.021910865755664036,,,,,,,,,-0.014179537923235331,,,0.019106368613571564,,-0.018781006835577346,0.017194913647828238,,0.008756132442338381,,,-0.030477966554655674,,,,,,,-0.030477966554655674,-0.00551457019496766,,,-0.030477966554655674,,,,,,0.029115741142337878,,,,,,0.029115741142337878,,0.022533308275937493,,0.023322473020193822,,0.02193801280053394,,,,0.022249724711043185,,,,,0.016248009731601776,,0.029115741142337878,,,,,,,,,,,,,,,,,,,,,,,,,,,,,,,,,,,,,,,,,,,,,,,,,,,,,,,,,,,,,,,,
2015-05-29,,,,0.031094737068444737,,,,,-0.027425047360594614,,,,,0.02076714316546451,0.031094737068444737,,,,,,,,,,,-0.029003920910277918,,,,0.028603977211050707,,,,,-0.02916954246342941,,,,-0.02268568518187701,0.030059305759850424,,,,,,,,,,,,,,,,,,,,,,,,,,,,,,,0.026874982420150913,,,,,,,,,,-0.01989523933472187,,0.01339932624427813,,,0.031094737068444737,,,,,,,,,0.031094737068444737,,-0.024570458972860344,,0.012943619926597986,,,-0.020640257709132942,0.025771750373500754,,,,,-0.024714852277124433,,,,-0.030352093807275094,,,,,,,,,,,-0.030352093807275094,0.025786013501013602,,,,,,-0.02855516218881829,,,,-0.027496571894788255,,,,,0.020772097118966857,,,,,,,,,,,0.0243773132698806,,-0.01704483794400257,0.031094737068444737,0.031094737068444737,-0.020774993140490014,,,,-0.028265220911696455,-0.030352093807275094,,,,,,,,,,,,,,,,0.015462594545452676,,,-0.030352093807275094,,,,,,,,0.031094737068444737,,,,,-0.026902786544493056,,,,0.031094737068444737,0.031094737068444737,,-0.030352093807275094,,,,-0.030352093807275094,,,,,,,,,,,,,,,0.031094737068444737,,,,-0.030352093807275094,,,,,-0.030352093807275094,,,,,,,,,,,,0.031094737068444737,,0.02642414670306133,,,,,-0.018311471266658833,,0.031094737068444737,-0.030352093807275094,,,,,,,,,,,,,,,,,,,,-0.030352093807275094,,,,,-0.02332532180294243,,,,-0.022739871568144273,,,,,,-0.030352093807275094,,,,,,,,-0.030352093807275094,,,,,0.031094737068444737,-0.030352093807275094,,-0.030352093807275094,0.031094737068444737,,,,,,,,,,,,,,-0.030352093807275094,,,,,-0.030352093807275094,,-0.030352093807275094,,-0.030352093807275094,,,,,,,,,,,,-0.030352093807275094,0.02897091027495752,,0.031094737068444737,,,,-0.030352093807275094,,,,0.014089447718102426,,,,,-0.030352093807275094,,,,,,0.02738253674856972,,0.0272853707158255,,,0.031094737068444737,,,,,-0.030352093807275094,-0.018526542412822034,,,,-0.019129331199732973,-0.030352093807275094,,0.030048447059927867,0.031094737068444737,,,,,,,,,0.02483326446701243,-0.024457341458162713,,,0.023663117315585645,,,,,,,,,,,-0.017566280361698074,,,0.031094737068444737,-0.011756166412040806,,,0.031094737068444737,0.024719944121923496,,,,,0.031094737068444737,0.031094737068444737,,0.031094737068444737,,-0.030352093807275094,,0.014732325569538409,,,,,,,,,0.017024754271900807,,0.031094737068444737,,-0.030352093807275094,0.023139451338557087,,0.021392111799605366,,,,,,0.024074911163058724,,,-0.018141273292033633,-0.01788925461994513,,,0.010011961032302999,,,,,,,,,,,,,,,,,,,,,,,,,,,,,,,,,,,,,,,,,,,,,,,
2015-06-30,,,,0.030793674562773016,,,,-0.028052120288717328,-0.029106910321241207,,,,,,0.030793674562773016,,,,,,,,,,,-0.03134265887865399,,,,0.0304109367169846,,,,,,-0.029239196246465402,,,-0.016891017236116343,,,,,0.030793674562773016,,,,,,,,,,0.015575112386228681,,,,,,,,,,,,,,,,,,,,,,,,,,0.020865721336483862,-0.03134265887865399,,0.02415089298465602,,,,,,,,,,,,0.030793674562773016,,-0.022584651023926282,,0.026211579599743646,,,-0.030937848409015044,0.030793674562773016,,,,,-0.02690935581562014,,,,-0.03134265887865399,,,,,,,,,,,-0.03134265887865399,0.020887434218407105,,,,,,-0.03134265887865399,,,,,,,,,,,,,,,,,,-0.009494905202642026,,0.030793674562773016,,-0.024764024454375966,,0.030793674562773016,-0.016652921400169867,,-0.03134265887865399,,-0.03134265887865399,-0.026520746427656828,,,,,,,,,,,,,,,,0.019521494071798328,,,-0.03134265887865399,,,,,,,,0.030793674562773016,,,,,-0.03134265887865399,,,,,,,,,,,-0.03134265887865399,,,,,,,,,,,,,,,0.030793674562773016,,,,-0.03134265887865399,-0.03134265887865399,,,,-0.03134265887865399,,,,,,,,,,,,0.030793674562773016,,0.030793674562773016,,,,,-0.016706829977088958,,,-0.03134265887865399,,,,0.030793674562773016,,,,,,,,,,,,,,,,-0.03134265887865399,,,,,-0.02657618463146142,,,0.027737773638723307,,,,,,,,,,,,-0.02555889791453689,,0.028922503560407594,-0.03134265887865399,,,,,0.03025632518307113,-0.03134265887865399,,-0.02978117875455348,,,,,,,,,,,,,,,-0.03134265887865399,,,,-0.03134265887865399,-0.03134265887865399,,-0.03134265887865399,,,,,,-0.02845058649964135,,,,,,,,,,,0.030793674562773016,,,,-0.025764521589894653,,,,0.015062450057204465,,,,,-0.029471591645109797,,,,,,0.025428269533178796,,0.02322473510779538,,,0.030793674562773016,,,0.030793674562773016,0.030793674562773016,,-0.013981109683967805,,,0.030793674562773016,-0.026055191369594433,,,,0.030793674562773016,,,,,,,,,0.02820937293542989,-0.015759488473093747,,,0.016327651278351875,0.030793674562773016,,,,,,,,,,-0.01714719072390263,,,0.028373323271931053,-0.03134265887865399,0.012390108612246516,,0.030793674562773016,,,,,,0.030793674562773016,0.030793674562773016,0.030793674562773016,0.021327159962974768,,,,0.024880637409783014,-0.03134265887865399,,,0.027733254505709064,,,,,,,0.030793674562773016,,-0.02860537625887645,0.027822705845309288,,0.027473344296497126,,,,,,0.029890062335947258,,,-0.02643558329650441,-0.02201754496075406,-0.026287279429957407,0.030793674562773016,0.01810869332573749,,,,,,,,,,,,,,,,,,,,,,,,,,,,,,,,,,,,,,,,,,,,,,,
2015-10-30,,,,0.02084230999747225,,,0.02084230999747225,-0.020397341382850074,-0.015866554796579606,,,0.02084230999747225,,,0.02084230999747225,,,,,-0.016292778244592784,,-0.02011809838983357,0.018569560373582615,-0.019196810113710227,,,,,,0.016405266613491756,,,,,,-0.011840422097266162,,,-0.016056684508254145,0.01891806360840436,,0.02084230999747225,,,,0.02084230999747225,,,,,,,,0.014651437379872068,,,,,,,,,,-0.020397341382850074,,,,,,,,,,,,,,,,,,,0.01673987915795612,,,0.02084230999747225,-0.016168702853767036,,-0.018573410135306216,,,,-0.013592145746171123,,,,,,,,,,,,,,0.02084230999747225,-0.015475253479303699,,,,,,,,,,,,,,,,0.009096543972677446,,,,0.02084230999747225,,-0.020397341382850074,,,,,0.02084230999747225,,,,,,,,-0.020397341382850074,,0.018368119817885893,,,-0.008844745391931896,,,,-0.014747564564823273,,0.02084230999747225,-0.010453910829537932,,,,,,,,,,,,,0.02084230999747225,,,,,,,,0.011665735926034983,-0.01717383661088344,,,,,,,,,,0.018418507966686492,0.02084230999747225,,,,-0.00779397062933709,,,,,,,,,,,-0.020397341382850074,,,,,,,,,,,,,,,,,-0.020397341382850074,,-0.020397341382850074,,-0.020397341382850074,,,-0.020397341382850074,,,,,,0.014493070172765533,,,,,,0.02084230999747225,,0.015286727974984413,,,,,,,,-0.020397341382850074,,,-0.020397341382850074,,,,,,0.018079207807265997,,,,,,,,,,,,,,,,-0.005604734955390912,,,0.01588774711710573,-0.020397341382850074,,,,,,,,,,,-0.01129568577811905,,,-0.020397341382850074,,,,,0.02084230999747225,-0.015355438573975417,,,0.02084230999747225,-0.018404770752683857,,,,,,,,,,,,,-0.020397341382850074,,,,,,,-0.020397341382850074,,,0.01867763548653436,,,,,,,,,,,-0.020397341382850074,,,0.01084563221607561,,,,-0.011286457221485333,,,,,,-0.018740012455499475,,-0.020397341382850074,-0.020397341382850074,,,,,0.016667206253337594,,-0.020397341382850074,0.010270899870976836,,,0.017677596142556505,,,,0.02084230999747225,,-0.009712106044059024,,,0.011307578296968419,-0.01236432862325284,,,,,,,,,-0.017940376969245705,,,,0.006448154405959941,-0.01401948208288965,0.013977199159176053,,0.010994746105304804,,,,,,,,,,,,,,0.01265558889428656,-0.01731165377334275,,,,0.02084230999747225,,,,,0.02084230999747225,,0.02084230999747225,0.007171996476058449,,,,0.011195834245930946,-0.009944262617557202,,-0.017702623909063304,,,,,,,,,-0.010834102920287863,-0.020397341382850074,0.014906503925154527,,0.0159790591800082,,0.02084230999747225,,,,0.012579222122657477,,,-0.020397341382850074,-0.020397341382850074,,0.014659063548127172,0.011170141326107939,,,,,,,,,,,,,,,,,,,,,,,,,,,,,,,,,,,,,,,,,,,,,,,
2015-11-30,,,,0.02237856016525179,0.02237856016525179,,0.02237856016525179,,-0.02294832105964562,,,0.020988639066840967,,,0.02237856016525179,0.02237856016525179,,,,-0.013493335416206651,,,0.02237856016525179,,0.019422820747898487,,0.02237856016525179,,,0.013479733160379764,,,,,,-0.0126940095745214,,,-0.01263341951251096,0.02237856016525179,-0.02294832105964562,0.02237856016525179,,0.02237856016525179,,,,,,,,,,,,-0.02294832105964562,,,,,,,,-0.01722215595605792,,,,,,,,,,,,,,,,0.01718737537917094,,,,,,0.02237856016525179,-0.02294832105964562,,-0.021451167878164156,,,,-0.011165371834985545,,,,,,,,,,,,,,,,,,,,,,0.02237856016525179,-0.011254750811139483,,,,,,,,0.007305602259472462,,,,0.02237856016525179,,,,-0.02294832105964562,,-0.02294832105964562,0.02200112617114157,,,,,,,,-0.020201866979671763,,,,,-0.015625797431697452,,,,-0.013409997669336185,,0.02083913087501359,-0.010833764966231535,,,,,,,,,-0.020149823885021755,,,,0.02237856016525179,,,,,,,,,-0.02294832105964562,,,,,,,,,,,0.02237856016525179,,,,-0.02072666233143933,,,,,-0.02294832105964562,-0.02294832105964562,,,,,-0.02294832105964562,,,,,,,,,,,,,,,,,-0.02294832105964562,,-0.02294832105964562,,-0.02294832105964562,,,-0.02294832105964562,,,,,,0.01083493672209905,,,,,,0.02237856016525179,,0.017721288747676384,,,,,,,,,,,,,,,,,0.01953890710398177,,-0.021721669060730864,,,,,,,,,,,,,,-0.02294832105964562,0.021180781759998477,,0.021738447400423536,-0.009520182967094806,,,,,,,,,,,-0.02195574869461012,,,-0.02294832105964562,,,,,0.02237856016525179,,,,0.02237856016525179,-0.012852660164742867,,,,,,0.009149421516090456,,,,,-0.02294832105964562,,-0.02294832105964562,,,,,,,-0.02294832105964562,,,0.02237856016525179,,,,,,,,,,,,,,0.02237856016525179,,,,-0.02219130955555023,,,,,,,,-0.021344861514883524,,,,,,0.017548245463844894,,,0.010164241616026174,,,0.02237856016525179,,,,0.018239792237406408,,-0.01355147011644882,-0.015291166679471732,,,-0.011698458096992258,,,,,,,,,-0.008292244276359759,,0.020909335902484855,0.02237856016525179,0.016749520398044893,-0.022013566121912128,0.016481727691197774,,0.005139802599154407,,,,,-0.02294832105964562,,,,,,,,,0.01919102709178107,-0.009953161860697685,,,,,,,,,0.01723009957075276,,0.02237856016525179,,,,,0.01160559735717857,-0.021598188089633468,,-0.01740289623325992,,,,,,,,,-0.010061270674603613,-0.01994294224494413,,,0.013928192301981732,,0.02237856016525179,,,,,0.012958547480481987,,,-0.02294832105964562,,0.015532926078094767,0.006925869511658114,,-0.018909917324840715,,,,,,,,,,,,,,,,,,,,,,,,,,,,,,,,,,,,,,,,,,,,,
2015-12-31,,,,0.01812734472412733,,,0.02132596683919097,-0.02178589916512329,-0.022020618971194488,0.01934638005487405,,0.02132596683919097,,,,,,,,-0.012821136091190049,,,0.01781394347435487,,0.02132596683919097,,0.02132596683919097,,,,-0.022202373277920434,,,,,-0.022235159771115315,,,,0.021290578180401868,-0.022235159771115315,0.020186733108043406,,0.02132596683919097,,,,,,,,,,,,-0.016531832373157897,,,,,,,,-0.022235159771115315,,,,,,,,,,,,,,,,0.015997219166418733,,,0.021252205733553683,,,0.02132596683919097,-0.022235159771115315,,,,,,,,,,,,,,,,,,,,,,,,,,,,0.02132596683919097,,,,,,,,-0.022235159771115315,0.0112760956953638,,,,0.02132596683919097,,-0.022235159771115315,,-0.022235159771115315,,,0.02132596683919097,,,,,,,-0.022235159771115315,,,,,,-0.01859991626272997,,,,-0.006707249497634825,,,-0.006817954411124144,,,,,,,,,-0.022235159771115315,,,,0.02132596683919097,,,,,,,,,-0.018303133741578312,,,,,,,,,,,0.018659258502205286,,,,,,,,,-0.022235159771115315,,,,,,-0.022235159771115315,,,,,,-0.020406513689274337,,,,,,,,,,,,,-0.01804872515916792,,,,,-0.022235159771115315,,,,,,0.01527690440459164,,,,,,,,0.017031693293695166,-0.022235159771115315,,,,,,,-0.021179080488168415,,,-0.022235159771115315,,,,,,0.018225083212867088,,,,,-0.022235159771115315,,,,,,,,,,,-0.017361793436451372,0.02132596683919097,,0.015227357525183068,-0.022235159771115315,,,,,,,,,,,-0.013917861946015261,,,-0.022235159771115315,,,,,0.02132596683919097,,,,,,,,,0.019055279863058373,,0.018574095750118338,,,,,,,,,,,,,,,,,0.02132596683919097,,,,,,,,,,,,,,0.01248891486047776,,,,-0.022235159771115315,,,,-0.012735062019894333,,-0.022235159771115315,,-0.022235159771115315,,,,,,0.02132596683919097,,,0.01376063218360497,,,0.017638294948405773,,,,0.02132596683919097,,-0.008912997779422071,-0.018873072090411915,,,-0.006556319436970099,0.01878695459200102,,,,,0.02132596683919097,,,-0.022235159771115315,,0.02126004531349829,0.02132596683919097,0.013879121725122115,-0.017113252490237763,0.017145172434392574,,0.008131625083742903,,,,-0.022235159771115315,-0.022235159771115315,,,,,0.018613261660986605,,,,0.016453848113364037,-0.022235159771115315,,-0.013364264385885272,,,,,0.02132596683919097,0.02132596683919097,0.02132596683919097,,0.02132596683919097,,,,,,-0.021265283493620873,,-0.014229049792042503,,,,,,,,-0.009229839648591583,-0.005960766371502592,-0.014616899638709237,0.011403512084706753,,0.018426950492594154,,0.01522633983837647,,,,0.02132596683919097,,,,-0.021049351724427547,,,0.016763125177997915,,-0.022235159771115315,,,,,,,,,,,,,,,,,,,,,,,,,,,,,,,,,,,,,,,,,,,,,
2016-01-29,,,,0.020521329415845904,,,0.020521329415845904,-0.018591505337770438,-0.01723662249939081,0.020521329415845904,-0.021440095758357924,0.020521329415845904,-0.008123106688622357,,,,,,,-0.01538512411286682,,,0.017466227479217125,,,,,,,,-0.01977001947168179,,,,,-0.019269243971657177,,,,0.020521329415845904,-0.021440095758357924,0.020521329415845904,,0.014735751636309666,,,,-0.021440095758357924,,,,,,,,-0.021440095758357924,,,,,,,,-0.02067236038587569,,,,,,,,,,,,,,,,0.01482211829972927,-0.021440095758357924,,,,,,-0.021440095758357924,,,,,,,,,,,,,,,,,,,,,,,0.020521329415845904,,,,,0.020521329415845904,,,,,,,,-0.021440095758357924,0.010189593240331297,,,,,,,,-0.017604022724665557,,-0.021440095758357924,0.020521329415845904,,,,,,,,,,,0.020521329415845904,,-0.010671636563597691,,,,,,,-0.006588317224898132,-0.017740212560972277,,,,,,,,-0.015453245868557508,,,,,,,0.015552853407176161,,,,,,-0.021440095758357924,,,,0.019122596107634574,,,,,,,0.020355192621184005,,-0.021440095758357924,,,,,,,-0.021440095758357924,,0.020521329415845904,,,,,,,,,,-0.021440095758357924,,,,,,,,,,,,,-0.021440095758357924,,,,,,,,,,,0.01594798700507564,,,,,,,,0.01871171041464298,-0.021440095758357924,,,,,,,,,,-0.021440095758357924,,,,,,0.012136120113276368,,,,,,,,,,,,,,,,-0.021440095758357924,0.020521329415845904,,0.0119244054567005,-0.021440095758357924,,,,0.020521329415845904,,,,,,,,,,-0.018565079131299744,,,,,0.020521329415845904,,,,,,,,,,,0.018312184234472492,,,,-0.021440095758357924,,,,,,,-0.021440095758357924,,,,,,,,,,,,,,,,,,,,0.018373117334532493,,,,-0.021440095758357924,0.020521329415845904,,,-0.015316938936176184,,,,-0.021440095758357924,,,,,,0.020521329415845904,,,0.011159284076544628,,0.01757410044237771,0.01851908078281228,,,,0.020521329415845904,,-0.010529956439698633,-0.014277687854430513,,,-0.010109395663367625,0.020521329415845904,,,,,0.020521329415845904,,,-0.021440095758357924,,,,0.0149765254256463,,0.01951988816740659,,0.010507253542439447,-0.017029906713249096,,,,-0.021310740881711972,,,,-0.016561620552839912,0.013801922399847589,0.012703429429576,,,0.01848969370793071,0.020521329415845904,,-0.007506255838804333,0.020521329415845904,,0.019624112447626955,,,,0.020521329415845904,-0.01424164006967909,0.020521329415845904,,,,,0.0166064020645733,-0.014170835317053232,,-0.016821932558350676,,,,,,,,-0.007897199277038958,-0.006294221025767305,-0.021440095758357924,0.012018044195028839,,0.017868398287796638,,0.0166200197527053,,,,,,,-0.021440095758357924,-0.021440095758357924,,,0.01411263299192093,,,,,,,,,,,,,,,,,,,,,,,,,,,,,,,,,,,,,,,,,,,,,,,
2016-05-31,,,,0.02251445694748442,0.02251445694748442,,,-0.0226131127434945,-0.0226131127434945,,,0.02251445694748442,,-0.011691572766717067,-0.0226131127434945,,,,,-0.01580366658190641,,,,,0.02251445694748442,,0.02251445694748442,,,,-0.02182635883487212,,,-0.017221370291669747,0.019164808542225256,,,,0.010547933273367179,0.015330623033774712,,0.019108633422414388,,,,,,,,,,,,,,,0.019203047601680807,,,,,,,-0.02128736170167667,,,,0.02251445694748442,,,,0.007628056363535019,,0.01098913013144976,,,,,,,0.021561150905546504,,,,,0.021858077611673476,-0.015411907214685336,,,,0.015965022776709113,,-0.017294843612920042,,,,,,,,,,,,,,0.02251445694748442,,,,,,,,0.011225511732147172,,,,,,,,,-0.014651380807117717,,,,0.019283033816757306,,,,-0.019532210837037343,,,0.02251445694748442,,,,-0.01511206811782645,,-0.0226131127434945,,,,0.014134016047059057,,,-0.014202816304821819,,,,,,,-0.007220311200806001,,,,,,,,,-0.013507103524884937,,,,,,-0.0226131127434945,,,,,,-0.0226131127434945,-0.0226131127434945,0.02251445694748442,,,,,,,,,,,,,-0.009477316081023363,,,0.02251445694748442,0.02251445694748442,,,,0.02251445694748442,0.02251445694748442,,,,,,,,,,,,,0.02251445694748442,,,,,,,,,-0.0226131127434945,,,,,,,0.02251445694748442,,,,,,,,,,,,0.016977092626294595,,,,,,,-0.0226131127434945,,,,,,,,,,0.018418275133927388,,-0.0226131127434945,,,,,,,,,,,,0.02251445694748442,,-0.0226131127434945,0.02251445694748442,0.02251445694748442,,-0.02139342117934314,,,,,,,,,,,-0.017815846199562682,,,,,,,,,,,,,,,,,,-0.0226131127434945,0.007268701913156976,-0.0226131127434945,,,,,,,,-0.0226131127434945,,,,,,-0.0226131127434945,,0.02251445694748442,,,,-0.019861994503794413,,,0.02251445694748442,,,-0.0226131127434945,,0.018341257934273218,,0.02251445694748442,,,,,,,,-0.01646588078536646,0.017454157415620824,,,-0.0226131127434945,0.017834812777264383,,,,,,,,,,,0.02246890250978477,,,,0.02236682042817211,,,-0.017678034591861375,,-0.02167642227187607,-0.016418705819026127,0.02251445694748442,,-0.0226131127434945,,,,,,,0.020367385317883083,,,,,,,,-0.011286891865603391,,,-0.0226131127434945,-0.0226131127434945,-0.020604818338735925,,,-0.0226131127434945,,,,,,,,,0.01065094459131499,,,,,0.02251445694748442,0.02251445694748442,-0.022284604292959226,,,,,,,,,-0.0226131127434945,,,,,,,,-0.0226131127434945,-0.014282123058015595,-0.022588225728660535,,,,,0.02251445694748442,0.02251445694748442,,,,0.014276902852931641,,,-0.021002673984404963,,,,,,-0.0226131127434945,,,0.02251445694748442,,,,,,,,,,,,,,,,,,,,,,,,,,,,,,,,,,,,,,,,,
2016-12-30,,,,-0.01791403220799747,,,-0.01791403220799747,0.015938731605103076,,-0.016425942529861882,,,,,-0.01776046758190226,,,,,,,,,-0.01791403220799747,,,,,,,,,,,,,0.012190919865791057,,0.0062522624992592465,-0.014010680771972742,0.01674617284178348,,,,0.011003964084072428,,,,,,-0.01791403220799747,,,,,,0.018435959004530007,,,,,,,0.017793243310217845,,,,,,,,0.0066596384121342615,,,,,,,,-0.013460858159581856,0.018435959004530007,0.017043067066699957,-0.013277028778523985,,0.01613292846107013,,0.018435959004530007,,,,0.018435959004530007,,-0.01277187683157213,,,,,,,,,,,0.018410314558038744,,,,,,-0.01791403220799747,,0.0168027432314006,,-0.015492333534412272,-0.01791403220799747,,,,0.018435959004530007,,,,,,,,,,,,,-0.01791403220799747,,,,,,,-0.010464692801200092,,,,,,,-0.01791403220799747,,,,,,0.016014716311623125,-0.015314847286018387,,0.008979856060795287,0.018435959004530007,,,,0.018435959004530007,,,,,,,,,0.018435959004530007,0.018435959004530007,,,,,,,-0.01791403220799747,0.018435959004530007,,,,,,,,,,,,,,,,,,,0.013922438376314971,,,,0.017851284057698938,,0.018435959004530007,,,,,,,,,,,,,,,,,,,,,0.013052988406069315,,,,,,0.018435959004530007,-0.01791403220799747,,,,,,,,-0.017495243173063245,,,,,,0.011215967513159305,,,,,,,,,0.016013951771164173,0.018435959004530007,0.018262506663579762,,,,,,,,,,,-0.01791403220799747,,,,,,,0.018435959004530007,-0.017559119001678097,,-0.013506730423742938,,,,-0.01791403220799747,,,,,0.018435959004530007,,,,,,,,,,,,,,0.015672089419664567,,,,0.018435959004530007,,,,0.0063975164184265736,,-0.01791403220799747,,,,0.018435959004530007,,,,,,,,,,,,,,,,,,,,,-0.01791403220799747,,,,,0.018073007903223443,,,0.01699049603680147,,,-0.01791403220799747,0.007728768104816179,,,,,,,-0.016602412084549042,,0.016330978017927,,,,,,,,,,,,,0.0072048558716447655,,-0.01791403220799747,,-0.009567433871187574,,,-0.015937728023297196,0.018435959004530007,,,,,,0.015584859456310697,-0.01791403220799747,,,0.006368364071883348,,,-0.009840420052918821,-0.00819940665219688,,,,,,,,,,-0.006959861364997294,-0.013815780135512566,0.014444099406496515,-0.01791403220799747,,,,,,-0.01791403220799747,,,,,-0.009991381490580445,-0.016918459955412985,,,,,,,,,,,,,,,,,0.016103788900662972,0.01350248712610072,-0.01330782274494248,-0.013167121345616706,-0.01791403220799747,,-0.01791403220799747,,-0.009730036837770906,,-0.01791403220799747,,,-0.01791403220799747,-0.01791403220799747,,-0.010490901752134326,,,,,,,,0.018435959004530007,0.016454243468379474,,-0.01791403220799747,-0.011507077999799564,,,,,,,,,,,,,,,,,,,,,,,,,,,,,,,,,,,,
2017-01-31,,,,-0.021190261096966236,,,-0.021190261096966236,0.014776351432301592,0.0185814785913661,-0.021190261096966236,,,,,-0.019364392752828655,,-0.021190261096966236,,,,,,,-0.016337150858627122,,,,,,,,,,,,,0.01648542227709768,,0.011239461404375754,-0.021190261096966236,,,,,0.017751958927304405,,,,,,-0.021190261096966236,,,,-0.01782637554110466,,0.022002672035635776,,,,,-0.014441020222913487,,0.022002672035635776,,,,,,,,,,0.022002672035635776,,,,,,-0.009503524208158441,0.022002672035635776,0.016240031016569546,,,,,,,,,0.022002672035635776,,-0.01198947179706915,0.017828091694475415,,,,,,,,,,,,,,,,-0.021190261096966236,,0.017911854828923216,,,-0.021190261096966236,-0.009933003141820931,,,,,,,0.022002672035635776,0.010316140354594345,,,,,,,,,,,,0.017689685783031747,,,-0.01218340981975599,,,,,,,-0.021190261096966236,,0.015021651692720187,,,,0.020242154574681124,,,0.008188728213216293,,,,,,,,,,,,,,0.022002672035635776,0.01706293047815281,0.022002672035635776,,,,,,-0.01566293602564931,,,,,,,,,,,,,,,,,,,,,,,,,,0.022002672035635776,,,,,,,,,,,,0.022002672035635776,,,-0.012793340621744954,-0.021190261096966236,,,,,0.022002672035635776,,-0.021190261096966236,,,,0.022002672035635776,-0.021190261096966236,,0.017579296955303445,,,,,,-0.021190261096966236,,,,,,0.008804723492666214,,,0.022002672035635776,,,,0.022002672035635776,,0.022002672035635776,0.022002672035635776,0.022002672035635776,,,,0.005151554312984893,,,,,,-0.021190261096966236,-0.021190261096966236,,0.022002672035635776,,,,,0.013825260826273977,-0.01972690469142512,,-0.014402150445712927,-0.017587011086462333,,,-0.021190261096966236,,,,,,,,0.009443768245556986,,,,,,,,,,,0.01518419480029327,,0.0154066212208348,,0.017151726727046082,,,,0.01349776422984282,,-0.015213908200216094,,,,,,,,,,,,,,,,,,,,,,,-0.021190261096966236,,-0.021190261096966236,,,,,0.01836713950713101,,,0.021074959620379367,,,-0.021190261096966236,0.0216199510214597,,,,,,,,,,,,,,,,,,,,,,,,-0.021190261096966236,,,,,,0.022002672035635776,,,,,,,,,-0.0037670860155342343,,,,,,-0.021190261096966236,,,,,,,-0.015368577050738382,,-0.010261234507844096,-0.0126309701087684,,,,,-0.00914878743689386,,,-0.021190261096966236,,,,,-0.012530161865076044,-0.019407789492572877,,,,,,,,,,0.014403930366345625,-0.021190261096966236,,,,,,0.01594506629316402,,,,-0.017472154976988164,,,,,,-0.018826051096452166,,,-0.021190261096966236,-0.021190261096966236,,-0.013859119588753318,,,,0.022002672035635776,,,,,0.02169116310044658,-0.021190261096966236,-0.020449717461824807,,0.014059590059212005,0.009036944775590966,,,,,,,,,,,,,,,,,,,,,,,,,,,,,,,,,,
2017-10-31,,,,-0.02804057389912884,,0.026967953903132762,,-0.028110170562499138,,,,,,,-0.022913201844135804,,,0.014496355473273818,,-0.013940025574135371,,,,,,,,,,,,,,,,,,,0.008100510381302443,,,0.025361017321451875,,,,,,,,,,,,,-0.015148730023173695,,,-0.028110170562499138,,,,,,,-0.025069435317230583,,-0.021628259826184257,,,,,-0.028110170562499138,,,,0.026967953903132762,,-0.028110170562499138,,,,0.01893074447654717,,,,,,,,,-0.028110170562499138,-0.009395969270204795,-0.007824502271280148,,,,0.026967953903132762,,,,,,,,,,0.026967953903132762,-0.014527116786849774,-0.016845456315440092,,,,,0.021935677449648076,-0.028110170562499138,,,,,,,,,,,,0.026967953903132762,,,,,,,,,0.026967953903132762,,,0.019003054148053526,,-0.01829429090016408,,,-0.028110170562499138,,-0.017239231264329923,,0.013308781555653435,,,,,,,,-0.026395487898908176,,,,,,,,,,-0.020038709112261768,,,,,,,-0.028110170562499138,,,,,-0.020767267043102524,,,,,,,,-0.01985778663435738,,,-0.028110170562499138,,0.022590325349619137,,,-0.024959640644776158,,,,,,,,,0.026967953903132762,,,,,,,,,,,,,-0.028110170562499138,,0.026967953903132762,,,,,,0.026967953903132762,,,-0.028110170562499138,,,,0.026967953903132762,-0.01766291401164187,,,-0.028110170562499138,,,,,,-0.027262298649166156,,0.017514961081266652,,,,,,-0.017094755498652137,,,,,0.02330613424270055,,,,,,0.02275651590842122,,,,,,-0.028110170562499138,-0.028110170562499138,,,,,,,,,,0.026967953903132762,-0.020379362040318233,,,0.026967953903132762,0.026967953903132762,,,,,,,0.019001119697400416,,0.019154308660634622,,,,,,,,,,-0.01850920312577544,,,,,,,0.02451032317273668,,,,,,-0.02235753703531245,0.024305320311304685,,-0.02708669171259891,,,,,,,,,,,,,,-0.028110170562499138,0.02526629293340271,,,-0.028110170562499138,,,,,0.008361546677933466,,0.026967953903132762,,-0.028110170562499138,,,-0.015938407247593454,,,,,,0.017648960298127587,,,,0.026967953903132762,,,,,,,,,,,-0.014730042222940623,0.019121846791989826,-0.010275553401542747,,,0.023663564103080324,,,0.026967953903132762,,,,,,,0.01793139793494917,,,-0.026292939013647123,,,,0.01954710318865582,0.019289571531796706,,,,0.02657115350999801,,,,-0.008362870656603894,,,,,,,,-0.01882773358627898,-0.011558271557590495,,,,,,,,,,0.026967953903132762,0.024186021373382598,,,,0.026967953903132762,,,,-0.028110170562499138,,-0.028110170562499138,,,,,0.026967953903132762,0.026967953903132762,0.014784086983564591,,,,,,,-0.028110170562499138,,,,,,,,-0.02059766641604051,0.018732083719633204,,,,,,,0.01766220948245944,,0.019857736478151578,,0.026967953903132762,0.017151948063548573,0.011647637784873311,,,,,,,,,,,,,,,,,,,,,,,,,,,,,,,,
2017-12-29,,,,-0.021888187505262495,,0.02187856268458883,,-0.021888187505262495,,,,,,,-0.014709852324384027,,,0.022487455747931057,,-0.017115662937334207,,,,,,,,0.022487455747931057,,,,,0.01292502697828781,,,,,,-0.010084791099290986,,,0.022487455747931057,,,,,,,,,,,,,-0.014558137424484785,,,,,,,,,,,,-0.021888187505262495,,,,,,,0.022487455747931057,,,,,,,,0.018010816348063004,,,,,0.022487455747931057,-0.021888187505262495,-0.015921978791146294,,-0.021888187505262495,-0.017704391062184938,,,-0.009004521227959694,,0.020808795274121574,,,,,,,,,,,-0.01144519014058346,,,,,,,,0.01625320282734134,,,,,,,,-0.014431783525527197,,,0.01399875088039865,,,-0.021888187505262495,,,0.019839824057551903,,0.022487455747931057,,-0.021684716432733574,-0.014204863375688598,0.015135102857050354,,-0.020764459672076876,,,,,-0.021888187505262495,,0.009565276377278643,,,0.022487455747931057,,,,,-0.021888187505262495,,-0.02065656707569657,,,-0.021888187505262495,,,,,-0.021888187505262495,,,,,,0.022487455747931057,-0.01613671863200562,-0.007919518631666006,,,,-0.021888187505262495,,,,,,,-0.018371766301415654,-0.01580465072650879,-0.016110570670933883,,-0.01680048489174067,,,,0.022487455747931057,-0.021888187505262495,,,,,,,,,,,,,,,,,,,,,,,,0.022487455747931057,,,,,,,,-0.018216422974351103,,,,,0.022487455747931057,-0.021888187505262495,-0.012652345814463138,,,,,,,,,,,,,,,,-0.021888187505262495,,,,,0.011276604669206729,,,,,0.022487455747931057,0.011709357323798268,,,,,,-0.01645730163718421,-0.018882195755877997,,,,,,,,,,0.02111616865385844,,,0.02176400137374334,0.022487455747931057,,0.022487455747931057,,,,,,,,0.022487455747931057,,,,,,,,,,-0.01348274441572725,,,,,,-0.021888187505262495,0.012158969653211834,0.017697108355134827,,,,,-0.021888187505262495,0.02134152215500897,,-0.008349348723747757,,-0.021888187505262495,,,,,,,,,,,,,0.011926817837613136,0.022487455747931057,,,,,,,0.007430604378907387,,0.022487455747931057,,-0.021888187505262495,,,-0.0157169999380456,,,,,,0.022374132160922107,-0.02081701963215588,,,,0.012158117807496984,,,,,,,,,,-0.021888187505262495,0.022487455747931057,,,,0.01432738710429239,,,,,,,,,,,,,,,,,0.01688688577833762,,,,,,-0.021888187505262495,,,-0.016500046732188977,,0.007706113755283602,,,0.02096691243167675,0.019770672791935257,,-0.021888187505262495,-0.014057486437911349,,,,,,0.022487455747931057,,,,,,,,,0.022487455747931057,,,,,,,,,,,0.0163911080972771,,,,,,,,,,,,,,,,0.014598995147896664,-0.018305174166602035,,,,,,,-0.018591229909661167,0.014745431068470483,,0.010892055148431884,,0.009499895403546841,0.007720088604505849,,0.022487455747931057,,,,,,,,,,,,,,,,,,,,,,,,,,,,,,,
2018-01-31,,,,-0.024114158109796516,,0.01594908457070638,,,,,,,,,-0.0205873897607326,,,0.015392169633584807,,-0.014565590275558121,,0.02075402474813551,,,,,,0.024020649805452435,,,,,,,,,0.018381651948031607,,-0.010922033593812571,,,0.024020649805452435,-0.023549713210279488,,,,,,,,,,,,-0.018726109775110363,,,,,,,,,,,-0.024114158109796516,-0.021866523715233933,,,,,,,0.024020649805452435,0.024020649805452435,,,,,,,0.010835012032879216,,,,,,,,,,-0.007037136118520257,,,-0.024114158109796516,,0.013464374206399878,,,,,,,0.024020649805452435,,,,-0.013764699673047573,,-0.024114158109796516,,,,,,,,,,,,-0.024114158109796516,,-0.01716080631959737,,,0.012555309001876963,,,-0.023894718239210456,,,,,0.024020649805452435,,,-0.011724377670035995,0.024020649805452435,,-0.024114158109796516,,,,,-0.014295321975827776,,0.012627769168806554,,,0.024020649805452435,,,,,-0.01900847692596924,,-0.024114158109796516,,,,,,,,-0.024114158109796516,,-0.024114158109796516,,,,0.01660951942400322,,,,,,,,,,,,,-0.022792107611784664,-0.018998886204218773,,,-0.024114158109796516,,,,,-0.024114158109796516,,,,,,,,,,,,,,,,,,,,,,,,0.024020649805452435,,,,,,,,,-0.024114158109796516,,,,0.024020649805452435,-0.01885764091766517,-0.024114158109796516,,-0.024114158109796516,,,,,,,,,,,,,-0.02022235400194802,,,,,,0.01684494387362222,,,,,,,,,,,,-0.024114158109796516,-0.024114158109796516,,,,,,,,,,0.024020649805452435,,,,,,0.024020649805452435,,,,,,,,0.02385895589825947,,,,,,,,,,-0.024114158109796516,,,,,,,0.017795790779476083,0.024020649805452435,,,,,-0.01920699710190042,0.024020649805452435,,-0.024114158109796516,0.024020649805452435,-0.019501527123091625,,,,,,,,,-0.013753811049995604,,-0.024114158109796516,,0.016200463611957233,,,,,,,,0.01602170169559963,,0.024020649805452435,,-0.024114158109796516,,,-0.024114158109796516,,,,,,,,,,,0.024020649805452435,,,0.024020649805452435,,,,,,,-0.02092794215650597,0.00804994363110296,-0.015658276702724228,,,0.024020649805452435,-0.024114158109796516,,0.024020649805452435,,,,,,,,,,-0.009590393002086767,,,,0.017899114372432884,,,,,0.01822732905040503,-0.009209140402242404,,,-0.01658992029406776,,0.012379874375015547,,,0.024020649805452435,0.00980416145671692,,-0.011685116811280784,-0.013945549768013992,,,,,0.024020649805452435,0.024020649805452435,,,,,,,,,0.024020649805452435,,,,,,,,,-0.022913705730121418,,0.023668658699474127,0.024020649805452435,,0.024020649805452435,,,,,,-0.02029088998696101,,,,,,,0.019637829370992545,,0.009376474895081642,,,,,-0.024114158109796516,,0.024020649805452435,,0.01095563997766612,,0.01600480166796952,,,0.024020649805452435,,,,,,,,,,,,,,,,,,,,,,,,,,,,,,,
2018-03-30,,,,-0.016584911402582003,,0.019925055675330622,,,,,,,-0.015306666667760519,,,,-0.021661149255205313,,,-0.015138968865595992,,0.02110225156110589,,,,,,,-0.021661149255205313,,,,0.014652206737409988,,,0.017647823551088015,0.017687211357575984,,-0.01597665932766968,,,,,,,,,-0.021661149255205313,,,,,,,,,,,,,,,,,,-0.020532440309212814,-0.021661149255205313,,,,,,,,0.01716570995378136,,,,,-0.01917558449619435,,0.021917716156324457,,,-0.021661149255205313,,,,,,,,,,-0.014228208044748097,,-0.015162164804893257,,,,,,,0.021917716156324457,,,,-0.01939939173136346,,-0.021661149255205313,,,,,,,,,,,,,,-0.012336353919354746,,-0.01230326062658173,,,,-0.021661149255205313,,,,,0.021917716156324457,,,-0.0137021370214643,0.019557203263463392,,,,,,,-0.01465928993151822,,0.010593555235057762,,,,,,,0.01458507705397014,-0.01755307059222738,,-0.021661149255205313,,,-0.021661149255205313,,,,,,,-0.021661149255205313,,,,,,,-0.020766544333967213,,,,,,,,,,-0.021661149255205313,-0.015929822852842203,0.021917716156324457,,-0.021661149255205313,,,,0.021917716156324457,-0.01957331382688774,,,,,,,,,,,,,,,,,,,,,,,,,,,,-0.01899296736763349,,,,,,,,,0.021917716156324457,,-0.021661149255205313,,,,,,,,,,,,,,,,,-0.021661149255205313,,,,0.01768342461309796,,,,0.01869625402733111,,,,,,,,-0.021661149255205313,-0.021661149255205313,,,,,,,-0.01865246765890715,,,0.021917716156324457,,,,,,0.021917716156324457,,,,,,,,0.021917716156324457,,,,,,,,,,-0.01825413235168022,,,,,,,0.01308448598729956,0.021917716156324457,,,,,-0.021661149255205313,0.016799011379935024,,,,-0.021661149255205313,,,,,,,,,-0.01832207662596954,,,,0.021346274755844396,0.021917716156324457,,,,,,,0.015880025767672085,,0.021917716156324457,,-0.021661149255205313,,,0.021917716156324457,,,,,,,,,-0.02013860574682315,,,,0.011766298054343375,0.020338414557358478,,,,,,,-0.021661149255205313,0.016364420374752112,,,0.021917716156324457,0.021917716156324457,-0.020461649772618707,,0.021917716156324457,,,,-0.019899675247645417,,,,,,-0.014002447945295834,,-0.016083371834765263,,,0.01511340197658412,,,,,-0.021661149255205313,,0.021917716156324457,-0.018745907132345023,,0.017171089538016722,,,0.015816405782881696,0.020575937574190024,,-0.015466019579387608,-0.012778647396637963,0.021917716156324457,,,,,,,,,0.01885687258592631,,,,,,,,,,,,,,,,0.021917716156324457,0.021917716156324457,,,0.021917716156324457,,,,0.017004187784118278,,,,,,,,0.014664859067611615,,0.01230215668006311,,,0.020698639369045587,,-0.021661149255205313,,0.021436558213538248,,0.009573141364318855,,0.01271126785084767,,0.021917716156324457,,-0.016316936103607606,,,,,,,,,,,,,,,,,,,,,,,,,,,,,,
2018-04-30,,,,-0.02196269566175653,,0.014957234221475216,,,,,,,,,,,,,,-0.017008264030989116,,0.02230494332548962,-0.02196269566175653,,,,,,,,,,,,,0.020123978756472947,,,-0.00814083851683712,,,0.02230494332548962,,,,,-0.017470810939267393,,,,,-0.02196269566175653,,,-0.020318764250228067,,,,,,,,,,,-0.02196269566175653,,,,,,,,0.02230494332548962,,,,,,-0.017729039209255632,,0.02230494332548962,,,-0.02196269566175653,,,,,,,,,,-0.02196269566175653,,-0.01809895357448625,,,,,,,0.015610125332489193,,,0.02230494332548962,-0.020184098368644987,,-0.02196269566175653,,,,,,,,,,,,,,-0.00543876321137394,,-0.02196269566175653,,,,-0.020862274623753417,-0.01819480030159804,,,,,,,-0.017957532208035053,,,-0.020984639128903304,,,,,-0.014836302658255559,,0.009273911624373275,,,,,,,0.008011060608848666,-0.02130121583892764,,-0.02196269566175653,0.02230494332548962,,,,,,,,,-0.018988935893687914,,,,,,,-0.02196269566175653,,,,,,,,,,-0.015538177809090153,-0.016017897699206494,,,,0.02230494332548962,,-0.017034761628436514,,-0.02196269566175653,,,,,,,,,,,,,,,,,,,,,,,,,,,,-0.02196269566175653,,,,,,,,,0.02230494332548962,,-0.01916031796330388,,,,,,,,,,,,,,,,,,,,,,,,,0.01504803039329984,,,,,,,,-0.014625831475191685,-0.015721812789064808,,,,,,,-0.02196269566175653,,,0.02230494332548962,,,,,,0.02230494332548962,,-0.015137863760258049,,,,0.012549159369282095,,0.018761431799512868,,,,,,,,,,,,,,,-0.021080605734608956,,0.013858613057398545,0.021268504705898875,,,-0.02196269566175653,,,,,,0.020387325047636132,,,,,,,,,,,0.012669776380623776,,,0.013071384709589092,,,,,,-0.02196269566175653,,0.010260638415434429,,0.02230494332548962,,-0.02196269566175653,,,0.016139548404694077,,,,,,,-0.02196269566175653,,-0.02196269566175653,,,-0.02196269566175653,0.012485876954925573,0.02230494332548962,,,,,0.02230494332548962,,-0.01472138152074785,0.01972077027673114,,,0.02230494332548962,0.02230494332548962,-0.02196269566175653,,0.02230494332548962,,,,,,,,,,,,-0.01434252548598329,,,0.018326242865726483,,,,,,,0.0210913995553081,-0.0056856982370895506,,0.010842885693134258,,,0.01699734393400554,0.02230494332548962,0.02230494332548962,-0.017759656782949294,-0.01826485016827953,0.02230494332548962,,,,,0.02230494332548962,,,,,,,,,,,,,,,,,,-0.02165987732637973,,,0.013962706097699989,-0.009349964443446358,,0.02230494332548962,,,,0.01671685990734512,0.020968019877531496,,0.02230494332548962,,,,,0.01938630501501904,,,,,,,-0.02196269566175653,,0.016684921060460628,,0.009653184307654238,,0.010986273165626868,,0.018450943726457933,0.02230494332548962,-0.006445087275750086,,,,,,,,,,,,,,,,,,,,,,,,,,,,,,
2018-05-31,,,,-0.0207850904329486,,0.01725338609994259,,,,,,,,,,,,,,,,0.019153318294708323,,,,,,,,,,,0.019999905932331447,,,,,,,,,,,,,,-0.0207850904329486,-0.0207850904329486,,,,,,,-0.012124517371726337,,-0.0207850904329486,,,,,-0.011919814534590727,,,,-0.0207850904329486,,,,,,,,0.01634246942169915,,,,-0.0207850904329486,,-0.014544930502177268,,0.01096838601828278,,,-0.0034606837334860423,,,,,,,0.018980668817493523,,,-0.014189162782700897,,-0.013432262512667908,,-0.017984319743350203,,,,,0.018912158880149275,,,0.019999905932331447,-0.010340250706751855,,-0.020748695094303323,,,,,,,,,,,,,,-0.0207850904329486,,-0.0207850904329486,,,,-0.0207850904329486,-0.015026727350500042,,0.017108807705916915,,,,,,,,,,,,,-0.012395369629031691,,,,,,,,,,-0.02062649268271483,,-0.009196341329663826,,,,,,-0.014768454358006215,,-0.0207850904329486,,-0.0207850904329486,0.019999905932331447,,0.01843883620332713,,,,,-0.01994742625165523,-0.0207850904329486,,,,,,,,-0.014342483741243455,-0.005427859717186763,,,,,,,,-0.0207850904329486,,,,,,,,,,,,,,,,,,,,,,,,,,,,-0.018982774104466832,,,,,,,,,0.019999905932331447,,-0.01749479447619337,,,,,,,,-0.01402164812784824,,,,0.018803646243835383,,,,-0.01732992873513205,,,0.019999905932331447,,,,,,0.019999905932331447,,,,,,,,,-0.0207850904329486,,,,,,,,,,0.019212617584003052,0.008076904264779671,,,,,,,,,,,,,0.019999905932331447,,,,,,,,,,,,,,,-0.0207850904329486,,0.0146208044055325,,,-0.0207850904329486,-0.0207850904329486,,,0.019511278713690284,,,0.006032862444148384,,,,,,,,,,,,,,0.019999905932331447,,,0.019999905932331447,,,,,0.0189035609037645,,,,-0.017117757072797824,,,0.0048577351332754135,,,,,,,,,-0.016821588781799127,,0.019999905932331447,,0.019952578853061873,0.018622041455649444,,,,,,,,0.01784041905505945,,,,0.012810299359189571,-0.016131327326316353,,0.019999905932331447,,,,,,,,,,,,-0.0207850904329486,,,0.01551559772172079,,,,,-0.01761231794438316,,0.019999905932331447,-0.0207850904329486,,0.013642688244976857,,,0.016178376647272317,0.01579204423477346,0.018082907050614692,-0.006272654798740935,-0.0207850904329486,0.019693885092437493,,,,,0.019999905932331447,,0.019999905932331447,,0.011856146884395775,-0.0207850904329486,0.01467542668512167,,,,,,-0.02025219798969934,,,0.019425105115817607,,,-0.019757969315850832,,,,-0.011099580602591962,,,0.019204852264081456,,,0.018570020693160313,0.019999905932331447,,,,,,,0.017022435538763512,,0.01561342944711144,,,,,-0.01630387520639165,,,,0.013637842407500952,,0.010573782267302979,,0.019135369842942503,0.019999905932331447,-0.018860079296917166,,,,,,,,,,,,,,,,,,,,,,,,,,,,,,
2018-06-29,,,,-0.01633651197153303,,0.022369224294854394,,,,,,,,,,,,,,,,0.024764108823178303,-0.024467867358932752,,,,,,,,,,0.022968156132765455,,,0.020858861029388793,,,,,-0.025114221771608623,,-0.025114221771608623,,,,-0.023975995387409462,-0.025114221771608623,,,-0.025114221771608623,,,,-0.012579106896163447,,,,,,,-0.015860641838752174,,,,-0.025114221771608623,,,,,,,,0.02318302847437989,,,,-0.025114221771608623,,-0.01847950196942505,,0.02419705243865704,,,-0.025114221771608623,,,,,,,0.024764108823178303,,,-0.016096496083195966,,-0.025114221771608623,,-0.025114221771608623,,,,,0.02210510086274862,0.024764108823178303,,0.024764108823178303,-0.010414350463814202,,-0.01932035388218201,,,,,,,,,,,,,,-0.012779247179787184,,-0.014391942175965917,,,,-0.025114221771608623,-0.015006071814476728,,,,,,,,,,,,,,,-0.013239358525036861,,0.013884199541706593,,,,,,,0.014076673082388271,-0.025114221771608623,,-0.011928189438089263,,,,,,-0.025114221771608623,,-0.025114221771608623,,-0.025114221771608623,,,,,,,,,-0.024626214105073145,,,,,,,0.02235504249037143,-0.025114221771608623,-0.0183968468734653,0.021300962175091462,,,0.024764108823178303,,-0.018830929268936633,,-0.025114221771608623,,,,,,,,,,,-0.025114221771608623,,,,,,,,,,,,,,,,,-0.025114221771608623,,,,,,,,,0.021680304821969452,,,,,,,,,,,,,,0.0187310949888657,,,,,,,0.024764108823178303,,,,,,0.024764108823178303,,,,,,,,,,,,,,,-0.013648059978832571,,,,0.0235849411475847,0.021599617734094037,,,,,,,,,,,,,0.024764108823178303,,,,,,,,,,,,,,,-0.025114221771608623,,0.01833912432601213,,,,-0.025114221771608623,,,,,,0.01484881252538315,,,,,,,,,,,0.020573421334932812,,,0.024764108823178303,0.024764108823178303,,,,,,,0.01927128400677966,,,,-0.025114221771608623,,,0.0106473395586532,,,,,,,,,-0.025114221771608623,,0.024764108823178303,,0.013080123743151014,0.01569898450321365,,,,,,,-0.025114221771608623,0.018223817796250825,,,,0.024764108823178303,-0.018234933374287728,,0.024764108823178303,,,,,,,,,,,,-0.025114221771608623,,,0.022410909763408225,,,,,-0.021456398866255194,,0.024764108823178303,,,,,,0.024764108823178303,0.012128069638261496,0.02420574201042916,,-0.017913928424944877,0.024764108823178303,,,,,0.024764108823178303,,0.024764108823178303,,,-0.024497451164711626,,,,,,,-0.01760363495730073,,,,,,-0.02214762490938769,,,0.02305522090410222,-0.008832696603937061,,,,,,,,,,,,,,0.01173139007342432,,0.024764108823178303,,,0.022319423226030557,,-0.025114221771608623,,0.022526568542741376,-0.025114221771608623,0.013198624610612579,,,,0.024764108823178303,0.024764108823178303,-0.025114221771608623,0.013948940280332714,,,,,,,,,,,,,,,,,,,,,,,,,,,,,
2018-07-31,,,,-0.025350321140443444,,0.02512850270422597,,0.02512850270422597,,,,,,-0.025350321140443444,,,,,0.02512850270422597,,,0.02512850270422597,,,,,,,,,,,0.020841882064798364,,,0.017153278797557164,,,,,-0.02087170318789657,,-0.025350321140443444,,,,,-0.024546566373377866,,,-0.025350321140443444,,,,-0.021619727609120606,,,,,,,-0.015371227642618956,0.02512850270422597,,,-0.025222448722272656,,,,,,,,0.02512850270422597,,,,-0.025350321140443444,,-0.025350321140443444,,0.021221826613344576,,,-0.025350321140443444,,,,,,,0.01270068291721923,,,-0.019785344742419334,,-0.020795220299492732,,-0.014815171210108093,0.020356777168476847,,,,0.01554905572503982,,,,,,-0.02281043966701845,,,,,,,,,,,,,,-0.024842838435567078,,-0.025350321140443444,,,,-0.025350321140443444,-0.02100357093394448,-0.021364140300111998,,,,,,,,,,,,,,-0.01941682883512109,,0.017023202608821616,,,,,,,,-0.025350321140443444,,-0.025350321140443444,,,,,,-0.015248940711370467,,-0.023002023959458547,,-0.025350321140443444,,,,,,,,-0.01652511618071222,-0.016469348561044313,,,,,,,,-0.025350321140443444,-0.025350321140443444,0.02512850270422597,,,,,-0.025350321140443444,,-0.01768790634508427,,,,,,,,,,,-0.0077155107263217875,,,,-0.024717218850253478,,,,,,,,,,,,,-0.021270009797918408,,,,,,,,,0.02512850270422597,,,,,,,,,,,,,,0.02156549340438594,,,,,,,0.020781847853350483,,,,,,0.02512850270422597,,,,,,,,-0.022529764796139908,,,,,,,-0.025350321140443444,,,,0.02046272348131157,0.02512850270422597,,,,,,,,,,,,,0.023839858306609906,,,,,,,,,,,,,,-0.025350321140443444,-0.009896110189660526,,,,,-0.02023312072606503,,,,,,,0.018460160426279577,,,,,,,,,,,,,,0.022016171115932914,,,,,,,,0.01843617309413883,,,,-0.025350321140443444,,,0.016486634948228544,,,,,,,,,-0.021221952047047635,,0.025005800020461474,-0.025350321140443444,0.015035747540840496,,,,,,0.02512850270422597,,,,0.01905639827778186,,0.02512850270422597,0.02512850270422597,,,0.02512850270422597,,,,,,,,,,0.015213272896959645,,-0.013318661052891704,,,0.024619781266413242,,,,,,,0.02511857586377714,,,,,,0.018744017913369472,0.02177625405687075,0.023945998956579548,-0.02058695966076523,,0.02512850270422597,,,0.015431345265662387,,0.02512850270422597,,0.02512850270422597,0.020121021064851058,,-0.025350321140443444,0.02512850270422597,,0.02512850270422597,,,,-0.01593141155675141,,,0.02512850270422597,,,-0.025350321140443444,,,,,,,,,,,,,,,,,-0.02291297508085641,0.017673014200591933,,,,,,,-0.025350321140443444,,0.019452094000211157,,0.013219247301536232,,0.016042823621652994,,0.02308110936811783,0.02512850270422597,-0.00869150363875125,,,,,,,,,,,,,,,,,,,,,,,,,,,,,,
2018-08-31,,,,-0.02197512733926227,,,,0.018417282517038936,0.01722787935979236,,,,,,,,,,,0.012118525924229072,,0.0228698342763869,,,,,,,,,,,0.0228698342763869,,,0.019470525191069,,,,,-0.019327672441174844,,,,,,-0.02197512733926227,-0.02197512733926227,,,,,,,-0.019793185186132434,,,,,,,-0.018104611060311332,0.013638847675872937,,,-0.02197512733926227,,,,,-0.02197512733926227,-0.013516852797121675,,0.0228698342763869,,,,,,-0.013027655116888505,0.0228698342763869,0.015418999308778858,,,-0.01599268145758673,,,,,,,0.021707479683154444,,,-0.01122857061824548,,-0.011384585886444965,,,0.0228698342763869,,,,0.0228698342763869,,,,,,-0.02197512733926227,,,,,,-0.01787499887950632,,,,,,,,-0.01982827347821165,,-0.0198807279782065,,,,,-0.020728059018837536,-0.02197512733926227,,,,,,,,,0.0228698342763869,,,,,-0.017979066667991647,,0.011646431809938605,,,,,,,,-0.01692021379883905,,,,,,,,-0.020548676287707374,,-0.02197512733926227,,-0.02197512733926227,,,,,,,,-0.02197512733926227,-0.018361803645924657,,,,,,,,-0.014277891338937657,-0.016516415399650083,0.021928031901319263,,,,,,,-0.019762359706020548,,,,-0.02197512733926227,,0.0228698342763869,,,,,-0.02197512733926227,,,,-0.020774739878911232,,,,,0.0228698342763869,,,,,,,,-0.018097435486502354,,,,,,,,,,,,,,,,,,,-0.020451343935463655,,,,0.01624966699379269,-0.016329063809597692,,,,,,0.017302584489493105,0.0228698342763869,,,,,0.0228698342763869,,,,,,,,,,,,-0.02197512733926227,,,,-0.019694010025692914,,,0.019114234417344837,,,,,,,,,,,,,,0.0228698342763869,,,,,,,,,,0.0228698342763869,,,,-0.02197512733926227,,,,,,,,,,,,,0.019671118703348273,,,,,,,,,,,,,,0.0228698342763869,,,,,,-0.019809469961995278,,0.014409239966275564,,,,-0.02197512733926227,,,0.007612194285130572,,,,,,,,,-0.018970829335815044,,,,0.011383327639827462,,,,,,,,,,0.010291742226228646,,0.019658012450964713,0.01514134340525772,,,0.019044351290262565,,,,,,,,,,0.012175398169290015,,-0.02197512733926227,,,0.019229866232614187,,,,,,,0.0228698342763869,,,,,,0.0202096774973063,,0.007703787470260519,-0.004077992031201319,,0.009810289496887602,,,0.0228698342763869,,0.0228698342763869,,,0.0228698342763869,,-0.01971697089378145,,-0.018862773998853347,,-0.018980030018430388,0.0228698342763869,-0.021228435408394968,-0.01279221403096771,,,0.0228698342763869,,0.0228698342763869,-0.02197512733926227,,,,,,,,,,,,,,,,,-0.01792361459727919,0.02073509455862246,,,,,0.018193851345254745,,-0.017360359911632803,,0.022022618614739965,,0.011806526285680543,,,,0.017890315450202674,0.01732512507344588,-0.015120140381832445,,,,,,,,,,,,,,,,,,,,,,,,,,,,,,
2022-02-28,,,,0.01805679240061759,0.015945866827230683,,0.02118293779286214,-0.021865089805039997,-0.021865089805039997,,,,0.013262489009343853,,0.02118293779286214,,,,,,,,,,,,,,0.01790181811430496,,-0.021865089805039997,,,,,,,,,,,,,,,,,-0.021865089805039997,,,-0.021865089805039997,-0.021865089805039997,,,0.02118293779286214,,0.017294134640945796,,,,,,,,,,,0.02118293779286214,,,,,,,,,,,,,-0.019351983199549092,-0.013257664707085563,-0.021865089805039997,-0.017202797215552044,,-0.021865089805039997,,,0.014464620702839841,,,,,,,,0.007281247149189356,,-0.021865089805039997,-0.021865089805039997,,,,0.014432086026580313,,,,,,,-0.013596423682316502,,,,,,,,,,,,0.02118293779286214,,,,,,,,,0.02118293779286214,,0.02118293779286214,,,,,,,,,,,,,0.017120417029802066,,,0.02118293779286214,,,,,,,,,,,,,,-0.020217104433340162,,,,,0.02118293779286214,,0.01824929233717664,,,,-0.021865089805039997,-0.017155581731957394,,,,,,,,-0.021865089805039997,,,,,0.021002564339003188,,,,,,,,,,0.013077923932050893,,,,0.02118293779286214,,,,,-0.021865089805039997,,,0.020911765040052512,0.01568674656995931,,0.02118293779286214,,,,,,,,,,,,,,,,,,0.013969879157424224,,,,,,,,0.02118293779286214,,,,,,,,,,,,,,,,,,,,,,,,,,,,,0.02118293779286214,,0.01219349000728934,0.017840774643853932,,,,,-0.021865089805039997,,,,,,-0.02177381906836618,,,,,,,,-0.009939749426702272,,,,,0.02118293779286214,0.02118293779286214,0.02118293779286214,,,0.02118293779286214,,,,,,,0.008818806293790577,,,,,,,,,,,,,,,0.020090191735121506,,,,,,,,-0.021865089805039997,,,,,,,,-0.021865089805039997,-0.015478019636932057,,,,,-0.019347565149769305,,-0.016243914825395226,,-0.01641273156276429,,,,0.02118293779286214,0.02118293779286214,,,,,,-0.01193665297152304,-0.021865089805039997,,,,,,,,-0.020283040199077052,0.02118293779286214,,,-0.021865089805039997,,,,,,0.015198313887837045,,,,,,,,-0.021865089805039997,,0.02118293779286214,0.013375441302081332,0.01226947744498062,,,,0.01873192880249792,-0.014060406768807984,,,,,,-0.01785907115070646,,-0.020480286419435143,-0.013865453997415657,,,,,,,,,,0.012071563362454105,0.021117405053949476,0.00959301641278937,,,-0.021865089805039997,,-0.009988627804988895,,0.012617071360231026,,,,,-0.021865089805039997,,,,0.02118293779286214,0.014670453705179765,,,,,-0.021865089805039997,,,,0.009821414764006088,,,,,,-0.011955534576248183,-0.01475282624429328,,,,,,0.01521658387555289,,,-0.008065842854218295,,-0.005799460748065597,,0.014368770234635482,,,-0.021865089805039997,,,-0.021865089805039997,,-0.013654573452814438,,,,0.01756207782410648,,,,,-0.010672809304792393,-0.010723649816981413,,,-0.007980089831507487,-0.007318577196981497,-0.011636024527984108,-0.01446661760331435,,,,,,,,,,
2022-11-30,,,,-0.009996647855103027,0.009307514497322323,,,,0.007020782061071051,-0.01288983826565426,,,0.005219649650745792,,,,,,,0.005843335635533462,,-0.008564016544953151,,,,,0.008810184220486596,,,,,,-0.010972027530833746,,,,,,-0.00912368466213078,,,,-0.013188517314438562,-0.013451962963304007,,0.012825771844136762,,,,,-0.013451962963304007,,,,,,-0.010212165804289214,0.013250217959078691,,0.013250217959078691,,0.005787128788702661,,0.013250217959078691,,,,,,,-0.013451962963304007,,,,,,,,,,-0.011435956585989256,,,,,,,,,,,,,,0.012561404952817963,,,,,0.009278071018923641,,,,,-0.013451962963304007,,0.013250217959078691,,,,,,-0.013451962963304007,,,,,,,,-0.01083362422688098,,0.013250217959078691,,,0.010200007141692455,,,,,,0.011471893157248928,,,,,,-0.013451962963304007,0.013250217959078691,-0.013451962963304007,,,,,0.002833413884477752,,,,,,,-0.013451962963304007,,,,,,,,,0.012593559065084334,,,,,,,0.013250217959078691,,,,,,,0.009056830254901484,,,,,,,,,,,0.011581626138199474,-0.009308341133795363,,0.013250217959078691,,-0.011320046553479327,,,,0.013250217959078691,,0.010022862350795443,,-0.013451962963304007,-0.010178291005084127,,,,,,0.013250217959078691,,,,0.013250217959078691,,,,,,0.006237173523233163,,-0.013451962963304007,,,,,,,,,,,,,-0.008959339674931965,,,,,,,,,,,,,,0.008263306686776002,,,-0.012296915338239747,,0.013250217959078691,-0.013451962963304007,,,,,,,,,,,-0.013451962963304007,,,,,,,,0.013250217959078691,,,,0.008943682522183678,,0.013250217959078691,,,,,,,-0.013451962963304007,,,,,0.012396854983152957,,,0.011661430987722633,,,,,,,,,,0.013250217959078691,,,,-0.007187778458543889,,,-0.008649020923795889,,,0.010905035505751559,,,,,,,0.013250217959078691,,,,,,-0.011941262641276089,,,,,,,,,-0.011010567818219413,,,,,0.013250217959078691,,-0.008289759470183188,,,,,,,,,,,,,,,,0.011069953000009566,0.01148216429034664,,,-0.010571394586867096,,,,0.013250217959078691,-0.013451962963304007,,-0.013451962963304007,0.013250217959078691,,,,,0.00871072717233677,,,,,,,,,,-0.01191790203435837,,,,,,,,0.006227409207217697,,,,,,,,,,0.006890898409380318,,0.013250217959078691,,,,0.004909972942920411,0.01154343488026388,,,,,-0.013451962963304007,,-0.008542723415982471,,,,,,,-0.008150272359635578,,-0.010606678755375307,,,,,,0.009701259067848139,,-0.013451962963304007,,,,,,,,-0.010467708148298682,,,,,,,,,,,,,,,0.006832474727057064,,,,-0.010836622862651099,,-0.0060732197693379,,,,,0.013250217959078691,0.010466836716718352,,0.013250217959078691,,-0.007855115807649847,,,,,-0.013451962963304007,,,,-0.010749906438184855,,-0.006996809379834414,,-0.007876948798580396,-0.00822068289920463,,-0.007965894103820512,-0.005407164945222357,-0.0063104589387874286,,-0.005118805993704998,,,,,,
2022-12-30,,,,-0.011501644785290033,0.012326991332171116,,,0.012878699016629061,0.007322598692330519,,,,,,,,,,,,,-0.011903709431876243,,,,,,,0.012878699016629061,,,,,,,,,,-0.009353932226184454,,,,-0.012433935459714012,-0.013387992553598398,,,,,,,,,,,,,-0.010988728112746243,,,0.012878699016629061,,,,0.012878699016629061,,,0.009520925009245531,,,,-0.013387992553598398,,,,0.012878699016629061,,,,,,-0.01325142724596252,0.00550615957899487,,,,,,,,,-0.013387992553598398,,,,0.011588371988088625,,,,,,,,,,,,0.012878699016629061,,,,,,-0.012934171109336876,,,,,,,,-0.011014171438064652,,,,,,,,,,,0.012668237734368298,,,,,-0.012550363764445193,-0.010820008215646002,0.0101311245951761,,,,,,0.011695399591568827,,,,,,,-0.013251796915938929,,,,,,0.009169944235829368,,,0.012878699016629061,,,,,0.012878699016629061,,0.012677452796425409,,,,,,,0.006255341823392596,,,,,,,,,,,0.011372866812220361,-0.013387992553598398,,0.012878699016629061,,-0.011084538025249252,,,,,,0.009819012748155893,,-0.013387992553598398,,,,,,-0.010348066884602004,,,-0.013387992553598398,,0.01249451834836717,,,,,,0.008694992516595713,,-0.013387992553598398,,,,,,,,,,,,,-0.011704039307989383,,,,,,,,,,,,,,0.007272958898303863,,-0.013387992553598398,-0.008689486549671372,,,-0.013387992553598398,,,,,,,,,,,-0.012289052873441932,,,,,,,,0.012878699016629061,,,,0.010541754041431293,,0.012878699016629061,,,,,,,,,,,,0.012878699016629061,,,0.010309086236716607,,,,,,,,,,0.012878699016629061,,,,-0.008330767608929555,,,,,,0.010172026205635253,,,,,,,0.010082170793291507,0.012878699016629061,,,,,-0.013387992553598398,,,,0.012878699016629061,0.006457313107406044,,,,,,,,-0.013387992553598398,0.010649274755794061,,-0.01102425281681006,,,,,-0.013387992553598398,,,,,,,,,,,0.011624121612721585,0.012878699016629061,,,-0.008584625426521731,,,,0.012878699016629061,-0.01091031891730593,,,0.011294421847344307,,-0.01169628080500013,,,,,,,,,,,,,-0.013387992553598398,,,,0.007640903505948523,,-0.013387992553598398,,0.009497774581422522,,,,,,,,,0.012878699016629061,0.006536194494654816,,0.012878699016629061,,,,0.004381982067933272,0.010939087279803826,,,,,-0.013387992553598398,,,,,,,,,-0.007328377091861667,,-0.01079008635697522,,,,,,0.011689485299227084,,-0.013387992553598398,,,0.0076336386781323635,-0.005401305879524399,-0.00872967335522252,,,-0.008670703825357229,,,,,-0.013387992553598398,,,,,,,,,,,,,0.011957183058091087,-0.01232693400198022,,-0.006351829198152041,,,,,0.012878699016629061,,,0.012878699016629061,,-0.0077710892802536685,,,,,,,,,-0.012542324976939643,,-0.007045000758226353,,-0.007527914878029371,-0.007842570285076976,,-0.007100724493853484,-0.00514908385813274,-0.004715741052400546,0.011039767107930079,-0.009861210100043306,,,,,,
1998-08-31,,,,,-0.024407288604847623,-0.024407288604847623,,,,,,-0.024407288604847623,,0.0241992895817546,,,,,,,0.0241992895817546,,-0.024407288604847623,-0.024407288604847623,,,,,,,-0.0172757364602763,0.01482033401728278,,,,-0.024407288604847623,0.02265491036281014,,,0.02097848686857,-0.024407288604847623,,,,,,,-0.024407288604847623,-0.024407288604847623,0.0241992895817546,,,0.01697053558806891,,,,,-0.024407288604847623,,,,,,-0.024407288604847623,,,,,-0.024407288604847623,,,-0.024407288604847623,0.0241992895817546,,-0.024407288604847623,,,,,,,,0.016089664064857203,,,,0.0241992895817546,,,,,,,,,,,,0.0241992895817546,,,,0.02350449499439489,,,,,,,,,,,,,,,,0.0241992895817546,,,,,,,,-0.014469118789693808,,,,0.0241992895817546,0.0241992895817546,,,0.0241992895817546,,0.022502895758401288,-0.017432511907425296,-0.02128278799764473,,,,-0.024407288604847623,,,,-0.024407288604847623,,-0.01730303340383581,0.023082581541388356,,,,,-0.024407288604847623,0.0241992895817546,,,,,-0.024407288604847623,,,-0.014970006505139365,,,,,,0.023806537737762586,,,,,-0.024407288604847623,,0.021646794512463905,,-0.024407288604847623,,,,0.0241992895817546,,,,,,,0.0241992895817546,,,,,,,0.023200287351416826,,,,,,0.0241992895817546,,,,,,,,,,0.0241992895817546,,-0.024407288604847623,,,,,,,,,,,,-0.024407288604847623,,-0.014693093196603791,,,,0.0241992895817546,0.0241992895817546,,,0.0241992895817546,,,0.0241992895817546,,-0.024407288604847623,,,,-0.024407288604847623,,-0.024407288604847623,,,,0.023605288300420104,0.018978709708825117,-0.01917272566874032,,0.0241992895817546,,0.015010337885482835,,-0.024407288604847623,-0.024020770103894692,,0.0241992895817546,0.0241992895817546,-0.02402694173145383,,,,,,,,,,,,,,,,,,,,,,,,,,,,,,,,,,,,,,,,,,,,,,,,,,,,,,,,,,,,,,,,,,,,,,,,,,,,,,,,,,,,,,,,,,,,,,,,,,,,,,,,,,,,,,,,,,,,,,,,,,,,,,,,,,,,,,,,,,,,,,,,,,,,,,,,,,,,,,,,,,,,,,,,,,,,,,,,,,,,,,,,,,,,,,,,,,,,,,,,,,,,,,,,,,,,,,,,,,,,,,,,,,,,,,,,
1998-11-30,,,,,-0.026819447153373893,-0.026819447153373893,,,-0.026819447153373893,,,,,,0.02710424138258455,,,,,,0.02710424138258455,,-0.014544091448803882,,,-0.026819447153373893,0.023849437318046087,,,,,0.01342529782486797,,,,-0.01786123737767952,0.016355757937998715,0.0216976897869794,,,-0.026819447153373893,,,,,,,-0.026819447153373893,,,,-0.026819447153373893,,,,-0.021982541265019643,,-0.026819447153373893,,,,,,-0.026819447153373893,,-0.026819447153373893,,0.024193235962643316,-0.026819447153373893,,,-0.019206886820878864,0.025442476904648906,,-0.026819447153373893,,,,,,,0.02710424138258455,0.01570739444451961,,-0.02125752704792524,,0.02710424138258455,,,,-0.026819447153373893,,0.02710424138258455,,,,,,,,,,,,0.02710424138258455,0.024627513209464758,0.02710424138258455,,,,,,,,,,,,,,-0.026819447153373893,0.02710424138258455,,-0.024726823631752985,,,-0.016076305858598552,,,,0.02710424138258455,,,0.02710424138258455,,,0.016236676269756542,-0.026558851272149436,,,,,,,,,,,,,,,,,-0.022784392727262084,0.02710424138258455,,,,,-0.026819447153373893,,,-0.012546527944660348,,-0.026819447153373893,,,-0.026819447153373893,,,,-0.026819447153373893,,-0.026819447153373893,,,,-0.026819447153373893,0.02710424138258455,,,0.02572878729195832,,,,,,,0.015550072245357711,,-0.016844095493620308,,,,,0.02710424138258455,,,,,-0.026819447153373893,,,,,,0.02710424138258455,,,,,0.02710424138258455,,-0.026819447153373893,,,,,,,-0.02178207335045628,,,,,,,,,,,0.02710424138258455,0.02710424138258455,,0.02710424138258455,,,,,,,,,,-0.026819447153373893,,-0.020061762461815246,,,,0.01850161647384468,0.02710424138258455,,,,,0.008082099529480753,,,-0.026819447153373893,,,0.02710424138258455,,0.02710424138258455,,,0.02710424138258455,0.02710424138258455,0.02710424138258455,,,,,,,,,,,,,,,,,,,,,,,,,,,,,,,,,,,,,,,,,,,,,,,,,,,,,,,,,,,,,,,,,,,,,,,,,,,,,,,,,,,,,,,,,,,,,,,,,,,,,,,,,,,,,,,,,,,,,,,,,,,,,,,,,,,,,,,,,,,,,,,,,,,,,,,,,,,,,,,,,,,,,,,,,,,,,,,,,,,,,,,,,,,,,,,,,,,,,,,,,,,,,,,,,,,,,,,,,,,,,,,,,,
1998-12-31,,,,,-0.028688090598320774,,,,-0.028336604289134946,,,,,,,,,,,-0.0284720183726143,0.021365211011740725,,-0.022333871570718825,,,,0.028009248244718562,,-0.028688090598320774,,,,,,,-0.007649912044329756,0.022275167116851197,0.020888084639634725,,,-0.028688090598320774,-0.028688090598320774,,,,,,-0.028688090598320774,-0.028688090598320774,0.028009248244718562,,-0.028688090598320774,,,,-0.015883791673502873,,-0.028688090598320774,,,,,,-0.028688090598320774,,,,,-0.028688090598320774,,,-0.017378580660237297,0.028009248244718562,,-0.028688090598320774,,,,,,0.028009248244718562,,0.019170998453563834,,,0.028009248244718562,0.028009248244718562,,,,-0.028688090598320774,,0.012275378688516525,,,,,0.028009248244718562,,,,,0.02242367413059174,-0.016759583777631155,,0.0246163080359075,,,,,,,,,,,,,,,-0.028688090598320774,,,-0.022944739584319074,,,-0.018485838766874655,,,,0.028009248244718562,,,0.028009248244718562,,,0.026628293012247565,-0.02447912474537217,-0.025536418710733633,,,,0.028009248244718562,,,,,,,,,,,,,0.028009248244718562,,,,0.028009248244718562,-0.028688090598320774,,,,,,,-0.028688090598320774,,,,,-0.027127829876999906,,-0.028688090598320774,,,-0.02835093022709492,-0.028688090598320774,0.028009248244718562,0.028009248244718562,,0.028009248244718562,,,,,,,0.02270962187388466,,-0.024634587328010358,,,,,0.028009248244718562,,,,,-0.028688090598320774,,,,,,,,,,,0.028009248244718562,,,,,,,,-0.028688090598320774,,,,,,,,,,,,0.028009248244718562,,,,,,,,0.028009248244718562,,,,,-0.028688090598320774,,-0.01226744661752586,,,,0.02059491959902415,0.028009248244718562,,,,-0.028688090598320774,0.013158926299455795,,,-0.028688090598320774,,0.028009248244718562,0.028009248244718562,,0.028009248244718562,,0.028009248244718562,,0.02544148242877427,0.028009248244718562,,,,,,,,,,,,,,,,,,,,,,,,,,,,,,,,,,,,,,,,,,,,,,,,,,,,,,,,,,,,,,,,,,,,,,,,,,,,,,,,,,,,,,,,,,,,,,,,,,,,,,,,,,,,,,,,,,,,,,,,,,,,,,,,,,,,,,,,,,,,,,,,,,,,,,,,,,,,,,,,,,,,,,,,,,,,,,,,,,,,,,,,,,,,,,,,,,,,,,,,,,,,,,,,,,,,,,,,,,,,,,,,,,
1999-01-29,,,,,-0.03011700429851124,-0.03011700429851124,,,,,-0.03011700429851124,,,,,,,,,,0.025763943233505563,,-0.03011700429851124,,,,,,-0.026843253916736903,,,,,,,-0.0115546702698871,0.025049711806820148,0.023412916306492833,,,-0.03011700429851124,,,,,,,-0.03011700429851124,-0.03011700429851124,,,-0.025938742570782554,,,0.02962467403395091,-0.012881743895872452,,-0.03011700429851124,,,,,,-0.03011700429851124,-0.03011700429851124,,,,-0.03011700429851124,,,-0.03011700429851124,0.026678576903709117,0.017549948451773167,-0.027489399127936787,,,,,,0.02962467403395091,,0.025113037908266897,,,,0.02962467403395091,,,,-0.03011700429851124,,,,,,,,,-0.020732774624906303,,,,,0.02962467403395091,0.02962467403395091,,,,0.02962467403395091,,,,,,,,-0.017220523510199703,,,-0.03011700429851124,0.02962467403395091,,,,,,,,-0.03011700429851124,0.027602036044080944,,,0.02962467403395091,,,0.02962467403395091,-0.025831755317861638,-0.021614272706858912,,,,0.025942022135362175,,,,,,,,-0.03011700429851124,,,,,0.02962467403395091,,,,0.02962467403395091,-0.03011700429851124,,,,,,,,,,0.01789652888817116,,-0.028091771611651398,,,,,-0.03011700429851124,-0.03011700429851124,,,,0.02962467403395091,,,,,,,0.022770398953634228,,-0.01892703488190859,,,,,0.022268847600872776,,,,,-0.03011700429851124,,,,,,0.02962467403395091,,,,,0.02962467403395091,0.02962467403395091,,,,,,,,-0.019326659429287053,,,,,,,,,,,0.027922187637539925,,,0.02962467403395091,,,0.02169497610161828,,,,,,-0.019612019376851832,-0.03011700429851124,,-0.02099497018508628,,,,0.024634402993312515,0.02962467403395091,,,,-0.03011700429851124,0.008928256837522113,,,-0.03011700429851124,,,,,0.02962467403395091,,0.02962467403395091,,0.02962467403395091,,0.02962467403395091,0.024404743775935107,,,,,,,,,,,,,,,,,,,,,,,,,,,,,,,,,,,,,,,,,,,,,,,,,,,,,,,,,,,,,,,,,,,,,,,,,,,,,,,,,,,,,,,,,,,,,,,,,,,,,,,,,,,,,,,,,,,,,,,,,,,,,,,,,,,,,,,,,,,,,,,,,,,,,,,,,,,,,,,,,,,,,,,,,,,,,,,,,,,,,,,,,,,,,,,,,,,,,,,,,,,,,,,,,,,,,,,,,,,,,,,,
1999-02-26,,,,,-0.025649724635879362,,,-0.025649724635879362,-0.025649724635879362,,,,,,,,-0.025649724635879362,,,-0.025649724635879362,,,-0.02535364064654183,,,,,,,,,,,,,-0.014186592874813128,0.020988800170693,,,-0.008661900265701569,-0.025649724635879362,,0.026431921721664628,,,,,-0.019976678412251665,,,,-0.025649724635879362,,,,-0.0206630539850267,,-0.025649724635879362,,,,,,-0.025649724635879362,,,,,-0.025649724635879362,,,-0.02335495347704928,0.024506697075505395,0.026431921721664628,-0.025649724635879362,,,,,,0.026132508598269304,0.026431921721664628,0.017470205542148006,,,,0.026431921721664628,,,,-0.025649724635879362,,0.026431921721664628,-0.025649724635879362,,,,,0.026431921721664628,-0.020169996568203393,,,,,0.026431921721664628,,,,,0.026431921721664628,,,,,,,,,,,-0.025649724635879362,0.026431921721664628,,-0.011034757672000331,,,,,,,,,,0.026431921721664628,,,0.026431921721664628,-0.02348371109331074,,,,,0.026431921721664628,,,,,,,,,,,,,0.026431921721664628,,-0.025649724635879362,,0.026431921721664628,-0.025649724635879362,,,,,,,,-0.025649724635879362,,0.023147182835387192,,,,,0.01882214696267535,,-0.025649724635879362,,,,,0.026431921721664628,,,,,,,0.01712056567447671,,-0.025649724635879362,0.026431921721664628,0.026431921721664628,,,0.026431921721664628,,,,,-0.025649724635879362,,,,,,,-0.02253291710982651,,,,0.026431921721664628,,,,,,,,,-0.025649724635879362,,,,,,,,,,,0.026431921721664628,,,0.026431921721664628,,,0.020126415122267212,,,,,,,,,-0.023756416055051757,,,,0.013224220526240742,0.024092816559680038,0.015493454238596082,,,-0.025649724635879362,0.011120656604661598,,,-0.025649724635879362,,,,,0.026431921721664628,,,,,,0.026431921721664628,,0.02511396834016955,0.014773620843583704,-0.025649724635879362,-0.025649724635879362,-0.025649724635879362,,,,,,,,,,,,,,,,,,,,,,,,,,,,,,,,,,,,,,,,,,,,,,,,,,,,,,,,,,,,,,,,,,,,,,,,,,,,,,,,,,,,,,,,,,,,,,,,,,,,,,,,,,,,,,,,,,,,,,,,,,,,,,,,,,,,,,,,,,,,,,,,,,,,,,,,,,,,,,,,,,,,,,,,,,,,,,,,,,,,,,,,,,,,,,,,,,,,,,,,,,,,,,,,,,,,,,,,,,,
1999-03-31,,,,,-0.027998685501654977,,,-0.027998685501654977,-0.027998685501654977,,,,,0.027946052793942765,,,,,,-0.027998685501654977,,,-0.016404899262130377,,,,,,-0.027544730651937424,-0.02229870571350242,,,,,,-0.006966011866132518,0.020338520828724307,,,,,,,,,,,-0.011795859206970067,,,,,,,0.027946052793942765,-0.02738857596128623,,-0.027998685501654977,,,,,,-0.027998685501654977,,,,,,,,,0.027946052793942765,0.020673807770623248,-0.027998685501654977,,,,,,,0.027946052793942765,0.02030193059174987,,,,0.027946052793942765,,,,-0.027998685501654977,,,-0.026366605699582508,,,,,0.022073101315914497,-0.01566231235066469,,,,,,0.027946052793942765,,,,0.027946052793942765,,,,,,-0.025870425049097635,,,,,-0.027998685501654977,0.027946052793942765,,-0.022693082528115645,,0.015516672476624407,,,,,0.026927728134354206,,,0.027946052793942765,,,0.027946052793942765,-0.02320072636009348,,,,,,,,,,,,,-0.027998685501654977,,,,-0.022804914290399613,0.027946052793942765,-0.027998685501654977,-0.027998685501654977,,,-0.027998685501654977,,,-0.027998685501654977,,,,,,,0.026803944310950907,,,-0.015045924754406638,,,,,,0.027946052793942765,,,0.027946052793942765,,,,,,,0.011961495605852765,,-0.021422970860364765,,0.027946052793942765,,,0.027946052793942765,,,,,-0.027998685501654977,,,,,,0.027946052793942765,,0.027946052793942765,,,,,,,,,,,,-0.027288163620513006,,,,,-0.027998685501654977,-0.027998685501654977,,,,,,,,0.02728724256959931,,,0.025440157251076165,,0.027946052793942765,,,,,,,-0.027998685501654977,,,,0.016741287457890986,0.02556440449130785,,,,,0.015072839146310569,,,-0.027998685501654977,,,,,0.027946052793942765,,,,0.027946052793942765,,0.027946052793942765,,0.027946052793942765,0.014933538330666322,,,-0.027998685501654977,0.027946052793942765,0.024327790170932576,-0.027998685501654977,-0.027998685501654977,-0.027998685501654977,,,,,,,,,,,,,,,,,,,,,,,,,,,,,,,,,,,,,,,,,,,,,,,,,,,,,,,,,,,,,,,,,,,,,,,,,,,,,,,,,,,,,,,,,,,,,,,,,,,,,,,,,,,,,,,,,,,,,,,,,,,,,,,,,,,,,,,,,,,,,,,,,,,,,,,,,,,,,,,,,,,,,,,,,,,,,,,,,,,,,,,,,,,,,,,,,,,,,,,,,,,,,,,,,,,,,,
1999-04-30,,,,,-0.017564162260292157,,,-0.017564162260292157,-0.017564162260292157,,,,,0.017739059646492025,,,,,,-0.017564162260292157,,,-0.013845995551339025,,,-0.017564162260292157,,,,,,,,,,-0.00872511783517496,0.014049335596300297,,-0.017564162260292157,-0.008875640357088693,,,0.018555272598445853,-0.017564162260292157,,,,-0.008746238034057802,,,,-0.017564162260292157,,,,-0.017564162260292157,,,,,,,,-0.017564162260292157,,-0.017564162260292157,,,,0.018555272598445853,,-0.015949228891163174,,0.00942885887018255,,,,,,,,0.018555272598445853,,,,,0.018555272598445853,,,,-0.017564162260292157,,,-0.017564162260292157,,,,0.018555272598445853,0.016700002272132225,,,,,,0.018555272598445853,0.018555272598445853,,,,,,,,,,-0.017564162260292157,,,,,-0.017564162260292157,0.018555272598445853,-0.017564162260292157,-0.009213685941027361,,0.01377419858620447,,,,,0.01664069900839193,,,0.018555272598445853,,,0.018555272598445853,-0.015989918313374225,,0.018555272598445853,,,,-0.017564162260292157,,,,,,,,,,,,,,-0.017564162260292157,,,-0.017564162260292157,,,-0.011089976925848396,,,,-0.017564162260292157,,,0.009710546730127095,,,-0.013372631317275315,,,,,,,,,0.018555272598445853,,,,0.018555272598445853,,,0.007955613591368106,,-0.017564162260292157,,,,,0.018555272598445853,,,,,,,,,,,,,,,,,0.018555272598445853,,,,,,,,-0.01627658573173278,,,,,-0.017564162260292157,-0.015813299840972288,,,,,0.018555272598445853,,,0.013219182905230002,,,0.018555272598445853,,,,,,,,,-0.017564162260292157,0.006136133071431284,,,0.012314844160519535,0.018555272598445853,,,,,0.008934592735626355,,,-0.017564162260292157,,,,,0.018555272598445853,,,,0.018555272598445853,,0.018555272598445853,,0.01633732341613499,0.005738897875098382,,,-0.017564162260292157,0.018555272598445853,0.0137493649736218,-0.017564162260292157,-0.014633385696465735,,0.018555272598445853,,,,,,,,,,,,,,,,,,,,,,,,,,,,,,,,,,,,,,,,,,,,,,,,,,,,,,,,,,,,,,,,,,,,,,,,,,,,,,,,,,,,,,,,,,,,,,,,,,,,,,,,,,,,,,,,,,,,,,,,,,,,,,,,,,,,,,,,,,,,,,,,,,,,,,,,,,,,,,,,,,,,,,,,,,,,,,,,,,,,,,,,,,,,,,,,,,,,,,,,,,,,,,,,,,,,,
1999-05-31,,,,,-0.019051371753601568,,,,-0.019051371753601568,,,-0.019051371753601568,,0.018441925140748924,,,,,,-0.018528777291696358,,,-0.014847383265588102,,,,,-0.01599214585088673,-0.01608815855873683,,0.016488849603237148,,,,,-0.015935083347506825,0.013956083811625665,,,,,,0.01947783734164045,-0.019051371753601568,,,,-0.012961016024261807,,,,-0.019051371753601568,-0.014003043937208186,-0.019051371753601568,,-0.01004498096512245,,-0.019051371753601568,,,,,,,,-0.019051371753601568,,,,,,,,0.011646878310328297,,,,,,,,,,,,,0.018862100584848725,,,,-0.019051371753601568,,,-0.019051371753601568,,,,,0.01947783734164045,-0.012461772409277913,,,,-0.009563905010917974,0.01947783734164045,0.01947783734164045,,,,0.01947783734164045,,,0.01947783734164045,,,,,,,,-0.019051371753601568,0.01628485634901285,-0.019051371753601568,,,,,,,,0.011677442422111576,-0.015273467673026083,-0.018129971768343467,0.01947783734164045,,,0.01795689250135902,,,0.01947783734164045,,,0.018563776185333843,,,,,,,,,-0.019051371753601568,,,,,,-0.019051371753601568,-0.019051371753601568,,-0.019051371753601568,,,-0.014906969807502293,,-0.019051371753601568,,-0.014743735904849196,,,0.009885883097210052,,,,,0.010887672570757106,,,,,,,0.01947783734164045,,,,0.01947783734164045,,,,,,,,,,,,,,,-0.019051371753601568,,,,,,0.01947783734164045,,,,,,,-0.019051371753601568,,,,,,,,,,,,,,,,0.01947783734164045,,,,,0.01947783734164045,,,0.01947783734164045,,,,,,,,,-0.013049523712689711,0.011716559965838027,,,0.011334397031298276,,,,,,0.009669310569315004,,,-0.019051371753601568,0.01947783734164045,,,,0.01947783734164045,,0.01947783734164045,,0.01947783734164045,,0.01947783734164045,,0.014872959670092067,0.009233411334839979,,-0.019051371753601568,-0.014331306557198047,0.01947783734164045,,,-0.019051371753601568,,0.01947783734164045,0.01947783734164045,,,,,,,,,,,,,,,,,,,,,,,,,,,,,,,,,,,,,,,,,,,,,,,,,,,,,,,,,,,,,,,,,,,,,,,,,,,,,,,,,,,,,,,,,,,,,,,,,,,,,,,,,,,,,,,,,,,,,,,,,,,,,,,,,,,,,,,,,,,,,,,,,,,,,,,,,,,,,,,,,,,,,,,,,,,,,,,,,,,,,,,,,,,,,,,,,,,,,,,,,,,,,,,,,,,,
1999-06-30,,,,,-0.019507921193567274,,,,-0.019507921193567274,,-0.019507921193567274,-0.019507921193567274,,0.01853151270813124,0.021053430382715035,,,,,-0.019507921193567274,,,-0.018239092887408374,,,,,-0.013159372913390628,-0.019507921193567274,,0.016001061624213924,,,,,-0.005214772876217117,0.01264459338480031,,,-0.012656519554549009,,,,-0.018187632441549976,,,,-0.012775056778972454,,,,-0.019507921193567274,-0.016945980890040326,-0.019507921193567274,,,,,,,,,,,,,,,,,,-0.019507921193567274,,0.017273766372050157,-0.019507921193567274,,,-0.019507921193567274,,,,0.021053430382715035,,,,,0.021053430382715035,,,,-0.019507921193567274,,,-0.019507921193567274,,,,,0.021053430382715035,-0.014608387179285517,,,-0.01887438085555504,-0.013043342215910261,0.021053430382715035,0.01734698198612695,,,,0.021053430382715035,,,0.019929374564749688,,,,,,,,,0.021053430382715035,-0.019507921193567274,,,0.00976767980504333,,,,,0.014995061340522961,-0.019507921193567274,,0.021053430382715035,,,,,,,,,0.021053430382715035,,,,,,,,,-0.019507921193567274,,,,,-0.019507921193567274,,,,-0.019507921193567274,,,,,,-0.01780084109596912,-0.017880813465434332,,,0.0092665226863799,,,-0.019507921193567274,,0.011258335707083537,,,,,,,0.021053430382715035,,,,,,,,,,0.021053430382715035,0.021053430382715035,,,,,,,,-0.019507921193567274,,,,,,0.021053430382715035,,,,,,,,,,,,,,,,,,,,-0.019507921193567274,,,,,,,,0.018470379847655823,,,0.0124277780808493,,,,0.021053430382715035,,,,,-0.011697875528931655,0.01223314147094973,,,,,,,0.021053430382715035,,0.007663151945489167,,,,0.021053430382715035,,,,,,,,,,0.021053430382715035,,0.01309153355599998,0.007609067084859095,,-0.019507921193567274,-0.019507921193567274,0.018150118320474817,,,,,0.021053430382715035,0.021053430382715035,0.021053430382715035,0.021053430382715035,-0.019507921193567274,-0.019507921193567274,,,,,,,,,,,,,,,,,,,,,,,,,,,,,,,,,,,,,,,,,,,,,,,,,,,,,,,,,,,,,,,,,,,,,,,,,,,,,,,,,,,,,,,,,,,,,,,,,,,,,,,,,,,,,,,,,,,,,,,,,,,,,,,,,,,,,,,,,,,,,,,,,,,,,,,,,,,,,,,,,,,,,,,,,,,,,,,,,,,,,,,,,,,,,,,,,,,,,,,,,,,,,,,,
1999-07-30,,,,,-0.04337203131498768,,,0.0427435668816469,,,,-0.04337203131498768,,,,,,,,-0.03534398602869053,,,-0.03632293871050435,0.02475196725331277,,,,-0.015909277456001097,-0.04337203131498768,,0.02814639883835512,,,,,-0.020478770779399715,0.03587026577993972,,,-0.03228842466475005,,,,,,-0.04337203131498768,,-0.034081335435501986,,,,-0.04337203131498768,-0.04156416306721971,-0.043169265824142544,,,,,,,,0.0427435668816469,,,,,,,-0.04337203131498768,,0.0427435668816469,,,0.027905256167216144,,,,-0.04131177703523667,,,,,-0.03461617708982777,,,,0.0427435668816469,-0.04337203131498768,,,-0.04337203131498768,,,,,,,0.0427435668816469,,,,,,-0.028612293339750794,,0.0427435668816469,,0.0427435668816469,,0.0427435668816469,,,0.0427435668816469,,,,,,,,-0.04337203131498768,,,,,,,,,-0.04337203131498768,0.04231396815744821,-0.04337203131498768,,0.0427435668816469,,,0.0427435668816469,,,0.028491477536085465,,,0.0427435668816469,,,,,,0.027820066669321703,,,-0.04337203131498768,,,,,-0.04337203131498768,-0.04337203131498768,,,-0.04285416816522592,,,-0.018037969029851456,,-0.04096102024346345,-0.025213944636107207,-0.04337203131498768,,,0.037602106824395194,-0.04337203131498768,,-0.013177914613196872,,0.02882037481548401,-0.03998831583399153,,,,,,0.03804563440401785,,,,,0.03556014810713242,,,,,0.0427435668816469,,,,,,,0.0427435668816469,,,,,,,,0.0427435668816469,,,,,,,,,,-0.04337203131498768,,,,,,,,,,,,,0.0427435668816469,,,,,0.028169528522515294,,,0.0331006261916721,,,,0.0427435668816469,,,,,-0.029995097318876902,0.0427435668816469,,0.0427435668816469,,,,,,,0.019709694254813722,,,,,,,,,,,,,,,,0.0427435668816469,0.021957913771903967,-0.04337203131498768,-0.04337203131498768,-0.04337203131498768,,,,,,,,,0.0427435668816469,,,0.0427435668816469,0.0427435668816469,,,,,,,,,,,,,,,,,,,,,,,,,,,,,,,,,,,,,,,,,,,,,,,,,,,,,,,,,,,,,,,,,,,,,,,,,,,,,,,,,,,,,,,,,,,,,,,,,,,,,,,,,,,,,,,,,,,,,,,,,,,,,,,,,,,,,,,,,,,,,,,,,,,,,,,,,,,,,,,,,,,,,,,,,,,,,,,,,,,,,,,,,,,,,,,,,,,,,,,,,,,,,,
2000-10-31,,,,,0.024963229572433215,,-0.025294253819268333,0.02488056387058859,,,,,,,,0.024963229572433215,,0.024963229572433215,,,0.024963229572433215,,,,-0.025294253819268333,0.024474039159387263,0.024963229572433215,,,,,,,,,0.024963229572433215,,,,-0.007966932618608025,,,,-0.025294253819268333,,,,,,,-0.025294253819268333,0.024963229572433215,,,,,-0.025294253819268333,,0.024963229572433215,,,,,,,-0.025294253819268333,,,,,0.024963229572433215,,,,,,,0.024963229572433215,0.024963229572433215,0.013273990601836365,,-0.025294253819268333,,,,,,,,,,,,,,,,,0.024963229572433215,-0.015959350776419454,,,0.016486445963249812,,,,,,,0.024963229572433215,,,,-0.024632981289843058,,,,0.021195544473270458,,-0.025294253819268333,,-0.017023587975683454,,0.01470725923551824,,,,-0.01966798034023575,,,,,,,,-0.025250064148256642,,,0.01654063113092192,,-0.01959874066731386,,-0.021168371703853738,,,,0.024963229572433215,,,,,,,-0.025294253819268333,-0.025294253819268333,,,-0.025294253819268333,,,,,,,,,,,,,,,,,,,0.024963229572433215,,,,,,,,,,,,,,,,,,,0.024963229572433215,,,-0.025294253819268333,0.024963229572433215,,-0.025294253819268333,0.024963229572433215,,,-0.025294253819268333,,0.024963229572433215,,,,,,,,,,,,,,,,,-0.01949618274793325,-0.025294253819268333,,0.024963229572433215,,,,,,,,,,,,,,,,-0.025294253819268333,,,,,,,-0.025294253819268333,0.015451348480211203,,,0.015197392519858228,,,-0.008775750481823563,,-0.025294253819268333,,,,,-0.025294253819268333,,,-0.025294253819268333,,,,,0.021415450081362208,,,0.024963229572433215,0.024963229572433215,,,0.018472538379003863,,,,,,,,,,0.021137006293493004,,,,,,,,,0.012182316135388001,-0.025294253819268333,,-0.025294253819268333,-0.006546993706289023,,,,,0.017826913427656552,0.01880711653664874,,,0.013279083196161237,,-0.008585672709297347,-0.025294253819268333,0.024963229572433215,-0.007158711183985863,-0.025294253819268333,-0.025294253819268333,-0.025294253819268333,,,,,,,,,,,,,,,,,,,,,,,,,,,,,,,,,,,,,,,,,,,,,,,,,,,,,,,,,,,,,,,,,,,,,,,,,,,,,,,,,,,,,,,,,,,,,,,,,,,,,,,,,,,,,,,,,,,,,,,,,,,,,,,,,,,,,,,,,,,,,,,,,,,,,,,,,,,,,,,,,,,,,,,,,,,,,,,,,
2000-12-29,,,,,0.02526064144244864,0.02526064144244864,,,0.02526064144244864,,,,,,,0.02526064144244864,,0.018827030379613762,,,0.017415207500801045,,-0.02273650076336689,,-0.026856217034960047,,0.02526064144244864,,,,,,0.012748908896228055,-0.02407652101582076,,,,-0.025493770932968462,,-0.0081033404654573,-0.026856217034960047,,,,,,,,,-0.026856217034960047,-0.026856217034960047,,,,,,-0.026856217034960047,,0.02526064144244864,,,0.02526064144244864,,,,-0.02136654377099488,,,,,0.02526064144244864,,,,,,-0.026856217034960047,0.02526064144244864,,,,-0.026856217034960047,,,,,-0.026856217034960047,,,,,,,,,,0.02526064144244864,,0.02526064144244864,,,-0.026856217034960047,,,,,,,0.02526064144244864,0.02526064144244864,,,,-0.02218620499256703,,,,0.02526064144244864,,,,,,-0.01754375416620665,,,-0.01616525697753444,,,,,,,0.02526064144244864,,,,,0.01291167917912437,,-0.016626532420304287,,-0.026856217034960047,,,,0.02526064144244864,,,,,,0.02526064144244864,-0.026856217034960047,-0.026856217034960047,,,,,,,,,,,0.02526064144244864,,,,,,,,,-0.026856217034960047,,,,,,,,,,,,,0.02526064144244864,,,,,,0.02526064144244864,,,,,,,,,0.02526064144244864,,,,,0.02526064144244864,,,,,,-0.026856217034960047,,,,,,-0.026856217034960047,,,,,,,,0.02065233679824837,,0.02526064144244864,,-0.026856217034960047,,,,,,,-0.02101705829948829,,,,,,,,,0.02526064144244864,,0.02526064144244864,,,,,0.02526064144244864,,0.01607000806623527,-0.01600338214389347,,,,,,,-0.026856217034960047,,,,,,,,,0.019553003859736223,,0.02526064144244864,,,,,,,,,-0.026856217034960047,,,,,,-0.016930311895246866,,-0.013653642312911692,-0.026856217034960047,,,,,,,,-0.026856217034960047,-0.0095565728215573,,,,,0.009171045288761143,0.018351531975427045,,,0.018781113609553906,,-0.010679221924690773,,0.02526064144244864,-0.008546671896958576,,,,0.014892015652712852,-0.02531910979570627,-0.026856217034960047,-0.026686887265169112,,,,,,,,,,,,,,,,,,,,,,,,,,,,,,,,,,,,,,,,,,,,,,,,,,,,,,,,,,,,,,,,,,,,,,,,,,,,,,,,,,,,,,,,,,,,,,,,,,,,,,,,,,,,,,,,,,,,,,,,,,,,,,,,,,,,,,,,,,,,,,,,,,,,,,,,,,,,,,,,,,,,,,,,,,,,,
2001-01-31,,,,,0.019045111718329774,,,,0.019045111718329774,,,,,,,0.019045111718329774,,0.019045111718329774,,,0.019045111718329774,,-0.020708103094679672,,-0.020708103094679672,,,0.019045111718329774,,,,,0.0102360565741551,,,,,-0.01766568693404203,,-0.011380203068070891,,,,,,,,0.019045111718329774,-0.020708103094679672,,-0.020708103094679672,-0.020708103094679672,,,,,-0.020708103094679672,,0.017254841504864147,,,,,,,-0.007884635420943455,,,,,0.019045111718329774,,,,,,-0.020708103094679672,0.019045111718329774,,0.015433721155183062,,-0.020708103094679672,,,,,,,,,,-0.020708103094679672,,,-0.007512509060623265,,0.019045111718329774,,0.019045111718329774,,,-0.020708103094679672,,-0.020708103094679672,,,,,,0.018575079987401287,-0.020708103094679672,,,,,0.019045111718329774,,0.01881543171444421,,,,,,-0.020484076441231326,,,-0.013863827089502156,,,,,,0.019045111718329774,,,-0.020708103094679672,,,0.01247403947284239,,,,-0.020708103094679672,,,,0.019045111718329774,,,,,,,,-0.01876422314286611,,,,,,0.019045111718329774,,,,,0.019045111718329774,,-0.020708103094679672,,,,0.018462943713915374,,0.017900666232168013,,,,,,,,,,,,,,,,,,,,0.019045111718329774,,,,,,,,,0.019045111718329774,,,,,,,,,,,-0.020708103094679672,,,,0.019045111718329774,,-0.020708103094679672,,,,,,-0.019344627804316894,,,,0.019045111718329774,,,,,,,,,,,,,,,,,,0.01545909509577778,,0.019045111718329774,,0.008412741691177074,0.019045111718329774,,0.015173759510243892,,,-0.009867895670631942,,,,,,,-0.020708103094679672,,,,,0.019045111718329774,,,,,,0.019045111718329774,,,,,,,0.019045111718329774,,,,,,-0.020708103094679672,,-0.018079677577967006,-0.020708103094679672,-0.017364640927699404,,-0.009141390328083565,,,,,,,,-0.007284234519575819,,,,,0.008045925937648368,,,,,,-0.008608800762884379,,0.019045111718329774,-0.008833670318828328,,,,0.016738025952375342,-0.018702633754915637,-0.020708103094679672,-0.020708103094679672,-0.017794232313635187,,,,,,,,,,,,,,,,,,,,,,,,,,,,,,,,,,,,,,,,,,,,,,,,,,,,,,,,,,,,,,,,,,,,,,,,,,,,,,,,,,,,,,,,,,,,,,,,,,,,,,,,,,,,,,,,,,,,,,,,,,,,,,,,,,,,,,,,,,,,,,,,,,,,,,,,,,,,,,,,,,,,,,,,,,,,
2001-02-28,,,,,0.02049806389731087,,,,0.02049806389731087,,,,,-0.02070476300272516,0.02049806389731087,0.02049806389731087,,0.014926673882750078,,,,,,,,,,0.014228572698638232,,-0.01625622839414723,,,,,,,,-0.02070476300272516,,-0.010943967527709672,,,0.02049806389731087,,,,,0.02049806389731087,,,,,,,,,,0.02049806389731087,,,,,,,,-0.019232868078129406,,0.02049806389731087,,,0.02049806389731087,-0.02070476300272516,,-0.020170949518542612,,,-0.02070476300272516,0.02049806389731087,,-0.018473638170290192,-0.02070476300272516,,,,,,,,,,,-0.02070476300272516,,,-0.01992186413379498,,0.02049806389731087,,,,,,,-0.02070476300272516,,,,,,0.02049806389731087,-0.02070476300272516,,,-0.02070476300272516,,,,0.02049806389731087,,-0.02070476300272516,,,,-0.014333539482678,,,,,,,,,,,,,,,,-0.02070476300272516,,,,,,,0.02049806389731087,,,,,0.02049806389731087,0.02049806389731087,,,0.02049806389731087,,,,,0.02049806389731087,,,,,0.02049806389731087,,-0.02070476300272516,,,-0.02070476300272516,0.019852479373403894,-0.019678456201180947,0.010271085993394869,-0.02070476300272516,,,,,,,,,,,0.02049806389731087,,,,,,,,,,,,,,,,,0.02049806389731087,,,,,,,,,,,-0.02070476300272516,,,,,,-0.02070476300272516,,,,,0.013728022692248437,,0.02049806389731087,0.02049806389731087,,0.02049806389731087,,,,,,,,,,,,,,,-0.02070476300272516,,,0.017142274347582594,,,,,0.012468980524675986,,0.015289401359742856,,,-0.012682478523737556,,,,,,,-0.02070476300272516,,,,,0.02049806389731087,,,,,-0.013918228389436132,0.02049806389731087,,,,-0.02070476300272516,,-0.02070476300272516,,,,,,,,,-0.01495206162303568,,-0.019441079060573224,,-0.01740930971707211,,0.02049806389731087,,,,,,-0.006791905497208929,,,,,0.008146895026889735,,,,,,-0.014958371350144042,,,-0.012405907127173842,0.012917147083116995,,,0.0079694327004555,-0.013811115952795631,-0.02070476300272516,-0.02070476300272516,,0.02049806389731087,,,,,,,,,,,,,,,,,,,,,,,,,,,,,,,,,,,,,,,,,,,,,,,,,,,,,,,,,,,,,,,,,,,,,,,,,,,,,,,,,,,,,,,,,,,,,,,,,,,,,,,,,,,,,,,,,,,,,,,,,,,,,,,,,,,,,,,,,,,,,,,,,,,,,,,,,,,,,,,,,,,,,,,,,,,
2001-03-30,,,,,0.021780456974670206,0.020730273543150688,,,0.021780456974670206,,,,,,,0.021780456974670206,,0.021780456974670206,,,,,-0.023087047214414905,,-0.023087047214414905,,,0.01247645725328031,,0.015269520060702898,,,,,,,-0.023087047214414905,-0.023087047214414905,,-0.010611104434723406,,,,,,,0.021780456974670206,0.021780456974670206,,-0.023087047214414905,-0.023087047214414905,-0.023087047214414905,,,,,,,,,,,,0.021780456974670206,0.021780456974670206,-0.014425645316289698,,0.021780456974670206,,0.021780456974670206,,-0.023087047214414905,,,,,-0.023087047214414905,,,,,,,,,,,,,,,-0.023087047214414905,,,-0.014189429223775448,,,,,,,,-0.015674876024130206,-0.023087047214414905,,,,,,0.021780456974670206,,,,,,,,0.018920664869907143,0.021780456974670206,,,,,-0.020289372169826146,,,,,,,,,,,,,,,,-0.018055904678980904,,,,,0.021780456974670206,,0.021380183639641306,,,,,0.021780456974670206,0.020178048224685854,,,,,,,0.021780456974670206,0.021780456974670206,,,,,0.021780456974670206,,,,-0.023087047214414905,-0.023087047214414905,0.01882031458588815,-0.023087047214414905,0.021780456974670206,,-0.019527458245453936,,,,,,,,,,0.021780456974670206,,,,,,,,,,0.021780456974670206,,,,0.020638188437699302,,,0.021780456974670206,,,,,,,,,,,-0.023087047214414905,,,,,,,,,,,0.01447815152586485,,0.021780456974670206,0.018137963750849747,,,-0.023087047214414905,,,,,,,,,,,,,,,,,,,,,,,,0.019944122467801053,,,-0.01406546687157216,,,,,,,-0.023087047214414905,,,-0.023087047214414905,,,,,,-0.023087047214414905,,0.021780456974670206,,,,-0.023087047214414905,,-0.023087047214414905,,,,,,,,,-0.023087047214414905,,-0.019047482507611072,,-0.014463477221988333,0.021780456974670206,,-0.023087047214414905,,,,,-0.018309917032534564,,,,-0.023087047214414905,0.010503088849823896,,,,,,-0.01116402048360088,,0.021780456974670206,-0.01388023869400736,,,,,-0.018668742260523886,,-0.023087047214414905,,0.021780456974670206,0.021780456974670206,,,,,,,,,,,,,,,,,,,,,,,,,,,,,,,,,,,,,,,,,,,,,,,,,,,,,,,,,,,,,,,,,,,,,,,,,,,,,,,,,,,,,,,,,,,,,,,,,,,,,,,,,,,,,,,,,,,,,,,,,,,,,,,,,,,,,,,,,,,,,,,,,,,,,,,,,,,,,,,,,,,,,,,,,,
2002-08-30,,,,,0.01616314923431202,,,-0.009662392103744874,,,,,,-0.007554435100903958,-0.017124383502402838,,,0.013802876563737491,,,-0.017124383502402838,,0.012063758144298182,,0.01616314923431202,,-0.017124383502402838,,,,,0.012819042294320728,,,,,,,,0.007384777922363336,,0.01616314923431202,0.01369885874849655,0.01616314923431202,,,,,,,,,,,,,,,,,,,,,,,,,,,,,,,,,,,,,,,,,0.011112838410024908,,,0.01616314923431202,,,,,,,,,0.01616314923431202,,,,,-0.017124383502402838,0.008616660181933553,0.011484265524694785,,,,0.01616314923431202,,,,,,,,,,,0.01616314923431202,0.01616314923431202,,,,-0.011410525702752677,0.01616314923431202,,,,,0.01616314923431202,-0.014627916579616698,,,,,,-0.016173901436670517,,,,,,,,,,,,,,,0.014384226590595253,,-0.015408355584902115,,-0.017124383502402838,,-0.017124383502402838,,,0.01616314923431202,,,0.007149154226701491,,,,0.01616314923431202,0.01616314923431202,,-0.017124383502402838,,,,0.01616314923431202,-0.011603427222601105,-0.017124383502402838,,,,,,,,0.01616314923431202,,,,0.01616314923431202,-0.017124383502402838,,,,0.01616314923431202,,,,,,,,,,,,-0.017124383502402838,,,,,,,,-0.017124383502402838,,,,,0.01616314923431202,,,,,,,0.01616314923431202,,,,,-0.017124383502402838,,,-0.017124383502402838,0.01616314923431202,,,,,,-0.017124383502402838,,,,,,,,,,,,,0.007966919320185735,,,,0.012014370432681741,-0.010570126838690764,,,,,,,,,,,,-0.017124383502402838,-0.017124383502402838,,-0.010429107523944943,-0.009528049925517012,0.01616314923431202,,,,-0.008295172703935419,,,,,,,-0.017124383502402838,,-0.017124383502402838,,,,-0.006372753064061393,-0.00975310694298371,,,,,,,,,-0.017124383502402838,,,,,-0.013575407202619063,-0.009492139894611914,0.010183533471808417,,-0.013622496979185073,,,,,-0.01291074369808716,,,,,,,,0.014454415746477083,,,,,,,,0.01616314923431202,-0.011353216936491198,,,,,,-0.013415858072944754,-0.017124383502402838,-0.017124383502402838,,,,0.015117992896695055,-0.017124383502402838,,0.01616314923431202,0.01616314923431202,0.01616314923431202,,,,,,,,,,,,,,,,,,,,,,,,,,,,,,,,,,,,,,,,,,,,,,,,,,,,,,,,,,,,,,,,,,,,,,,,,,,,,,,,,,,,,,,,,,,,,,,,,,,,,,,,,,,,,,,,,,,,,,,,,,,,,,,,,,,,,,,,,,,,,,,,,,
2003-07-31,,,,,-0.029574208542362437,,-0.029574208542362437,0.031128958861801063,-0.029574208542362437,,,,,0.03033986045567183,-0.029574208542362437,,-0.029574208542362437,,,-0.025273897428589237,,0.031128958861801063,,0.025460196509098938,0.031128958861801063,,,,,,-0.028622914316617815,,,,-0.020297172155524054,,,,-0.029574208542362437,,,,,,,,,,,,,,0.031128958861801063,,,,,,-0.029574208542362437,,,,,,0.031128958861801063,,,,-0.029574208542362437,,,0.031128958861801063,,-0.029574208542362437,,,0.031128958861801063,,,,,,,,,,,,,,,,,,0.031128958861801063,,,,,,,0.031128958861801063,,0.02735040147038317,,,0.031128958861801063,,,,,-0.029574208542362437,,,,,,,,,-0.029574208542362437,,,-0.015813400949210073,,,,,,,,,,,,,0.02203395738165045,,-0.015558281648123803,,,,-0.029574208542362437,,,,,-0.017388130576736393,,,,,,,0.031128958861801063,0.031128958861801063,,,-0.029574208542362437,,0.031128958861801063,,-0.029574208542362437,0.01854675429541477,,,,,,,,,,,,0.01645460246389697,,,,-0.029574208542362437,,,,,,,,,,,,,,-0.029574208542362437,-0.027464995124029463,,,,-0.029574208542362437,,,,,,,,-0.029574208542362437,,0.031128958861801063,,,-0.029574208542362437,-0.029574208542362437,,,,,,,,,,,,,,,,,,,-0.0276280248428607,,,,,,-0.019497910651818193,0.031128958861801063,,,,,,,-0.029574208542362437,,,,,0.031128958861801063,,-0.025856621566826072,,,,,0.020239684284350055,0.031128958861801063,,,,,,,,,-0.029574208542362437,,,-0.028073873288229117,,,0.028344092211274957,0.022461656354023658,-0.029574208542362437,,,,0.027535234091630844,,,,,,,,,,,,,0.029195315268214523,,,,,,,,,,0.010629976017501989,,,,,,0.018421101809690504,,,0.02054442783205712,,,,,0.019318181637343668,,,,-0.029574208542362437,,,,-0.014262302804498667,,,,,,,,,0.031128958861801063,,,,,,0.01674128805373248,,,0.018726951439664175,-0.029574208542362437,-0.029574208542362437,,0.01723202570911371,,,,0.031128958861801063,-0.02664711028575294,,,0.031128958861801063,,-0.018627682371875478,0.031128958861801063,,0.024071963242642047,0.031128958861801063,,-0.018543025374863752,,,,,,,,,,,,,,,,,,,,,,,,,,,,,,,,,,,,,,,,,,,,,,,,,,,,,,,,,,,,,,,,,,,,,,,,,,,,,,,,,,,,,,,,,,,,,,,,,,,,,,,,,,,,,,,,,,,,,,,,,,,,,,,,,,,,,,
2003-08-29,,,,,-0.030778166430867705,-0.030778166430867705,,0.03250647931920453,-0.02888509048979046,,,,,0.022339151518090405,,-0.030778166430867705,-0.030778166430867705,,,-0.020957765848233823,,0.033520553240796724,,0.032360261547367854,0.033520553240796724,,,,-0.028106016909187292,,-0.028745617052652973,,,,-0.029085883530604418,,,,-0.013205373852103543,,0.033520553240796724,,,,,,,,,,,,0.033520553240796724,,,,,,-0.030778166430867705,,,,,,,,,,-0.030778166430867705,,,,,-0.022397527633963427,,0.033520553240796724,0.033520553240796724,,,,,,0.017932341897449345,,,,,,,,,,,,0.033520553240796724,,,,,,,0.033520553240796724,0.033520553240796724,0.033520553240796724,,,,,,,,-0.030778166430867705,,,,,,,,,-0.030778166430867705,,,-0.006948900006264974,-0.03019363193145523,,,,,,,,,,,,,,-0.01872324456630284,,,,,,,,,-0.01494857497239751,,,,,,-0.02713237568030383,0.024114280917985367,,,,-0.030778166430867705,,0.033520553240796724,,-0.02772108012827078,0.012491419913969608,,0.033520553240796724,,,,,,,,,,,,,,,,,,,,,,,,,,0.033520553240796724,,-0.030778166430867705,,,,,,,,,,,,,-0.030778166430867705,,0.033520553240796724,,,-0.030778166430867705,-0.030778166430867705,,,,-0.030778166430867705,,,,,,,,,,-0.029423105569688614,,,,0.033520553240796724,-0.030778166430867705,,,,,,,0.033520553240796724,,,,,,0.033520553240796724,-0.030778166430867705,,0.033520553240796724,,,,,,,,,,0.03299570779123132,0.033520553240796724,,,,,,,,,-0.030778166430867705,-0.030778166430867705,,,-0.027732612234867702,,0.006703474665596475,,-0.030778166430867705,,,,0.02918524105429306,,,,,,,,,,,,,0.027049434762312446,,,,,,,,,,0.01829803360354366,,,,,0.012594505662323518,0.010688274924372751,,,0.03110983625325158,,,,,0.012803878583615124,,,,-0.030778166430867705,,,,,,,,,,,,,0.02480017636739649,,,,,,0.022846938506050577,,,,,-0.030778166430867705,,0.010807243105837631,,,,0.033520553240796724,-0.029883528244550477,,,0.033520553240796724,,-0.030778166430867705,0.030836667093841526,,0.01833980030920419,,-0.030778166430867705,-0.011968442862205806,-0.030778166430867705,,,,,,,,,,,,,,,,,,,,,,,,,,,,,,,,,,,,,,,,,,,,,,,,,,,,,,,,,,,,,,,,,,,,,,,,,,,,,,,,,,,,,,,,,,,,,,,,,,,,,,,,,,,,,,,,,,,,,,,,,,,,,,,,,,,,,
2003-09-30,,,,,-0.03197821935817268,,,0.028954901266516658,-0.03197821935817268,,,,-0.03197821935817268,0.03192150166799912,0.03192150166799912,,-0.03197821935817268,,,-0.021581184418055753,,0.03192150166799912,,0.03192150166799912,0.03192150166799912,,0.03192150166799912,,,,-0.02288300736311429,-0.02842264693273894,,,-0.01682168090606099,,0.03192150166799912,,,,0.03192150166799912,,,,,,,,,,,,0.03192150166799912,,,,,,,,,,,,,0.03192150166799912,,,,,,0.03192150166799912,,-0.0281907576922965,,,0.03192150166799912,,,,,,0.031015790179387222,,,,,,,,,,,,0.03192150166799912,,,,,,,0.03192150166799912,0.03192150166799912,0.03192150166799912,,,,,,,,-0.03197821935817268,,,,,,,,,,,,-0.007612254445132432,-0.03197821935817268,,,,,-0.03197821935817268,,,,,,,0.03192150166799912,,-0.015335811473272795,,,,,,,,,-0.015682484745883782,,,,,-0.03126094141611042,-0.02761026374516593,0.03192150166799912,,-0.03197821935817268,,-0.03197821935817268,,,,-0.017549899334135744,,,,,,,,,,,,-0.03197821935817268,,0.024776519330133407,,,-0.03197821935817268,-0.02310370301715431,,,,,,0.03192150166799912,,,,,,-0.03197821935817268,,,,,,,,,,,,,,-0.03197821935817268,,0.03192150166799912,,,,,,-0.03197821935817268,,,,,,,,,,,,-0.03197821935817268,,,,,-0.03197821935817268,,,,,,,0.03192150166799912,,,,,,,-0.03126406020879218,,0.028403025868659053,,,,0.025507365518593946,-0.02768187085191233,,,,,0.03192150166799912,,,,,,,,,,-0.03197821935817268,-0.03197821935817268,,,,,0.018489760088425757,0.024866239487791705,-0.03197821935817268,,,-0.03197821935817268,0.03192150166799912,,,,,,,,,,,,,0.03192150166799912,,,,,,,,,-0.03197821935817268,0.019442290656795966,,,,,,0.027250114334406873,,,0.026003935299705107,,,,,0.018619267287987774,,,,-0.029668914889778908,0.03192150166799912,,,,,,,0.013397391409346624,,,,,0.031320224504895654,,,,,,0.02324839007153735,,,,,,-0.03197821935817268,0.011845031244637351,,,,,,,,,,-0.03197821935817268,,,0.02492539650329659,,-0.03197821935817268,-0.03197821935817268,-0.03197821935817268,,,,,,,,,,,,,,,,,,,,,,,,,,,,,,,,,,,,,,,,,,,,,,,,,,,,,,,,,,,,,,,,,,,,,,,,,,,,,,,,,,,,,,,,,,,,,,,,,,,,,,,,,,,,,,,,,,,,,,,,,,,,,,,,,,,,,
2003-10-31,,,,,-0.026012581492210342,,,0.021478126195464634,,,-0.026012581492210342,,-0.026012581492210342,0.027323609895919213,,,,,,-0.01116168097231326,,0.027323609895919213,,,0.027323609895919213,,0.027323609895919213,,,,-0.01754001095273367,-0.026012581492210342,,,,0.016909340096406766,0.027323609895919213,,,,0.027323609895919213,,,,,,-0.026012581492210342,,,,,,0.026108099490672863,,,,0.027323609895919213,,,,,,,,,0.027323609895919213,,,,,,0.027323609895919213,,,,,0.027323609895919213,,,,,,0.023113158690169243,,,,,,,,,,0.027323609895919213,,0.027323609895919213,,,,,,-0.020320621916883958,0.027323609895919213,0.027323609895919213,0.019841168817926268,,,,,,,,-0.026012581492210342,,,,,,,,,,,,,-0.026012581492210342,,,,,-0.026012581492210342,,,,,-0.026012581492210342,,0.026533113304789618,-0.02302136195332451,-0.014249425762463538,,,,,,,,,-0.015792776449663846,,,,,-0.026012581492210342,-0.026012581492210342,0.027323609895919213,,,0.027323609895919213,,,,,-0.025721467469629604,0.014085883165729226,,,,,,,,,,,-0.026012581492210342,,,,,-0.026012581492210342,-0.01880647278913999,,,,,-0.026012581492210342,,,-0.019045051976627363,,,,-0.026012581492210342,-0.022738504143785834,,,,,0.027323609895919213,,-0.012069316606956771,,,,,,-0.026012581492210342,,,,,,,-0.026012581492210342,-0.026012581492210342,,,,,,,,,,,,-0.026012581492210342,,,,,,,-0.026012581492210342,,,,,0.027323609895919213,,,,,,,,,,,,,0.02441288311569064,-0.026012581492210342,,,,,0.02310139433901502,,,,,,,,,,,-0.026012581492210342,,,,,0.014193644940680329,,-0.026012581492210342,,,,0.025794357827107362,,,,,,,,,0.02650607933820414,,,,0.024232328465964077,,,,,,,,,-0.02256518556010438,0.019769077630153897,,,,,,0.018806017947652375,,,0.027323609895919213,-0.026012581492210342,,,,0.007261866939930924,,,,-0.020121494865317797,,,,,,,,0.016076429324737043,,,,,0.027323609895919213,,,,,,0.014113889966718038,,,,-0.026012581492210342,0.027323609895919213,,0.011656552475181268,,,,,,,,,,,,,0.013729397731798917,,-0.026012581492210342,,-0.026012581492210342,-0.016025545909672353,,,,,,,,,,,,,,,,,,,,,,,,,,,,,,,,,,,,,,,,,,,,,,,,,,,,,,,,,,,,,,,,,,,,,,,,,,,,,,,,,,,,,,,,,,,,,,,,,,,,,,,,,,,,,,,,,,,,,,,,,,,,,,,,,,,,
2003-11-28,,,,,-0.0254740259843697,,,0.026111661206104884,-0.0254740259843697,,,,-0.0254740259843697,0.026111661206104884,,0.026111661206104884,,,,-0.021320963556426663,,,,,,,0.026111661206104884,,,,,-0.018210109597430277,,,,0.02372894242685162,,,,,,,,,,,,,,,,,0.026111661206104884,0.024693582914658552,,,,,,,-0.020609205553063104,,,,,,,,,,,0.026111661206104884,,,,,0.026111661206104884,,,-0.011461019807855308,,,0.010358897689931102,,,-0.020331328593048505,,,,,0.026111661206104884,-0.0254740259843697,0.023922860769086583,,0.026111661206104884,,,,,,-0.016347434652767393,,0.02244794844877044,0.026111661206104884,,,,0.026111661206104884,,,,-0.0254740259843697,,,,,,,-0.0254740259843697,,,,,,-0.0254740259843697,,,,,,,,,,-0.0254740259843697,,0.026111661206104884,-0.0254740259843697,-0.00423557391747488,,,,,,,,,-0.017854110647596153,,,,,,-0.02173790474003385,0.022910929746605305,,-0.0254740259843697,,,,,,-0.02397315445408594,,,0.026111661206104884,-0.0254740259843697,,,,,,,,,-0.006747368379298543,,,,-0.0254740259843697,-0.0254740259843697,,,,,,,,,,,0.025670455698821263,,-0.0254740259843697,,,-0.0254740259843697,,,,,,,,,,-0.0254740259843697,,0.026111661206104884,,,,,,-0.0254740259843697,,,,,,,,,,,,,,,,0.026111661206104884,,,-0.02466688218513327,,,,,0.026111661206104884,,,,,-0.0254740259843697,,-0.0254740259843697,,,,,,0.0174011332114539,-0.023882370615509192,,,,,0.021629844634644974,,,,,,,,,,,-0.0254740259843697,,,,-0.022206943329869427,0.021767126579047974,,-0.0254740259843697,,,,0.02138122382419723,,,,,,,,,0.026111661206104884,,,,0.0254854391100416,,,,,,,,,,0.01022656745868363,,,,,,0.020846691776432773,,,0.025343838234743184,-0.0254740259843697,,,,0.01063715436822793,,-0.018429815301997617,-0.0254740259843697,,,,,,,,,0.015752098978224997,,,,,0.026111661206104884,,,,,0.026111661206104884,0.016609285841615917,,,0.02465556714666244,-0.0254740259843697,,,0.012243401623345463,,0.026111661206104884,,,,,,,,,,,0.01439264632105778,,-0.0254740259843697,,-0.0254740259843697,,,,,,,,,,,,,,,,,,,,,,,,,,,,,,,,,,,,,,,,,,,,,,,,,,,,,,,,,,,,,,,,,,,,,,,,,,,,,,,,,,,,,,,,,,,,,,,,,,,,,,,,,,,,,,,,,,,,,,,,,,,,,,,,,,,,,
2003-12-31,,,,,-0.025488931274295096,,,0.02179032573228793,,,,,,0.027274974310344053,,,,,,-0.011903577186616807,,0.027274974310344053,,0.027274974310344053,,,0.027274974310344053,,,,,-0.025488931274295096,,,,0.011957242884199467,0.020333884589417373,,0.01883217651516999,,0.027274974310344053,0.027274974310344053,,,,,,,,,,,0.027274974310344053,0.027274974310344053,,0.027274974310344053,,,,,-0.025488931274295096,,,,,,,,,,,,,,,,0.027274974310344053,,,-0.011728276836082477,,0.027274974310344053,0.027274974310344053,,,,,,,,0.027274974310344053,-0.01535793697860373,,,0.027274974310344053,,,,,,-0.025488931274295096,,,,,,0.027274974310344053,,,,,-0.025488931274295096,,,,,,,-0.025488931274295096,,-0.025488931274295096,,,,-0.02251969959568219,,0.020072026063213354,,,,,,,,-0.025488931274295096,,0.027274974310344053,-0.017101753256750146,-0.017175035259345252,,,,,,,,-0.022366116535196604,,,,,,,-0.025488931274295096,0.01861389749401744,,,,,,,,-0.023065696074409375,,,,,,,,,0.020656658943302035,,,,-0.010836117121920879,,,,-0.025488931274295096,-0.025488931274295096,,,,,,,,,,,,,-0.025488931274295096,,,-0.025488931274295096,,,,,,,,,,-0.025488931274295096,,0.027274974310344053,,,,,,,,,,,,,,-0.019502039101908588,,,,-0.025488931274295096,,,,0.027274974310344053,,,-0.025488931274295096,,,,,,,,,,,0.02329290029724551,-0.025488931274295096,,,,,,,,,,,,0.02239229188040323,,,,,,,,,,,-0.025488931274295096,,,,-0.0227912438569074,0.021244932703641275,,-0.025488931274295096,,,,,,,,,,,,,0.027274974310344053,,,,0.027274974310344053,,,,,,,,,,,,,,,,0.01824550909168223,,,0.019217653182312288,-0.025488931274295096,,,,0.012893867858626432,,-0.025488931274295096,-0.025488931274295096,-0.016707660611401477,,,,,,,,0.011914656700544625,,,,,0.021991678678007453,,,,-0.025488931274295096,,0.02004050827124964,,,,-0.025488931274295096,,,0.012329264589138291,-0.025488931274295096,,,,,,,,,,,,0.012955178433275833,0.027274974310344053,-0.025488931274295096,-0.019448688372752047,-0.025488931274295096,-0.025488931274295096,0.027274974310344053,0.015369827732536066,,,,,,,,,,,,,,,,,,,,,,,,,,,,,,,,,,,,,,,,,,,,,,,,,,,,,,,,,,,,,,,,,,,,,,,,,,,,,,,,,,,,,,,,,,,,,,,,,,,,,,,,,,,,,,,,,,,,,,,,,,,,,,,,,,
2004-02-27,,,,,-0.027995139821493917,,,0.02708032083755249,,,,,,0.026475235159459265,,0.02906366276036608,,-0.015883336396426334,,,,0.02906366276036608,0.027331455642292283,,,,,,,,,-0.016502421612056867,,,,0.0221960144560468,,,0.02645722151766989,0.02197112758635498,0.02906366276036608,,,,,,,,,,,,0.02906366276036608,,,,,,,,-0.027995139821493917,,,,,,,,,,,,,0.01724182074772141,,,0.02906366276036608,,,-0.010298909721125182,,,0.016462682856522342,,,-0.025748842502908275,-0.027995139821493917,,,,,-0.027995139821493917,,,0.02906366276036608,,,,,,,,0.02906366276036608,,,,,,,,,-0.027995139821493917,,0.02906366276036608,,,,,,,,,,0.01802428261377647,-0.014188612664885593,,,,,,,,,,-0.027995139821493917,,0.02906366276036608,-0.025703808217042545,-0.012845559307936264,,,,,,-0.027995139821493917,,-0.027759371648052575,,,,,,-0.027995139821493917,,0.02686132097846655,,,,,,,,-0.01680693254301546,,,,,,,,,,,,,,0.02906366276036608,,,-0.027995139821493917,-0.027995139821493917,-0.01920308723197154,,,,,,,-0.027995139821493917,,,,,,,,-0.018343473468947016,,0.02906366276036608,,-0.01819726120623936,-0.027995139821493917,0.02906366276036608,,,,,-0.027995139821493917,,,,,,,,0.02906366276036608,,,-0.027995139821493917,,,0.02906366276036608,-0.02545191333994163,,,0.02906366276036608,,,,,,,,,,,-0.027995139821493917,,,,,-0.027995139821493917,,-0.027995139821493917,0.024636508336690104,,,,,,,,,,,,,,,,,,,,,,,,,,,,-0.01827014861945381,0.02906366276036608,,-0.027995139821493917,,,,,,,,,,,,,0.014960895410632627,,,,0.0272062547670981,,,,,,,-0.027995139821493917,,,0.014835906638815557,,,,,,0.017564256786144553,,,0.0276609053128714,-0.02079023301976459,,,,0.010055375461098146,,-0.027995139821493917,-0.027995139821493917,,0.02906366276036608,,,,,,,0.021086517418816834,-0.027995139821493917,,,,0.02906366276036608,,,,-0.027995139821493917,,0.023066741880845364,,,,,,,0.01020725837866647,-0.027995139821493917,,,,,,,,,,,,0.01689513216138666,,-0.027995139821493917,,-0.027995139821493917,,0.02906366276036608,0.023380719462725193,,,,,,,,,,,,,,,,,,,,,,,,,,,,,,,,,,,,,,,,,,,,,,,,,,,,,,,,,,,,,,,,,,,,,,,,,,,,,,,,,,,,,,,,,,,,,,,,,,,,,,,,,,,,,,,,,,,,,,,,,,,,,,,,,,
2014-01-31,,,,,0.029068122322053157,0.029068122322053157,,0.029068122322053157,,,,0.029068122322053157,-0.028638987727886284,,0.029068122322053157,,,,,-0.02169117866738998,,,-0.02551690999697457,0.029068122322053157,,-0.01904167441390577,,-0.02773407317977776,,,0.018644746750209405,,,,,0.017110062719770433,0.007807573302479957,,,0.029068122322053157,,0.021156837001843436,,,,,,,,,,,,,,,0.029068122322053157,-0.028638987727886284,,,,0.029068122322053157,,0.029068122322053157,,,,,,,,-0.012191656529034636,,-0.028638987727886284,-0.028638987727886284,,,,,,,0.029068122322053157,,,,,,,,,,,,-0.028638987727886284,,,,,,,,,,,,,,-0.028638987727886284,,,,,,,,,,-0.028638987727886284,-0.028638987727886284,,,,,0.017777523864432727,,-0.014812242599142496,,,,-0.028638987727886284,,,,-0.028638987727886284,,,,,,,,,,,,,,0.01657914477440404,,,,,,,,,,,,,-0.028638987727886284,,,0.029068122322053157,,,,,,,,-0.012736236313051834,,,-0.028638987727886284,,,,,,,-0.028638987727886284,,,,,-0.028638987727886284,,,,,,,,,,,,0.02474992884714379,,,,,,,,,0.029068122322053157,,-0.028638987727886284,,,,,-0.028638987727886284,,,,-0.028638987727886284,,,,,,,,-0.028638987727886284,-0.01895902506713628,,,,,,,,,,,,,,,,,,0.023498606257763614,,,,-0.028638987727886284,,,,,-0.028638987727886284,,,,,,,,,,,,,,,,,,,,,0.029068122322053157,,,,,,,,,,,0.025655813891560793,,,-0.027366729617691033,0.029068122322053157,,,,-0.02505265166707289,-0.028638987727886284,0.029068122322053157,,,,,,,,,,,,0.029068122322053157,,,,-0.028638987727886284,-0.01702962143846439,-0.019235813124068864,,,,,,,,,,,,0.029068122322053157,,,-0.028638987727886284,,-0.010210522485671975,,,-0.02762395145935876,,-0.017336085315793275,,,0.017895638739602465,,,,,,,0.013336659214180712,,,,-0.028638987727886284,,,,,,,,0.029068122322053157,0.012479491333713408,,,,,,,-0.025363014324151608,-0.028638987727886284,,,,,,0.029068122322053157,,0.029068122322053157,,,,,,0.029068122322053157,-0.02342426914287671,,,0.029068122322053157,,,,,-0.02392724821548337,,,,0.029068122322053157,,,,0.018396632180619175,,0.018042908355065515,0.020363320908634953,0.028926231339619534,0.029068122322053157,,-0.008967020432489559,,-0.0165987539150329,,,,,,,0.029068122322053157,,-0.01568953477804166,,-0.028638987727886284,,,0.019894092474521848,,,,,,,0.025218601800017126,0.029068122322053157,,-0.028638987727886284,,0.02444682796090286,,0.01226716987257444,,,,,,0.01326193987515973,-0.01454601850684732,0.01595784568273198,,,,,,,,,,,,,,,,,,,,,,,,,,,,,,,,,,,,,,,,,,,,,,,,,,,,,
2014-02-28,,,,,0.03131381692311486,0.03131381692311486,,,,,,0.03131381692311486,,,0.03131381692311486,,,,,-0.030513274942359902,,,-0.024799563564581455,0.025011640227519578,,-0.030513274942359902,,-0.030513274942359902,,,0.024993908249564375,,,,-0.030513274942359902,0.015540154892575136,,,,0.020642556343530034,,0.03131381692311486,,,,,,,,,,,,,,,,-0.030513274942359902,,,,,,,,,,,,,,-0.011738998369891984,,-0.023275736412815225,-0.030513274942359902,,,,,,,0.01772642349801414,0.027132485873704662,,,,,,,,,,,,,,-0.030513274942359902,,0.03131381692311486,,,,,,,,-0.030513274942359902,,,,,,,,,,,,-0.017790107288339116,,-0.030513274942359902,,,0.01763605097452225,,-0.024685412050481945,,,,-0.030513274942359902,,,,-0.030513274942359902,,,,,,,,,,,,,,0.03131381692311486,,,,0.029067695942892068,,,,,,,,,-0.030513274942359902,,,0.03131381692311486,,,,,,,0.028585381688890615,,,,-0.030513274942359902,,,,-0.030513274942359902,,,,,,,,-0.020415853778847637,,,-0.02184338855808668,,,0.03131381692311486,,-0.030513274942359902,,-0.026213591197268262,,0.023700136121761233,,,,,,,,,,,,,,,,-0.023397752876203565,,,,,,,,,,,,-0.026834901442741213,,,,,,,,,,-0.030513274942359902,,-0.030513274942359902,,,,,,,0.030696075278730438,,,,-0.028911460550432092,,,,,-0.030513274942359902,,,,,,,,,,,,,-0.029284591473185375,,,,,,,,0.03131381692311486,,-0.027049106129920106,,,,,0.03131381692311486,,,,0.03131381692311486,,,-0.016758224226102084,0.02238894096774428,,,,-0.030513274942359902,-0.027596203031638886,0.03131381692311486,,,,,,0.02884218039306963,,,,,,0.03131381692311486,,,,-0.025187500520155434,,-0.030513274942359902,,,0.01890028754904197,,,,,,,,,0.021138939012627256,,,,,-0.028129427499091246,0.03131381692311486,,-0.030513274942359902,,-0.030513274942359902,,,0.025566628810649056,,,,,,,0.017037289125099848,,,,,,,,,,,,0.03131381692311486,,,,,,,,,-0.030513274942359902,0.02202045625450003,,0.03131381692311486,,,0.03131381692311486,,,,,,,,,-0.02615191541417504,,,0.020362008270806618,,,,,,,,,0.03131381692311486,,,,,,0.01393947458553003,0.028389450376501674,0.01884313939599377,,0.03131381692311486,-0.019736071894937684,0.02261115085160471,-0.024896438543503444,,,,,,,0.03131381692311486,0.03131381692311486,-0.015109429969369486,,-0.026235574048856965,,,,,,,,,,,0.027567772696422035,,-0.030163876770375228,,,-0.02027601880635934,0.012291172856200865,0.02230365113816149,,,,,,-0.01013635116965419,0.026465566843707072,-0.019881771266600422,,,,,,,,,,,,,,,,,,,,,,,,,,,,,,,,,,,,,,,,,,,,,,,,,,,,
2014-03-31,,,,,0.02600271855069116,,,,,,,,,,0.02600271855069116,,,,,-0.024878668064390937,,,-0.020695370866064797,,,-0.020806651613888297,,,,,0.013714500252004339,,,,-0.024878668064390937,,,,,,,0.02600271855069116,,,,,,,,,,,-0.024878668064390937,,,,,-0.024878668064390937,,,,0.02591254434209294,,,,,,,,,,-0.012144876747834817,-0.023683711561667216,,-0.024878668064390937,,,,,0.019045748121053734,,0.02600271855069116,0.02600271855069116,,-0.007767175583702284,,,,,,,,0.02146477794380269,,,,,,0.02600271855069116,,,,,,,,-0.022016025374953358,,,,,,,,,,,,-0.024878668064390937,,-0.024878668064390937,,,0.011087055768339182,,-0.018806677407441984,,,,-0.02039312054454568,,,,-0.023046510116679842,,,,,,,,,,,,,,0.016229298046362615,,,,,,,-0.012560857650972259,,,,,,-0.024878668064390937,-0.020336900026058747,,,,,,,,,0.024617136373825406,-0.019262680466627755,,,-0.01738744071491679,,,-0.024878668064390937,,,,,,,,,-0.024878668064390937,,,-0.022390399696849164,,,0.02600271855069116,,-0.024527786170791446,,-0.024004172969653494,,0.02600271855069116,,,,,,,,,,,,,,,,-0.024878668064390937,,,,-0.024878668064390937,,,,,,,,-0.024878668064390937,,,,,,,,,,,,,,,,,,,0.025697154070387494,0.02600271855069116,,,-0.024878668064390937,,,,,-0.017698007406792223,,,,,,,,,,,,,-0.024878668064390937,,,,,,,,0.02600271855069116,,-0.023811034463131972,,,,,0.02600271855069116,,,,0.02600271855069116,,,-0.024878668064390937,0.018812970295903623,,,,,-0.024878668064390937,0.02600271855069116,,,,,,0.02600271855069116,,,,,,0.02600271855069116,,,,-0.024878668064390937,,,,,0.009126525841950957,,,,,,,,,0.02600271855069116,,,,,-0.024878668064390937,,,-0.024878668064390937,,-0.015206955358039407,,,,,,,,,,0.01689328587489778,,,,,,,,-0.024878668064390937,,,,,,,,,,,,,-0.02070342088768659,0.02600271855069116,,0.02600271855069116,,,,,,,,,,,,-0.015093372931171313,,,0.014742392443502578,,,,,,,,,0.02600271855069116,,,,0.019548129129245067,,0.007712683179226937,0.018935431302778655,,0.02600271855069116,0.021576326237358227,-0.011106148587331952,0.016599663228486345,,,,,,,,0.02281518609317103,0.02600271855069116,-0.01594873813962204,,-0.024878668064390937,,,0.0194975369231571,,,0.020460836464362787,,-0.024878668064390937,,0.02600271855069116,0.02600271855069116,,-0.02478556544603354,,0.025842745272718102,-0.014909586692991812,0.01875267912790093,0.00862840208472575,,,0.015322726185319178,,0.015378020374281511,,0.019704939328079426,-0.024878668064390937,,,,,,,,,,,,,,,,,,,,,,,,,,,,,,,,,,,,,,,,,,,,,,,,,,,,
2015-08-31,,,,,0.02375311974392741,,,-0.02451747693008759,-0.02451747693008759,,,,,,0.02375311974392741,,,,,,,-0.02451747693008759,0.02375311974392741,,,,,,,0.02155494555978423,-0.020026119088657517,,,,,-0.02451747693008759,,,-0.016087706659528633,0.02375311974392741,,,,0.0219586264116927,,0.02375311974392741,,,,,,,,,,,,,,,,,,-0.02451747693008759,,,,,,,,-0.016466014628911396,,,,,,,,0.018093881625243436,,,0.02048286560932908,,,0.02375311974392741,-0.02451747693008759,,-0.02451747693008759,,,,,,0.02375311974392741,,,,,,,-0.014938894934838244,0.02375311974392741,,0.02375311974392741,,,-0.015054915700052084,,,,,,,,,,,,,,,,0.012242077632559027,,,,,,-0.02451747693008759,,,,,0.02375311974392741,,-0.02451747693008759,,,,,,-0.02451747693008759,,0.02375311974392741,,,-0.01625935415950971,,,,-0.018303383643281965,,,-0.006874900149969459,,,,,-0.02431163321082906,,,0.02375311974392741,,,,,,,,,,,,,0.015802253675756234,-0.02451747693008759,,,,,,,,,,,,,,,-0.013934738354083603,,,,,,,,,,,-0.02451747693008759,,,,,,,,,,,,0.02375311974392741,,,0.02375311974392741,,-0.02451747693008759,,-0.02451747693008759,,-0.02451747693008759,,,-0.02451747693008759,,,,,,,,,,,,,,0.020006595106863867,,,,,-0.017473843444951648,,,,,,-0.02451747693008759,,,,,,0.01930637472183206,,,,,,,,,,,,,,,,-0.013401406403973408,,,0.018065909142231593,-0.02451747693008759,,,,,,,,,,,-0.019871334592330706,,0.02375311974392741,-0.02451747693008759,,,,,0.02375311974392741,-0.02451747693008759,,,,-0.02451747693008759,,,,,,,,,,,,,-0.02451747693008759,,,,-0.022985338232959375,-0.02451747693008759,,-0.02451747693008759,,,0.02375311974392741,,,,,,,,,,,,,,0.02375311974392741,,,,-0.02451747693008759,,,,0.015049523205978802,,,,-0.02451747693008759,-0.02451747693008759,,,,,,0.020378081949081816,,0.011461059051842136,,,,,,0.02375311974392741,0.02375311974392741,,-0.01999978894774878,,,0.022665470056414228,-0.016473934528320452,,,,,,,,,,,,,0.016046154779816142,,,,0.01855942271638925,,,,,,,,,,,-0.012227640591378984,,,0.020538732869275222,-0.02144092403859401,0.02375311974392741,,0.02375311974392741,,0.02375311974392741,,,,0.02375311974392741,,0.02375311974392741,0.020406054622474586,,,,,-0.013731180241778046,,,,,,,,,,,,-0.021277532520592474,0.015128626492500389,,0.02375311974392741,,0.020796998761880802,,,,0.01645473400725083,,,-0.019653462353230167,-0.01874734900880484,,0.02375311974392741,0.011427531718525596,0.02375311974392741,,,,,,,,,,,,,,,,,,,,,,,,,,,,,,,,,,,,,,,,,,,,,,
2016-02-29,,,,,0.01793861716148139,,,-0.0176493162911575,-0.018539911849482085,0.015570222662541287,,0.01793861716148139,,-0.005072803402711365,,,,,,-0.010365736803154892,,,,,,,0.01793861716148139,,,,-0.018539911849482085,,,-0.016302408053249135,,-0.018539911849482085,,,,0.007964991567389529,-0.018539911849482085,0.017226723781823456,,,,0.01793861716148139,,,,,,,,,,-0.018539911849482085,,,,,,,,-0.01601371225221172,,,,,,,,,,,,,,,,,,,,,,0.01793861716148139,-0.018539911849482085,,,0.01793861716148139,,,,,,,,,,,,,,,,,0.01793861716148139,,,,,,,,0.015958770225852174,,-0.018539911849482085,,,,,,-0.018539911849482085,-0.013213519595995576,,,,0.012072007213498827,,,,-0.018539911849482085,,-0.018539911849482085,0.01665020383191117,,,,-0.016088431891291836,,,,-0.016554322354051517,,,0.01793861716148139,,-0.013226715948316809,,,,,,,-0.00570978497329147,,,0.01793861716148139,,,,,,-0.012357765873957339,,,0.01793861716148139,0.01793861716148139,,-0.014660813600288031,,,,,,,,,,,0.01793861716148139,,,,,,,0.01793861716148139,,,-0.00976527648782376,,,,0.01793861716148139,,-0.018539911849482085,-0.018539911849482085,0.012691181744530336,,,,,,,,,,,0.01793861716148139,,,,,,,,,,,,-0.018539911849482085,,,,,,,,,,,,,,,,,,,0.01469576121507399,-0.018539911849482085,,,0.012658054687045181,,,-0.018192498343123586,,,,-0.018539911849482085,,,,,,0.013166837522831903,,,,,,,,,,,,,,,,-0.01824600003506427,0.015449412352973839,,0.010616483029297453,,,,,0.013120873518739454,,,,,,,-0.01299136896060461,,,-0.018539911849482085,,,,,0.01793861716148139,,,,,-0.018539911849482085,,,,,,0.010933037750038933,,,,,,,,,,,,,,,,,0.01793861716148139,,,,,,,0.01793861716148139,,,,,0.012045060724860005,,0.012922988086158813,,,,,,,,-0.01448822893123086,,,,-0.009272469480177377,,,,,,0.01756511041702771,,,0.010755975490540049,,,0.01793861716148139,,,,0.01237476491569581,,-0.010159351509838734,-0.012272593831405838,,,-0.012054132620482917,0.010338167142495313,,,,,,,0.01793861716148139,-0.014761914107301093,,,0.016090782466057153,0.006810047578363166,,,,0.007777806997939614,-0.012784873351849859,,,,-0.0169803945626249,,,,,,,,,,,,,0.01484449723209559,,,,,0.01793861716148139,0.01793861716148139,-0.013308339726440927,0.01494156461770414,,,,,,-0.011080563253008177,,-0.012451998338869405,,,,,,,,-0.010787601050293185,-0.005490644480235528,-0.01286251135759666,,,0.008542418651068032,,0.01793861716148139,0.015815001037731667,,,,0.010865269569799397,,-0.018539911849482085,-0.017087882287865383,,,,,,-0.018539911849482085,-0.018539911849482085,,,,,,,,,,,,,,,,,,,,,,,,,,,,,,,,,,,,,,,,,,,
2016-03-31,,,,,0.01944234896619496,,0.015994811617476415,-0.0195488101765436,-0.0195488101765436,0.010854738964592431,,0.01944234896619496,-0.00671857911369133,-0.007233209654119069,,0.01944234896619496,,,,-0.01309478346569123,,,,,,0.017080615573133888,0.01944234896619496,0.01944234896619496,,,-0.018734220000725013,,0.01445996808859872,-0.017012333459398177,,,,,,,-0.0195488101765436,,,,,,,,,,,,,,,-0.018631071753015267,,,,,,,,-0.0195488101765436,,,,,,,,0.00605831828354981,,,,,,,,,,,,,,0.01944234896619496,-0.0195488101765436,,,,,,-0.013967188598395582,,,,,,,,,,,,,,0.01944234896619496,,,,,,,,0.01944234896619496,,,,,,,,-0.0195488101765436,,,,,0.01944234896619496,,-0.0195488101765436,,-0.01680654664947644,,,0.01944234896619496,,,,-0.011009345156554854,,-0.0195488101765436,,,,,0.01944234896619496,,-0.011664739906664718,,,,,-0.0195488101765436,,-0.00627783916045993,,,0.01944234896619496,,,,,,-0.010052583697373699,,,,,,-0.017909975835408102,,,,,,-0.018788532306306106,-0.01945467012759262,0.01944234896619496,,,0.014376192290659,,,,0.01944234896619496,,,0.01944234896619496,,,-0.014016679002145881,,,,0.01944234896619496,,,,0.01944234896619496,,,,,,,,,,,,,,,,,0.010906622107093823,,,,,,-0.0192152434300028,,,,,,,0.01944234896619496,,,,,,,,,,,,0.01944234896619496,-0.019474326303108132,,,,,,-0.015345530579328725,,,,,,0.010833976296940688,,,,0.01381894178891259,,,,,,,,,,,,,,,,-0.0195488101765436,0.01944234896619496,,0.010879996467380226,-0.0195488101765436,,,,,,,,0.01944234896619496,,-0.0195488101765436,-0.015030867059407087,,,-0.0195488101765436,,,,0.01944234896619496,0.01944234896619496,,,,,-0.017591828052069013,,,,,,0.014669074737555122,,,,,,,,,,,,0.01944234896619496,,,,,0.01944234896619496,,,,-0.017467712508261093,,,0.011116707860344731,,,,,0.014618768031955047,,0.009405239875324711,0.009964813336292769,,,,,,,,,,,-0.0195488101765436,,,,,,,,,0.009096056131245483,,,0.014984480603852813,,,,0.013242090866726178,,-0.012646874711794202,-0.013171554831224168,,,-0.009663782917615429,0.016872574522834968,,-0.015456475300746935,0.01944234896619496,,,,,,0.01683668176529382,,,,,,,0.004600287480040338,-0.01025524902593202,,,,-0.0195488101765436,,,,,,,,,,,,,,,,,,0.01699671787555901,0.01911376947389835,-0.01860247954123668,,,,,,,-0.018697599733959593,,-0.014072494830595077,,,,,,,,,-0.008345854201370568,-0.0195488101765436,,,,,0.014721620610103472,,,,,,,-0.016630417053339563,-0.01588103260502417,,,,,,-0.0195488101765436,-0.0195488101765436,0.013796065979384637,,,,,,,,,,,,,,,,,,,,,,,,,,,,,,,,,,,,,,,,,,
2016-04-29,,,,,0.020553602803882003,,0.014816318350401654,-0.020918439429002234,,,,0.020553602803882003,-0.011926683612866439,-0.01109467060327453,,,,0.019175519650564285,,-0.015086287448070697,,,,,,,0.020553602803882003,0.020553602803882003,,,-0.01804376127079974,,,-0.01844304784184556,0.020553602803882003,,,,,,-0.020918439429002234,,,,,,,,,,,,,,,,0.020553602803882003,,,,,,,-0.020918439429002234,,,,0.020553602803882003,,,,,,,,,,,,,0.01906868913192691,,-0.011861817686482267,,,0.020553602803882003,-0.020918439429002234,,,,0.020553602803882003,,-0.014580170698422696,,,,,,,,,,,,,,0.020151376564708976,,,,,,,,0.017046430104789956,,,,,,,,,-0.012070892952125618,,,,0.020553602803882003,,-0.020918439429002234,,-0.019204194197870922,,,0.020412763976389702,,,,-0.01141676011666281,,,,,,,0.020553602803882003,,-0.01026812665851235,,,,,-0.020918439429002234,,-0.0073829390631764726,,,0.020553602803882003,,,,0.019339729112393282,,-0.010147061453133382,,,,,,-0.018439686129797874,,,,,,,-0.020882488944200393,0.019633817361610732,,,,,,,0.020553602803882003,,,,,,-0.020918439429002234,,,,0.020553602803882003,,,-0.020918439429002234,0.015575163750587111,0.018850418511264972,,,,,,,,,,,,,0.020553602803882003,,,,,,,,,-0.02061886623874253,,,,,,,0.020553602803882003,,,,0.017178821686107387,,,,,,,,0.020553602803882003,-0.020918439429002234,,,,,,-0.013659843577169775,-0.020918439429002234,,,-0.020918439429002234,,0.01680534517805865,,,,0.008618372312928202,,-0.020918439429002234,,,,,,,,,,,,,,-0.020918439429002234,0.020553602803882003,0.020553602803882003,0.011524248840561361,-0.020918439429002234,,,,,,,,,,-0.020918439429002234,-0.015443965867785465,,,,,,,,0.014631640019926081,,,,,,,-0.020918439429002234,,,,0.016909818523289443,-0.020918439429002234,,,,,,,,-0.016080056614433014,,,,,,-0.020918439429002234,,0.020553602803882003,,,,,,,0.016719493671205576,,,,,0.005348794506652568,,0.008402860417568029,0.020553602803882003,,,,,,,-0.020918439429002234,,,,-0.020918439429002234,,,,,,,,,,,,0.020553602803882003,,,,,,,-0.005812081957296551,,,-0.0180664732506679,0.010817606385874102,,-0.020585537114242092,,,,,,,0.020171875812123794,,,,,,,,-0.013783493616259168,,,,-0.020918439429002234,,,,-0.019349811568835387,0.0173275554667799,,,,,,,,0.016724691553898743,,,,,,0.020553602803882003,-0.018278051283289073,0.017539090853719602,,,,,0.014981005844364292,,,-0.016953508582895307,,,,,,,,,-0.009785280674438075,,,,,,0.011775383699917371,0.010042332954073745,,,,,,-0.020918439429002234,-0.020918439429002234,,,,,,-0.020918439429002234,,0.00898607658837707,,,,,,,,,,,,,,,,,,,,,,,,,,,,,,,,,,,,,,,,,,
2016-06-30,,,,,0.018439831745511007,,,-0.01838464973447422,-0.013831650626464949,,,0.018439831745511007,,-0.012318060686920183,,0.018439831745511007,,0.018349862339249987,,-0.01181440077243415,,,,-0.01838464973447422,0.015899204501603228,,0.018291551741552187,0.016876431816691656,,,-0.01189637400340782,,,-0.016475334450454057,,-0.01838464973447422,,,0.004535530790945836,,,,,,,,,,,,,-0.01838464973447422,,,,,0.014872705193161823,,,,,,,-0.01838464973447422,,,,0.018439831745511007,,,,0.008257678355824692,,0.01545388785620507,,,,0.014572470720833407,,,0.01391864108503699,0.018439831745511007,,,,0.018439831745511007,,,,0.018439831745511007,0.018439831745511007,,-0.017883420094591228,,,,0.009885277664639702,,0.009734957252063803,,,,,,,,,,,,,,,,,,,,,,,,,,,,,0.013703804179659612,,,,,,,,,,,-0.015342514298831614,,-0.01838464973447422,,,,,,,-0.009958325973001139,,,,0.01302768753423527,-0.01838464973447422,,-0.00889785665241308,,,,,,,,,-0.010083375233279944,,,,,,-0.012395046308842316,,,,,,-0.012933353306926007,,0.01734342301986659,,,,,,,,,-0.01838464973447422,,,,-0.013285858824798496,,,0.015313430808049712,0.018439831745511007,,,-0.012838519900237348,0.01320069250182524,0.018439831745511007,,,,,,,,,,,,,,,,,,,,,,-0.015480993417354686,,0.011524463432944373,,,,,0.018439831745511007,0.018439831745511007,,,,,,,,,,,0.015283638156383643,,,,,,,,,,,,,0.011510944929168473,,,,0.018439831745511007,,-0.01838464973447422,,,,,,,,,,,,,,-0.018285501419117733,0.013263840111921615,0.018439831745511007,,-0.01637160039465384,,,-0.01838464973447422,,,,,,,,-0.012336973890358828,,,,,,,,,,,,,,,,,,-0.018056421718172237,0.011920776443565014,-0.01838464973447422,,,,,,,,-0.014055215288333507,,,,,,-0.01645356640740622,,,,,,,,,0.018319666380125645,,,-0.01838464973447422,,0.015546589162503292,,0.009434123093714244,0.017000190655206332,,,,,,,-0.01838464973447422,,,,-0.01838464973447422,,,,,,,,,,-0.01838464973447422,,0.01778999974025549,,,,0.018439831745511007,,,-0.01032395957931878,,-0.01838464973447422,-0.010200754483097622,0.015342359016916841,,-0.011466797709430378,,,,,,,0.018439831745511007,,0.010101229127916772,,,,,,-0.010457981945419819,,,,-0.013030645521479664,,,,-0.017626528907218393,,,,,,,,,0.018439831745511007,,,,,0.018439831745511007,0.013039674926057742,-0.016893879300052622,,,,,,,,,-0.015820199487077958,,,,,,0.018439831745511007,,-0.016426736166055472,-0.012927901557414807,-0.01838464973447422,,,,,,,,,-0.01838464973447422,0.008868298446635128,,,-0.01640351054355161,,,,,,-0.01624947155251925,,,0.01720659149170312,,,,,,,,,,,,,,,,,,,,,,,,,,,,,,,,,,,,,,,,,
2016-07-29,,,,,0.01946889813126729,,,-0.019300709963812303,-0.016964708643299353,,,,,-0.01032148109449323,,,,,,-0.013090991951580819,0.01946889813126729,,,-0.013338705181354837,0.014711279032696381,,0.01946889813126729,,,,-0.016368560061055668,,,-0.01427408686181419,,,,,0.003512310555621547,,,,,,,,,,,,,-0.019300709963812303,,,,,0.018932309240172408,,,,0.01946889813126729,,,-0.019300709963812303,0.01946889813126729,,,0.01946889813126729,,,,0.007270462900565762,,0.019415638466209032,,,,0.01946889813126729,,-0.01805230947293698,0.01946889813126729,0.016485727933419545,,,,0.01946889813126729,,,,,0.01946889813126729,,,,,,0.012254513177819826,,,,,,,-0.019300709963812303,,,,,,,,,,,,,,,,,,,,,,,,,,,,,,,,,,,-0.017255104256636823,,-0.014702974294629011,,,,,,,-0.008308878071596441,,,,0.012540361418548673,-0.019300709963812303,,,,,,,,,,,-0.008879000414436322,,,,,,-0.019300709963812303,,,,,0.01946889813126729,-0.01046943529592319,-0.019300709963812303,0.01946889813126729,,,,,,,,,-0.019300709963812303,,,,-0.018805776728381463,,,0.006915874899777782,0.012426115695452248,,,-0.013220996204173614,0.017415004790443816,0.01946889813126729,,,,,,,,,-0.019092309713543778,,,,,,,,,,,,,-0.019300709963812303,,0.015612691406358124,,,,,0.01718727441388129,0.01946889813126729,,,,,,,,0.0084838849248726,,,0.01727687839956997,,,,,,,-0.014972899143397287,,0.01946889813126729,,,,,,,,0.01946889813126729,,,,,,,,,,,,,,,,-0.019300709963812303,,,,-0.019300709963812303,,,,,,,,,,,,,,,,,,,0.01946889813126729,,,,,,,,,,-0.019300709963812303,0.011393601187756385,-0.019300709963812303,,,,0.018975283528688575,,,,,,,0.01946889813126729,,,-0.019300709963812303,,,,,-0.017926130986738377,,,,,,,-0.019300709963812303,,0.009887090273817551,,0.011857519912321757,0.011042770295828801,,,,,,,,0.014202235781039208,,,-0.016815658173004906,,,,0.014720010257507975,,,,,,-0.019300709963812303,,0.0187014118448769,,,,0.016921350155909412,,,-0.0059903557955097815,,-0.009600311442372925,-0.012503986126168539,,,-0.013315112335930374,,,,,,,0.00976609466234156,,0.014581331929924179,,,,,-0.016831576171379023,-0.010924934308285606,,,,,-0.011159514928656106,,,-0.014824591038919777,,,,,,,,,0.01946889813126729,,,,,0.017556225510403627,,-0.01673735802332204,,-0.014412874776672784,,,-0.018242810623620404,0.012135226636742642,,,-0.017826173439377785,,,,,,0.01946889813126729,,-0.014137676149233596,-0.012650578519101443,,,,,0.01946889813126729,,,,,-0.01775331560946314,0.011576116123294431,,,-0.019300709963812303,,-0.01482636798460325,0.010106157093947061,,,,,,,,,,,,,,,,,,,,,,,,,,,,,,,,,,,,,,,,,,,,,,,
2019-04-30,,,,,-0.018105753064578713,,,0.025290208628925625,-0.02462859944893655,,,,,,,,,,,,0.025290208628925625,,,,,,,0.02012102072565432,,,-0.022815515010046642,,,,,0.020854605179123395,,,0.009890845323922495,,,-0.01813570046929289,0.025290208628925625,,,,0.017858573967182732,,,,,,,,-0.022217763523581343,,,,,,,,,,,-0.016557747672768172,,,,,,,,,,,,,,,,0.010447573436674863,,,-0.022819586502972954,,,,,,,,-0.02462859944893655,,-0.005931335492091169,,,,,,,-0.023115993232216702,,,,,,,,,0.025290208628925625,-0.02462859944893655,-0.020401269812912758,,,,,,,,,,,,,,,,,0.01904545445967642,,-0.02081043005606174,,0.025290208628925625,,,,,,,-0.01644708701973843,,-0.01954565823705065,,0.0209362410030445,-0.014062631132427943,,,,,,0.025290208628925625,,,,,,,-0.02462859944893655,,,0.025290208628925625,,-0.015740731679896935,,,,,,,-0.02462859944893655,,-0.018295096138696454,,0.020943640956212033,,-0.02462859944893655,0.015551735801619598,,,,,,,,-0.01837731606822751,,,0.025290208628925625,,0.012220515851823823,,,,,0.025290208628925625,,-0.019712701053695412,,,,,,,-0.019395386840717097,,,0.025290208628925625,,0.0182315920672218,,,,,-0.01797974559295025,,,,,0.02514534469040403,,,,-0.02462859944893655,,,,,,,,,,0.025290208628925625,,,-0.02462859944893655,,0.025290208628925625,,,,,,-0.01941265496616529,,,,,,0.025290208628925625,,,,,,,,,,,,,,,,,,,-0.023510201112869358,-0.013040388279166095,,,,0.01775939341015598,,,,,0.025290208628925625,,,,,,,,,-0.014486291440511381,,,,,,,,,,,-0.023759697501868012,,0.0237581692587915,,,-0.02462859944893655,,,-0.018498857916005973,,,,,,,,,,0.007450833303672764,0.0170158707843869,,,,-0.022037390856503282,,0.02473098803783076,,,,,,,,,,,,0.014845132324186211,,,,,,0.025290208628925625,-0.02462859944893655,,,0.012146244089316001,0.021517002469105807,,,-0.017893551279456885,,,,-0.0172558427719484,,,,,,,,,,,,,,-0.01627075286887726,-0.014348060561633227,,0.008051167254176721,0.025290208628925625,,,-0.02462859944893655,,,,,,,,,,0.01152345169706918,,,,-0.016290271073215516,,,,,,,0.02290346864935982,0.025290208628925625,0.01779856460099081,,-0.015696339698398256,,,-0.02462859944893655,,0.022247288294350312,,,,0.025290208628925625,,,,0.025290208628925625,,,,,,-0.02462859944893655,,,,,-0.014127208939244048,,,,,,,0.025290208628925625,,,-0.01937978083701954,,,,,,,,,,,-0.02462859944893655,-0.02462859944893655,0.014520945373771908,,0.018271457334588296,,-0.02462859944893655,,0.015223712328722074,,,-0.02462859944893655,,0.025290208628925625,,0.01749696141951003,-0.02462859944893655,,0.010567344724833087,,,,,,-0.02462859944893655,0.025290208628925625,0.018958399578858542,,,,,,,,,,,,,,,,,,,,,,,,,
2019-10-31,,,,,0.015078693256367091,,,,-0.016372277884373263,,,,,,-0.016372277884373263,-0.016372277884373263,,0.013596485153015538,,-0.010611376810745235,,,,,,,,,,,-0.004450559756703141,,,,,,,,0.010507261818492002,,,,0.011423595902678066,,,-0.014876952743213942,,,,,,,,-0.016124609527973056,,,0.01618666909028505,,,,,-0.006998645948189532,,,,,,,,0.01618666909028505,,,,0.01618666909028505,,,,,,,,,,,,,,-0.016372277884373263,,,,,-0.015509529774657594,,-0.0017443229705745,,-0.009553424743108675,,,-0.011471328136064744,,-0.011695792631344152,,,,,,-0.008954261054479638,,-0.016372277884373263,,,-0.016372277884373263,,,,,,,0.01618666909028505,,,0.01601890313770029,,,,0.005619204990893822,0.016036320369699097,,,,,0.013217860589265676,,,,,,,,-0.016372277884373263,,-0.016372277884373263,,0.010516814913588038,-0.008493469437779256,,,0.009886633681285171,,,0.01618666909028505,,,,,,,,,0.010315569064547364,,,,,,,0.01618666909028505,,-0.016372277884373263,-0.01546962863194948,0.015566026080609644,,,,,-0.01181878360696588,0.014717905475445112,,,,,,,,,,0.01618666909028505,,,,,,,,,-0.016372277884373263,-0.013690970404947498,,,,,,-0.014845982898214484,,,,,,,,-0.016372277884373263,,,-0.016372277884373263,,,,0.01618666909028505,0.01618666909028505,,-0.016372277884373263,,,,,,,0.008161186297434807,,0.01143484014954863,-0.016372277884373263,0.01618666909028505,,,,,,,,0.01618666909028505,,,,-0.011716358972442584,,,,,,,-0.01600978057673944,0.01618666909028505,,,,,,,,,,,,,,,0.01618666909028505,,,,,,,,,,-0.016372277884373263,,0.014882127660724382,,,,0.01618666909028505,,0.015164961237222899,,,,,0.013096630216561222,,,,,,,,,,,,,,-0.016372277884373263,,-0.016372277884373263,-0.012645110586353002,0.015612921384865691,,,-0.016372277884373263,,-0.016372277884373263,,,,,,,,,-0.012795277952549207,-0.015416245987979867,,,,,,,,,,,,,0.011587185380430616,,0.012652784130739949,-0.007465676740150556,,,,,,,,,,,,,,,-0.014970794943482123,,-0.016186689744547133,-0.009480364097381596,,-0.010618981916004981,,,,,,,0.01618666909028505,,,,,,-0.016372277884373263,,,,-0.013670112111795949,,,,,-0.010310530321726269,,,,,,,,0.011551935382340757,,,,0.016023936460179466,,,0.01592296070469833,0.011542400947714658,0.011446474353524022,,,,,,0.012829800091719471,,,,,,,,,0.011691746323862254,0.012957850650272445,,,0.01618666909028505,,,,0.007488937546957145,,,,,,,0.013642831511273644,,,0.01618666909028505,,,,-0.005745455921252713,0.00816838181368503,,,,,,,,0.01618666909028505,,,,,0.006880439697721452,,,,0.009042219762808758,-0.015692439033832696,,-0.0086380965139718,,,,-0.010923051398448584,,,0.005375247474271129,,,,,,,,,,-0.014978953654239964,,,,,,,,,,,,,,,,,,,,,,,
2020-04-30,,,,,0.014349321676348795,-0.009515029469782029,,,,,,,-0.010081805798028897,,,,,,,-0.013086296947446851,,,-0.014457500265875538,,,,0.013411115902249821,,-0.014457500265875538,,0.012085697463458177,,,,,,,0.014349321676348795,0.009487015114658761,0.013584396144952325,,-0.014457500265875538,0.014349321676348795,,,,,-0.010068466191974886,,,,,,,,,,,,,,,,,,,,,,,,0.010517560559361453,,0.009926726336698522,,,,,,0.014349321676348795,,,,,0.014349321676348795,0.010508417710184159,,-0.008501228417473078,,,,,-0.014457500265875538,,-0.009168586003001107,,,,,,,,-0.014457500265875538,0.009125740608158116,,,,-0.008427264109106542,-0.013360072336841729,,,-0.010862897411759987,-0.014457500265875538,-0.0069446836045490385,0.014349321676348795,0.012926788789649146,,-0.014457500265875538,0.012125062447362838,0.01084471261161928,,,,,,,,,,,,,,,,,-0.010057866850239157,,0.012335413204751821,,-0.014457500265875538,,,,,,,,,,,,,,,,,0.014349321676348795,,0.014040467715531585,,,,,,,,,,,,,,,,,-0.009369157777504161,,,,0.014349321676348795,,,,,,0.014154714305508024,,,0.014349321676348795,,,0.012420753512599522,-0.014457500265875538,,,,,,0.009469911464918103,,,-0.013286721159860663,,,,,,,,,,,,,,,0.011475151057091898,,,,-0.014457500265875538,,,,,,,,-0.01321523081250839,,,,,-0.012596477252130917,,,,,,,,,,,,,,,,,-0.014457500265875538,,0.014349321676348795,,,,0.014349321676348795,,,,,,,,-0.009563486099104563,-0.013131438287608805,0.009467059030540669,,,,,,,,0.014349321676348795,,,,,,,0.013142156497950334,,,,-0.014457500265875538,,,,,,0.012092564412006127,,,,,,,,,,,,-0.008412500894157952,,,0.009984735707448168,0.010696761707623166,,,,,,,,,-0.014457500265875538,,,0.01279988635090378,,-0.011427350330116834,,,,,,-0.011100240934880568,,,,0.010721047326977812,,,,,,,-0.013890835101780918,,,,-0.012931088129062476,,,0.00956850983601554,,,,,,,,-0.009426073460998826,,,,-0.014329795541993082,,,,,,,,0.012869876471811117,,-0.009700917852581382,,,,,0.012777124913223513,,,0.014349321676348795,,,,,,0.014349321676348795,,,0.009152989775262816,,,,,,,,,,-0.008768958044632211,,,,0.012163268438257824,-0.014457500265875538,-0.013041313284064557,0.014349321676348795,,0.013527878867145175,0.011314835175467962,,,,,,,0.011484470692202787,0.009688066118877653,0.009261699545216556,,,0.014349321676348795,,,,0.009989848836402615,,,,0.014349321676348795,,,,,-0.01277215643719812,0.01260223390035109,-0.011400024517200869,,,0.007321620117811274,,,,,,,,,,,,-0.013994688344267115,-0.006589082397300761,,-0.009767991442574361,,,,,,,-0.014457500265875538,,,,-0.01060751634306199,,,-0.014457500265875538,,,,,,,,,-0.014457500265875538,-0.014457500265875538,,-0.014457500265875538,-0.014457500265875538,-0.014457500265875538,,,,,,,,,,,,,,,,,,
2020-12-31,,,,,-0.009408456305397857,-0.007711198827756207,,,,,,,,0.0064730838005015775,,-0.009408456305397857,,,,,,,,,-0.009408456305397857,,,,,,-0.009408456305397857,,,0.007072203933315193,,,,,0.008059125054979605,,,,0.009777042532506637,,,0.006656402316547971,,,,,-0.008808893013173705,,,,,,0.009777042532506637,,,,,0.0032477032282653387,,,,,-0.009408456305397857,,,,,,-0.009408456305397857,,,-0.007573691201622843,,,,,0.009777042532506637,,,,,,,-0.005856587903012551,,,,,-0.009408456305397857,,0.008619159824322535,,0.006097479782406039,-0.009408456305397857,-0.008812097039195046,,,,,0.009418785619348514,,,,-0.0031653517400878992,,-0.009408456305397857,0.009777042532506637,,0.00865229099221272,-0.005733678891953868,,0.005193425781923993,,,,,,-0.009408456305397857,,,,-0.006041371596785693,,,,,,,,,,,,,,,,,,,,-0.007845421120259035,,,,,,,,,0.006066177885069165,,,,,,,,,-0.0037924799906563812,,,,-0.007160297815310716,,0.007567572076452649,,,,,0.009777042532506637,,,-0.008681964886990277,,,,,,-0.005953379477777557,,,0.009777042532506637,,,,,,,-0.009408456305397857,,,,,-0.007037819201374851,0.008917595119555843,,,,,,,,,,,-0.009408456305397857,,,0.009777042532506637,,-0.002680802965527251,-0.007720182626191858,,,,,,,,,,,,,,,,,,-0.0072804231889709746,,,,0.00924818814485827,,,,,,,,,,0.00618049084264156,-0.009036113023527392,,-0.009408456305397857,,,,,,0.009777042532506637,,,,-0.00758654342439386,,-0.009408456305397857,,,,,,,,,,0.008822711297930028,,,,-0.005186249190293024,,,,,0.009777042532506637,,,,,,,,0.0083120325558608,,0.009777042532506637,,,,,,,,,,,,-0.004137186645781167,,,0.009777042532506637,0.009777042532506637,,,,,,,0.009777042532506637,,-0.008941319552292472,-0.009408456305397857,,,,,,,,,,,-0.008926590873726187,,,,,-0.008254388845976944,,,,,0.009777042532506637,,,,-0.009408456305397857,,,0.005432397658725247,,,,,-0.009408456305397857,,-0.007672934575523735,,,,,,0.007283184594708549,,,,,,,0.009777042532506637,,-0.0060056984849242425,,,0.00842453031096651,,,,,,,,,,,,,0.00686044574679157,,,,,,-0.0077854948829698825,,,,,-0.005302195254116027,,,,,,-0.007075315220843113,0.009777042532506637,,0.005987824995573464,0.005425608697323872,,,,,,,0.009777042532506637,0.009777042532506637,,,,0.009777042532506637,,-0.009408456305397857,,0.00519006327712011,,0.009777042532506637,,,,,,-0.009408456305397857,,,,,,0.0036399218089766525,,,,,,0.008316026704320847,,-0.003177329110761815,,,,,-0.0037503169735761373,0.006829732872220685,,,,,,,,-0.007189371990483345,0.008004005951137084,,0.0053665729564103155,,,0.00433841656765765,-0.00790169532694875,-0.009291702107067035,,,,,,,-0.009408456305397857,,,0.002548109491138182,,,,0.0063699018002697635,0.002865554801812293,0.004217635936331725,,,,,,,,,,,,,,,
2021-01-29,,,,,-0.009764147514424129,-0.00854922023309652,,0.005892611746053479,,,,,,0.009524022885220187,,,,,,,,,,,-0.009764147514424129,,,0.009310376359953708,-0.009764147514424129,,-0.00817435646934773,,,,-0.009764147514424129,0.006279909378792042,,,0.007711023137685576,,,,,,,,,,,,-0.006749862628498581,,,,,,0.009524022885220187,,,,,0.004828949371077786,,,,,,,,-0.009764147514424129,,,-0.009764147514424129,,0.00792922402581807,-0.007099753846066454,,,,,0.009524022885220187,,0.009524022885220187,,,,,-0.0068304516403323605,,,-0.009764147514424129,,-0.00906281126519654,,,,0.006091567303438558,-0.009764147514424129,-0.008984931302895039,,,,,,,,,-0.003982562174077041,,,,,0.009524022885220187,-0.0064372383698491145,,0.009524022885220187,,,,,,,,,,,,,,,,,,,,,,,,,,,0.009524022885220187,,,,,,,,,-0.007172532858342616,,,0.004706737823123393,,,,0.009524022885220187,,,,,-0.0046626525635702154,,,,-0.009764147514424129,,0.009474580419617075,,,,,0.009524022885220187,,,-0.008251624727473646,,,,,,-0.005217423063410231,-0.009764147514424129,,0.009280414716277914,,,,,,,-0.007349310829766819,,,,,-0.009764147514424129,0.009184366401514375,,,,,,,,,,,-0.008430582949793474,,,,,-0.0036189700518152175,-0.009764147514424129,,,,,,,,,,,,,-0.008321565299221912,0.009524022885220187,,,,-0.009764147514424129,,,,,,-0.00729200233852859,,,,,,,,,,,,,0.009524022885220187,,,,0.009524022885220187,,,,-0.009764147514424129,,-0.009764147514424129,,,,,,-0.009764147514424129,,,,0.006873292869854957,,,,-0.007236309397947932,,,,,0.00805290800228794,,,,,,0.005856900367114876,,0.009524022885220187,,,,,,,,,,,,,,-0.007133626464663091,,,0.007552686902468622,,,,,,,,0.009524022885220187,,-0.007457957560632423,,,,,,,,,,,,-0.006085698001909167,,,,,-0.009764147514424129,,,,,0.008007541668769758,,,,-0.008054750633623407,,,0.00568153605633138,,,,,-0.009764147514424129,,-0.006133506070212148,,,,,,,,,,,0.009144488230914929,,0.009524022885220187,-0.007162299970624291,,,,0.00741851406834875,,,,,,,,0.009524022885220187,,,0.009524022885220187,,0.006453572272257613,,-0.00865040165273489,,,0.006760544609695064,-0.0070665421125003505,,,,,-0.0057554285967110754,,,0.009524022885220187,,0.004625055388243876,-0.007437820963130719,0.009010034838326405,0.00827973242829326,,,,,,,,,0.009524022885220187,0.009409009214698144,,,,0.009524022885220187,,,,0.006386019154571467,-0.009764147514424129,0.009524022885220187,,,,,,-0.009764147514424129,,,,,,0.005201985754546598,,,,,,,,,,,,,-0.006235585396337329,,,,,,,,,-0.008401815802107901,0.008224848912359549,,0.00590584726210054,,,0.006565908864800366,,-0.008503172451322743,,,,,,,,,,0.004413452503122286,-0.0048688129095174225,-0.004502004743060351,,,0.0060382803296543195,0.005600134655063345,,,,,,,,,,,,,,,
2021-02-26,,,,,-0.03390166399026844,-0.019669889556876062,,0.027236903266768246,,,,,,,0.034191620897728904,,,,,,,,,-0.03390166399026844,-0.03390166399026844,,,,,,-0.027372986775463536,,,0.034191620897728904,-0.03390166399026844,,,0.034191620897728904,,,,,,,,,,,,,-0.014468459726500904,,,,,,0.034191620897728904,,,,,0.020238290835850332,,,,,-0.03354861740338634,,,-0.03390166399026844,,,,,0.02509261907296534,,,,,,0.032197524409268846,,,,,,,-0.024698950418644595,,,,,-0.016171772254137698,,-0.032698936925216554,,0.01604736998454868,-0.026298307170283728,,,,,,,,,,-0.01377397363413419,-0.0268558082707603,,,,0.034191620897728904,-0.014245137050500173,,0.022865749595268686,,,,,,,-0.03390166399026844,,,,,,,,,,,,,,,0.027690302374909694,,,,,0.026884955314308775,,,,,,0.01807361307111946,,,-0.029319968390182565,,,0.01785213715217127,,-0.03390166399026844,,,,-0.03390166399026844,,,-0.021783321103913247,,-0.031438808320149926,,-0.03390166399026844,,0.034191620897728904,,,,,0.034191620897728904,,0.031593169531969285,-0.03371194365319477,,,,,,-0.02846378559110684,,,0.034191620897728904,,,,,,,,,,0.028289311279986316,,-0.0337772733089277,,,,,,,,,-0.03296893989394205,,,,,,,0.034191620897728904,-0.013197762082955394,-0.03390166399026844,,,,,,,,,0.027543588798340013,,,,,,,,,-0.031861233729087834,,,,,,,,,,,,,,0.025295866554203787,-0.03390166399026844,,,,0.03207545502670729,,,,0.034191620897728904,,,,-0.026882623555544022,,,,,,,,,,,,0.03380380758084041,-0.03390166399026844,-0.03390166399026844,,,,,,-0.03277781839217786,0.034191620897728904,,,,0.023829204140533952,,0.024259869367804467,,0.034191620897728904,,,,,,,,,,,,,,-0.015403987842153709,,0.034191620897728904,,,,,,-0.03390166399026844,,,0.034191620897728904,,,,,,,,,,,,,,,,,,0.025601372160911687,-0.02785736235842406,,,,,0.019293456857892233,,,,,-0.03390166399026844,,0.017699122086285702,,,,,-0.03390166399026844,,-0.024335536108435522,,,,,,,,,,,,-0.03390166399026844,,-0.03390166399026844,-0.018337605241887284,,,0.034191620897728904,,,,,,,,0.034191620897728904,,,0.034191620897728904,,0.021599254830328967,,-0.02361254420032885,,,0.02644525313671738,-0.024354001377646296,,,,0.03129826984168244,-0.016213942329943228,,,0.034191620897728904,,0.025383261020684653,-0.023766275370402153,,,,,,,,,,,0.034191620897728904,,,,,,,,,0.015244045390611057,-0.019157844778230723,,,,,,,-0.028987041593823572,,,,,,0.01778911422565488,,,,,,,,,,,0.034191620897728904,,-0.013791010312022586,,,,,,-0.021392074514544192,,0.02930954685833173,-0.03390166399026844,0.021593027693481384,,0.019593785897813652,,,0.018955779964059855,,-0.03267284094997078,,,,,,,,,,0.014429501202942719,,,,,0.02852555896717699,0.022537494553281755,,,,,,,,,,,,,,,
2021-03-31,,,,,-0.012060696678509323,,,0.012825408623639907,,,-0.011681336283037273,-0.012060696678509323,0.00886462738169553,,,,-0.012060696678509323,,-0.0068186739717970325,0.009687536291944793,,,0.012825408623639907,-0.012060696678509323,,,-0.010720878022390235,,,,-0.010339893422807368,,,0.005732017470489859,,,,,,,,,-0.009189882042399743,,,,,0.012825408623639907,,,,,,,,,,,,,,,,,,,-0.00967405878641374,,,,,-0.009267846917815938,-0.010028518980406792,,0.012825408623639907,,,,,-0.008215691970171718,0.012825408623639907,,,,-0.009750191152514692,-0.012060696678509323,,0.012825408623639907,,,,,-0.008155095071215122,,,,0.01120314695372917,,,,-0.010343936807157268,,,,,,,0.007101778388813266,,,,0.012043590519371422,,,-0.012060696678509323,-0.008537285113334849,,,,,,,,,,,0.007540577409871297,,,,,,,,,,0.012825408623639907,,-0.012060696678509323,0.009392226002130806,,,0.012825408623639907,,,,,,,,,,,,0.007068955871170548,0.012825408623639907,,-0.00927950844656529,,,,,,,,,,,,0.012825408623639907,,,,,,,0.012825408623639907,,-0.011778266539257638,,,,,-0.00664038640559011,,,0.012825408623639907,,,,0.012825408623639907,0.01212649383080685,,,-0.012060696678509323,-0.010874913283248933,,,,,,,0.012825408623639907,,,,,,,,,,,,,,,,,,0.012825408623639907,,,0.006977467086581989,,,,,,0.012825408623639907,0.012825408623639907,,,,,,-0.012060696678509323,,-0.010493854529638027,,,,,,,0.010772065809843138,,,,-0.012060696678509323,,,,,,,,,,,,,,,,,,-0.00917962790829836,,,,,,0.012825408623639907,-0.009735874408822825,-0.012060696678509323,,,,-0.00907766767675951,,-0.012060696678509323,,,,,,,0.011807605445642556,,,,,,,-0.011791044467060769,,,,,,,,,,-0.0102015097016793,,,-0.00994993546447702,,,,-0.012060696678509323,,,,-0.010738833346957122,,,,,,,,,-0.012060696678509323,,,0.007008600662636893,,,,,,-0.012060696678509323,,,,,0.008740885788538082,,,,,-0.011282439663707386,,0.007899000514970767,,,,0.012825408623639907,-0.012060696678509323,,,0.010024864471405544,,,,,,,,,,0.012825408623639907,-0.011499196710999396,-0.008380230440649242,-0.012060696678509323,,,,,0.006261443212652107,-0.011074022165053425,,0.012825408623639907,-0.010056942624976391,,,,,,-0.010921526779705553,,,,,,,0.009504769496346117,,,,,,,,,,-0.012060696678509323,,,,,,,,,,,,,,,,,,,,,,0.00869361620264054,-0.007541683462424213,,,,-0.010055549986180209,,,-0.00854376933292245,,-0.007974432929057028,0.012825408623639907,,,0.0050973097334978176,,,,,0.011294289250600019,,,,,0.012825408623639907,0.012825408623639907,,,,0.012273787478838352,,,,,,,,0.00902185646277874,-0.010155191308067494,0.006015850350063907,0.012003269880397377,,0.006292123086899803,,,,,,,,,,,,0.005611456346406748,,,,,0.006286228302266071,0.006884989666339394,,,,,,,,,,,,,,,
2021-04-30,,,,,-0.010467285111916195,,,0.012704826309542361,,,-0.012112822708876089,,,,,,-0.007260598390711282,,,0.010066140840782887,,,,-0.012112822708876089,,,-0.009967286721607556,,,-0.010787759678386723,-0.007900641237137523,,,0.00822136917927113,,,,,,,,,,,-0.012112822708876089,,,0.012704826309542361,,,-0.012112822708876089,,,,,,,,,-0.010168206201582703,,,,0.012704826309542361,,,,,,,,-0.007228263984147752,,,0.012704826309542361,,,,,-0.008315609925338079,0.012704826309542361,0.00619256366382403,,,-0.008309072869782226,-0.010535288675338397,,0.012600601898574343,,,,,-0.008857981334361055,,,,0.006482321770357957,-0.011703588203163518,,,,0.007670059990463682,,,,,,,,,,0.010812355689125206,0.01162936888861703,,-0.012112822708876089,-0.007768462821569455,,,,,,,,-0.011393033586995454,,,0.008125197563432463,,,,,,,,,,,,-0.010608860307401477,0.01170709675501912,,,,,,,,,,,,,,,0.005360041152780387,,,-0.011605234476378101,,,,,,,,,,,,0.01091886568160626,,,,,,,0.009845509148368363,,-0.012112822708876089,,,,,-0.006142620075851816,,,0.012704826309542361,,,,0.012704826309542361,0.011067996354525052,,,-0.012112822708876089,,,,,,,,0.012704826309542361,,,,,-0.00821009426916844,,,,,,,,,,,,,,,,0.009844713971694792,,,,,,,0.012704826309542361,,,,,,,,-0.00586883070909525,,,,,,,,,,,-0.010581869254828975,,,,,,,,-0.010557127252306295,,,,,,,,0.012704826309542361,,,,,,,,0.012704826309542361,-0.012059702477554031,-0.012112822708876089,,,-0.012112822708876089,-0.012112822708876089,,-0.012112822708876089,0.012704826309542361,,,,,,0.011083964879595324,,,,,,,,-0.012112822708876089,,,0.010325811550249022,,,,,,,,,-0.011986812947788016,,,,-0.012112822708876089,,,,-0.010113927356360283,,,,,,,,,-0.012112822708876089,,,0.007422626747156664,,,,,,-0.012112822708876089,,,,,0.011328355836784675,,,,,-0.012112822708876089,,,,,,0.010190664030744215,,,,0.00923487420541758,,,,,,,,,,0.012704826309542361,,-0.009343673347945182,-0.007667304072937476,,,,,,,,0.012642022310974459,-0.012112822708876089,,,,,0.012704826309542361,-0.008441990811815648,,,,-0.0069809530371935866,0.012704826309542361,,0.009538260554443007,,,,,0.012209371164111266,,,,,-0.010970698560439448,,,,,,,,,,,,,,,,,,,,,,0.006866945165867222,-0.012112822708876089,,,,-0.012112822708876089,0.00854427462498036,-0.012112822708876089,-0.011174805438463083,0.012704826309542361,-0.009898414715575734,0.009758852698403157,,,0.005371623240925302,,,-0.007136486108625877,,,,,,,0.012704826309542361,0.012704826309542361,,,,0.008599824495204649,,,,-0.010528882588443308,,,,,,0.0067625364927127556,0.009286270337461195,,0.008911304439235355,-0.009906356654346362,,0.011234577258252195,,,,,,,,,0.004731638622462275,,,,,0.006724476297349803,,0.012704826309542361,,,,,,,,,,,,,,
2021-05-31,,,,,-0.013883002263596254,,,0.014488533295106442,,,,,0.008924811984433017,,,,-0.013883002263596254,,,0.011209640617691752,,,,-0.012775917373154883,,,-0.013824064756211079,,,-0.013277804695833995,-0.01168767305957521,,,,,,,,,-0.010438355313371703,,,,,-0.0075093144374340755,,,,,,-0.011165226246077844,,,,,,,,,,,,,0.014488533295106442,,,,,,,,-0.010458776819487712,-0.013883002263596254,,0.014488533295106442,,,,,-0.01295343888784516,0.014488533295106442,0.007816784642644722,,,-0.00561918957466362,-0.013883002263596254,,0.014488533295106442,,,,,-0.007793769233640105,,-0.008496742330811456,,0.007959175438487804,,,,,,,,,,,,,,-0.013883002263596254,0.014488533295106442,0.014488533295106442,,-0.00906115232527152,-0.006949611558578146,,,,,,,,-0.010499040135142855,,,0.00876224245982801,,,,,,,,,,0.014488533295106442,,-0.013883002263596254,,,,0.014488533295106442,,,,,,,,,,,,0.008165980267083046,,,-0.013883002263596254,,,,,,,,,,,,,,,,,,,0.012415611011136116,,,0.014488533295106442,,,,-0.012098084173931805,,,0.014103233314162892,,-0.013522927199019739,,,0.011347737801231474,,,,,,,,,,,0.014488533295106442,,0.009858572085289414,,,-0.01311359780957306,,,,,,,,,,,,,,,,0.008314642576236096,,,,,,,0.010914741794949,,,,,,,,-0.013883002263596254,,,,,,,0.009306038902238602,,,,-0.009212530993804178,,,,,,,,,,,,,,,,0.014488533295106442,,,,,,,,0.014488533295106442,-0.013883002263596254,-0.013883002263596254,,,,-0.013883002263596254,,-0.013883002263596254,,,,,,,0.01421984353700935,-0.01190247266508058,,,,,-0.007762834401314921,,,,,0.014488533295106442,,,,,,,,,-0.013883002263596254,,,,-0.013883002263596254,,,,-0.013883002263596254,,,,,,,,,,,,0.011259564638250575,,,,,,-0.013883002263596254,,,,,0.010212505045679672,,,,,-0.013369325126070055,,,,,,0.014488533295106442,,,,0.010443557295394618,,,,,,,,,,0.013729233498198377,-0.013883002263596254,-0.013883002263596254,,,,,,,,,0.014488533295106442,-0.013883002263596254,,,,,0.009502323125239208,-0.013883002263596254,,,,-0.008835300160828006,0.010924437423146428,,0.009525824710632557,,,0.014488533295106442,,,,,,,-0.013883002263596254,,,,,,-0.008197160050499055,,,,,,,,,,,,,,,,0.010047155564684822,-0.011781018311787699,0.014488533295106442,0.012348735387850376,,-0.007738862535998488,,-0.013022244068890075,-0.01327619468128858,0.014488533295106442,-0.013264253110359442,,-0.011613323133982587,,0.00932288023322996,,,-0.008960078791979516,,,,,0.009373869925806513,,0.010707074222432235,0.010988232985186508,,,,0.014488533295106442,,,,-0.010897380223866259,,,,,,0.007108772762326956,0.014488533295106442,,0.0037891489756935537,-0.010335613490901814,,0.014488533295106442,,,,,,,,,0.007108769030327964,,,,,0.010008918167846704,,0.014488533295106442,,,,,,,,,,,,,,
2021-06-30,,,,,-0.02694762078877903,,,0.02993034867013527,,,,,0.016177581259280042,,,,-0.03157944601042991,,,0.019441152953372863,,,,-0.03157944601042991,,,-0.03157944601042991,,0.03163039209748592,-0.025660622523707516,,,-0.022995793463346223,,,,,,,,,,-0.030326264699306115,,-0.03157944601042991,-0.02982071940864801,,,,-0.02266607532134385,-0.03157944601042991,,,,,,,,,,,,,0.03163039209748592,,,,,,,,,,,0.03163039209748592,,,,,-0.022759908674667928,,0.022763812391115922,,,,-0.027537174406877137,,0.02972627396820406,0.022819802304091228,,,,-0.022563489583355655,,,,,,,,,,,,,,,,0.03163039209748592,,-0.03157944601042991,0.02320360283129619,0.027206169322076354,,,-0.012508117135634994,,,,,,,,-0.01986080221318534,,,0.028454901490703826,,,,,,,,,,0.025125072387622495,,-0.011414595305269214,,,,,,,,,,,,,,,,0.021614367437748812,,,-0.020704827140138826,,,,-0.03157944601042991,,,,,,,,,0.026445414857614147,,,,-0.03157944601042991,,0.02338602735850483,,,0.03163039209748592,,,0.03163039209748592,-0.024475086653517542,,,0.03163039209748592,,-0.03157944601042991,,0.03163039209748592,,-0.027544378037127164,0.03163039209748592,,,0.03163039209748592,,,,,,0.03163039209748592,,,,,-0.03157944601042991,,,,,,,,,,,,,,,,0.025153665882746586,,,,,,,,,,,,,,,-0.03157944601042991,,,,,,,0.027417321553712366,-0.027240380438885988,,,-0.03157944601042991,,,,,,,,-0.028016780846856822,,,,,,,,0.030826642011175673,,-0.020431779870058467,,,0.02088982355507633,,,0.02887138790782152,-0.03157944601042991,-0.03157944601042991,,,,-0.03141892366269651,,,,,0.03163039209748592,,,,0.01949935322384352,,,,,,-0.02355559955454558,,,,,0.022056981314714126,,,,,,,,,-0.03157944601042991,,,,-0.03157944601042991,,,,-0.03157944601042991,,,,,,,,,,,,0.025785091183259286,,,,,,,,,,-0.03157944601042991,0.028206185876456888,,,,,-0.02999697931494075,,,,,,0.029978604915129263,,,,0.025704243560235825,,,,,,,,,,0.03163039209748592,,-0.021601687740856298,,,0.027372663345283127,,,,,,0.03163039209748592,-0.03157944601042991,,,,,,-0.026256683726298132,,,-0.02964679710163859,,,,0.02017451284392506,,,,0.026478404871509452,,,,,,-0.03028938071138874,,,,,,-0.02303207746443394,,,,,,,,,,,,,,,,0.022899892880407443,,,,,-0.027870195971471078,0.023347882178901155,-0.024814850263795818,,0.03163039209748592,,,,,0.019357240303151186,,,-0.015344824221123207,,,-0.018806913777598407,,0.01864173476671418,,0.03163039209748592,0.03163039209748592,,,-0.019758421035491417,0.023443109358904732,,,,-0.02593055310647199,,,,,,0.019500244094241892,0.024242318013825436,,,-0.01677278146012486,,0.02879985578514232,,,,-0.014854350115100206,,,,,0.013404787756714593,,,,,0.015261731811033638,-0.017889961946102664,,,,,,,,,,,,,,,
2021-07-30,,,,,-0.016095981282646072,,,0.016430100459705475,,,,-0.015732540958976655,0.009528409364806574,,,,-0.016095981282646072,,,0.012952097218889989,,,,,,,-0.016095981282646072,,0.016430100459705475,-0.016095981282646072,,,,,,,-0.009505871290277816,,,,,,,,,-0.014331700732257676,,,,-0.013046973790716123,,,,,,,,,,,,,,,,,,,,,,-0.014677876639190094,-0.016095981282646072,,0.016430100459705475,,,,,-0.016095981282646072,0.016430100459705475,0.009687345592662988,,,,-0.011683231345945693,,0.010129138473784827,0.011407799815247444,,,,-0.009692624544998817,,,,,,,,,,,,,,,-0.0060345705324516595,,,-0.011564639050989424,0.011637407630936443,,,,-0.007251423063423606,,,,,,,,-0.014044662342036404,,,,-0.016095981282646072,,,,,,,,,0.01273840413997679,,-0.016095981282646072,0.016430100459705475,,,,,-0.012809344677555018,0.011358743478573399,,,,,,,,,0.009226615783144286,,,,,,,-0.016095981282646072,,,,,,,,,0.0131271042002384,,,,-0.013887957364107298,,0.011961601769944642,,-0.016095981282646072,,,,0.016430100459705475,,,,0.016430100459705475,,,,0.016430100459705475,,,,,-0.016095981282646072,,,,,,,0.016430100459705475,,0.012389903855456403,,,-0.016095981282646072,-0.013702840426104817,,,,,,,,,,,,,,,0.01394165818050603,,,,,,0.016430100459705475,0.016430100459705475,,,,,,,,-0.016095981282646072,,,,,,,0.010898821384024603,-0.015039446128252474,,,-0.016095981282646072,,0.016430100459705475,,,,,,-0.00730348314051343,,,,,,-0.016095981282646072,,0.009831178737426696,,-0.010916417587645924,,,,,,0.016430100459705475,-0.012578131300320197,-0.014222616672512955,,,,,,,,,,,,,0.012542107982371473,-0.014087297346400195,-0.012693158467393993,,,,,,,,,0.011324925935730722,-0.014836083797579773,,,,,,0.01568655930841148,0.01190849055218958,-0.016095981282646072,-0.009951636706494632,,,-0.016095981282646072,,,,-0.016095981282646072,,,,,,0.01347223267968939,,,-0.016095981282646072,,,,,,,,,0.016430100459705475,,,,-0.011923738978854211,0.009995215512960108,,,,,-0.012187801027883529,-0.006885026757185065,0.016430100459705475,,,,0.015120433374105426,-0.011688620266436819,,,0.010829941019710201,,,,,,,,,,0.016430100459705475,,-0.008603323206924236,,,0.014575244099717196,,,,,,0.013008798365893531,,,,,,,-0.014527387170275883,,,,-0.00805698594580125,,,,,,,0.010542867339672506,,,,,,-0.015054309504525722,,,,,,-0.010983268216027856,,,,,,,,,,0.016430100459705475,,,,,,0.015852481720968484,,,,,-0.016095981282646072,0.012411936945759969,-0.011822697390847483,,,,,,,0.012554730445800862,,,,,,,,0.008109075782491815,,0.016430100459705475,0.016430100459705475,,,,0.011840648770403346,,,,,,,,,,,0.011550526237354228,,,,,0.012968361997977717,,,,,,,,,0.006122505478575937,,,,,0.012950821803162642,-0.013108731689142157,,,,,,,,,,,,,,,
2021-08-31,,,,,-0.016392018697731672,,,0.012796579141767999,,,,,0.007482723057806177,,,,-0.016392018697731672,,,,,,,,,,,,0.016699758255493854,,,,,,,0.016699758255493854,-0.00686258297482918,,,,-0.015205676991456711,,-0.011970647193835372,,,-0.016284541710184862,,,,,,,,,,,,,,,,-0.006299239063770577,,0.016699758255493854,,,,,,,,-0.012018630446542394,,,,,,,,-0.012145955338632212,,0.01051595273858592,,,-0.008830176652808393,,,0.015074354028764935,0.006972324714038879,0.016699758255493854,,,-0.010176868755797333,,-0.007147722386458452,,0.00876263667686954,,,,,,,,,,-0.016392018697731672,-0.004864488637962513,,,-0.016392018697731672,,,-0.006757765593781734,,-0.008152180853377884,,,,,,,,-0.016392018697731672,,,0.011463816137687275,-0.013184252436133033,,,,,,,,,0.010921380162215708,,-0.013504324336513739,0.015354367893439783,,,,,,0.016358951714470476,,,,,,,,,0.007425962123553859,0.016699758255493854,,-0.013160156305058691,,,,-0.016392018697731672,,,,,,,,0.016699758255493854,0.012548944609840509,,,,-0.016306873117098858,,0.011530186743597315,,,,,,0.016699758255493854,-0.016392018697731672,,,0.016699758255493854,,,,0.016699758255493854,,,,,-0.012482231188286882,,,,,,,,,0.012693152457550724,,0.016699758255493854,,-0.016392018697731672,,,,,,,,,,,,,,,0.012226420622768594,,,,,,,0.016699758255493854,0.01600295970484693,,,,-0.01052071051322662,,,-0.015730398023748093,,,,,,,,-0.016392018697731672,,,,,,,-0.016392018697731672,,,,-0.016392018697731672,-0.016392018697731672,,,,,,,0.014167470250525576,,,,,0.010705726027800429,,,,-0.016392018697731672,-0.016392018697731672,,,,,,,,,,,,,0.010563733999300528,-0.016392018697731672,-0.014805323725574181,,,,,,,,,,,,,,,,0.01637940770037612,,-0.016265593525753255,,,,-0.016392018697731672,,,,-0.0113854100145579,,,,,,0.014797968124372876,,,,,,0.012188122826180361,,,,,,0.016699758255493854,,,,-0.010300569494084175,0.01634229759382997,,,,,-0.013287570764121409,-0.013840536261213903,0.010887364450610204,,,,0.014221333187268415,-0.016392018697731672,,0.010345569655691823,0.010081486436544771,,,,,-0.015947981301266165,,,,,0.016699758255493854,,-0.014189464738978324,,,,,,,,,0.016699758255493854,,,,,,,-0.016392018697731672,-0.01375060129753983,,,-0.006362744719807468,,,,,,,,,,,-0.016392018697731672,,,,,,,,-0.01288933628338815,,,,,,,,,0.016699758255493854,,0.013336740384863066,,,,,0.011976294174331442,,,,,-0.016392018697731672,,-0.010308912648713985,,0.016699758255493854,,0.010889618556725033,,,,,,,,0.012399124763955499,,,,,,,-0.008213718036420533,,,0.011824311371528173,,,,-0.005993111095314471,0.016699758255493854,,,,,,,,0.006667798403193148,,,0.009662243850242913,,,,,,,,,0.0033728957389664487,,,,,0.007450801757869892,,0.016699758255493854,,,,,,,,,,,,,,
2022-08-31,,,,,0.01740191685612854,,,-0.016816370228213834,,,,,0.007916192153579974,,,,,,,0.007819904384292389,,-0.016821864864976357,,,,,0.013139404232589762,0.016584289207201203,,,-0.017056527369667188,,-0.017056527369667188,,,,,,,,,,-0.0075889080747279574,,,,,,,,,,,,,,,,0.01740191685612854,,,0.007880306956875763,,0.016138330870922053,,,,,,,,,,,,,,,,,-0.016497779915793216,,,,,,-0.017056527369667188,,,,,0.01740191685612854,,,,,,,,,,,0.008114720216112826,,,,0.01740191685612854,,,,-0.017056527369667188,,,-0.008530414074551452,,,,,0.01740191685612854,,-0.013183022222685404,,0.01740191685612854,,,,,,,-0.017056527369667188,,0.015639507245734145,,0.01740191685612854,,,-0.01614944824303608,-0.014307797543867615,0.011467157077555079,,,-0.017056527369667188,0.014845653436293372,,,-0.017056527369667188,,,,,,-0.017056527369667188,,,,,,,,,0.016954886003864675,,,,,,,,0.01740191685612854,,,,,-0.017056527369667188,0.01740191685612854,-0.013914093006771024,-0.017056527369667188,,,,,,,,,,-0.01648913067806409,,0.01740191685612854,,-0.01402567403513662,,,,,,0.010852201946403387,,,,,,,,,,,-0.017056527369667188,,,,,,,,0.006169669678445464,,,,,,,,,0.017317227011906522,,,,0.008261567350065462,,-0.01662871007386634,,,0.01740191685612854,,,0.01740191685612854,,0.01740191685612854,,,,,,,,,,,,,,,,,-0.017056527369667188,,,,,,-0.017056527369667188,,,,,,,,,0.009720798974228513,,,0.013147426616240394,,0.01740191685612854,,,,,,,,,,,,,,0.01464119517988589,,,,,,,,,,,0.01740191685612854,,,,-0.00868378116094056,,,,,,,,,,,,,0.01740191685612854,,,,,,-0.016406577639244153,,,,,0.005638145682025846,0.01740191685612854,,,,,,,,0.01740191685612854,,-0.010451706990016149,,,-0.017056527369667188,,,,-0.009344127811434552,0.01740191685612854,,,,,0.01740191685612854,,,,0.01740191685612854,0.012769139065180513,,-0.01313112173373499,,,,0.01740191685612854,-0.015341291561963568,,,,,,,,-0.017056527369667188,,,,,,,,,0.007097574386944658,-0.017056527369667188,,,,,,,0.009462264973938705,0.008659741245889276,,,0.01359040133516484,,,,,,,,,0.01740191685612854,,,,0.005539563303640139,,,,,,-0.017056527369667188,,,,,,,,,-0.009555165017554946,,,,-0.017056527369667188,,,,,,-0.017056527369667188,,,,0.008838423878250522,-0.01018809276168538,-0.017056527369667188,,-0.013995420945606485,,,,,,,,-0.013659877729608399,-0.007151154612708774,-0.017056527369667188,-0.01630802029655786,,,,,,,,-0.016303119458785587,,-0.009062640105437607,,0.011144233463836674,,0.012198122243194883,,0.016410606911025128,,0.01740191685612854,,-0.011386772942968732,,,,,-0.012321174808195199,,,,,,,,-0.008151295080498546,-0.009455067341015522,,,-0.005929045666069075,-0.0054936319670639685,0.01510297024511709,-0.009248256467699091,,,,,,
2022-09-30,,,,,0.01845429895239168,,0.019215446418807104,,,,,,0.008680530623438607,,,,,,,0.008902579510783652,,-0.01933484181402329,,,,,0.019215446418807104,0.018527278629089847,,,,,-0.010739490345682279,,,,,,,,,,-0.015241195399536119,,,,,,,,,,,,,,,,0.019215446418807104,,,0.008211040510338101,,0.014337928976045185,,,,,,,,-0.01933484181402329,,,,,,,,,-0.01933484181402329,,,,,,-0.01933484181402329,,,,,0.019215446418807104,,,,,,,-0.01785906857228376,,,,0.016240307351958316,,,,0.019077407951488823,,,-0.01933484181402329,-0.01933484181402329,,,-0.009422196246682828,,,,,,,-0.01933484181402329,,0.019215446418807104,,,,,,,-0.01933484181402329,,0.019215446418807104,,,,,-0.01727262347249176,-0.014530568825265917,0.015478700860952637,,,,,,,,,,,,,-0.015516432846483985,,,,,,,,,0.019088420013398645,,,,,,,0.014812620317680016,0.019215446418807104,,,,,,0.019215446418807104,-0.01933484181402329,-0.015792422296539984,,,,,,,-0.01933484181402329,,0.01795779614755281,-0.01933484181402329,,0.018281086074949448,,-0.01926962880467991,,,,,,0.009344442876127056,,,,,,,,,,,-0.01933484181402329,,,,,,,,0.013305152283090392,,,,,,,,,0.019215446418807104,,,,,,-0.01933484181402329,,,0.019215446418807104,,,0.018214064090108548,,,,,,,,,,,,,,,,,,,,,,,,,-0.01933484181402329,,,,,,,,,0.009123316622495907,,,0.014437196604885896,,0.019215446418807104,,,,,,,,,,,,0.016257001644871493,,0.01840420340537922,-0.017954820259734026,,,,,0.019215446418807104,,,,,0.019215446418807104,,,,-0.007041587141796339,,,,,,,,,,,,,0.019215446418807104,,,,,,-0.01933484181402329,,,,,0.010863640545219102,0.01870725443249318,,-0.01933484181402329,,,,,,0.01773850818242519,,-0.015679982774653455,,,-0.01933484181402329,,,,-0.01933484181402329,,,,,,,,,0.018330371399539257,0.019215446418807104,0.014410890695045139,,-0.012148415676968715,,,,0.019215446418807104,-0.01711752170987697,,,,,,,,-0.01933484181402329,,,-0.01933484181402329,,,,,,,,-0.01933484181402329,,-0.015119617372210813,,,,,0.008751828273934734,,,0.010556993228496214,,,,,,,0.012730715715951033,,0.01772108276985378,,,,0.009742199406440033,0.016733763108646917,,,,,-0.01933484181402329,,,0.019215446418807104,,,,,,-0.012419200010532845,,,,,,,,0.019215446418807104,,-0.01933484181402329,,,,,,,,-0.014979476119695271,,,0.01676469428734433,,,,,,-0.008675644625673837,-0.01933484181402329,-0.015765208759753412,,,,,,,,-0.016894067689474285,,-0.011194907605853436,,0.014022819108238629,,0.01561844034085649,,,,0.018869180463790675,,-0.01919760108368843,,,,,-0.012768215653119143,,,,-0.013905808684634133,,,,-0.01571424680835003,-0.011906964525036765,,-0.013962417171193724,-0.008142964317973244,-0.011029647454932257,0.018716327100077156,-0.01199397225254933,,,,,,
2022-10-31,,,,,0.014117932777143075,-0.017789483944426476,0.019313312156450355,,0.019517652423359295,,,,0.014109377442452367,,,,,,,0.010355995711105001,,-0.017250228930778128,,,,,0.019517652423359295,,,,,,-0.019781869046640952,,,,,,,,,,-0.019781869046640952,,,,,,,,-0.019781869046640952,,,,,,,,,0.019517652423359295,,0.009676578362530821,,0.017742919120940434,,,0.019517652423359295,,,,,,,,,,,,,,-0.019781869046640952,,,,,,,-0.019781869046640952,,,,0.015108055474720942,,,,,,,,,,-0.01707758192629558,,,-0.019781869046640952,,0.017239981989047876,,,-0.019781869046640952,-0.019781869046640952,,,-0.010169944700413954,,,,,,,-0.018800083714423738,,0.019517652423359295,,,,,,,-0.019781869046640952,,0.019517652423359295,,,,,,-0.018842583223188224,0.011912877991957144,,,,,,0.013099855169982026,-0.019781869046640952,,,,,,-0.019781869046640952,,,,,,,,,0.0178147702086379,,,,,,,0.011241370372251239,,,,,,,0.018733425778256943,-0.016467150264604373,-0.019781869046640952,,,,,,,,,0.019517652423359295,-0.019781869046640952,,0.019517652423359295,,-0.017971139697379537,,,,,,0.017249083419475623,,,,,,,,,0.019517652423359295,,,,0.019517652423359295,,,,,,0.015089782683793768,,-0.019781869046640952,0.01781268557306684,,,,,,,,,,,,-0.019781869046640952,,,,,,0.019517652423359295,,,,,,,,,,,,,,-0.019781869046640952,,,,,,,,,,,,,,,,,,,0.019517652423359295,,,,0.014259717981709599,,0.014695703138843916,,,,,,,,,,,,0.01918184102179703,,,,,,,,,,,,,0.019517652423359295,,,,-0.009551256448360279,,,-0.013867449604463868,,,0.013505223985919872,,,,,-0.01837394356207034,,0.019517652423359295,,,,,,-0.019781869046640952,,,,,0.00861850932912986,0.010492851362604999,,-0.015728707824155235,,,,,,0.019517652423359295,,-0.009799447697305789,,,,,,,,,,,,,,,,0.015060281376120595,0.019517652423359295,,,-0.011088980664121291,,,,0.019517652423359295,-0.016341678562589446,,,0.018670808963194556,,,,,,,,-0.019781869046640952,,,,,,,-0.019781869046640952,-0.019781869046640952,,-0.010101863366990666,0.008055899906668823,,,,0.011571758049127473,,,,,,,,,,0.010619698948668292,,0.017638132313193666,,,,0.008891867538943481,0.019517652423359295,,,,,-0.019781869046640952,,,,,,,,,-0.007714262205187642,,-0.01957194520802394,,,,,,0.019517652423359295,,,,,,,,,,-0.008397515448962061,-0.01975654561676405,,,,,,,,-0.009662277920382595,-0.017423028491417154,,,,,0.019003281039779378,,,,-0.015373266345731156,,-0.01043632609419829,,0.010284729147281714,,,0.019517652423359295,0.017659936277900405,,0.01900323666736425,,-0.01380774488192928,,,,,-0.012236115576362599,,,,-0.011835788543551879,,,,-0.018361276094440465,-0.011903573615883659,,-0.014659736147437343,-0.008417117547530743,-0.015168602454351117,0.01639871038667301,-0.015217343830738375,,,,,,
2023-01-31,,,,,0.008979553670723133,,,0.008322827419897106,0.01056119036935715,,,,,,,,,,,,,,,,,,,,0.013322420727520498,,,,,,0.013322420727520498,0.013322420727520498,,,,,,,-0.013605086209475988,-0.006842081402820446,,0.013322420727520498,,,-0.013605086209475988,,,,,0.00987714670072593,,,-0.013605086209475988,,0.013322420727520498,0.013322420727520498,,,,0.011173145545419172,,,0.013322420727520498,,,,-0.012715075112529914,,,,,,,,,,,0.007127139117961024,,,,,,,0.006497577505223516,,,,,,0.013322420727520498,-0.013605086209475988,,,,,,,,,-0.013605086209475988,,0.011649869764572858,,,,,,-0.013355431052639845,,,,,,,,-0.010842645872024423,,,,0.011105863984977227,0.009386619153066078,,-0.01177466914254079,,,,0.013322420727520498,,,,,-0.008770870773325076,-0.01235260512831932,,,,-0.009283383948071057,,,0.010076494683807564,,,,,,,,,,,,,0.013322420727520498,-0.012022470209649744,,0.013322420727520498,,,,,0.013060809849769539,,0.013322420727520498,,,,,,-0.013605086209475988,0.012506746136922786,,,,,,,,,-0.010692882761085697,,0.013322420727520498,-0.013605086209475988,,0.012755404600764018,,-0.009970397507112124,,,,,,0.01081461892818504,,-0.013605086209475988,,,,,-0.011025656845025683,,,,,,0.013322420727520498,,,,,,0.009607904001798907,-0.013605086209475988,,,,,,,,,,,,,,-0.013605086209475988,,,,,,,,,,,,,,0.0063914321047591855,,-0.013605086209475988,-0.00824454842823625,,,-0.013605086209475988,,,,,,,,,,,-0.011224300618746453,,,,,,,,,,,,0.010204695511548002,,0.013322420727520498,,,,,,,0.008612188720995059,,,,,,,,0.010334724216187592,,,,,,,,,,0.013322420727520498,,,,-0.00830600964647693,,,,,,0.013322420727520498,,,,,,,0.004736615806498652,0.013322420727520498,,,,,-0.010299943307534113,,,,,0.006533392568214622,,,,,,,,-0.013605086209475988,0.013322420727520498,-0.013605086209475988,-0.011676483834303765,,,,,-0.013605086209475988,,,,,,,-0.00932247069913326,,,,0.013322420727520498,0.012511466627627041,,,,,,,0.013322420727520498,-0.009859991282081709,,,,,-0.00837244464526315,,,-0.013605086209475988,,,,,,,,,,,-0.011624428337589926,,,,-0.012768046382480329,,,,,,,,,,,,,0.004996724334324838,,0.013322420727520498,,,,0.0042067157043409265,0.013322420727520498,,,,,,,-0.010784160049349806,,,,,,,-0.0069954719862293435,,,,-0.013605086209475988,,,,0.013322420727520498,,-0.013605086209475988,,,0.008541745584849329,-0.004680555146766108,,,,-0.013152488946816684,,,,-0.013605086209475988,,,,,,,,,,,,,,,-0.012847599487068036,,-0.007759442440078382,,,,,0.007256414701451811,0.012403387149068716,,0.0121673932097213,,,,,,,,,,,-0.012805108527444384,,-0.0064890071274722825,,-0.008585930608585729,-0.008373331071818051,,-0.012581121640217723,-0.0032753229506858636,-0.006145047065730967,0.013322420727520498,-0.009454916880444537,0.008312652984971254,,,,,
2023-09-29,,,,,-0.02320920999443086,,,-0.014920002434807221,,,,,-0.015034094400948134,,,,,,,,,,,,,,,,,,,,,,,,,,,,,,,,,,0.022615261263141444,,,-0.02213140443298284,-0.022637310076173606,-0.02320920999443086,,,-0.020710989746581313,,0.023449476127198932,,,,,,,,,0.023449476127198932,,-0.02320920999443086,,,,,,,,,0.023449476127198932,,,,0.02061305257448913,,0.023449476127198932,,-0.02320920999443086,,,,0.014841347208274009,,,,,,0.023449476127198932,,-0.01436943370575725,,,,,0.018384890457970975,,,,,,,0.01909485188185779,,,-0.018848152165240446,0.02041354381078116,0.01746840968409405,,,,,,,,,,,0.02306523739423167,,,,0.018457356865351583,,,,0.014500940696867517,,,,,0.021891072423991173,,,,,,,0.023449476127198932,0.023449476127198932,,,,,,,,,,,,,,,,,,,,0.023449476127198932,,0.023449476127198932,,,-0.019287061155198366,0.01768296045839912,0.017564773333684787,,,,,,,,,,,,,,-0.022048312312032976,,,-0.015413743574373381,,-0.014458962010015888,,0.023449476127198932,,,0.023449476127198932,,-0.022721274206976023,,,,,-0.021114563145867436,,,,,,0.021874541273675413,,,,,,-0.015861911213811197,,,,,,,,,,,,,,,-0.019884273851291847,,,,,,,,,-0.023004681164145196,,,,-0.01725492465974671,0.015213807587393022,,-0.01996645738763822,-0.009033208387581291,-0.014255415706605233,,0.023449476127198932,,,,,,,,,,,,,,,,,,,,,,0.009329187014555908,,,,,,,-0.019484168985853312,,-0.02320920999443086,-0.013638594431166714,,,,0.023449476127198932,,0.01797932269570189,-0.022981523933274725,,,-0.021880299671973146,,,,,,,,,-0.022457763116721312,0.023449476127198932,-0.013451623510613117,0.014382055087934973,,,0.018565636515088177,-0.01916892160991758,,,,-0.02320920999443086,,0.023449476127198932,,,0.007362667514330487,,,,,,,,,,,,-0.01760814258731415,,0.020346509100896415,,,,,,,,0.012973706471155444,-0.01714648449436133,,,,-0.02320920999443086,,0.019650063236428653,,,,0.02113062078992826,-0.02320920999443086,,,,,,-0.01925852276190539,,0.018968327618231706,,,,-0.02320920999443086,,,0.023449476127198932,,,,,,,,,,,,,,,,0.020669695254665603,,,,,,,0.01033605506619655,-0.014765480211251176,,,,,,,0.023449476127198932,,,,,,0.023449476127198932,-0.011823413070344279,,0.009180421890944052,-0.02320920999443086,,,,,,,,-0.02320920999443086,,-0.015306796331475634,,,0.016703792914034194,-0.01709615428223574,,0.020047339731422562,,,,-0.0211740670565289,0.023449476127198932,,,,,0.02233118330184464,,-0.00934962939765677,-0.02040536621533193,,,0.019430877410519774,,,,,,,,,,-0.02320920999443086,,,,-0.02320920999443086,-0.02320920999443086,,,,-0.018286353459299617,,,,,,0.020328797763095634,,,,,,,,,,,,,,,,-0.02138164528130248,,,0.010952588389148588,,,-0.022767680967479744,,0.011188079105768623,,,0.019180717060201195,,-0.022941990227262322,,,
2023-12-29,,,,,-0.016268086616598072,,,-0.010565191903291775,,,,,-0.016268086616598072,,,,,,,,,,,,,,,,,,,,,,,,,,,,,,,,,,0.016238485597571586,,,-0.016268086616598072,-0.016268086616598072,,,,,,0.016238485597571586,,,,,,,,-0.016268086616598072,,,,,,,,,0.016238485597571586,-0.014982185452210655,,,,,,,-0.008607724377114325,,,,,0.016238485597571586,,,-0.014914475517244237,,,,,0.015848975419289243,,-0.006652694305061916,-0.016268086616598072,-0.011604765810918165,,,,,,,,,-0.01437991625849782,,,,,0.006903852422265023,0.011666099578825669,-0.016268086616598072,,,,,,,,,-0.009950166066060029,,,,,,-0.011384809207346242,,,0.010631990248699152,,,,,,,,,,,,,0.016238485597571586,,,,,-0.016268086616598072,,,,,-0.01393771747868346,,,,,,,,,,,,,,,-0.011792369108348567,,,0.01467647727164882,,,-0.010854347572993963,,,,,,,,,0.013822042891535808,,,,,-0.008932747318711437,-0.015415733198321417,,0.016238485597571586,,,0.016238485597571586,,,,,,,-0.016268086616598072,,-0.016268086616598072,,0.016238485597571586,,0.014173739530242958,,,,0.012986405560611465,,,,,,,0.016238485597571586,,,,,,,,,,-0.00983765418813585,-0.016268086616598072,0.016238485597571586,,,,,-0.016268086616598072,,-0.01056063369602337,,,,-0.011968113651067577,,,-0.016268086616598072,,,-0.016268086616598072,0.016237685078969468,,,,,-0.008007047770257065,,,,,,,,,-0.011614000385829324,,,,,,,,,,,,,,,,,,-0.015078194047249565,,,0.016238485597571586,,,,,,,,,,,,,,-0.009352845229508092,,,,-0.008758228482316105,0.007478376353023748,-0.013142579528710304,,0.011793812446743834,,,,-0.016268086616598072,,,,,,,,,-0.016268086616598072,,,,0.01356512295520072,,0.016238485597571586,,,,,,0.016238485597571586,-0.009613911329080616,,,,,,,,,,,,,,,,,,,,,-0.012597719057837816,,,,,0.012448080375833474,,,,-0.016268086616598072,,,0.016238485597571586,,,,,,0.016238485597571586,0.016238485597571586,-0.016268086616598072,,,,,,,,0.016238485597571586,,,,,,-0.01475147035185941,0.007400453501783043,,,,,,,0.016238485597571586,,,,,,,,-0.01294890729177687,,0.005520277570727754,-0.009258896055357034,,,,,,,0.008288195151613024,,,-0.012508338222332846,,,,,0.015655618036534775,0.013406988787226395,,,,,0.014928962247857834,,,,0.016238485597571586,0.015050070341565474,0.011915958991600566,0.009655333683446694,-0.016111879094507967,,0.016238485597571586,0.01396671843461344,,,0.010578562985801456,,0.015778254715526872,,,,,-0.01610902949410822,,,,-0.016268086616598072,,,,,-0.012763554217378091,,,-0.009551644988293268,,0.009347764586292233,0.015035392795411995,,,,,,,,,,0.009217100584554671,-0.007802224322314537,,,,0.013439445922006603,0.016238485597571586,,,0.006777157005018503,0.013716245072300518,,-0.013429797491555862,0.004482012023792829,0.007785690267281053,-0.01603078379942573,,0.009678881598244392,,,,,
1997-10-31,,,,,,-0.025879648457229152,,0.03198878335707434,,-0.03179949017073369,,,,,,,-0.03179949017073369,0.03198878335707434,,-0.03179949017073369,-0.03179949017073369,0.0312470800288621,,,,,-0.031315231188072626,,-0.03179949017073369,-0.02695104660425287,0.025071012948530192,,,,,,,-0.025017084008098503,,,0.03198878335707434,0.03198878335707434,,,-0.03179949017073369,,,,,-0.03179949017073369,,,-0.03179949017073369,,,0.03198878335707434,,,-0.03179949017073369,,,,,,,0.03198878335707434,,,,-0.03179949017073369,0.03198878335707434,-0.024796415767628747,,-0.03179949017073369,,,,,,-0.024411080931615054,-0.03179949017073369,0.03198878335707434,,,,-0.027085716006865795,,,,,,,,0.03198878335707434,,,0.03198878335707434,,,-0.03179949017073369,,0.030751353803802308,,,,,,,,,,,0.03198878335707434,,,,,-0.03179949017073369,,,,,,0.03198878335707434,,0.02508085620991632,,,,,0.03198878335707434,0.03198878335707434,,-0.03179949017073369,,,,,,,0.03198878335707434,,,,,,-0.03179949017073369,,0.01939062593760166,-0.03179949017073369,,,,,,,,,,,,-0.03179949017073369,,,,,,-0.03179949017073369,,,0.027592096083431536,0.03198878335707434,,,-0.03179949017073369,,,,,,,0.024510001619582392,,,,,,,,,,,,0.03198878335707434,,,,0.03198878335707434,,,,-0.03179949017073369,,,,,,,0.03198878335707434,,,,,0.03198878335707434,,-0.03179949017073369,0.03198878335707434,,,,,0.03198878335707434,,0.021871006791614488,-0.02499394876801438,-0.02649247669178463,,0.03198878335707434,,,-0.0307877810227629,,0.03198878335707434,,-0.03179949017073369,-0.03179949017073369,0.03198878335707434,0.025684576193733464,,,,,,,,,,,,,,,,,,,,,,,,,,,,,,,,,,,,,,,,,,,,,,,,,,,,,,,,,,,,,,,,,,,,,,,,,,,,,,,,,,,,,,,,,,,,,,,,,,,,,,,,,,,,,,,,,,,,,,,,,,,,,,,,,,,,,,,,,,,,,,,,,,,,,,,,,,,,,,,,,,,,,,,,,,,,,,,,,,,,,,,,,,,,,,,,,,,,,,,,,,,,,,,,,,,,,,,,,,,,,,,,,,,,,,,,,,,,,,,,,,,,,,,,,,,,,,,,,,,
1997-12-31,,,,,,-0.030307587664383646,-0.030307587664383646,0.024467779521263673,0.03013687399553013,-0.030307587664383646,,,,,,,,,,,,,,,-0.030307587664383646,,-0.030307587664383646,,-0.030307587664383646,-0.027786388456317885,,,,,,,0.016835634833937917,-0.030307587664383646,-0.029697749622667278,0.03013687399553013,,,0.03013687399553013,,-0.030307587664383646,,,-0.030307587664383646,,-0.030307587664383646,,,,,,0.03013687399553013,,,,,,,,-0.030307587664383646,,0.03013687399553013,0.03013687399553013,-0.030307587664383646,,-0.030307587664383646,0.03013687399553013,-0.0247681666815259,,,,,,,,-0.02555668986496954,-0.023109445423747165,,,,,,,,,,,,,0.03013687399553013,0.03013687399553013,,,,,,,0.027744455328456062,,0.0190987038162515,,-0.030307587664383646,,-0.030307587664383646,,,,,,0.03013687399553013,,,,-0.00930742282100962,,,,0.03013687399553013,,,,0.011998910000619513,,,,,,0.03013687399553013,,-0.030307587664383646,,,,,-0.017536310701534167,,0.03013687399553013,,,,,,-0.030307587664383646,,,,,,,,-0.024666230955165836,,,,,,,,,-0.02585195413138297,,,,,,,0.03013687399553013,,0.03013687399553013,,-0.030307587664383646,0.019483985001387687,,,,,,0.030038979365597313,,,,,0.025944025233317417,,,,,0.023481753692386885,,0.03013687399553013,-0.030307587664383646,,,0.03013687399553013,-0.030307587664383646,,,,,,,0.03013687399553013,,,0.029832779894094236,0.03013687399553013,,,,0.03013687399553013,,,,,,,0.03013687399553013,0.03013687399553013,,,,-0.020556638115002836,-0.030307587664383646,0.03013687399553013,,,-0.030307587664383646,,,,,,,,-0.0261297558570347,0.03013687399553013,0.03013687399553013,-0.030307587664383646,-0.030307587664383646,,,,,,,,,,,,,,,,,,,,,,,,,,,,,,,,,,,,,,,,,,,,,,,,,,,,,,,,,,,,,,,,,,,,,,,,,,,,,,,,,,,,,,,,,,,,,,,,,,,,,,,,,,,,,,,,,,,,,,,,,,,,,,,,,,,,,,,,,,,,,,,,,,,,,,,,,,,,,,,,,,,,,,,,,,,,,,,,,,,,,,,,,,,,,,,,,,,,,,,,,,,,,,,,,,,,,,,,,,,,,,,,,,,,,,,,,,,,,,,,,,,,,,,,,,,,,,
1998-01-30,,,,,,-0.03287744071677697,,0.03362827685450922,,-0.03287744071677697,,,,,,,-0.03287744071677697,,,,0.02697302421642044,,-0.03287744071677697,,-0.03287744071677697,,-0.03287744071677697,,,-0.03287744071677697,,,,,,,0.025233927653851476,,-0.018791198500660654,0.029175337760716496,,0.03029214715148106,,,-0.03287744071677697,,,-0.03287744071677697,,-0.03287744071677697,,,,,,0.03362827685450922,,,-0.03287744071677697,,,,,,,,,,,,0.03362827685450922,,,,,,,,,,-0.027196962302107795,0.03362827685450922,,,,,,,,,0.03362827685450922,,,0.029107696862116592,,,,,,,,,,,,,0.03362827685450922,-0.03287744071677697,0.03362827685450922,,,,,0.03362827685450922,,,,-0.015165350901452221,,,,,,,,0.015960290412457195,-0.02048546457398328,,,,0.03251030578038732,0.03362827685450922,,-0.03287744071677697,,-0.03287744071677697,,,-0.03287744071677697,,0.03362827685450922,,,,,,-0.03287744071677697,-0.02121351371327786,,,,,,,-0.03287744071677697,,,,,-0.03287744071677697,,,,-0.01842414444280957,,,0.02849954488207368,,,,,,0.021581573991434254,,-0.03244247696412436,0.018039754774253056,0.03362827685450922,0.03362827685450922,,,,0.03362827685450922,,,,,0.03362827685450922,,,,,0.02085016121268455,,0.02700714338680481,,,,,-0.03287744071677697,,,-0.03287744071677697,,-0.03287744071677697,,,,0.03362827685450922,0.03362827685450922,,,,,,,,0.03362827685450922,,,,0.023980405079323395,,,,,-0.03287744071677697,-0.03287744071677697,0.03362827685450922,,,-0.03287744071677697,,,,,,0.03362827685450922,,,0.03362827685450922,0.03362827685450922,,-0.03287744071677697,0.03362827685450922,-0.027623393211813205,-0.03287744071677697,-0.03287744071677697,,,,,,,,,,,,,,,,,,,,,,,,,,,,,,,,,,,,,,,,,,,,,,,,,,,,,,,,,,,,,,,,,,,,,,,,,,,,,,,,,,,,,,,,,,,,,,,,,,,,,,,,,,,,,,,,,,,,,,,,,,,,,,,,,,,,,,,,,,,,,,,,,,,,,,,,,,,,,,,,,,,,,,,,,,,,,,,,,,,,,,,,,,,,,,,,,,,,,,,,,,,,,,,,,,,,,,,,,,,,,,,,,,,,,,,,,,,,,,,,,,,,,,,,,,
1998-04-30,,,,,,-0.035179023991671936,,,,-0.035179023991671936,,,,0.03348573467035482,,-0.035179023991671936,-0.035179023991671936,0.03348573467035482,,,0.03348573467035482,,,,,,0.03348573467035482,,,,0.032297354105955,0.03173146730247717,,,,-0.035179023991671936,0.03348573467035482,,-0.02268088933368069,0.017621537921227046,-0.035179023991671936,0.03348573467035482,,,-0.035179023991671936,,,-0.035179023991671936,,0.03348573467035482,,,0.03348573467035482,,,0.03348573467035482,-0.035179023991671936,-0.035179023991671936,,,,-0.035179023991671936,,,,,,,,,,-0.028068133286566828,,,,,,,,,,0.03348573467035482,0.0224774177884931,,,,,0.03348573467035482,,,,,,,,,,,,,,,0.03252968394766943,,0.03348573467035482,,,-0.035179023991671936,,-0.035179023991671936,,,,,,,,-0.020257161690730864,0.03348573467035482,-0.035179023991671936,,,,0.03348573467035482,,,,,,,0.03348573467035482,,,-0.035179023991671936,,-0.035179023991671936,0.03168883059966287,,-0.035179023991671936,,0.03348573467035482,,,,,,,-0.024310078908098626,,,,,,,-0.035179023991671936,0.03348573467035482,,,,,,,,-0.020684256734244486,,,,-0.035179023991671936,,0.03348573467035482,,,,,-0.035179023991671936,0.033220620372208916,0.03348573467035482,,,,,,,,,,,,,0.03348573467035482,,,,,,,0.03348573467035482,,-0.035179023991671936,,-0.016175054847436532,,,,,,,,,,,,,,,,,,,,,,,,,,-0.035179023991671936,0.033000940365478106,,,,,0.03348573467035482,,-0.035179023991671936,-0.035179023991671936,0.03348573467035482,,,0.03348573467035482,0.03348573467035482,-0.035179023991671936,-0.035179023991671936,,,,,-0.035179023991671936,,,,0.03348573467035482,0.03348573467035482,-0.02149444193517949,-0.035179023991671936,,,,,,,,,,,,,,,,,,,,,,,,,,,,,,,,,,,,,,,,,,,,,,,,,,,,,,,,,,,,,,,,,,,,,,,,,,,,,,,,,,,,,,,,,,,,,,,,,,,,,,,,,,,,,,,,,,,,,,,,,,,,,,,,,,,,,,,,,,,,,,,,,,,,,,,,,,,,,,,,,,,,,,,,,,,,,,,,,,,,,,,,,,,,,,,,,,,,,,,,,,,,,,,,,,,,,,,,,,,,,,,,,,,,,,,,,,,,,,,,,,
1998-05-29,,,,,,-0.03299087798212866,,0.03265486220903509,,-0.03299087798212866,,,-0.03299087798212866,,,-0.03299087798212866,,,,,,,,,,,,0.03265486220903509,,,,,,,,,0.03208247598071254,,-0.023337213573733362,0.017481518429718658,-0.03299087798212866,,,,-0.03299087798212866,,,-0.03299087798212866,,0.03265486220903509,,,0.03265486220903509,,,0.03265486220903509,,-0.03299087798212866,,,,,,,,,,,,-0.03299087798212866,,-0.03299087798212866,,,,,,,,-0.021646344132233604,,0.03265486220903509,0.013308303428505874,,,,,,,,,,0.03129129321744926,0.03265486220903509,,,,,0.03265486220903509,,,0.03265486220903509,0.03265486220903509,,,-0.03299087798212866,,-0.03299087798212866,,,,,,,,,,-0.02575564860646364,0.03265486220903509,,,,,,,,,,,,0.03265486220903509,0.03265486220903509,,,,,0.03265486220903509,,-0.026265891003572468,,0.03265486220903509,,,,,,,-0.030327715786849632,,,,,,,-0.027151146650880694,0.03265486220903509,,,,,,,,-0.03299087798212866,,-0.03299087798212866,,,,0.03265486220903509,,,,,-0.03299087798212866,0.02469041384820715,0.03265486220903509,,,,,,,,,,0.03265486220903509,,,0.03265486220903509,,,,,,,0.03265486220903509,,-0.03299087798212866,,-0.017166756372293198,-0.03299087798212866,,,,,,,,,,,,,-0.03299087798212866,,,,,,,,,,,,-0.03299087798212866,0.029983214882975926,,,,,0.03265486220903509,,,-0.028648240969336554,0.03265486220903509,,,0.03265486220903509,0.03265486220903509,-0.03299087798212866,-0.03299087798212866,,,-0.03299087798212866,-0.03299087798212866,-0.03299087798212866,,,,,0.03265486220903509,-0.032725592248154606,-0.03299087798212866,0.03265486220903509,0.03265486220903509,0.02761401523831098,-0.03299087798212866,,,,,,,,,,,,,,,,,,,,,,,,,,,,,,,,,,,,,,,,,,,,,,,,,,,,,,,,,,,,,,,,,,,,,,,,,,,,,,,,,,,,,,,,,,,,,,,,,,,,,,,,,,,,,,,,,,,,,,,,,,,,,,,,,,,,,,,,,,,,,,,,,,,,,,,,,,,,,,,,,,,,,,,,,,,,,,,,,,,,,,,,,,,,,,,,,,,,,,,,,,,,,,,,,,,,,,,,,,,,,,,,,,,,,,,,,,,,,,
1998-07-31,,,,,,-0.028558787944677907,,,,-0.03386969495363013,,,,0.032595293784120065,,,,0.032595293784120065,,,0.026280260414011204,,-0.03386969495363013,,,,,,,,-0.02072080320680293,0.03164051431788041,,,,,0.023621620550987703,,-0.01854168892658517,0.032595293784120065,-0.03386969495363013,,0.032595293784120065,,-0.03386969495363013,,,-0.02429847611181635,,0.032595293784120065,,,0.032595293784120065,,,,,,,,,,,-0.03386969495363013,,,,,-0.03386969495363013,-0.03386969495363013,,,0.032595293784120065,,,,,,,-0.029223250459675092,,,0.023362475906141534,,,,0.032595293784120065,,,,,,0.0291896259749261,0.032595293784120065,,,,,0.032595293784120065,,,,,,,,,,,,,,,,,,,-0.026224992212312535,,,,,,,,,-0.024744888184063063,,,,0.032595293784120065,0.032595293784120065,,,,,0.032595293784120065,-0.03386969495363013,-0.030142697542578246,,,,-0.03386969495363013,,,,,,,,,0.032595293784120065,,,-0.03386969495363013,0.032595293784120065,,,,,-0.03386969495363013,,,-0.026892326156941843,,-0.03386969495363013,0.032595293784120065,,,0.032595293784120065,-0.023790153656499297,,-0.03386969495363013,,-0.03386969495363013,,0.032595293784120065,,-0.03386969495363013,,,,,,,,,,,0.032595293784120065,,,,,,,0.032595293784120065,,,,,,0.032595293784120065,,,,,0.032595293784120065,,,,,,0.032595293784120065,-0.03386969495363013,,,,,,,,,,,,-0.03386969495363013,,-0.02701242790085109,,,,,,,,0.032595293784120065,,,0.032595293784120065,,-0.03386969495363013,,,-0.03386969495363013,-0.03386969495363013,,-0.03386969495363013,,,,0.0253859111491572,0.02996964160630406,-0.02297467926283924,,,,0.01260517340848563,-0.03386969495363013,-0.03386969495363013,,0.032595293784120065,0.032595293784120065,,,,,,,,,,,,,,,,,,,,,,,,,,,,,,,,,,,,,,,,,,,,,,,,,,,,,,,,,,,,,,,,,,,,,,,,,,,,,,,,,,,,,,,,,,,,,,,,,,,,,,,,,,,,,,,,,,,,,,,,,,,,,,,,,,,,,,,,,,,,,,,,,,,,,,,,,,,,,,,,,,,,,,,,,,,,,,,,,,,,,,,,,,,,,,,,,,,,,,,,,,,,,,,,,,,,,,,,,,,,,,,,,,,,,,,,,,
2000-11-30,,,,,,0.02354511180893832,-0.02407213768899607,0.02354511180893832,,,,,,,,0.02354511180893832,,0.02163417741146255,,,0.02354511180893832,,,,-0.02407213768899607,,0.021508479196330747,,,,0.013394690052094892,,0.014267669939992414,-0.010452292688487585,,0.022749538768212188,,-0.017142932642487032,,,,,,-0.02407213768899607,,,,,,-0.02407213768899607,-0.02407213768899607,0.021018126782056123,,,,,-0.02407213768899607,,0.02354511180893832,,,0.02354511180893832,,,,-0.02407213768899607,,,,,0.02354511180893832,,,,,,-0.02407213768899607,0.02354511180893832,0.02354511180893832,0.012102756775977925,,-0.02407213768899607,,,,,,-0.02407213768899607,,,,-0.021928620398387954,,,,,0.02354511180893832,,0.02354511180893832,-0.01790600121727721,,,,-0.021432993110470273,,,,,,0.02354511180893832,,,,-0.02407213768899607,,,,0.023202715896892667,,,,-0.02407213768899607,,,,,,,,,,,0.02354511180893832,0.02354511180893832,,-0.02214407536602468,,,0.009462927583617593,,-0.02407213768899607,,-0.02407213768899607,,,,0.02354511180893832,,,,,,0.02354511180893832,-0.02407213768899607,-0.02407213768899607,,,-0.02407213768899607,,,,,,,,0.02354511180893832,,,,,,,,,,,,,,,,,,,,,,,,,,,,,,0.02354511180893832,,,-0.01471383915556436,,,,,,,-0.02407213768899607,,,,,,,,,,,,,,-0.02407213768899607,,,,,-0.018941198614130437,,,0.02354511180893832,,0.02354511180893832,,,,,,,,,,,,,,,,,,,,,,0.009938663493208218,,,,,,-0.010090062636861024,,,,,,,-0.02407213768899607,,,-0.02407213768899607,,,,,,0.01822159988374716,,0.02354511180893832,,,,0.019878402199000663,,,,,,,,,,0.02354511180893832,,,,,,,,,,-0.02407213768899607,,-0.02407213768899607,-0.006451167924194969,,,,,0.010708970536358239,0.01602144683264937,,,0.014521069415403173,,-0.008154480730055941,,0.02354511180893832,-0.0102604330097931,-0.019848255947283074,,-0.02407213768899607,0.022947443685440078,-0.011846454392106043,-0.02407213768899607,,,,,,,,,,,,,,,,,,,,,,,,,,,,,,,,,,,,,,,,,,,,,,,,,,,,,,,,,,,,,,,,,,,,,,,,,,,,,,,,,,,,,,,,,,,,,,,,,,,,,,,,,,,,,,,,,,,,,,,,,,,,,,,,,,,,,,,,,,,,,,,,,,,,,,,,,,,,,,,,,,,,,,,,,,,,,,
2001-04-30,,,,,,0.017160466892133294,,,,,0.017160466892133294,,,,,0.017160466892133294,,0.017160466892133294,,,,-0.018200486895476972,-0.018200486895476972,,-0.018200486895476972,,,,,0.013041386359519111,0.006924385123660838,,,,,,-0.018200486895476972,,,,,,0.017160466892133294,,,,0.017160466892133294,0.017160466892133294,,-0.018200486895476972,-0.018200486895476972,-0.018200486895476972,,,,,,,,,,,,,0.017160466892133294,-0.009328416796136049,,0.017160466892133294,,,,-0.018200486895476972,-0.014937746569550539,,,,,,,,,,-0.018200486895476972,,,,,,,,,-0.018200486895476972,,,-0.009826597473581998,,,,,0.005692051282554283,,-0.018200486895476972,-0.018200486895476972,,,,,,,0.017160466892133294,,,,,,,,0.014537056909520143,,,,,0.017160466892133294,-0.016519203743976352,,,,,,0.017160466892133294,,,,,,,,,,-0.018200486895476972,,,,,0.017160466892133294,,0.01629241989652936,,,,,0.017160466892133294,0.017160466892133294,,0.017160466892133294,,,,,0.017160466892133294,0.017160466892133294,,,,-0.018200486895476972,0.017160466892133294,,,,-0.01610883744630039,-0.015488522119657604,0.014336157164902465,-0.018200486895476972,0.017160466892133294,,,,,,,,,,,0.012485669965231627,,,,,,,,,,,,,,,,,,0.017160466892133294,,,,,,,,,,,-0.018200486895476972,,,,,,,,,,,0.00847281780013271,,0.017160466892133294,0.014773044413452221,,,,,,,,,,,,,,,,,,,,0.011616631439988414,,,,-0.00956637010940442,,,,,,-0.010169502990738193,,0.016390104723395405,,,,,-0.018200486895476972,,,,,,,,,-0.018200486895476972,,0.017160466892133294,,,,-0.011164914102118055,,-0.018200486895476972,,,,,,,,,,-0.018200486895476972,-0.011599094327259475,,-0.015055313833454945,0.017160466892133294,0.017160466892133294,-0.018200486895476972,,,,,-0.01146207900006827,,,,,0.0075173741458436,-0.010639507982526917,,,,,-0.008096270677084216,,,-0.006254970850581854,,,,,-0.01734372954833107,,-0.018200486895476972,,0.017160466892133294,,0.017160466892133294,-0.0114399160410655,,,,,,,,,,,,,,,,,,,,,,,,,,,,,,,,,,,,,,,,,,,,,,,,,,,,,,,,,,,,,,,,,,,,,,,,,,,,,,,,,,,,,,,,,,,,,,,,,,,,,,,,,,,,,,,,,,,,,,,,,,,,,,,,,,,,,,,,,,,,,,,,,,,,,,,,,,,,,,,,,,,,,,,,
2001-05-31,,,,,,0.0159335665860018,,,0.0159335665860018,,,,,,,0.0159335665860018,,0.012515514952172666,,-0.016828848684413273,,,,,-0.016828848684413273,,,0.011911118143476665,,0.00943568937263871,0.007727989546871017,,,,,,,,,,,,,,,0.0159335665860018,0.0159335665860018,0.0159335665860018,,-0.016828848684413273,-0.016828848684413273,-0.016828848684413273,,,,,,,,,,0.0159335665860018,,,0.0159335665860018,-0.01077568394317335,,,,,,,-0.009970059911926479,,,,,,,,,,,,,,,,,,,,,,-0.010655028478530774,,,,,,,-0.016828848684413273,-0.014673159414217674,-0.016828848684413273,,,,,,0.0159335665860018,-0.016828848684413273,,,,,,,,0.0159335665860018,,,-0.016828848684413273,,-0.0095402296295718,0.01519215756326555,,,,,,,,,,,,,,,-0.016828848684413273,,,,,0.0159335665860018,,,,,,,,0.0159335665860018,,0.01569871062193359,,,,,0.0159335665860018,0.0159335665860018,,,,-0.016828848684413273,0.0159335665860018,0.0159335665860018,,,-0.016828848684413273,-0.016828848684413273,0.015646630261883267,-0.016828848684413273,0.012766303012958337,,,,,-0.016828848684413273,,,,,,0.0159335665860018,,,,,,,,,,-0.016828848684413273,,,,0.0159335665860018,,,,0.0159335665860018,,,,,,,,,,,,,,,,,,,,,,0.013906547400781332,,0.0159335665860018,0.015353274563132147,,,,,,,,,,,,,,,,,0.0159335665860018,,,0.006654528270225603,,,,,,,,,,-0.009649282515668992,,0.0159335665860018,,,,,-0.016828848684413273,,,,,,,,,-0.01590136196261577,,0.0159335665860018,0.011859189564833691,,,-0.013880534686419125,,,,,,,,,,,,-0.016828848684413273,-0.016828848684413273,,,,0.0159335665860018,-0.016828848684413273,,,,,-0.006378389411400083,,,-0.016828848684413273,,0.011605678849377988,-0.015816465839897847,,,-0.013783286553052361,,-0.006030830908460562,,,-0.006996934887493771,,,,,-0.014244977725259327,-0.016828848684413273,-0.016828848684413273,,0.011776786994326853,,,-0.008200689474315952,0.0159335665860018,-0.016828848684413273,,,,,,,,,,,,,,,,,,,,,,,,,,,,,,,,,,,,,,,,,,,,,,,,,,,,,,,,,,,,,,,,,,,,,,,,,,,,,,,,,,,,,,,,,,,,,,,,,,,,,,,,,,,,,,,,,,,,,,,,,,,,,,,,,,,,,,,,,,,,,,,,,,,,,,,,,,,,,,,,,,,,,,
2001-10-31,,,,,,-0.0188040111241315,0.01813716277773484,-0.0188040111241315,,,,,,,,,,,0.01813716277773484,-0.0188040111241315,-0.0188040111241315,,,,,,,,,,,,,,,,,,,0.015013155998818618,,0.01813716277773484,,,,,0.01813716277773484,0.01813716277773484,,,0.01813716277773484,,,,,,,,,,,,,,,-0.0188040111241315,,0.01813716277773484,,,,0.015334528502613196,-0.018484000225317827,0.015346405757620557,,,,,,,,,-0.016025829709162994,0.01813716277773484,,,,,,,,0.01813716277773484,,,-0.0188040111241315,,-0.0188040111241315,,,,,-0.0188040111241315,-0.0188040111241315,,,,0.01813716277773484,,,,,,,-0.01616963063578598,0.01813716277773484,,,,0.01813716277773484,,0.01813716277773484,,,-0.016028374432212125,,,,,,,,0.01813716277773484,,,,0.017132804929964746,,,-0.017496298359583266,,,,,,0.007225989537544398,-0.0188040111241315,,,,,,,0.01813716277773484,,,,,,,0.016912199910208002,0.01813716277773484,0.01813716277773484,,,-0.0188040111241315,,,,,-0.0188040111241315,-0.018409663827946184,,-0.0188040111241315,0.01447956858517395,,,-0.0188040111241315,,,,,,-0.0188040111241315,,0.016828811871120692,,,-0.0188040111241315,0.01813716277773484,0.01813716277773484,,,,,,,,,,,,,,,,,,,,,,-0.0188040111241315,,,,0.01813716277773484,,,0.01813716277773484,,,,,,0.01813716277773484,0.016518557140873538,,,,,-0.0188040111241315,-0.0188040111241315,,,,,,,,,,,,,,-0.016844531091252012,,0.01423165775167548,,,,-0.009900233788934912,,,,,,-0.010041173591680249,,,,,,,,,,,,,,,,-0.0188040111241315,,,0.01813716277773484,,,-0.017761047631037346,,,,,,,,0.01813716277773484,,,,-0.0188040111241315,-0.01590510600076536,,,,,,,,,,,,,,,,-0.012274768093274964,,,-0.012276156075334204,0.01813716277773484,,0.01813716277773484,,-0.011585526193410144,,,,,-0.0188040111241315,,,,0.01585911189696603,,,-0.012224743024301165,0.01813716277773484,,,,-0.0188040111241315,0.01813716277773484,-0.0188040111241315,,,,,,,,,,,,,,,,,,,,,,,,,,,,,,,,,,,,,,,,,,,,,,,,,,,,,,,,,,,,,,,,,,,,,,,,,,,,,,,,,,,,,,,,,,,,,,,,,,,,,,,,,,,,,,,,,,,,,,,,,,,,,,,,,,,,,,,,,,,,,,,,,,,,,,,,,,,,,,,,,
2003-06-30,,,,,,-0.03065033084735343,,0.02040573567901003,-0.03065033084735343,,,,,0.023400442738592677,-0.0285103012899931,,,,,-0.0174168151738899,,,,0.025011651939482453,0.025258202350981248,,,,-0.03065033084735343,,,,,,-0.025783576194205234,,,,,,,,0.03367777946846852,,,0.027047159531147412,,,,,,,0.03367777946846852,,,0.030231589492994967,,,-0.03065033084735343,,,,,,,,,,,,,,,-0.03065033084735343,,,,0.03367777946846852,,,,,,,,,,,,,,,,,,,,,,,,0.03367777946846852,-0.03046793910847329,0.02278268973027902,,,0.03367777946846852,,,0.03367777946846852,,,,,,,,-0.02936582743842641,,,,,0.03367777946846852,-0.012378229812112921,,,,,,,,,,,,,-0.027736831775088688,,,,,,-0.03065033084735343,,,,,-0.023811800640145948,-0.02255294781760957,,,,,-0.030419375613701907,0.03367777946846852,0.03367777946846852,,,-0.03065033084735343,,0.03367777946846852,,-0.03065033084735343,0.02348847654109444,,0.03367777946846852,,0.03367777946846852,,,,,,,,,-0.0248317540821004,-0.03065033084735343,,,,,,,,,,,,,,,,,-0.027831852723518215,,,,-0.03065033084735343,,,,-0.03065033084735343,,,,-0.03065033084735343,,0.03367777946846852,,-0.03065033084735343,,-0.03065033084735343,,,,,,,,,,0.03367777946846852,,,,,,,,,-0.02966243850273721,,,,0.03367777946846852,,,0.025774443929522557,,,,,,,-0.03065033084735343,,,,,,,,,-0.03065033084735343,,,0.03367777946846852,,,,,,,,,,-0.03065033084735343,-0.03065033084735343,-0.030647988459146677,-0.03065033084735343,,,-0.01342830483126044,0.021802975468862496,-0.03065033084735343,,,,0.020783404323631568,,,,,,,,0.03367777946846852,-0.030110350696005452,,,,0.0263381930282603,,0.03367777946846852,0.03367777946846852,,,,,,,,,,,,,0.01747111245373139,,,0.022454430442689147,,0.02527154709320783,,,0.011808986274997088,,,,-0.03032981273081522,,,,,,,,,,,,,,,,,,,0.0211497015752471,,,0.02505349427239438,,-0.03065033084735343,,,,,,0.03367777946846852,-0.03065033084735343,,,0.03367777946846852,,-0.03065033084735343,,,0.014448702053279366,0.03367777946846852,-0.03065033084735343,,,,,,,,,,,,,,,,,,,,,,,,,,,,,,,,,,,,,,,,,,,,,,,,,,,,,,,,,,,,,,,,,,,,,,,,,,,,,,,,,,,,,,,,,,,,,,,,,,,,,,,,,,,,,,,,,,,,,,,,,,,,,,,,,,,,,,,
2005-04-29,,,,,,0.031603622880007516,,0.031603622880007516,,,,,,,,,,0.031603622880007516,-0.03213797978239956,,-0.03213797978239956,,0.02167846590347621,,-0.030197986849426314,,,,,,-0.03213797978239956,,,,,,,0.022355326568942065,,,,0.031603622880007516,,-0.019088022656591857,,,,,-0.03213797978239956,,,,0.031603622880007516,0.031603622880007516,,,,-0.03213797978239956,,,-0.03213797978239956,,,0.017016693681221932,,,,,,,,,,,,,,,,-0.01519187297557679,,0.029665319583958877,0.018724174680931144,0.031603622880007516,,,-0.03213797978239956,,0.027601069669383475,,,,,,,0.031603622880007516,,,,,,,,,,-0.025347774105725834,,,,,,-0.03213797978239956,,,,,,,,,,,,,,,,,,-0.03213797978239956,,,0.030383416996127406,,-0.022739802416069127,,,-0.03213797978239956,,,,-0.03213797978239956,,,,,,-0.03213797978239956,-0.021784995468277536,,,,,0.031603622880007516,,,-0.03213797978239956,,0.02213399951389458,,,,,,,,,,0.031603622880007516,,,,-0.03213797978239956,,,-0.020403052851351196,,,,,,,,,,,,,,,,,,,,,-0.03213797978239956,,-0.03213797978239956,,,,,,,,,,,-0.027413556984520533,,,,,,,,,,,,0.031603622880007516,-0.03213797978239956,,-0.03213797978239956,,,,,,,,,,,,-0.03213797978239956,,,,,,0.020202643326863837,,,0.031603622880007516,,,,,,,-0.03213797978239956,0.031603622880007516,,,,-0.03213797978239956,-0.03213797978239956,,,,,,,,-0.03213797978239956,,,,-0.027850482980766474,,,,0.02067053537103821,,0.025191354842858706,,,0.031603622880007516,0.031603622880007516,0.03059124283898828,,,,,,,,,-0.020076855818431796,,,-0.03213797978239956,-0.02810072161744332,,,-0.03213797978239956,,,,0.030537617525304823,,,,,,,0.031603622880007516,0.02889138323051792,,,,0.031603622880007516,,,,,-0.03213797978239956,,,,,,,,,,-0.012890328731060299,,,0.0136762334630905,,,,,,,0.031603622880007516,-0.012232528594628441,,,,-0.03213797978239956,,,-0.009441970691593759,,,,0.031603622880007516,,,,,,,0.021008203886913056,0.031603622880007516,-0.01836859763475304,,,0.013131384133016568,,,0.03139324556122309,,,0.029835540978921885,,,0.028886449384166166,0.031603622880007516,0.031603622880007516,,,,,,,,,,,,,,,,,,,,,,,,,,,,,,,,,,,,,,,,,,,,,,,,,,,,,,,,,,,,,,,,,,,,,,,,,,,,,,,,,,,,,,,,,,,,,,,,,,,,,,,,,,,,,,,,,,,,,,,,,,,
2006-01-31,,,,,,0.03655896698652515,,,,,,-0.03697968175219084,,,,0.03655896698652515,,,,,,,0.022341152010763185,,-0.019884780935247554,,-0.03697968175219084,,,,-0.03697968175219084,,,,,-0.023271487407838527,,0.025644221756643923,0.020132203769098595,,,,,,,,,,,,-0.03697968175219084,,,0.03655896698652515,,-0.03697968175219084,,,,,-0.03697968175219084,,,,,0.03655896698652515,,,,,,,,,,,,,0.03655896698652515,0.03013499590031431,,,0.016598909555437486,,-0.025734782630892163,,,,,,-0.03697968175219084,,,,,,,,,,,,,,,,,,,,,-0.03697968175219084,,-0.03697968175219084,,,,,,,,,,-0.03697968175219084,0.03655896698652515,,,-0.03697968175219084,,,,,,,,,,,0.028566178419351385,0.03655896698652515,0.03655896698652515,,,,,,0.027740947119202462,,,,,-0.03697968175219084,,0.03655896698652515,0.026862613726585955,-0.020695890986193,,,,,0.03655896698652515,-0.03697968175219084,,,,,,0.03655896698652515,,,,,,,-0.03697968175219084,-0.016216648335628393,,,,,,,,,,,,,,,-0.03341838362428463,,,,,,,,,,,,,-0.03697968175219084,,,,,,,,,,,-0.03697968175219084,,,,,,,,,,,0.03655896698652515,,,,,-0.03211156053355802,-0.03697968175219084,0.03655896698652515,,,,,,,,,,,,,,,,,,,-0.01946278037739058,,-0.013016878930671471,,,,,,,,,-0.03697968175219084,,,,,-0.036971732252933195,,,-0.023774697120969523,,,0.03655896698652515,-0.024790995901859444,,0.034879309691950855,0.03655896698652515,,,,,,,,,,,,0.03655896698652515,-0.03697968175219084,,,0.03655896698652515,,,-0.03697968175219084,,,,,,,,,,,,0.0365456540276242,,-0.03697968175219084,0.021918842111551436,,,,,,,,,,,,-0.03697968175219084,0.03655896698652515,,,,,,,0.031179306279809766,,,,,,,0.03655896698652515,-0.011674849108242635,,,,,,-0.03565659141120747,-0.0137555021629301,-0.03697968175219084,,,,,,,,,,,,0.015480495114042066,0.03655896698652515,-0.03697968175219084,0.015883422758299272,,,0.0332189648855796,-0.03697968175219084,,-0.0225735632715158,,-0.03697968175219084,-0.02355007966979054,0.03655896698652515,,0.023887261152190472,0.03655896698652515,0.03655896698652515,,0.021928536030092573,,,,0.03655896698652515,0.019952250544999783,0.02772245768797381,,,,,,,,,,,,,,,,,,,,,,,,,,,,,,,,,,,,,,,,,,,,,,,,,,,,,,,,,,,,,,,,,,,,,,,,,,,,,,,,,,,,,,,,,,,,,,,,,,,,,,,,,,,,,,,,
2007-01-31,,,,,,0.03850413894586084,,,,,,,,,,,,,,,,,-0.018276222808518545,,-0.038144925998447654,,,,,-0.03185549406380314,,,,-0.031080856451389687,,0.03882681523393051,,,-0.02103891376578447,0.03392120663449029,,,,,,,,,,0.03882681523393051,,,-0.026171692393857228,,,-0.018840724473754962,0.025955326645326238,,,,,,,,,-0.03961367084006635,,,,0.03882681523393051,,-0.03961367084006635,0.03230735443115229,,0.034810297977628274,,,,,0.0243962535022649,,0.025963381385503522,0.024166138619046016,,,,-0.03961367084006635,,,,,,,,,,0.034907419672095596,,,,,-0.03602119835477427,,-0.025875585328856563,-0.03961367084006635,-0.03961367084006635,-0.03961367084006635,,,,,,,,,,,,,,,,-0.03961367084006635,,0.03882681523393051,-0.03961367084006635,,,,,0.03882681523393051,,-0.02994136626538365,,,,-0.03961367084006635,,,,,,-0.03961367084006635,,,,-0.02549747454179671,,,,,0.03882681523393051,,,-0.01872747031980799,,,0.03882681523393051,,,,0.03882681523393051,,,,-0.03961367084006635,,,,0.03882681523393051,,-0.032721738641348724,,,,,,,,,,,,,,-0.03961367084006635,-0.03961367084006635,,,,-0.03961367084006635,,0.03882681523393051,,,,-0.03961367084006635,,,,,,0.03882681523393051,,,,,,0.03882681523393051,,,,,,0.03882681523393051,,,,,,,,,,,,,,,,,,,,,,-0.03961367084006635,,0.03882681523393051,,,,,,0.029180779468518533,,,0.03882681523393051,,0.03882681523393051,,,,,,,,,,,0.03882681523393051,0.03882681523393051,,,,,,,,,,,,0.02914341906873934,,0.03882681523393051,,,,,,,,,,,-0.03961367084006635,,-0.03961367084006635,,,,-0.037830819008707536,,-0.021554749289355496,,,,,,,,0.03882681523393051,,,,0.03787163087556854,0.01915129209754721,,0.03882681523393051,,-0.020236458030431177,,,,,0.032476089614411494,,,,,,,-0.03961367084006635,,,,,,,,-0.028905872170726023,,,,,,,-0.01612943313382872,0.011575663520353097,,,0.03788134024015538,,,,-0.03623123638145111,,,,,,,,,,,,,-0.023112824916250073,-0.03961367084006635,,-0.030851775496437858,,,,0.03264286749595854,,,,,0.02219551236693312,,,,0.026184450690514297,,,,,,,,,-0.032419105114532394,-0.02703330456929614,0.01700893474560442,-0.03961367084006635,,-0.03961367084006635,0.021077804694829064,0.015661946927097076,0.03882681523393051,,0.03882681523393051,,,,,,,,,,,,,,,,,,,,,,,,,,,,,,,,,,,,,,,,,,,,,,,,,,,,,,,,,,,,,,,,,,,,,,,,,,,,,,,,,,,,,,,,,,,,,,,,,,,,,,
2013-02-28,,,,,,-0.03655221870386021,,-0.030471169931065373,,,0.03910600437214929,,-0.026023917019528345,,,,,,,,,,,0.03910600437214929,,-0.03655221870386021,,,0.03910600437214929,,,,,,,-0.022859304752815286,-0.0223516428641522,,-0.022641090206665,0.03910600437214929,-0.03655221870386021,0.0060659952093548505,,0.03910600437214929,,,,,,,,,,-0.027473397306156798,,,0.03910600437214929,0.03910600437214929,,,,,,-0.03588485070649968,,,,,,,,-0.03389438430879968,,0.029694316711793574,,,,,,0.037703913881504764,,,-0.024347022722233352,,,,,,,,,,,,,,-0.032669826894510756,,,,,,-0.020407009042068512,,,,,-0.03115078266606424,,,,,,,,,,-0.03655221870386021,,,,,0.03910600437214929,,,-0.03655221870386021,,0.015764986553002135,,,0.038103642423358196,,0.020491670522742762,-0.03655221870386021,,0.028014279105911907,,,,-0.03655221870386021,,,,,,,,,,,,,,,-0.03304618535820478,,,,,,,,,,,,,,,,,0.021758943895553183,,,-0.03655221870386021,,,,,,,,,,,,,,,0.03243949538334613,,,,-0.03383878694165159,,,,0.03910600437214929,,,,-0.03655221870386021,,,0.026315601202898817,,,,,0.03910600437214929,,,,0.03910600437214929,,,-0.03655221870386021,0.03910600437214929,,,,,,,,,,0.024536914809903977,,,,,,,,,,,,,,,,,,,,,,,,,,-0.014679693373449187,-0.03655221870386021,,,,,,,,,,,,,,,-0.03655221870386021,,,,,,,0.027730827746643975,,,,,,0.03910600437214929,,,,,0.03910600437214929,,,0.03910600437214929,,,,,,,,,,,,,,,,,,,,,,,,-0.03655221870386021,,,,,,,,,,0.03910600437214929,0.03910600437214929,,,,,,,0.013575050578950188,,-0.03655221870386021,,,,-0.03655221870386021,,,,-0.024539121837337592,,,,0.010856248239624174,,,,,,,,-0.03655221870386021,,,-0.028619443314203685,-0.03441776050330489,0.02021803464085349,0.03910600437214929,,,,,,0.029502220022629384,,,0.03206561188667463,0.03863564388449645,-0.019509627736926327,0.03910600437214929,-0.02889520869609822,,,,,,,,-0.019032928321669904,-0.03655221870386021,,0.03321436442721002,,,0.030123268454188834,,0.01857671162285325,,-0.03655221870386021,,,,,,,-0.03343241436526337,-0.03655221870386021,-0.011476967706823986,,-0.03655221870386021,-0.03655221870386021,,,-0.03655221870386021,,-0.03655221870386021,,,,,-0.03655221870386021,,0.03910600437214929,-0.011084214531862107,,,0.028525556232544234,,0.018616748274874535,,,,,,,0.02226083751922371,,0.03910600437214929,,,0.020935168036085024,0.030843863838647245,,0.022203993079995432,,,,,,,,,,,,,,,,,,,,,,,,,,,,,,,,,,,,,,,,,,,,,,,,,,,,,,,,,,,,
2013-09-30,,,,,,0.035778761799420446,,,,,,,-0.03621313363650245,,0.035778761799420446,,,,,-0.021516398674445835,,,,0.035778761799420446,0.024620646269412284,,,,,0.027785060806919493,,,,,,,0.03569697476497978,-0.017941871683593978,,0.035778761799420446,,0.035778761799420446,,0.035778761799420446,,,,,,,,,,,,,,,,,,,,,,,,,,,,-0.013735834453941317,,,-0.03621313363650245,,,,,0.01816288606024802,-0.03621313363650245,0.035778761799420446,,,,,-0.03621313363650245,,,,,,,,,,,,,,,,,,,,,-0.03621313363650245,,,,,,,0.035778761799420446,0.02748500266753109,-0.03399792717639139,-0.03621313363650245,,,,-0.03621313363650245,,0.02313028056737485,,,,,,,,,,-0.03621313363650245,,0.035778761799420446,,,,,,,,,,-0.03621313363650245,,0.025222055651280544,,,,,,,-0.028117776219022117,,,,,,-0.03621313363650245,,-0.021847058945785605,0.035153581576657614,,,,,,,0.024510113642559093,-0.014468943717903826,,,,,,,,,,,,,,,-0.03621313363650245,,,,,,,,,,,0.035778761799420446,0.035778761799420446,,,,,,,,,0.035778761799420446,,,0.035778761799420446,,,,,,,,-0.03621313363650245,,,,,,,,-0.03621313363650245,-0.01517584274220684,,,,,,,,,,,-0.029162093746350745,,,,,-0.03621313363650245,,,,0.02805877357476828,,-0.03621313363650245,,,,,-0.03621313363650245,-0.029099504607739354,,,,,,,,,,,,,,,,,,-0.03407441686004173,-0.03621313363650245,,,,,,,,0.035778761799420446,,,,,0.035778761799420446,0.02783211909218429,-0.03621313363650245,0.035778761799420446,,,,,,,,,,,,,,,,,,0.035778761799420446,,,,-0.032246694825652275,-0.02291489828714558,-0.0352050367219762,,,,,,,,-0.02790775053046198,,,,0.01723135063467887,,,,,-0.03621313363650245,,,-0.02865866543825956,,-0.03621313363650245,,-0.03621313363650245,,,,,,,,0.019621933792059277,,,,,,,,,,0.03335339792536867,,,0.02165912193608663,,,,,,,-0.030371026694699172,-0.03621313363650245,,,,,0.035778761799420446,,,,0.035778761799420446,,,,,,-0.018799984170768676,,0.035778761799420446,0.01804588862229839,,-0.024683398066686388,,,,,,,,,,,,,0.022397309434242504,0.01906947918362914,,,,-0.016509207585374146,,,,,,,,-0.03621313363650245,,0.03335545993935981,-0.03621313363650245,-0.029725295237173325,-0.03621313363650245,0.035778761799420446,,0.035778761799420446,0.035778761799420446,,,,,,0.035778761799420446,0.035778761799420446,,,,0.02639619817943588,,0.021267960849190318,0.02733565022426944,-0.03621313363650245,,,0.035778761799420446,,-0.01993795124478206,,,,,,,,,,,,,,,,,,,,,,,,,,,,,,,,,,,,,,,,,,,,,,,,,,,,,,
2013-11-29,,,,,,0.02688070984372628,,0.02688070984372628,,,,,,,0.02688070984372628,,,,,-0.020966658646619594,,,,0.025628127497277456,0.02688070984372628,,,-0.02193263362530573,,,,,,,,0.018230558633733886,0.0131043942695745,-0.024554120361049214,,0.02502262881952659,,0.02688070984372628,,,,,,,,,,,,,,,,,,,,,,0.02353958662555177,,,,,,,,-0.011688007302664536,,-0.01923474319118405,-0.026923445241671815,,,,,,,,,,,,,,,,,,,,,,,,0.02688070984372628,,,0.025174240092168662,,,,,,,0.02688070984372628,,,,,,,,,,,,-0.026923445241671815,-0.026923445241671815,,0.013254463064741661,-0.026923445241671815,,,,,,,,,-0.024023918183509397,,,-0.026923445241671815,,,,,,,,,,,0.02114320847040231,,,,,,,-0.023045321992743468,,-0.026923445241671815,,,,-0.026923445241671815,,,0.026466150115438906,,,,,,0.02688070984372628,0.02688070984372628,,,-0.011673275616162675,-0.02657451062083085,,,,,,,,,,,,-0.023465525176481847,,,,,,,,,,-0.011145466702039886,,0.02688070984372628,,,,,,,,,,,-0.026923445241671815,,,-0.026923445241671815,,,,,,-0.026923445241671815,,,,,,,,-0.026923445241671815,-0.014501159176435241,,-0.021412054647818455,,,,,,,,,-0.026923445241671815,,,,,,,0.02688070984372628,,,,-0.026923445241671815,,,,,-0.026923445241671815,,,,,,,,,,,,,-0.026923445241671815,,,,,,-0.026923445241671815,,,,,-0.017813723225320228,,,,,,,,,0.02688070984372628,,-0.02360579082795499,0.02688070984372628,,,,,,,,,,,,,,-0.026703085420713268,,,,0.02688070984372628,,,,-0.026923445241671815,-0.019942308542264208,-0.026923445241671815,,,,,,,,,,,,0.02015900000053846,,,-0.026923445241671815,,-0.021075878161345544,,,-0.016388167305546843,,-0.022230480981725233,,,0.020086009796743923,,,,,,,0.012778987116447522,,,,,-0.026923445241671815,,,-0.026923445241671815,0.02688070984372628,,,,0.02557676925713652,,,,,,,-0.015601646319513955,-0.026923445241671815,,0.02688070984372628,0.02688070984372628,,0.02688070984372628,,,,,,,,,0.015085354014195165,-0.02255103397441176,,,0.0080964253099798,,-0.022492984816649606,,,,,,0.020531105770647533,,0.01761561330274528,,,0.02688070984372628,,0.008994934207628284,0.02688070984372628,,,,,,,,,,,,,0.01850538657642423,0.02688070984372628,-0.008603324515386987,,-0.02640846998638946,0.02688070984372628,,0.02627242019433372,,0.02688070984372628,,,,,0.02688070984372628,0.02688070984372628,,-0.026923445241671815,0.02688070984372628,0.0195989893084848,,0.008105262930362029,,,,,,,-0.010021181137740844,0.015026639705293228,,,,,,,,,,,,,,,,,,,,,,,,,,,,,,,,,,,,,,,,,,,,,,,,,,,,,
2014-11-28,,,,,,-0.025817179451046893,,-0.015464806194623882,,,,,,0.01750257583733736,,0.025453850492443367,,,,,,,,0.018868427086401574,,,,,,0.025453850492443367,,,,,,,,,-0.01883425267479263,,,,0.025453850492443367,,,,,,,,,,,,,,-0.02353011130680001,,,,,,,,-0.025817179451046893,0.025453850492443367,,,,0.022227410240559922,,-0.008197316525191022,,,,,,,,,,0.011038569993805732,0.014444515407494456,,,0.025453850492443367,-0.024714834484185558,,,,,,,,,,-0.02276867801068028,,0.014570790346664595,,,,,0.025453850492443367,,-0.025817179451046893,,-0.010223380064517234,,,,,,0.017403575247218715,,-0.0168909001921417,,,,,,,-0.025817179451046893,,,,,,-0.025817179451046893,,,,,,,,,-0.006482618407737813,0.015457356175923337,,,,-0.025817179451046893,,,,,0.019769911484526743,,,,,,,-0.012138901405534537,,,,,-0.019141074373485258,,,,,,,,-0.025817179451046893,,,,,,,0.025453850492443367,0.014354392958799101,,-0.025817179451046893,,,,,,,-0.020193273559368684,,-0.01608578000823746,,,,,-0.010921683767556234,0.025453850492443367,0.01912958742185098,,,0.020946205208851296,,,,-0.02305794332662087,,-0.025817179451046893,,,,,,,,,,,,,,,,,,,,,,,,-0.025817179451046893,,,,,,,,,0.025453850492443367,,,,-0.025817179451046893,,0.019938984786924394,,,0.016907064536717215,,,,,,,,,,,,,-0.023252901835207944,,,,,0.025453850492443367,,,,,,-0.025817179451046893,0.025453850492443367,,,,,,,,,,,,,,,,,0.013002197293379513,,0.015569919340812569,,-0.025817179451046893,,,,,,0.02456092561596762,,,,0.025453850492443367,,,,,,,,,-0.015454476951446243,,,,,,,,,,,,-0.023015215711851448,,,,,,,,,,,0.025453850492443367,,,,0.021978417096727588,,0.025453850492443367,-0.025817179451046893,,0.025453850492443367,,,,-0.025817179451046893,-0.009892964880451391,,,,,,,0.025453850492443367,-0.022847108354567765,,,0.02326669804316126,,,,,,,,,,-0.025817179451046893,,,,,-0.013693899997478658,,-0.018972757928296058,,0.025453850492443367,,,,,,0.025453850492443367,,,,,,,-0.012923897804915627,,-0.025817179451046893,-0.022589099130060384,,,,0.025453850492443367,,,-0.025817179451046893,-0.008947240525046526,0.01436248399824254,,,,-0.01637867608134173,0.01874490819012246,,,,,0.025453850492443367,,,,0.025453850492443367,,,,,0.015938880280903674,-0.015815238869412697,,,0.015792084927006365,,,-0.024186550536417526,,,0.014475354446767584,,0.010076699130929274,-0.021570202296565266,,0.012943163629359015,,,,0.02344106069060953,,,0.013286354467095309,,,-0.025817179451046893,-0.025817179451046893,,,,,,,,,,,,,,,,,,,,,,,,,,,,,,,,,,,,,,,,,,,,,,,,,,
2016-09-30,,,,,,-0.033887818618767676,,,,,,,,-0.024032485800136293,-0.033887818618767676,,,,,-0.029214703001425493,,,,-0.033887818618767676,,,,,,,,,,-0.027198171569417506,,,,,0.012638725687147124,,,,,0.024941363857353634,0.03012246316274629,,,,0.031042733685578326,,,-0.033887818618767676,,,,,0.018831212338567088,,,,0.033626434125751906,,-0.01872835717017341,,,,,,,,,0.016303767356892623,,0.03273820517885322,,,,,,-0.022990933249757293,0.031999643701906784,,,0.02864963805325564,0.033626434125751906,,,,,,0.033626434125751906,,,,,-0.03290468465701758,0.022013883518423615,,-0.0258635251812997,,,,,,-0.03138141568290169,0.033626434125751906,,,,-0.033887818618767676,,,,-0.021138844322260843,,,,,,,,,,-0.02549763942565824,,,,,,,,,,,,,,,-0.01960355304072468,,-0.032026955132602064,,,,,,,,,,,0.018990106010246092,,,,,,,,0.033626434125751906,,0.033626434125751906,,-0.016305472176925507,,,,,,,,,,-0.033887818618767676,,,,0.033626434125751906,,,,,,,,,-0.033887818618767676,,,,,0.030062045190631548,0.03349118174810175,,,,,,0.033626434125751906,,,,,,,,,,,,-0.033887818618767676,,,,,,-0.033887818618767676,,,,,,,0.033626434125751906,,,,,,0.030751330922715533,,,,,,,,,,,,,,,0.025419368423019298,,,,,,,,,0.033293260664512186,,,,0.033626434125751906,,,,,,,,,-0.033887818618767676,0.030772529112604398,,,,,,,,,,,,,-0.033887818618767676,,,,,,,,,,,-0.033887818618767676,,,,,,,,,,,,,,,,0.023619471706994306,,,,,,,,0.033626434125751906,-0.033887818618767676,,,,,,,,,,,-0.033887818618767676,,,,0.033626434125751906,,,,,0.033626434125751906,,0.030034334817334654,0.03090816059927718,,,0.033626434125751906,,,,,0.02775800834224528,,,-0.033887818618767676,,,,,,,,,-0.025874406824276365,-0.033887818618767676,,0.033626434125751906,,,,0.030788439516770603,,0.02133947327429577,-0.02689949053638152,,-0.02847042242963689,-0.015691837221536116,,,-0.02584923293399066,,0.033626434125751906,,,,,0.028678864726084302,,0.033626434125751906,,,,,,-0.022075774408975648,,,,-0.033887818618767676,-0.024122422758769566,,,-0.026814412735597922,,-0.020504254775130893,-0.023794044075176046,,-0.033887818618767676,0.015699487709427324,0.017847902895350334,-0.031162062305660886,0.03281259772045647,,,,,0.0325717862798,0.033626434125751906,-0.033887818618767676,,-0.033887818618767676,,,-0.03214348795752938,,,,-0.0334023119035808,,,,,,0.03320064968217668,,-0.030840789231541894,,,,-0.03183504324077016,,0.0295980110581972,,0.033626434125751906,,,-0.033887818618767676,0.0206592069244948,,,,,-0.028101256638255932,,-0.033887818618767676,,,,,,0.03351989774525342,,,,,,,,,,,,,,,,,,,,,,,,,,,,,,,,,,,,,,,,
2016-10-31,,,,,,-0.030702664079115892,,,-0.030702664079115892,,,,,,-0.03037041480544395,,,,,-0.02236250153934017,,,,-0.030702664079115892,,,,,,,,,,-0.030702664079115892,,,,,0.009809891498743254,,,0.03011927026956049,,,0.026648033814964427,,,0.03011927026956049,0.03011927026956049,,,-0.030702664079115892,,,,,,,0.03011927026956049,,0.03011927026956049,,-0.021096383559310018,,,,,,,,,0.011261912276682743,,0.03011927026956049,,,,,,-0.030702664079115892,0.020364784723650105,0.0106026938962925,,,0.03011927026956049,,0.03011927026956049,,,,0.03011927026956049,,,,,,0.028069725855186873,,-0.017812488407377668,,,,,,-0.030702664079115892,,,0.024620328809249123,,-0.030702664079115892,,,,-0.01640422498724168,,,,,,,,,,-0.025879114215198038,,,,,,,,,,,,,,,-0.02030341267475985,,,,,,0.03011927026956049,,,,,,,0.027802828317894563,-0.0143493113297999,,,,,,,,,,,-0.018356429235673856,,,,,,,,,,,0.03011927026956049,,,0.03011927026956049,,,,,,,,,-0.030702664079115892,,,,-0.030702664079115892,,0.03011927026956049,0.03011927026956049,,,,,0.014561403348400979,,,,,,,-0.01577658882626287,,,,,,,,,,,,,,,,-0.027926652390854644,,0.02754662902215535,,-0.029484238318943885,,,,,,,,,,,,,,,,,,,0.018218899447333757,,,,,,,,,0.01952962705852711,,,,0.02299667479841799,,,,,,,,,-0.024102357462625883,,,,,,,0.03011927026956049,,,-0.0284707445234191,,,,-0.030702664079115892,,,,,,,,,,,-0.01856125664707834,,0.03011927026956049,,,,,,,,,,,,,-0.030702664079115892,0.023166753951863468,-0.030702664079115892,-0.030702664079115892,,,,,,,-0.013027857393526616,,,,,,-0.028240016437442058,,,,,,,,,0.022861223631966122,,,,,0.008528099430726714,,,0.027296340487385565,,,0.03011927026956049,,,,,0.023790019785911477,,,-0.030702664079115892,,,-0.030702664079115892,,,,,,-0.009607942019316468,-0.030702664079115892,,,,,,,,0.025226084226723084,,,,-0.015842749587243687,,,-0.025257005557566093,0.024557985619518333,0.03011927026956049,,,,,0.022910420100760456,,,,,,,,-0.018198952397599652,,0.029324460409234133,,-0.022912354870662288,-0.028125181187230706,0.03011927026956049,,-0.017080959755058217,,-0.018324489151057787,-0.030111139619171435,,-0.030702664079115892,0.018352956319253596,,-0.015311129970628824,0.012111419960913727,,,,,0.03011927026956049,0.024577087815139703,-0.030702664079115892,,,,,-0.029053923021955544,0.02843424005644889,,,-0.030406407754317976,,0.024775879218132176,,,0.03011927026956049,,,,,,-0.030702664079115892,,-0.02485030580631061,0.03011927026956049,,,,,,,,,,,-0.01847074956625249,0.01974926211448536,,,,,,,,0.029810952674696082,,,,,,,,,,,,,,,,,,,,,,,,,,,,,,,,,,,,,,,
2017-07-31,,,,,,0.013818527040134147,,-0.02512416876020285,,,,,-0.013429686880695504,,-0.02512416876020285,0.013192354398385328,,,,-0.014232338137946794,-0.021542706635080275,-0.01695954677786603,,,,,,,,,,,,,,,0.013829684794083275,,0.009480519500748756,,,0.02473643821373017,,,,0.024385926614721852,,,,,,,,,-0.02512416876020285,,,,,,,-0.016389787227145788,,,,,,,,,,-0.015492565289591581,,,0.02473643821373017,0.02473643821373017,,,,,0.02430942726166831,0.02473643821373017,,0.021925854327083882,,,,-0.017379074447424536,,,,-0.013140135304164724,-0.0223280383384952,,,,,,0.020527057726673396,,,,-0.022337793631090185,,,,,,,,,,,0.02473643821373017,,,,,,,,,,0.015284719073926008,,,,,,,,-0.02512416876020285,,,,0.02473643821373017,,,,,,,,-0.02408740211846474,,-0.021982932711135383,,0.013216405168592564,,,,,,,-0.00788406578420387,,,,0.02473643821373017,-0.02268979986322835,,,0.02473643821373017,0.013277459595704469,,,,,,0.02473643821373017,,,-0.02512416876020285,-0.02512416876020285,,,,-0.02512416876020285,,,,,,-0.02512416876020285,,,-0.02021689607497533,,-0.010696909911773095,,0.02473643821373017,,,,,,,,,,,,0.02473643821373017,,,-0.02260002874138345,,,,,,,,,,,,,-0.02512416876020285,,,,,,,-0.011891281808851498,,,,,,,,,,,,,-0.02512416876020285,,,,,,0.016866562567040465,,,,-0.021319603303720056,-0.018659459700936028,,,,0.02420711823378734,,,,,,0.017461739639315303,,,,,,-0.01099488462751831,,,,,,,,,,,0.02473643821373017,-0.017603886837995922,,0.02473643821373017,,,0.02473643821373017,,,,,,,-0.019355883669953253,0.02473643821373017,,,,,,,,,0.02473643821373017,-0.006062540561761423,,,0.02232228768919173,,,,0.01416310251266313,,,,,-0.015834287030816185,-0.014496339332613939,,,-0.008214483312652074,,,,,,,,,,0.02473643821373017,,,,,,,,-0.02512416876020285,,,,,0.01186207850200522,,,,,-0.02512416876020285,,-0.02512416876020285,,,,0.02465864837145331,,0.02473643821373017,,,,,,,0.009214038746758954,,,-0.02512416876020285,,,,,-0.02512416876020285,,,,,0.004529156173351727,,,0.02473643821373017,0.012168289954910469,,,,,,,,,-0.019757977082159203,,,,,,,0.02473643821373017,,,0.01423213889291639,,,,0.02473643821373017,-0.010838475419715434,,,-0.02512416876020285,0.018947524117229473,-0.02512416876020285,,,,,,,,,,,,-0.02512416876020285,0.02473643821373017,,,-0.02512416876020285,,,,,-0.02512416876020285,,-0.02512416876020285,,,,,0.02473643821373017,0.02473643821373017,0.010578059462830768,,,,,,,-0.02469841712931251,,,,,,,0.019363077539616403,-0.021284510538872665,,,,,,,,,,0.01263519882023771,0.022796242576296942,0.019081565764951926,,,,,,,,,,,,,,,,,,,,,,,,,,,,,,,,,,
2017-08-31,,,,,,0.02804535265581352,,-0.02311540127770378,,,,,-0.01751060235994501,,-0.012704329832459605,,,0.025821409115304655,,-0.01995996257378527,-0.02681713263814561,,,,,,,,,,,,,,,,0.0106316524434437,,0.012681332062187325,,,0.02804535265581352,,,,0.02804535265581352,,,,,-0.022445842657624854,,,,-0.02681713263814561,,,-0.02681713263814561,,,,-0.02639365358925951,,,,,-0.016382513012366096,,,,,-0.022802026188104788,-0.018873173223232637,,0.020345279837188757,,,,,,,0.017250973305641855,,0.01923455361457861,,,0.02804535265581352,-0.020619291100902232,,,-0.02681713263814561,-0.016615231680377904,-0.012953072580491394,,,,0.01704742539618159,,0.018933934545259327,,,,,,,-0.02681713263814561,,,-0.02681713263814561,,,,,0.025719693235442903,,,,,,,,,,0.010567038370206722,,,0.0158598009904966,,,,,-0.02681713263814561,,,,0.02446145744926217,,,0.01704734410593021,,-0.02681713263814561,,,-0.024396559214601352,,-0.02681713263814561,,0.014792876604482655,,,,,,,,-0.02263673782124803,,,,,,,,0.015938437156183594,,,,,0.02804535265581352,0.02578923316892234,,,,-0.02681713263814561,,,,-0.02681713263814561,-0.02681713263814561,,,,,,,,-0.015034604418730254,,-0.018721732043251376,,,,,,,,,,,,,,0.02804535265581352,,,,,,,,,,,,,-0.02681713263814561,,,-0.02681713263814561,,,,,,,-0.014615174407817401,,,,,,-0.013988885103213748,,,,,,,-0.025998063124760218,,,,0.02804535265581352,,0.019832038469071944,,,,-0.02681713263814561,,,,,0.021529108015939224,,,,,,0.022740566714648837,,,,,,-0.021553144124913628,,,,,,,,,,,0.02804535265581352,-0.008570570608940401,,,,,0.02804535265581352,,,,,,0.01492582885495206,-0.016655346473924634,0.02804535265581352,,,,,,,,,0.026483211843265443,-0.019572942953336146,,,,,,,0.011826652236808451,,,,,,-0.02681713263814561,0.02804535265581352,,-0.024018273244274087,,,,,,,-0.02681713263814561,,,0.02418442009936491,,,,,,,,,,,-0.026530908832958902,,0.01781718243588243,0.02804535265581352,,,,,,-0.011561406812022517,,,,0.02804535265581352,,0.02804535265581352,-0.02681713263814561,,,,,0.025842102339182594,0.02078796070309824,,,-0.02681713263814561,,,,0.02804535265581352,-0.02681713263814561,,,,,0.02290299041103287,,,0.02468144234720502,,,,,,,,,,-0.01914860601717969,,,,,,,0.02804535265581352,,,,,,,,,,,,,-0.020362681898819377,,,,,,,,,,,-0.02681713263814561,,0.02804535265581352,,,,,,,,,,-0.017991842662874166,,,,,0.01917783251798499,0.02241190323780651,0.018334078223273428,,,,,,,-0.022641363306724137,,,,,,0.019513006147078245,,-0.017023287340761268,,,,,,,,0.02750372167110503,,0.017920820906675128,,0.0072487121637438475,,,,,,,,,,,,,,,,,,,,,,,,,,,,,,,,,,
2017-09-29,,,,,,0.02985613606912243,,-0.028979997647846634,,,,,-0.020144404546475866,,-0.015413299925852273,,,0.02985613606912243,,-0.02020366799714162,,,,,,,,,,,,,,,,,,,0.013475561276879856,,,0.02985613606912243,,,,0.02985613606912243,,,,,-0.028979997647846634,,,0.02985613606912243,-0.025485030425830182,,,-0.02101352281321979,,,,,,,-0.028979997647846634,,-0.028979997647846634,,,,,-0.02352276892569162,,,,0.02860638769054495,,,,,,0.020639742632109735,,0.02985613606912243,,,,-0.025751010113803322,,,-0.028979997647846634,-0.028979997647846634,-0.018996296070837377,,,,0.017473406066448472,,,,,,,0.02985613606912243,,,0.01953410768624176,-0.01835858663333263,-0.027640473653978086,,,,,0.01814571786151309,-0.028979997647846634,,,,,,,,,0.017651587910206525,,,0.015818539188909412,,,,,,,,,0.02385056891495405,,,0.02985613606912243,,-0.02743048646894954,,,,,-0.022581256333246643,,0.013399517245486142,0.0204296704192719,,,,,,,-0.028979997647846634,,,,,,,,,,,,,,0.026545790318899844,,,-0.028979997647846634,-0.01717399448001899,,,-0.028979997647846634,-0.027732239214615144,,,,,,-0.028979997647846634,,-0.028979997647846634,-0.025240270477030157,,-0.017972718870362676,,,,,,,,,,,,,,0.02985613606912243,,,,,,,,,,,,,,,,-0.028979997647846634,,,,,,,-0.028475115042027346,,,,,0.02985613606912243,-0.022606936337889183,,,-0.028979997647846634,,,,-0.026414953398199142,,,,0.02985613606912243,,0.02539573447675376,,,,-0.02732304986555113,,,,,0.018062605392518125,,,,,,0.029371228447190353,,,,,,-0.0178423499924293,-0.028979997647846634,,,,,,,,,,0.02985613606912243,,,0.02985613606912243,,,0.02985613606912243,,,,,,0.028185187980450957,,,,,,,,,,,,-0.01868279455414415,,,,,,,0.013597725472309568,0.02985613606912243,,,,,-0.028979997647846634,,,-0.028979997647846634,,,,,,,-0.028979997647846634,,,0.026786502145899498,,,,,,,,,,,,,0.027724578594927177,,0.02985613606912243,,-0.028979997647846634,,,-0.024438179216827637,,,,0.021391226684632718,,0.02550767661213593,,,,,,,,,,-0.028979997647846634,-0.023443356010461092,,,0.02985613606912243,-0.028979997647846634,,-0.018309715481191483,,,0.016460408154587762,-0.01882596847326983,,,,,,,,,,,,-0.004277200701882345,,,,0.02387123444460387,,,0.02985613606912243,,,,,,-0.014636905242214565,,,,,,,,,,,,,,,,,,,,0.02985613606912243,,,,0.02985613606912243,,,,-0.028979997647846634,,-0.024116151884439035,,,,,0.023867393588057142,0.021194329575379083,0.015129527344182424,,,,,,,-0.012824919451648471,,,,,,0.018973326252809137,0.02985613606912243,,,,,,,,,0.02985613606912243,,0.0183445305417881,,0.017206681559801207,0.010962082855000378,,,,,,,,,,,,,,,,,,,,,,,,,,,,,,,,,
2017-11-30,,,,,,0.023782344126989326,,-0.01810282341159631,,,,,-0.015172396788557922,,-0.015260709495260288,,,0.023782344126989326,,-0.022772600382324638,,,,,,,,,,,,,,,,,,,,,,0.023782344126989326,,,,,,,,,,,,,-0.017473042362869923,,,,,,,,,,,,-0.021019092548793656,,,,,,,,,,,,,,,0.023782344126989326,,,,,,-0.021139914440225237,-0.022772600382324638,,-0.022772600382324638,-0.020053177594467116,,,-0.022772600382324638,,0.015406195534028954,,,,,,,,,,0.023782344126989326,-0.013099210604185204,-0.019606679068343662,,,,,,,,,,,,,,,,,,0.012359067883647337,,,,,,0.023782344126989326,,0.023782344126989326,,,-0.012383630223417453,0.021214715757956595,,-0.022547002984203483,,,,,-0.013772187749224531,,0.011078481653756488,0.01900440732310039,,,,,,-0.018665960549795305,-0.015503924791233201,,-0.010772325496362707,,-0.012899626825227758,,,,,,,,,,,,0.023782344126989326,,-0.014017981191079446,,,,-0.022772600382324638,,,,,,,,-0.016978038241843206,-0.008810030341576229,,-0.020608472649602836,,,,,-0.022772600382324638,,,,,0.023782344126989326,,,,,,,,,,,,,-0.022772600382324638,,,,,,0.023782344126989326,,,,-0.022772600382324638,,,,-0.018824894843583476,,,,,0.023782344126989326,-0.018663838091220738,,,-0.022772600382324638,,,,,,,,0.016513888785927678,,,,,,-0.01040628320975587,,,,,0.01075414557958466,,,,,,0.01655817300050455,,,,,,-0.022772600382324638,-0.022772600382324638,,,,,,,,,,0.023782344126989326,,,0.019274053600445613,0.023782344126989326,,0.023782344126989326,,,,,,0.022342800379204636,,0.023782344126989326,,,,,,,,,,-0.01747546063573132,,,-0.022772600382324638,,,,0.013195773899812472,0.017035219458175717,,,,,-0.022772600382324638,0.023782344126989326,,-0.022772600382324638,,-0.022772600382324638,,,,,,,,,,0.017552378576918104,,,0.023782344126989326,,,,,,,0.019096758149067413,0.019923310084770336,,,,-0.022772600382324638,,,-0.015572891408920103,,,,,,,-0.022772600382324638,,,,,,,,,,,0.010429751455613036,,,-0.022772600382324638,,-0.018632256492352787,,,0.014646360338149443,,,,,,,,,,,,,-0.01693412633624914,,,,0.013921459615701327,,,0.023782344126989326,,,-0.022772600382324638,,,-0.015503389387426018,,0.017338052544837314,,,0.023782344126989326,0.006582019112571671,,-0.019059713160234356,-0.015516684691889037,,,,,,0.017750256408479465,,,,,,,,,0.023782344126989326,,,,,,-0.012057492933387556,,,,,0.017073822673119844,0.023782344126989326,0.013165054780501988,,,,,0.017575344613079268,,,,,,,,,0.016117073968948663,-0.022772600382324638,,,,,,,-0.014478313982473531,0.013448685888983016,,0.00624324645198783,,0.008404859251818093,0.007946450485109781,0.02130020212801531,0.023782344126989326,,,,,,,,,,,,,,,,,,,,,,,,,,,,,,,
2018-10-31,,,,,,0.017717884480081554,,0.019094427219163036,,,,,,,0.017921784810688197,,,-0.01814702730053909,,0.019094427219163036,,,,,,,0.019094427219163036,,,,,,0.010976407119083457,,,0.013227421115800452,,,0.007049497908117022,,-0.018838380312610974,,,-0.014020770411845374,,,,-0.018838380312610974,,,,,,,,,,,,,,-0.009040832333732252,0.01782018586467503,,,,,,,,,-0.015022096243386466,,,,,,-0.018838380312610974,,-0.014395857921303682,,0.015494789384998925,,,-0.017451506781000676,,,0.019094427219163036,,,,0.01369382314514656,,,-0.018838380312610974,,-0.018838380312610974,,,0.013394748816496651,0.019094427219163036,-0.018838380312610974,,,,,0.019094427219163036,,,-0.018838380312610974,,,,,,-0.012579915720316389,,,,,,,,-0.011678461413143793,,,-0.017066235769839056,-0.012780853330951043,,,,-0.017274775135806955,-0.012189105029717215,,,,,,,,,,-0.014367594506571046,,,-0.012601402860207837,,,,,,,,,,-0.018838380312610974,,-0.017952500426592195,,,,,,-0.00823802342825487,,,,-0.018838380312610974,,,,,,,,-0.015716137064801468,-0.01569649770096071,,,,,,-0.017912181653012924,,,-0.018838380312610974,0.019094427219163036,,,,,,,-0.013488182810636162,,,-0.017334471645658347,,-0.018838380312610974,,-0.014030113632577699,,,,-0.006711634300805587,,,,,,,,,0.019094427219163036,,,,,-0.018838380312610974,,,-0.017643642483374872,,-0.013872677663163236,,,,,,,,,-0.014032222871995091,,,,,,,,,0.019094427219163036,,,0.019094427219163036,,,,,,,0.012940954622296037,,,,,,0.011162802999279634,,0.019050206638062752,,,,,,,,,,,-0.012924299656501834,,,-0.018838380312610974,,,0.013883509481800308,,,,,,,,,,,,,,0.017865438166716017,,,,,,,,,,0.019094427219163036,,,,,,,,,,,,,0.017543907278524763,,,,0.01285225385446873,,,,,,,,,,-0.01766639659923853,,,,,,,,,0.016564713985219658,,,0.008131159554220505,,,,-0.01847875144378854,,-0.018838380312610974,0.011263507301999997,,,,,,,,,,,,,,,,,,,,-0.018838380312610974,,,,,0.019094427219163036,0.019094427219163036,,,0.019094427219163036,,,,,,,,,,0.014782862325502888,,,,-0.013851892134809607,0.01375148289699668,,-0.018838380312610974,,,0.01681879581400587,,0.013974394535018118,,,,,,,0.017341364295742432,0.016958273132845706,,,0.019094427219163036,0.016141348129629855,,0.019094427219163036,,0.016708378911697,,,0.015723330034197368,,,,,,-0.018838380312610974,0.012760535075592428,-0.011901741340283753,,,-0.012749348543621156,0.01456252178766248,,0.019094427219163036,,,,,,,,,-0.015079917806584683,,,,,,,-0.018838380312610974,,,0.013693504005567715,,,,,0.011714811481993026,,-0.018838380312610974,,,,0.007931998892714997,,,0.0106617141483949,0.019094427219163036,,-0.013048135254704909,,0.019094427219163036,,,,,,,,,,,,,,,,,,,,,,,,,,,,
2018-11-30,,,,,,0.017670350963315408,,0.017834474920001807,,,,,,,,,,-0.016969050534397147,,0.01268406138889689,,,,,0.016224501611673648,,0.01963213289333719,,,,,,0.011796864658658042,,,0.018761282222881336,,,0.008972139765958837,,,,,-0.0188333207654055,,0.01963213289333719,,,,,,,,,,,,,,,,-0.008666270688858363,0.018545463786860693,,,,,,,,,,,,,,,,,,0.018188111299351783,0.009040788835910498,,,-0.009167124032856848,0.01963213289333719,,0.01963213289333719,,,,0.01963213289333719,-0.008029331618503985,,-0.0024082502300027922,,-0.01744333001360768,,,,0.017176742651558018,,,,,,0.013028023633326164,,,-0.0188333207654055,,,,,,-0.014247855733535863,,,,,-0.017445204271608443,,,-0.014667799272927584,,,-0.015323420325164419,-0.0188333207654055,,,,-0.01726979589871167,,,,,,,,,,,-0.0188333207654055,,,-0.009324809558058892,,,,,,0.01963213289333719,,,,,,-0.015735265057999194,,,,0.01963213289333719,,-0.012627442565817935,,,,,,,,,-0.0188333207654055,,,,-0.0188333207654055,,,,,,,,,,0.013329229411637004,,,,0.012947542466124347,,,,,,-0.0188333207654055,-0.0188333207654055,-0.018179062843892466,,,,,-0.0188333207654055,-0.018694300337900992,-0.0188333207654055,,0.01963213289333719,,,-0.0188333207654055,,,,,,,,,,,-0.0188333207654055,,-0.013436421601806426,,,,-0.01508535875910628,,,,,,0.01963213289333719,,,-0.0188333207654055,,,,,,,,,,,,,,,0.01032872355863399,,,,,,,,,,,,,,,,,,,,,,,,,,,,,,,,,,,-0.0188333207654055,,-0.012629930003762935,,0.015652810384864452,,,,,,,,,,,,,,,,,,,,,,,,,,,0.010330583137774393,0.01963213289333719,,,,,,,,-0.0188333207654055,-0.0188333207654055,,,,,,,,,,-0.0188333207654055,,-0.008252935201659754,,,,-0.0188333207654055,,,0.0094460944727538,0.01963213289333719,,,,,,,,-0.0188333207654055,,,,,,,,,,0.01963213289333719,-0.0188333207654055,,-0.007897676981634188,,,0.010387768120878042,0.018840747104020544,,-0.0188333207654055,,0.01935732953054861,-0.0188333207654055,,,,,-0.0188333207654055,,,0.009193664824437519,,,,-0.009125981495486523,0.011788261027054629,,,,-0.015573399499419657,0.01963213289333719,,0.014200968828028807,0.01963213289333719,,-0.014051844449119975,,,,,0.014028286426498096,-0.0066061890211777585,,0.012948512616805859,0.01963213289333719,,0.01963213289333719,,,,,0.009159116023029872,,,,,,,0.016635198420175853,-0.014990876373073937,,,,,,0.01934023241727239,,,,,,,,,,,0.009824244618068908,,,,-0.01458856368241979,-0.0140618674353594,,,0.011702281079553758,,-0.016487763676719502,,,0.01082865120831089,,-0.013030608281231476,,,,0.007922689716603282,,,0.007436080271908057,0.016253893566702843,0.01963213289333719,,,0.01963213289333719,,,,,,,,,,,,,,,,,,,,,,,,,,,,
2019-03-29,,,,,,0.014066772793683022,,0.02670766435402777,,,,,,,,,,,,0.015427159611800436,0.02701515235341462,,,-0.026562348257907525,0.019591915757115955,,,0.02701515235341462,,-0.014963588290712065,,,,,,0.02144984999949684,,,0.0074191792757107786,,,-0.026562348257907525,0.02701515235341462,-0.026562348257907525,,,0.02701515235341462,0.02436120219053991,,,,,,,,,,,,,,-0.015008578256323702,,,,-0.026562348257907525,,,,,,,,,,,,,,,,0.016033028502244993,,,,,,,,,-0.026562348257907525,,-0.026562348257907525,,-0.016769831270789782,,,,,,,-0.01653833402612358,,,,,0.02701515235341462,,,,,,-0.020297894333251767,,0.02701515235341462,,,,,,,,,,,,,,,0.026618625745361592,,,,,,,,,,,,,-0.019993274270626787,,,-0.012492819513785981,,-0.010852005277951951,,,,0.02701515235341462,,,-0.017768222346196,,,,-0.022958531255670125,,,0.02701515235341462,,-0.009784896592248892,,,,,,-0.026562348257907525,,,-0.019644473444459378,-0.016044172052969832,0.02483087812219369,-0.017782704105395564,-0.021821052580769235,,,,,,,,,,,,,,,,,,,,,-0.02275160851220559,,,,,,,-0.025920171911091736,-0.026562348257907525,,0.02701515235341462,,0.02701515235341462,,,,,-0.011830539768919257,,,,,0.02701515235341462,,,,-0.017824407027108517,,0.02046414977441903,,,,,,,,0.02701515235341462,,,,,,,,,,,,-0.025847077115227723,,,,,0.02701515235341462,,,,-0.026562348257907525,,,,,0.02701515235341462,,,,,,,,,,-0.026562348257907525,,,,,0.02701515235341462,,,,,,,,,,,,,,-0.016328377162107416,,,,,0.013572589125601811,,,,,,,0.0264941137784813,0.025705044656184874,,,,,-0.026562348257907525,-0.01335027913329484,-0.026562348257907525,,,,,,,-0.026562348257907525,,0.012309972967177011,0.02701515235341462,,,,,,,,,,,,,,,,,,,,,,-0.025099526699072183,,,-0.026562348257907525,,,0.01042533696260665,0.02701515235341462,,0.02701515235341462,-0.026562348257907525,,,,-0.02161073303345145,,,,,,,,,,,,-0.026562348257907525,,-0.023541100491784567,,,0.009207425366990362,0.02286524412375724,,-0.026360313286537776,,,,,,,,,,,0.010020609547592398,,,,-0.01591045529421472,,,,,,,0.02701515235341462,0.02701515235341462,0.02701515235341462,,-0.018347421392723388,,,-0.021643750522331518,,0.008029333601017655,,,,0.02701515235341462,,,,0.025752453593280614,,,0.01564841990864733,,,-0.018309367754654804,,,,,-0.020078892976307144,,,,,-0.026562348257907525,0.016930278069001693,0.02701515235341462,,,,,,,,,,0.019458954283024275,,,,-0.026562348257907525,,0.01651629145568992,,0.015871014778016165,,-0.026562348257907525,,0.02701515235341462,,,-0.026562348257907525,,0.023928591884190987,,0.014392460024863291,,,0.00938384463760461,,,-0.026562348257907525,,,-0.026562348257907525,,,,,,,,,,,,,,,,,,,,,,,,,,,
2020-01-31,,,,,,-0.027307935220327255,,,,,,,,,,,,,,-0.016745603399633244,,,,-0.03170179925619549,,,,,,,-0.03170179925619549,,,,,,0.0316089562709698,0.021443053424930403,0.016526111362104596,,,,,-0.02373696626059,,-0.03170179925619549,,-0.03170179925619549,,,,,,,,,0.0316089562709698,,,,,-0.01188087725068141,,,-0.03170179925619549,0.0316089562709698,,,,0.0316089562709698,,,,0.0316089562709698,,,,,,-0.023854807942214486,,,,,,,,-0.03170179925619549,,,,,-0.02240882017424058,,-0.01045480595237309,,-0.024324163797158897,,-0.029847155570673543,-0.023028953494133107,,,-0.03170179925619549,,,,,,,,,,-0.03170179925619549,,,-0.018036087605020377,,,0.02273895691710001,,,,,,,,0.017481227371218728,,,,,,,,,,,,,,,,,,,,,,0.015092765612624546,,,0.0316089562709698,,,,,,,,,,,,,,,,0.0316089562709698,,,-0.023752492383360597,,,,,,-0.03170179925619549,,,,,,,,,,0.020520092108864713,,,0.02879719469297728,,,0.0316089562709698,-0.03170179925619549,,0.02353782343452368,-0.03170179925619549,,0.026010439993383483,,,,-0.03170179925619549,-0.028933485071073895,,,,,,,,-0.021536013493790817,,,0.024082179328754554,-0.02496192630065495,,,,,,-0.02183121034369119,,,,,,,0.018410466524827022,,0.02512842278504152,,0.02473946090202053,,-0.03170179925619549,,,,,-0.02922134864547199,0.0316089562709698,,,,,,,0.027166748985601525,0.01885114783533427,,,,,,,,,,,,,,,,,,,,,,,,,,,,,,,0.0316089562709698,,,0.0316089562709698,0.026705475638743894,,,-0.01939696003392276,,,-0.02315144875925276,0.030629199802017,,,,,,,,,,,,,,-0.020308445855949174,,,,,-0.03170179925619549,,-0.03170179925619549,,-0.02843982167132761,,,,-0.008236936269619922,,,,,-0.028531700578331185,,,,,,,-0.026961926651930302,,,0.0316089562709698,,,,,,0.0316089562709698,,,,,,,,,,,,,,,,-0.025241510667147894,,,-0.021854064086882678,-0.031393864998193695,-0.017961668524525073,,,,,,,0.0316089562709698,,,,,,,,,,,,,,,-0.03170179925619549,,,,0.02996256055034471,,-0.03170179925619549,,0.021392328834545758,,,,,,,0.0316089562709698,,0.0316089562709698,0.0316089562709698,,,,-0.026621234523220634,0.03108069549624391,0.026945074994572302,,-0.02923911219828811,,,,,,0.023376015690120766,0.025047265379733542,,,,,,,0.020630782435384184,,,,0.02589675311736323,,-0.03170179925619549,,,,0.029421769156738744,,0.014784890588537223,,,,,0.021990232891021307,,,,,,0.0316089562709698,,,-0.03169504257299059,,0.023737908311068583,,,0.023450167956958725,,,,-0.03170179925619549,,,,-0.021526677597686755,,-0.02550737447415524,0.02066073342019098,-0.02919611558946534,,0.016614339414288352,,,0.0316089562709698,0.0316089562709698,,0.024429333449117296,,,,,,,,,,,,,,,,,,,,,,,,
2020-02-28,,,,,,-0.021279610770442235,,,-0.022356700060449666,,,,,,-0.02369354139713603,,,,,-0.016868834975924646,,,,,,,,,,,-0.011913847753071747,,,,,,,0.019099769968768717,0.012501910502960976,,,,,-0.02369354139713603,,,,-0.02066590076786961,,,,,,,,,0.021105833260455367,,,,,-0.010391339892402863,,,,,,,,0.023256216966744445,,0.01990520792476411,,0.022229647035140594,,,,,,-0.019092847847379,,,,,,,,-0.02369354139713603,-0.02369354139713603,,,,-0.020904398803606807,,-0.011285254724335466,,,,,-0.02369354139713603,,,-0.02369354139713603,,,,,,,,,,-0.019797940020884218,,,-0.020172291689206562,,,0.023256216966744445,,,,,-0.02369354139713603,,,0.015629237227897896,,,,,,0.023256216966744445,,,,,,,,,,,,0.020391347071764113,,,,0.018223054188650594,,,0.023256216966744445,,,,,,,,,,,,,,,,,,,,0.023256216966744445,,0.021333195937447653,-0.02369354139713603,,-0.02062531400634453,,,,,,,,,,0.023256216966744445,,,0.023256216966744445,,,0.023256216966744445,-0.02369354139713603,,,-0.02369354139713603,,,,,,,-0.02369354139713603,,,,,,,,-0.02369354139713603,,0.023256216966744445,0.022054590394208942,-0.015064440368887074,,0.023256216966744445,0.023256216966744445,,,-0.02050092354839479,,,,,,,,,,,0.023256216966744445,,,,,,,-0.02369354139713603,,,,,,,,0.023256216966744445,0.01863860618689423,,,-0.017731236519935703,,0.014054043172350691,,,,,,,,,,,-0.02369354139713603,,,,0.023077401095641933,,,,,,,,0.016550752866775088,,,,,,0.023256216966744445,,,,-0.02231109740664099,,,-0.02369354139713603,0.01634505343764525,,,,,,,,,-0.02369354139713603,,,,,-0.015122151075113268,,,0.011659670718804594,0.0188026234672163,-0.017827919805303724,,-0.02369354139713603,,-0.02369354139713603,,,,-0.008752510242339076,,,,,-0.017821384264353916,,,,,,,,,,0.02220518496970997,,,,,,0.023256216966744445,,,,,,,,0.01959215973769871,,,,,,,,-0.015180068067787884,,,,,-0.02369354139713603,0.023256216966744445,,,,,,0.023256216966744445,,,,,,-0.02369354139713603,,,,,,,,,,,,,0.013303962982702991,,-0.014783309421419729,,0.013781941294703493,,,,,,-0.017562709969287677,0.023256216966744445,0.020348136936880565,,0.015213734347074888,,,,-0.016425381244406387,0.01675798428881886,0.019759454455128073,,-0.022745977394081525,,,,,,0.02286094302441481,0.021524880364025004,,,,,,,0.014960379057994263,,,,0.023256216966744445,,-0.02369354139713603,,,,0.023256216966744445,,0.023256216966744445,,0.005867755993559344,,,,,,,,,0.023256216966744445,,,,,0.014160567579898519,,,,,,,-0.02369354139713603,,,,-0.018712443396804324,,-0.02181517436597675,,-0.021142266113668852,,0.02302556590443606,,,,,,,-0.02369354139713603,-0.01748420303177668,-0.005312438980586069,,,,,,,,,,,,,,,,,,,,,
2020-03-31,,,,,,-0.008579490104987928,,,-0.01502388603513174,,,,-0.007815530644567002,,,-0.015611645015114731,,0.010130506864645832,,-0.009372441046055568,,,,,,,,,,,0.015300682336213536,,,,,,,0.015300682336213536,0.013573092412447984,0.015300682336213536,,,0.015300682336213536,-0.015611645015114731,,,,-0.008293126672357806,,0.012919770227349255,,,,,,,,,,,,-0.009536385810174875,,,,,,,,0.013298653479003445,,0.015300682336213536,-0.015611645015114731,0.014551890754342864,,,,,,,,,,,0.015300682336213536,,,-0.009006744378631191,-0.01477326726252418,0.013427894224907899,,,-0.015611645015114731,,,,,,,,,,-0.014722002206503026,,,-0.011041152471384019,,,,,,,-0.015567187818627719,-0.007433510167904102,,,,,0.015300682336213536,,,,0.014738577723996423,,,,0.010501478655593892,,,,,,0.010268060148141215,,,,,,,,,,,,,,,,,,,0.006474266220003381,,,,,,0.015300682336213536,,,,,,,,,,,,,,,,0.015300682336213536,-0.012807851124171201,,-0.01105562012442373,,,,,,-0.015611645015114731,,,,0.015300682336213536,,,0.011664016999892822,,,0.012627746819508201,-0.015611645015114731,,,,,,,,,-0.011456984453246792,-0.015611645015114731,,,,,,,,-0.014943569596512872,,,,-0.007523494179792939,,0.014205502133915505,,,,-0.01560364205481095,,0.010786250065595818,,,,,,,,,,,-0.01352183430973359,,,,,-0.015611645015114731,,,,,,,,,,,,-0.015611645015114731,,,,,,,,,,,,,,,,,,,,,,,,,,,,,,,0.014490279440922422,,,,-0.014883528768854633,,,-0.015611645015114731,0.015300682336213536,,,,,,,,,,,,,,-0.007272879150422901,,,0.012001044873712655,0.015300682336213536,,,-0.013803574687992813,,-0.015611645015114731,,,,-0.015611645015114731,,,,,-0.011687065386935381,,,,,,,-0.014689162395085813,,,0.011523146079871439,-0.015611645015114731,,,,,0.011314369630134984,-0.012571555051836696,,,,,,,0.012492846870862554,,,,,,,-0.012981754680277712,-0.009161411211641678,,,,-0.010819509814240144,,,,,,,,0.015300682336213536,,,,,-0.014948887996933242,-0.014001962051201676,0.012942457512453017,,,0.015300682336213536,,,,,,,,,0.015300682336213536,,,,0.008980007590866479,,,,,,-0.008133100716672887,,,,0.015300682336213536,,,0.015300682336213536,,0.015300682336213536,0.013055342275603664,,-0.01114082438481595,,,,,,0.012448031284772187,0.011478938148393193,,,0.015300682336213536,,,,0.014871069263083634,,,,0.015300682336213536,,,,,,0.010344163554845713,0.005176362565421078,0.009265010502205847,,0.01094641114564358,,,,,,,-0.015611645015114731,,,,,,-0.006032280186651763,0.01137366151824131,,,,,,,-0.01507057640227168,,,,,,-0.015611645015114731,0.011059572618362242,-0.014223308623546638,,0.010214266808367995,,,,0.01402787867214801,,,-0.014962609283854783,-0.014711792781228658,0.011385255483429451,-0.015611645015114731,-0.015611645015114731,,,,,,,,,,,,,,,,,,,
2020-05-29,,,,,,-0.009822206152117206,,,,,,,,,0.012189308501845124,,,,,-0.008594667414072742,,,,,,,0.010319204712334249,,-0.012138604844105097,0.012189308501845124,,,,0.0067275619078939215,,,,0.012189308501845124,0.009137059666723972,,,,,,0.012189308501845124,,-0.00837190184475955,-0.007947372496141874,,,,,0.012053928575077146,,,,0.01140531628124632,,,,,,,,,,,,,,,0.009718676170801353,,,,,,,,0.008491665648262835,,,,,0.008709027810633053,,,-0.00898672594963743,,,,,,,-0.010332154468201736,,,,-0.007534509237631143,,,,-0.012138604844105097,0.012189308501845124,,,,,-0.011623279035650058,,,,,-0.005795944111786613,,,,,,0.012189308501845124,,,,,,,0.006646729909469693,,,,,,,-0.012138604844105097,,,,,,,,,,,,-0.008913847474264233,,,,,,,,,,,,0.012189308501845124,,,,,,,,,,,,,,,,0.012189308501845124,,,-0.008890997425154052,,,,,,-0.012138604844105097,,-0.012138604844105097,,0.012189308501845124,,,,,,0.012189308501845124,,,,,,-0.012138604844105097,,,,-0.01196013329226821,,,,,,,,,,,,,-0.008106690497604051,,0.012189308501845124,,,,-0.012138604844105097,,,,,-0.012138604844105097,,0.007601546598313278,-0.010407081866226405,,,,,-0.010854173791050824,,,,,-0.012138604844105097,,,0.01132855192446416,,,,,,,,,-0.012138604844105097,,,,,,0.012189308501845124,0.012189308501845124,,,,,,,,,0.010024069515599133,,,-0.012138604844105097,,,,,,0.006006148884726388,,,,,,0.012189308501845124,,,,-0.012138604844105097,,,,0.010235338974422569,,,,,,,,,,,,,,-0.006418794353613372,,,0.010041514176543542,0.012189308501845124,,,-0.012138604844105097,,,,0.009131919228839436,,-0.012138604844105097,,,,,-0.009085161024187898,,-0.012138604844105097,,0.009210995124580259,,,,,,0.012189308501845124,,,,,,,-0.011358146658400034,,,,-0.009057161140148278,,,,,,,-0.011891456634011775,,,-0.009604312701421808,-0.008287857739677659,-0.010103188180676601,,,-0.009985278049184254,,,,0.012189308501845124,,,,0.012189308501845124,,,,,,,,,,0.011675528454792038,,,,,,0.010477612168559395,,0.008801607364459313,0.007449191942598441,,,,0.004341547408485588,-0.011592277454990045,,,-0.007769948965104394,,-0.005408901084365645,,,,0.012189308501845124,-0.012138604844105097,-0.007602113025665471,,,0.007288472032910463,0.009945148164971631,,,,,,,,0.010968901855440236,0.011978098640839803,,,0.012189308501845124,,,,0.008087896092677507,,,,0.012189308501845124,,,,,-0.012138604844105097,,-0.007126490524836813,0.009626268988042558,,0.007727069482228415,,,0.00600314763982862,,,,,-0.009384286665334385,,,,-0.012138604844105097,-0.004515627385910796,0.006742044588072018,-0.008590338754494406,,,,,,,-0.00967731372863237,,,,,,0.009052993525467613,,,-0.007597972462963949,,,,,,,,-0.012138604844105097,0.0030401464742354483,-0.012138604844105097,,,,,,,,,,,,,,,,,,,,
2020-06-30,,,,,,-0.005433228792613672,,-0.011434393442383423,,,,,-0.0070673278714727715,,0.011822704402163145,,,,,-0.009418251583479564,,,,,-0.011858111626181228,,0.011822704402163145,,-0.011858111626181228,,,,,,,,,0.011822704402163145,0.008339848482251298,0.011822704402163145,,,,,0.009822572269639734,,-0.009864719399312043,-0.008889533614584456,,0.011822704402163145,,,,,,,0.011822704402163145,,,,,,,,,,-0.011858111626181228,,,,,0.011056657903908796,,,,,,,,0.010291509895863624,,,,,0.009541061103336922,,,-0.005779025518728716,,,,,-0.011858111626181228,,-0.011858111626181228,,0.0072347082555409455,,-0.008206949059202677,,,,,0.011822704402163145,,,,,-0.011858111626181228,,0.011822704402163145,,,-0.0051881903735395574,,0.00724830976669464,,,,,,,,,-0.011858111626181228,,,,,,,,,,,,,,0.011155826891732199,,,,,,,-0.010129622385262996,,,,,,,,,,,,,,,,,,,,,,,,,,,,,,,-0.008293012816759914,-0.011267263440550764,,,,,,,-0.011858111626181228,,0.011822704402163145,,,,,,0.01016788255005656,-0.011858111626181228,,,,,-0.011858111626181228,0.011822704402163145,,,-0.011858111626181228,,,,,,,,,,,,,-0.004223897591701325,,0.011228892680772746,,,,-0.011384468891077333,,,,,-0.01110499899484964,,,-0.010623069333923006,,,,,-0.011858111626181228,,,,,-0.011858111626181228,,,0.011822704402163145,,,,0.011822704402163145,,,,,-0.011147264462877218,,,,,,,,,,,,,,,,,,,-0.009327504889005408,,,,,,0.005348217769350055,,,0.010581713645259618,,,0.011822704402163145,,,,-0.011858111626181228,,,,,,0.009627189454055588,,,,,,,,,,,,-0.0049647629254363805,,,0.009895195685844033,0.009327889888963473,,,-0.011858111626181228,,,,,,-0.011858111626181228,,,,,-0.008497226638111062,,,,,,-0.011406943140311581,,,,0.009680611619798683,,,,,,,,,,,-0.009168327256349033,,,0.005265154996950242,,,,-0.011858111626181228,,,-0.009437508303023685,-0.008660204054136854,,,,-0.009667222342693921,,,,0.011822704402163145,,,,0.011822704402163145,,,,,,,,,,0.011822704402163145,,,,,-0.011858111626181228,,,0.008793340809496777,0.007015040412247025,,,,,-0.011858111626181228,,,-0.010978624706684937,,-0.004612381977391394,,,0.011822704402163145,0.011822704402163145,-0.011858111626181228,-0.006238142016424044,0.011076178463363546,,0.008313937958242833,0.009292534170179249,,,,,,,,0.0070507952861186005,0.009409209910643309,,0.010556742147199946,0.011822704402163145,,,,0.009251382395011437,,,,0.011822704402163145,,,,,-0.011858111626181228,,,0.00689996692344669,,0.0061463300532803855,,,0.005990179631152199,,,,,-0.006600491644695011,,,,,-0.004208486426171598,0.006480437573073681,-0.00920252373618477,,,,,,,-0.011858111626181228,0.011428934704241256,,,,,0.0066751331296369286,,,-0.007188733946994822,,,,0.005672573216339209,,,,,0.008172709664965463,,,,,,,,,,,,,,,,,,,,,
2020-08-31,,,,,,-0.010708353480520365,,,,,,,,0.009806613745658188,0.016392692622839156,,,,,-0.0069741519598687214,,,,,-0.016347255333667356,0.016392692622839156,,,-0.016347255333667356,0.01390450704327252,,,,,-0.016347255333667356,,,0.011563467706946388,0.006209351434337522,,,,,,0.012809080028182145,0.016392692622839156,-0.012799062731350003,-0.012689059124955014,,0.016392692622839156,,,,,,-0.016347255333667356,0.01452563911938558,,,,,0.007656013008810147,,,,,-0.016347255333667356,,,,,0.008180549006390833,,,,,,,,0.013068987336168507,,,,,,,,-0.010132220997331765,,,,,-0.016347255333667356,,,,0.00924375551575081,-0.015350728256369527,-0.011793627367045626,,,,,0.016392692622839156,,-0.016347255333667356,,,-0.016347255333667356,,0.013520702758605103,,,-0.009719102620431542,,0.010559942163911313,,,,,,-0.016347255333667356,,,,,0.012223034133073846,0.016392692622839156,,,,,,,,,,,,,,,,,,-0.01267983805534925,,,,,,-0.011174148459912877,,,0.007661519119555034,,,,,,,,,-0.006941823784790598,,,,,,,,,,0.014533569281962321,,0.014034840360512823,-0.010106184641637492,-0.016347255333667356,,,,,,,,,,,,,,,0.016392692622839156,-0.016347255333667356,,,,,-0.016347255333667356,0.016392692622839156,,,-0.014065665917500815,,,,,,,,,,,,0.016392692622839156,-0.009160233914211448,,,,,,,,,,,,,,-0.012429049226123727,,,,,-0.015916605353610155,,,,,,,,0.016392692622839156,,,-0.006730800906631478,,,,,,,,,,,,0.014239544542172375,,,,,,,-0.01326242101549644,,,,0.016392692622839156,,,,,,,,,,,,,,0.016392692622839156,,,-0.016347255333667356,-0.016347255333667356,,,,0.016392692622839156,,,,,,,,,,,,,,-0.006862358997768387,,,0.009583843096885801,,,,,,,,0.016392692622839156,,-0.014460458217735523,,,,,-0.015999910588031376,,,,,,,,-0.016347255333667356,,,,-0.016347255333667356,,,,,0.016283421887315866,,,,-0.01015285029606639,,,0.008808258025019609,,,,-0.016347255333667356,,,-0.015786879130115672,,,,,,0.007108782605959532,,,0.016392692622839156,,,,0.016392692622839156,-0.016347255333667356,,-0.016347255333667356,,,,,,,0.016392692622839156,,,,,,0.014470596575337072,,0.013264050633799459,0.010594685653111223,,-0.014016622667622295,,,-0.01412437395609607,,,-0.009844858462359373,,-0.007239781845390073,,,,,-0.007718675195391053,-0.009100443065390033,,,,0.016099086081445214,,,,,,,0.016392692622839156,0.01594225638644872,,,0.010824861398490966,,,,,0.009381899756756138,,0.011489305368029605,,,,,,,,,,0.01525011530131184,,0.004684123605509773,,,,,,,,-0.010024571244155256,,,,,-0.00771727233509495,,-0.01206517384864971,,,,,,0.016392692622839156,-0.014190537777457116,0.014091533900392188,,0.00703618390776872,,,0.009129835423626729,-0.01576445044074217,,-0.009471406514718584,,,,,,,,,0.008526437989752665,,,,,,,,,,,,,,,,,,,,,
2020-09-30,,,,,,-0.010077518238626425,,0.01616545834291025,,,,,,0.01616545834291025,0.01616545834291025,,,,,,,,,,,0.015637353759025946,,,-0.016571186510415028,,,,,,-0.016571186510415028,,,0.010392829205242418,0.010777364870263983,,,,,,,0.01616545834291025,,-0.012491021600146524,,,,,,,,,0.014467501788588627,,,,,0.010635842108287375,,,,-0.016571186510415028,-0.016571186510415028,,,,,0.01616545834291025,-0.016571186510415028,,,,,,,0.014099242518068277,,,0.01616545834291025,,,,,-0.010028869305176403,,,,,-0.015200690733870273,,,,,-0.016571186510415028,-0.012899687810341478,,,,,0.01616545834291025,,,,,-0.010844324984050897,,0.01616545834291025,,0.01598686309778059,-0.010000521321648248,,0.01616545834291025,,,,,,-0.014849088969057735,,,,,,,,,,,,,,,,,,,,,,-0.012333640153636354,,-0.008856019048376903,,,,,,-0.011375436052400486,,,0.010574352181499474,,,,,,,,,-0.009742691382472761,,,,,,,,,,,,0.009987337712121796,-0.009506275489566876,-0.016571186510415028,,,,,-0.016571186510415028,,,,0.01616545834291025,,,,,,0.016082121142008608,-0.016571186510415028,,0.01616545834291025,,,-0.01539724020055962,,,,-0.016571186510415028,,,,,,,,-0.016571186510415028,,,,,-0.007958320601437887,,,,,,,,,,0.01616545834291025,,,,-0.013689869571274738,,,-0.016571186510415028,,-0.011695833129545983,,,,0.01616545834291025,,,,,,,,,,,-0.016571186510415028,,,,,,,,0.012538436383439105,,,,,,-0.016571186510415028,-0.013884410403513623,,,,,,,,,,,,,,,,,,0.015460600881712314,,,-0.016571186510415028,,,,,0.01616545834291025,,,,,,,,,,,,,,-0.0074417483427302355,-0.016571186510415028,,0.00872514243286756,0.015731127106726493,,,,,,,0.01616545834291025,,-0.016571186510415028,,,,,,,,,,,,-0.01467439551686556,-0.016571186510415028,,0.01616545834291025,,-0.016571186510415028,,,,,,,,,-0.013499318275789079,,,0.01616545834291025,,,,-0.016571186510415028,,,-0.01567810678730039,-0.008285735825046367,,,,,0.014147194425767623,,,,,0.016037781061620338,,0.01616545834291025,-0.016571186510415028,,-0.016571186510415028,,0.00821005883985299,,,,,0.01616545834291025,,,,,,0.01616545834291025,,,0.010846613746048072,,,,0.012505989962129453,-0.012775260628837673,,,,,-0.010107975190613471,,,,,,-0.010596880528585047,,,,0.011816658437308043,,,,,,,0.01616545834291025,0.01616545834291025,,,,,,-0.010942960812009406,,0.012067558743627941,,0.01616545834291025,,,,,,-0.01419841837264494,,,-0.010700490386241239,,,0.004554643650054846,,,,0.015614923562823575,,0.013003280047765957,,,,,,,-0.007369582856152564,,,,,,,,,-0.016571186510415028,0.011905823523452489,,0.009260672071420117,,,0.008941471015067336,,,-0.011491454582951031,,,,0.009886309674523905,,,,,0.007892638708937775,,,,,0.011339053090713437,0.008798749205333647,,,,,,,,,,,,,,,
2020-10-30,,,,,,-0.012266705713419805,,,,,,,,0.012377756841774336,0.016254198400190864,,,,,,,,,,-0.01552407141658794,,,,-0.01552407141658794,,,,,,,,0.01620155383239561,0.009865622355156293,0.010951870308967394,,,,,,,,,,,,,,,,-0.01552407141658794,,0.01418186360339611,,,,,0.008373459909014227,,,,,-0.014463337187246059,,,,,0.013078605272826156,-0.01552407141658794,,,-0.01552407141658794,,,,0.011383268292937142,,,0.016254198400190864,,,,,-0.014871865383546772,,,,,-0.014778274157239028,,0.014199727388590627,,0.012114930814273431,-0.011466439353259819,-0.01333726401711517,,,,-0.01552407141658794,0.015881081890672638,,,0.016254198400190864,,-0.015231327276779855,,0.016254198400190864,,0.012694277917316737,-0.007140483330409062,,0.010562111054590227,,,,,,-0.014579043843549076,,,,,,,,,,,,,,,,,,,,,,-0.01552407141658794,,-0.011241231470919263,,,,,,,,,0.009123406613276626,,,,,,,,,-0.012470724114565014,,,,,,,,,,,,,,-0.010219029890047178,,,,,-0.01552407141658794,,,,0.016254198400190864,,,,,,0.016254198400190864,-0.015063866568730424,,,,,-0.01552407141658794,0.016254198400190864,,,-0.01552407141658794,,,,,,,,-0.01187934389043874,,,,,-0.008366857043830153,,,,,,,,,,,,,,-0.012463031700632793,,,,,-0.01552407141658794,,,,0.016254198400190864,,,,,,,,,,,,,-0.014435545810908472,,,,,,0.010871259633065608,,,,,,-0.01552407141658794,-0.01162779220895423,-0.014327481822895142,,,,,,,,,,,,,,,,,0.016254198400190864,,,,-0.01552407141658794,,,,0.015956575696822795,,0.016254198400190864,,,,,,,,,,,,-0.007261873935290669,,,0.011003151064325058,0.016254198400190864,,,,,-0.01395019614902494,,,,-0.01552407141658794,,,,,,,,,,,,-0.011795836373726545,,,0.016254198400190864,,-0.01552407141658794,,,,,,,,,-0.01552407141658794,,,0.013208299984936618,,,,,,,-0.01406909231388822,-0.011547423551823106,,,,,0.00940232649580374,,,0.016254198400190864,,0.015890979630927327,,0.016254198400190864,,-0.01260391866344929,,,,,,,,,,,0.010820806364258377,,,,,,0.007720365495690799,,,,0.016254198400190864,-0.012928008686618373,,,-0.014287185620823114,,-0.010179974979627984,,,,,,-0.011199523744607042,0.016254198400190864,,0.010696260135435499,0.014286423060577123,,,,,,,0.016254198400190864,0.016254198400190864,,,,,,-0.012033328714848402,,0.01290879539498911,,,,,,,,-0.01552407141658794,,,-0.008342142500191168,,,0.011398434515115486,0.014532451003624531,,,,,0.013552643618248901,,-0.009149965438158379,,,,,-0.007410703252033826,0.014125230255269846,,,,,,,,-0.013676320480955084,0.010091916860762634,,0.008548936340902891,,-0.01552407141658794,0.008054913644140325,-0.01552407141658794,,-0.012311828779158212,,,,0.013836105394368135,,,,,0.007531348443855834,,,,,0.012163935662098693,0.007768058890038852,,,,,,,,,,,,,,,
2020-11-30,,,,,,-0.0066764617790119,,,,,,,,0.006850936373978194,,,,,,,,,,,-0.009348438819810395,,,,-0.008877545535394691,,-0.0024537845148859027,,,,,0.0071521285342139645,,0.008748911210895506,0.006576229802244571,,,,,,,0.006930296057479362,,,,,-0.009348438819810395,,,,-0.009348438819810395,,0.008748911210895506,,,,,0.005862857841434266,,,,,-0.007127502762409901,,,,,0.007969350149973008,-0.009348438819810395,,,-0.00884671623150259,,,,,0.006709116450468985,,0.008748911210895506,,,,,-0.004040687261162716,,,,,-0.008569578515298515,,0.008094151595564038,,0.005327217803194601,-0.0092868334750722,-0.008831155683049699,,,,,0.008748911210895506,,-0.008949871593224005,0.008231271050890264,-0.005253455798230236,-0.009128728532620593,,0.006799470653109456,,0.008745346818435012,-0.004119782462346166,,0.007568383832459856,,,,,,-0.007980741770166073,,,,,,,,,,,,,,,,,,,,,,,,-0.009348438819810395,,,,,,,,,0.007861166664735913,,,,,,,,,-0.009348438819810395,,,,,,,,,,,0.008748911210895506,,,,,,,,,-0.009348438819810395,,,0.008748911210895506,,,,,,0.008748911210895506,-0.009348438819810395,,,,,-0.009348438819810395,0.004485228117120057,,,,,,,,,,,-0.008093756393174893,,,,,-0.004336557126043752,,,,,,,,,,,,,,-0.006554367520578063,,,,,-0.003675105363033319,,,,0.00869142071569915,,,,,,,,,,,,,-0.009348438819810395,,,,,,0.00840694752176966,,,,-0.005389104358309176,,,,-0.0037816682750254987,,,,,,,,0.007760782877040448,,,,-0.005348555555562394,,,,,0.008748911210895506,0.008748911210895506,,,,,,,0.008748911210895506,,,,,,,,,,,,,,-0.002808071289630822,,,0.006342123459638214,0.008748911210895506,,,,,,,0.008748911210895506,,-0.009348438819810395,,,,,,,,,,,,-0.004301674514040207,,,,,-0.009348438819810395,,,,,0.007212697757608945,,,,-0.007673433466878708,,,0.0058646781382424365,,,,,,,-0.008444936309119917,,,-0.007060193594530037,,,0.008113370481148173,,,,,0.008452779130032912,,0.008395162014654293,-0.009348438819810395,-0.004165062858820997,,,,-0.009348438819810395,,,,,,,0.008748911210895506,,,0.008588404062921464,,0.004768931143311586,,,,,,-0.008943962267513,,,-0.0072151332508163775,,-0.00540863317984195,,,0.008111121741881203,,,-0.00618721486251511,0.008748911210895506,,,,,,,,,,0.008748911210895506,0.006350784531934868,,,,0.008748911210895506,,-0.0074588903552637595,,0.007825870422548764,-0.009348438819810395,,,,,,,-0.009348438819810395,,,,,,0.005049755703204845,,,,,,0.006569775540326883,,-0.0035174062483511958,,,,,-0.003999689706300863,,,,,,,,,-0.009012038100388267,0.005387621523740085,,0.004092851340522756,,,0.002893078328288414,-0.009348438819810395,-0.007813142034917515,-0.005987232970639984,,,,0.008748911210895506,,,,,0.0030443179290616847,,,,,0.005107059019943063,0.005317959738402719,,,,,,,,,,,,,,,
2024-04-30,,,,,,-0.015642793977567702,,-0.011301384585456898,0.018821083082167164,-0.018462349248330207,0.019033565236712385,,-0.018462349248330207,,0.01956184897356207,,,,,-0.017318694418208637,,,,,,,-0.018462349248330207,,,,-0.013793296548147402,,,0.01956184897356207,,0.011732191768085242,,-0.016528844377844888,,,,0.01956184897356207,,,,,,,,-0.018462349248330207,,,,-0.018462349248330207,,,,,,-0.0018535753899058174,,,,,,,,,,,,-0.007387485830315312,,,,,,,,,,,,,,,0.01956184897356207,0.01956184897356207,,-0.015942304031253015,,,,,,,-0.00703296530724032,-0.018462349248330207,-0.010779114817641676,,,,,,0.01956184897356207,,0.01956184897356207,-0.018462349248330207,,,,,,0.01339634720412457,,,,,,,,,-0.018462349248330207,-0.018462349248330207,0.017197888510153282,,,,0.016332934241083674,,,0.01956184897356207,0.013633329624620338,,,,,,,,,,,,,0.009562145001828047,,,,,,,0.01956184897356207,,,,,,,,,,,,,-0.018462349248330207,,,,-0.015015780607120518,,,,0.01956184897356207,0.01956184897356207,,-0.011508733953828893,,,,,,,,,,,-0.018462349248330207,,,,,,,,,0.01956184897356207,,,,,,,,,,,,0.01593657644210636,0.015012155447096182,,,,0.01956184897356207,,,,,,,,-0.01265216158855828,,,,,,,,,-0.011798163814524375,,0.01956184897356207,,,,,,,-0.018462349248330207,0.01956184897356207,,-0.01777775560408878,,0.019150118709839046,,,,,,,,,,,,,,-0.018462349248330207,,,,,,,,,-0.018462349248330207,,,,,,,-0.018462349248330207,-0.018462349248330207,0.01740537418323505,,,,,,,,,,,,0.010693338916108233,-0.018462349248330207,,,-0.018462349248330207,-0.014290248170477348,,,,,,,,,,,,,,0.007615443874605517,-0.010050832162963536,,,-0.01665709786620975,,,,,,-0.018462349248330207,,,-0.009032071650770853,,,,0.015549428392785482,,,,-0.0091741161524956,,,,,-0.011316913148229945,,,,,,,,,,,,,,-0.018462349248330207,,,,,,,,,0.01956184897356207,,,0.010127669564048687,-0.018462349248330207,,,-0.009091069540518802,0.014193101443075591,,,,,,,,0.014327490949236724,0.01956184897356207,,,,,,-0.018365543546539815,,,0.01894271587860654,,,,-0.011143641583915292,,,0.01253030188521243,,,,0.014299656862960926,,,,,,,-0.012678943708898943,,,,-0.013039452973095458,,0.004206455932454648,,,,,,-0.018462349248330207,,,,,-0.018004847609090886,,,0.011133837780356775,,,0.015688511867243973,,-0.016634886469126198,,,,,,,,0.01487754532624307,0.011897370059308097,,-0.018349500058390783,,0.016317668540706334,0.009763976199028914,-0.011869372093187544,,,,,,,,,-0.014479053810455271,,,,,,,,,-0.01773907249783931,,,,,,0.008012143044982416,,,,,,,,,,0.008739744353336088,,,,,0.015507614474537754,0.013295021858891042,,,0.013408032024280288,0.01373159872377047,,,0.005658114807358509,0.008703665732968019,,0.010166765754186485,0.013936631982208673,-0.008667586872935657,,,,
2024-05-31,,,,,,-0.011377821260048555,,,,-0.018226872276080084,0.019220420062058673,,,,0.019220420062058673,,,,,-0.014507688240229282,,-0.018226872276080084,,,0.019220420062058673,,-0.018226872276080084,,,,-0.014561319107585523,,,0.008531237554083228,,0.007753938004988498,,,,,,,,,,,,,,-0.016776810706838716,,,-0.018226872276080084,-0.018226872276080084,-0.01190352887326333,,,,,-0.008178123891588838,,,,,,,,,,,,,,,,,,,,,,,,,,,,0.019220420062058673,,-0.017082466211878918,-0.018226872276080084,,,,,,-0.010610221363278043,,-0.01226272807063886,,,,,,0.019220420062058673,,0.01918438662466042,-0.017991774028070402,,,,,,,,,,,,,,,-0.017761433209811096,,0.01840449632994386,,,,0.019220420062058673,,,0.019220420062058673,0.014157397070117265,,,,,,,,0.019220420062058673,,,,,0.01734419706482777,,,,,,,0.019220420062058673,,0.011060270413888525,,,,,,,,,0.015199719795401898,,,,,,,,,-0.018226872276080084,0.01178481538733547,0.01617561467907219,-0.018226872276080084,-0.017258598118333315,,,,,,,,,,0.011255557849939328,-0.014258013427289455,,,,,,,,-0.018226872276080084,0.017129590634826216,,,,,,,,,-0.018226872276080084,,,,0.016231899330758484,,,,0.019220420062058673,,,,,,,,-0.01758742531673546,0.019220420062058673,,,,,,,,-0.014379396177541038,-0.018226872276080084,0.018791446937036976,,,,,,,-0.016492356448620037,,,-0.018226872276080084,,,,,,,,,,,,,,,,-0.018226872276080084,,,0.014528168475260816,,,,,,-0.018226872276080084,-0.016116167552298683,,,,,,-0.018226872276080084,,,,,,,,,,0.019220420062058673,,,,0.013935690999556882,-0.016470540542117464,,,-0.018226872276080084,-0.018226872276080084,,,,,,,,,,0.015613520690882843,,,,0.008702155937578435,-0.018226872276080084,,,,,,,,,,,,,,,,,,0.019220420062058673,,-0.01086501674731595,,,,,,,,,,,,,,,,,,,,,,,,,,,,0.019220420062058673,,,0.019220420062058673,,,,,,,,,,,,,0.008310734533714552,,-0.01718737633503068,,0.019220420062058673,,,-0.018226872276080084,,,0.015181491690392464,,,,-0.018226872276080084,,,,,,,,,,,,,0.019220420062058673,-0.005094362621529209,,,,-0.007097189293657763,,0.005594658206855144,,,,,,-0.016650466845713977,-0.018226872276080084,,,-0.009760247934050842,-0.007735773252870669,,,,,,0.012363459636196271,,-0.013210001477672583,,,,,,,0.019220420062058673,0.015262461905988012,0.017419351635624573,,-0.004150437789202662,,,0.019098752686099438,-0.015012479065019598,,,0.019220420062058673,,,,,,-0.01018549683626657,,,,-0.011533720027396917,0.019220420062058673,0.019220420062058673,,,-0.016918529245849946,,,,,,0.007143953612155748,-0.01783935291869588,,,,,-0.009548659546198126,,,,0.004744085679618551,,,,,0.012641791536998058,0.009529627321256387,,,,0.016080001022461283,,,0.005513292344205714,0.006789985280291228,,0.005857397397699565,0.01030712061624656,-0.010121249908874473,,,,
2024-06-28,,,,,,-0.01441590219224206,,,,,,,-0.015350858161157763,,,,,,,-0.013135801772758804,,,,,0.020898167116443555,,-0.01933917109921234,,,,-0.016061493936060732,,,0.007848033585004818,,0.018259000053511533,,,,,,,,,,,0.020898167116443555,,,-0.01933917109921234,,,-0.01933917109921234,-0.01790919324949727,,,,,,-0.017811942349704978,,,,,,,,,,,,,,,-0.01933917109921234,,,,,0.020898167116443555,,,,,,,0.020898167116443555,0.020898167116443555,,-0.01933917109921234,,,,,,,-0.008915978456824207,,-0.010751632991218485,,,,,,0.020898167116443555,,0.020495778246357413,-0.013179663143664568,,,,,,,,,,,,,,,,,0.014742366672987237,,,,0.013244610736935463,,,0.020898167116443555,,,,,,,,,0.020898167116443555,0.012373504071246466,,,,0.01589459785606241,,,,,,,,,0.013041631415108012,,,,,,,,,0.012173714170793446,,,,,,,,,-0.013646140800882127,0.020898167116443555,0.020898167116443555,-0.011953851719242984,-0.01913523328852919,,,,,,,-0.01933917109921234,,,,,,,,,,,,,0.020898167116443555,,,,,,,,,-0.018301537273518124,,,,0.020898167116443555,,,,0.020898167116443555,,,,,,,,-0.01933917109921234,0.020898167116443555,,,,,,,,-0.014942011609257873,,,,,0.020898167116443555,,,,,,,-0.018125871764063252,,,,,,,,,,,,,,,,-0.01933917109921234,,,,,,,,,,-0.01933917109921234,,,,,,-0.01933917109921234,,,0.015854383664248142,,,,,,,0.016843512755065966,,,,,,,,,-0.01933917109921234,,,,,,,,,,0.014458666259681221,,,,0.007955518599672286,-0.01933917109921234,,,,,,,,,,,,,,,,,,0.020898167116443555,,-0.01195742350706025,,,,,,,,,,-0.018116093661043223,-0.01066675146052442,,,0.020898167116443555,,,,,-0.01933917109921234,,-0.01933917109921234,0.017895713052429974,-0.01933917109921234,,,,,,,,0.01969015410958588,-0.013700428689776736,,,,,,,,,,-0.01933917109921234,,0.011135474474023459,,-0.01933917109921234,,0.01964850007837622,,,-0.01812578629974095,,,0.020898167116443555,,,,-0.015432408870922468,,,,,,,,,,0.01954532028452643,,,0.020898167116443555,,,,0.020898167116443555,-0.015784317785891535,-0.01403933691924369,0.005264524428400239,,,,,,-0.01933917109921234,,,,-0.018075136905293523,,,,,,,0.00893951764488229,,-0.014666918479665118,,,,,,,0.020016648753779127,0.014524946391015727,,-0.011289397802010092,-0.013680349465892801,,0.020898167116443555,0.017347548127220724,,,,0.015386192626531014,,,,,-0.009607060594611926,-0.011066966234304011,,,,-0.01933917109921234,,0.020898167116443555,,,-0.01349501523480119,,-0.01781484128213117,,0.012126230744232712,,0.007837416977120776,-0.017110838576389037,0.015610889230595537,,,,-0.016283868973685108,,,,0.005314877483118197,,,,,,0.007786839657200189,,,,,,-0.01503340749847803,0.007307670329765133,0.011216791695569576,,0.008249624567577,0.007954319824229459,-0.012581953237773611,,-0.016134530055716474,,
2024-07-31,,,,,,-0.02120642349669238,,-0.013493648237126446,,-0.02385280026174483,0.023933667179696326,,,,,0.02517377078760822,,,,-0.021432261294666643,,,,,0.02517377078760822,,,,,,,,,0.012462917647760134,,0.016693638326456334,,,,,,,,,,,0.02517377078760822,,,-0.0245055813080675,,,-0.01708713821436035,,-0.020998354962197496,,,,,-0.0245055813080675,,,,-0.0245055813080675,,,,,,,,,-0.0245055813080675,,,,,,,0.02517377078760822,,0.02517377078760822,,,,,0.02517377078760822,0.02517377078760822,,,,,,,,,-0.013245461943535364,,-0.014964890591054868,,,-0.01877807421725932,-0.023596635411726106,,0.02517377078760822,,0.02292101687939345,-0.021471477826088613,,,,,,,,,,,,,-0.01337502832457943,,,,0.012559619737716797,,,,0.01371649162344063,,,0.02517377078760822,,-0.0245055813080675,,,,,,,,0.02517377078760822,-0.02249740488227294,,,0.01603846084609307,,,,,,,,,,,,,,,,,,,,,,,,,,,-0.0245055813080675,0.02341772091187956,0.017573332868093886,,-0.0245055813080675,,,,,,,-0.015216948822861735,,,,-0.016438053188911436,,,,,,,,-0.022403526935223378,0.02517377078760822,,,,,,,,,-0.012909550947686792,,0.020378626883391465,,0.017765033577812592,,,,0.02517377078760822,,,,,,,,-0.0245055813080675,0.02517377078760822,,,,,,,,-0.0245055813080675,,,,,0.02517377078760822,,,,,,,-0.017012007102126595,,0.0223516295989928,,,,,,,,,,,,,0.02517377078760822,,,,,,,,,,,,,,,,,-0.0245055813080675,,,,,,,,,,0.021682062315415508,,,,,,-0.0245055813080675,,,-0.020328585240509404,,,,,,,,,,,,,,0.008599625481433703,-0.020662943498686137,,,,,,,,,,,,,,,,,,,,-0.008871735249888615,,,,,,,,,,-0.0245055813080675,-0.015042396020041392,,,0.02517377078760822,,,,0.01934202128075007,-0.0245055813080675,-0.0245055813080675,-0.0245055813080675,,-0.01869657366030531,,,,,,,,0.02517377078760822,-0.0245055813080675,,,,,,,,,,,,0.016868566835088958,,-0.012354900718113354,,,,,-0.013475089844036163,,,0.024694701811229333,,,,-0.0245055813080675,,,,,,,,,,0.02391894430337639,,0.016464628384321278,0.022930191321430333,,,,0.02517377078760822,-0.0245055813080675,,0.011383060276889411,,,,,,,-0.020205185440018,,,-0.0245055813080675,,,,0.0095358507800262,,,0.024638253902316193,,-0.00974752149043822,,,,,,,0.02517377078760822,0.02517377078760822,,,-0.01867266124441043,,,0.014076581588541175,-0.02318037528890712,,,0.02517377078760822,,0.02517377078760822,,,,-0.017900438322319353,,,,-0.021276206548754006,,,,,-0.016567328499348374,,-0.013894017066419385,,0.0111638124238675,,0.007583187196568693,,0.011555851988190204,,,,-0.0123903420280849,,,,0.012658962404104196,,,,,,0.009418892675601441,,,,,,-0.011246883842055678,0.008523853168566383,0.013217605019779512,,0.013031622186215236,0.00948308430135923,-0.014307557537445593,,,,
2024-08-30,,,,,,-0.01778246104030127,,-0.022112875484078337,,-0.018214317453142826,0.019550328101106632,,,,,,,,,-0.0230771138770642,,,,,0.024687477610734417,,,,,,-0.025061717651863664,,,0.009628852093364707,,0.015267965492481914,,,,,,,,,,,0.024687477610734417,,,,0.024687477610734417,,,-0.025061717651863664,,,-0.019125969865447012,,,-0.025061717651863664,,-0.01595660434039741,,-0.025061717651863664,,,,,,,,,-0.018168299986293667,,,0.02170300785796066,,,,,,,,,,,0.0214412270293053,0.01789249463358173,,,,,,,,,-0.009221599480197887,,-0.01598783541265148,,,,,,0.024687477610734417,,0.02303954576315764,-0.01622789537435885,0.024687477610734417,,,0.024687477610734417,,,,,,,,,,,,,0.02208020846750318,,,,,,,0.012137491251376788,0.017709947490414737,-0.025061717651863664,,,,,0.024687477610734417,,,0.02297138418042169,-0.025061717651863664,,0.01680312520697352,0.024687477610734417,,,,,-0.025061717651863664,0.022312197071131978,,,,,,,,,,,,,,,,,,,,,-0.022673682124992937,,0.024687477610734417,,,,,,,,,-0.008442755572035767,,,,,,,,,,,,,0.024687477610734417,,,,,,-0.02364796403945207,0.024687477610734417,0.01729235246355365,,,,,0.011652898395945414,,,,0.023293306658949457,,,,,,,,-0.01046664242266741,0.024687477610734417,,,,,,,,-0.014500900503529139,,,,,,,,-0.025061717651863664,,,,-0.021870058468011492,,,,,,,0.024687477610734417,,,0.024687477610734417,,,-0.024589453243858774,,,,,,,,,,,,,,,,,,,-0.024241440811156208,,,,,,,,,,0.024687477610734417,,,,0.018482592598041324,,-0.025061717651863664,,,-0.025061717651863664,,,,,,,,,,,,,,0.00841483395882352,-0.02262075731625282,,,,,,,,-0.013318170946555468,,,,,,,,0.02290723474765811,,0.024687477610734417,,-0.010894787233329093,,,0.024687477610734417,,,,,-0.022461366571939513,,-0.015260598433341358,-0.014316618879182449,,,0.023299392752610785,,,,,,,-0.025061717651863664,,,,,,,,,,0.023705272816778807,-0.025061717651863664,,,,,-0.025061717651863664,,,,,-0.025061717651863664,,0.013543443100490696,,-0.025061717651863664,0.021700084601757846,,,,-0.025061717651863664,,,,,,-0.011444608047771416,-0.0228652311580172,,,,,,,,,-0.012074624905748243,,,,,,,,,,-0.016665050638517368,0.004675468307710594,,,,,,,-0.025061717651863664,,,,,0.024687477610734417,,,,,0.020592177703349104,,-0.020558161458044746,,,,,,,0.023777626933650615,,,,-0.014270174212429841,,,0.018889943235124017,-0.0225147726874003,,,0.020844369251137806,,,,-0.01165077857920075,,-0.018392222258671966,,,,,0.024687477610734417,,,,-0.01891472480990522,,,,0.017734193702861778,,0.012089356863606739,-0.02271891719170579,0.020626611145239653,,,,-0.016937144886259747,,,,0.009973186381907575,,,,,,,,,,,,-0.017946797117372112,0.00788510267350333,0.008154230844581877,,0.009974457711650885,0.016536708786688507,-0.009462117965392071,,,,
2024-09-30,,,,,,-0.013068380049537419,,,-0.019753782461627026,,0.022635460862020163,,,,,,,,,-0.011435464260437078,,-0.0213740036691527,,,,,,,,,-0.0213740036691527,,,0.012753070148040205,,0.012197794453119703,,,,,,,,,,,0.02201041594564286,,,,0.022635460862020163,,-0.020424860560989893,-0.016044378284683622,,,-0.01689821584286251,,,-0.020225575409537754,,,,,,,,,,,,0.015223593889381758,-0.0213740036691527,,,,,,,,,0.010157192772169107,,,,,,0.022635460862020163,-0.015687139765414422,,,,,,,,-0.006305797204326507,0.022635460862020163,,,,-0.015202334833415992,-0.005321318496989613,-0.014245983702886263,0.022635460862020163,,0.022635460862020163,-0.01051746041507144,0.017327587996394455,,,0.02024717862207156,,0.01554717237111263,,,,,,,,,,,0.010021615778111958,-0.009401759608087382,,,,,-0.0213740036691527,,0.017288906640263387,-0.0213740036691527,,,,,,,,,-0.0213740036691527,,0.019171717726051123,0.012323612531286792,,,,,-0.0213740036691527,0.016315085595405707,,,,,,,,,,,,,,-0.0213740036691527,,,,,,,-0.01711893253817835,0.02055973419795221,,,,,0.022635460862020163,,,,,-0.009329263911069132,,,0.022635460862020163,,,0.016341813597859967,,,,,,,0.016768293059581295,,,,,,-0.0213740036691527,0.022104077201591257,0.018408249750552517,,,0.022635460862020163,,0.01827774084539572,,,,0.022635460862020163,,,,,,,,-0.0213740036691527,0.022635460862020163,,,,,,,,-0.010118270132425682,,,,,,,,-0.020004461210667363,,,,-0.01631206593670226,,,,,,,,,,,,,,,,-0.0213740036691527,,,,,,,,,,-0.0213740036691527,,,,,,-0.0213740036691527,,,,,,,,,,0.018099391648656954,,,,,,-0.01714763060694454,0.01639202343704444,,-0.0213740036691527,,,,,,,,,,,,,,0.0076139600672744424,,,,,,,,,-0.0213740036691527,,,,,,,,,,,,-0.009279316290624444,,,0.022459335351440214,,,,,,,-0.012773600888438338,-0.012455199573890173,,,,,,,0.015061644340481083,,,-0.0213740036691527,,,,,,,,,,0.0172908334415103,-0.02003856771384647,,,,,-0.0213740036691527,,,-0.011172833657538243,,,,0.01167552294347772,,,0.022635460862020163,,,,-0.0213740036691527,,,,,0.007580114392997612,-0.015898130894359336,,,,,,,,,,,,,,0.022635460862020163,,,0.0208668344982217,,,-0.015014155947934062,,,,,,,,,,,,,,,0.0071055157069014815,,,0.016187117463484217,,-0.01696081751638114,,,,,0.022635460862020163,,0.014857037649846801,,,-0.009139440350784402,-0.020919847329378315,,,0.018778329613196122,-0.013171289518937935,,,,,,,,,-0.016551365605188075,,,,,0.014092633007583786,,,,,,,0.017298590469338366,,,0.005232574179927062,-0.0213740036691527,0.01785783774457329,,,,-0.0175697203751974,,,,,-0.008033357477630966,,,,,,,,0.008101991321430352,,-0.016722849817224498,,0.0063998301847368435,0.006522298243625698,,0.009926559868033837,0.004787367372394633,-0.007759010233333984,,,,
2024-10-31,,,,,,-0.016416499120171648,,,-0.02413635777991421,-0.02413635777991421,,,,,,,,,,-0.017207230259495367,,,,,,,,,,,-0.02165774021930816,,-0.022049768085690275,0.017352493076456768,,,,,,,,,,,,,,,,,0.02601343791145205,,-0.020190958782297434,-0.01454075308388559,-0.017147331634615768,,-0.00820084416979607,,,-0.02042923007208088,,,,,,,,,,,,,-0.02413635777991421,,,,,,,,,0.018631438016391336,,,,,0.02601343791145205,0.02601343791145205,-0.014087777468853308,,,,,,,,-0.010733294990083962,,,,,-0.021870750569555085,-0.022493162843725007,-0.017804239724868404,0.02601343791145205,,,-0.01511107426551498,0.01167148735338813,,0.02601343791145205,0.025963308780349095,,0.019291368013672303,,,,,,,,,,,0.021631930307327712,-0.02413635777991421,,,,,-0.02405149092512302,,0.014614619905388133,-0.02413635777991421,,,,,,,,,,,0.022188010297868994,0.014259403070252263,,,,,-0.017866700348324296,0.02601343791145205,,,,,,,,,,,,,,-0.011764173063012131,,,,,,,-0.018386254679933132,0.011985342291101722,0.018171543252142423,,,,0.02601343791145205,,,,,-0.017143036430604785,,,,,,0.017071420779159224,,,,,,,0.02601343791145205,,,,,,-0.02413635777991421,0.02283756097417515,0.009757450491975538,,,0.02601343791145205,,,,,,0.02601343791145205,,,,0.02245835276253612,,,,-0.02413635777991421,,,,,,,,,-0.00705035751453251,,,,,,,,-0.02413635777991421,,,,-0.02413635777991421,,,,,,,,,,,,,,,,-0.020322525903853562,,,,,,,,,,,,,,,,-0.02413635777991421,,,,,,,,,,0.023877233050075344,,,,0.02558991465139486,,-0.018682839526962546,0.02200827822947218,,-0.022166065619546142,,,,,,,,,,,,,,0.013923603829612783,-0.020377636423232443,,,,,,,,-0.02413635777991421,,,,,,,,,,,,,,,0.013292184722071134,,,,,,,-0.01980950868933394,,,,,,,,0.02601343791145205,,,-0.02413635777991421,,,,,,,,,,0.011862376940263581,,,,,,-0.02413635777991421,,,,,,,0.014543691723403564,,-0.02413635777991421,0.01574726984028423,,,,-0.02069976828485399,,,,,0.007710811075662625,-0.016429047040511124,,,,,,,,,,,,,,,,,,0.022858764171830467,0.02601343791145205,-0.018305345816084433,,-0.02202906208081136,,-0.02413635777991421,,,,,,0.023443576225226175,,-0.02392007086603915,,,0.014741816207490691,0.01297645133627712,,0.022173508109994994,,-0.019956110995693322,,,,,0.013610430397969648,,0.024530063409395852,,,,-0.02413635777991421,,,0.020342835925171193,-0.007932533071382347,,,,,,,,,-0.006795956235740111,0.01582894179093885,,,,0.02601343791145205,,,,,,,,,0.02601343791145205,0.01007082708816077,-0.013454017374412569,0.023341572302385566,,,-0.019376005919883914,-0.018254550548469358,,,,,-0.018837862841545358,,,,,,,,0.013058184957738358,0.02601343791145205,,,0.005700764147026795,0.013857577094500619,,0.007132311229262479,0.014081715152790827,-0.014658701683911547,,,,
2024-11-29,,,,,,-0.014675751626578606,,-0.009370402823695672,,-0.019480517988158964,,,,0.021482244450067283,,,,,,-0.012418070635648206,,,,,0.021482244450067283,,,,,,-0.019480517988158964,,-0.01679011517543479,,,,,,,,,,,-0.019480517988158964,,,0.021482244450067283,,,,0.0113815213257928,,-0.01766580771106678,-0.010545133603657235,-0.00891698567709733,,,,,-0.019480517988158964,-0.019480517988158964,,,-0.01886895006526562,,,,,,,,,,,,,,,,,,0.008256963963823014,,,,,0.021482244450067283,,-0.008345535937271458,,,,,,,,-0.00912879599139361,,,,,-0.016290679889936655,-0.011193417415651403,,0.017741032514935723,,,-0.010798053929100843,0.021132062544182435,,,,,0.015127860239243772,,,,,,,,,,,0.016656544195669587,,,,,,,,,-0.019480517988158964,,,,,,,,0.021482244450067283,-0.019480517988158964,,0.016515448090070474,0.021482244450067283,,,,,,,,,,,,,,,,,,,,-0.019480517988158964,,,,,,,-0.016608614976987946,,,,,,0.021482244450067283,,,-0.019480517988158964,,-0.009626925734677539,,,,,,0.021482244450067283,,,,,,,0.01298643548015813,,,,-0.014072739216783989,,-0.019480517988158964,,,,,,,,,0.021482244450067283,,0.021482244450067283,,,,,,,,-0.018314419187568518,,,,,,,,,-0.012560913646591058,-0.015190628104461413,,,,,,,-0.019480517988158964,,,,-0.011391609719374647,,,,,,,,,,,,,,,,,,,0.021482244450067283,,,,,,,,,,,,,-0.019473925456809493,,,,,,,,,,0.021482244450067283,,,,0.012782490221371538,,-0.014382109479944142,0.017533093992642253,-0.019480517988158964,,,,,,,,,,,,,,,0.014278208172565839,-0.019480517988158964,,,,,,,,-0.009170548415744297,,,,,,,,,,0.021482244450067283,,,,,0.021482244450067283,,,,,,,-0.01639039199170843,,,,0.021482244450067283,,,,0.005400909873489202,,,,,,,,,,,-0.016576820277346985,,0.021482244450067283,,,,-0.018388256689968675,,-0.019480517988158964,,,,,,,0.011032071265478744,,-0.019480517988158964,0.01871345034094545,,,,-0.019480517988158964,,,,,,-0.014297449919737294,,,,,,,,,,0.012667175527261619,,,,0.009592960072754637,,,,0.012437188539881218,,-0.012655892918258253,,,,,,,-0.019480517988158964,-0.019480517988158964,,,,-0.015976259021661422,0.020018448958901355,,0.018922301622023997,,,0.014234447734739855,,-0.009825689617146104,,0.01207714508001656,,,0.021482244450067283,,0.01762493530449657,,,,-0.008559993378268444,,,0.021482244450067283,-0.015952381450035493,,,,,,,-0.013259906768070569,0.015521455314327722,-0.017406637975642972,0.007840365863713446,0.01103956387069689,,,,,,,,,,0.00990929591769567,0.01236638044292099,0.011427263072970395,0.008248565745856659,,0.01100071131576486,,,,-0.014234440377249129,,,,0.009074266340057929,-0.0070654177156455784,,,,,,,,0.005582079325481882,0.01842691758041413,,,0.0037150038064635723,0.0031644565524333243,,0.00681138641114176,0.008345882785117626,-0.00922769319837067,,,,
2024-12-31,,,,,,-0.01689396032562588,,-0.01344966059207623,,-0.019248753845322323,,,,0.018609928179945133,,0.020739618589071116,,,,-0.01294876524055791,,,,,0.020739618589071116,,-0.019248753845322323,,,,-0.019248753845322323,,,0.011270543777302803,,0.01647667699551544,,,,,0.020739618589071116,,,-0.019248753845322323,,,0.020739618589071116,,,-0.018532712699977832,,,-0.019248753845322323,-0.008566457808184958,-0.010089199354825888,,,,,-0.018717770181385294,,,,,,,,,,0.020739618589071116,,,,,,,,,,,-0.018083877595893402,0.007069584467082746,,,,0.01650046420013974,0.020739618589071116,,,,,,,,,,-0.009398981548095615,,,,,,-0.014218343491256936,,,,0.01859362053020534,-0.012005828224412568,,,,,,0.013527888533087985,,,,,,,-0.018151295323735488,,,,0.016312432247668582,,,,,,,0.020739618589071116,,,,,,,,,,0.020739618589071116,,,0.013878493909624466,0.013363766634274778,,,,,,,,,,,,,,,,,,,,-0.019248753845322323,,,,,,,-0.017699313091068966,0.019037661630675995,,-0.019248753845322323,-0.014679936396544031,,0.020739618589071116,,,-0.019248753845322323,,-0.009483716842926274,,,,,,0.015354402292809802,,,,,,,0.012664058066948786,,,,-0.009055691410075523,,,,,,,,,0.017559333750970442,,,,0.020739618589071116,,-0.015933023012557966,,,,,,-0.014565330763129054,,,,,,,,,-0.016324318210883152,-0.018574523934314798,,,,,-0.019248753845322323,,-0.019248753845322323,,,,-0.019248753845322323,,,,,,,,,,,,,-0.01638938936773125,,,,,,,,,,,,,-0.015494233956148679,,,,0.012604518946179,,,,,,,,,,,,0.020739618589071116,,,,,,-0.01418608771902548,,,,,,,,,,,,,,,,,0.012359913851772637,-0.019248753845322323,,,,,,,,-0.019248753845322323,0.013998946630689896,,,,,,,,,0.020739618589071116,,-0.01070992981340595,,,0.020739618589071116,,,,,,,-0.019248753845322323,,,,,,,,0.010525286745028286,,,,,,,,0.018863916741695377,,,,,0.01777164315920402,,,,,,,,,,,-0.019248753845322323,,0.015961022382621003,,-0.019092558081204632,0.015383500698404681,,,,-0.019163817282712603,,,0.020739618589071116,,,-0.012864986432081726,,,,,,,,,,0.01077157338344101,,,,,,0.014218430405196618,,0.01765039028335459,,-0.006866404962771599,,-0.010230655253664237,,,,,-0.019248753845322323,-0.019248753845322323,,,,-0.014760990149533519,,,,,,0.012363431758867487,,,,,,-0.016322446108220576,,,0.014844581160165201,0.014463275782235822,,,-0.016372388412624766,,,,-0.019248753845322323,,,,,,,,,,0.015527274787372675,,,,0.015231150147648701,,,,,,,,0.011358282508100599,0.013270879720162975,0.008835134836755923,-0.0050187629971758406,0.016551688456889868,,,,,,-0.019248753845322323,,,-0.007566880152258038,,,,,,,,0.007013429977380632,0.013977340398396435,,-0.010600449496251042,0.005797628505599429,0.004859167110162423,0.020739618589071116,0.005649572284741424,0.013920258298710271,-0.006346363719633777,,,,
2025-01-31,,,,,,-0.014493297455055194,,-0.010766399330541854,,-0.014629116402834529,,,-0.013486732182818472,,,0.018456009919607327,,,,,,,,0.018456009919607327,0.018456009919607327,,-0.015647963379092397,,,,-0.015068114449041258,,-0.015647963379092397,0.015746174742881,,,,,-0.008860934663597891,,,,,-0.015354688594993322,-0.015647963379092397,,0.018456009919607327,,,-0.015512606323329391,,,-0.010813372826931534,-0.01147193812843231,-0.011828624586874177,,,,,-0.015647963379092397,,,,,,,,,,0.016432798073569687,,,,,,,,,,-0.012454176185783625,,0.010481285660075388,,,,,0.018456009919607327,0.018456009919607327,-0.0132427286888083,,,,,,,,-0.009713822557366674,,,,,-0.013386010762381285,-0.010618530315268077,,,,,-0.013758219172397444,,,,,,0.009320089903016346,,,,,,,-0.015647963379092397,,,,0.005991824505844186,,,,,,-0.009374911212496234,,,,,,,,,,,0.018436032399626864,-0.014546424046697719,,0.015939200679314307,0.014783374523662404,,,,,,,,,,,,,,,,,,,,-0.0144460403246286,,,,0.01609350254053889,,,,0.018456009919607327,,,,,0.018456009919607327,,,-0.015647963379092397,,-0.008591666341140908,,,,,,0.012275401269986682,,,,,,,0.011680626600150514,,,,-0.012800232154221582,,,0.018456009919607327,,,,,,,,,,,,,,,,,,-0.009303760973972269,,,,,,,,,-0.012763329951985446,-0.015647963379092397,,,,,-0.015647963379092397,,-0.015647963379092397,,,,,,,-0.015647963379092397,,,,,,,,,,-0.014060001485460038,,,,,,,,,,,,,-0.011355584178746988,,,,,0.006132085662383631,,,,,,,,,,,,,,,,,-0.015011070269514244,,,,,,,,,,,,,,,,0.01672523209365833,0.005447618743050778,,,,,,,,,-0.014232335685506432,0.016160341335183476,,,,,,,,,0.01239334025193774,,,,,0.012579303621844987,,,,,,,-0.015647963379092397,,,,0.018456009919607327,,,,0.014279927139147067,,,,,,,,0.015099941914963435,-0.015647963379092397,,,,0.011010604669126291,,,,,,,,,,,,,0.006895735354522091,,-0.015647963379092397,0.013922174659850415,,,,,,,,,,-0.012450516418104744,,,,-0.01000258271650545,,,,,,0.012122955225938693,,,,,,0.01152187404453322,,0.00927149696601918,0.018456009919607327,-0.012346025560465088,-0.004751702060165418,,,,,,-0.011874969820016625,-0.012887953234256355,,,,-0.013124975107736378,0.018456009919607327,,0.0065864511477687045,,,0.012934028846828385,,,,,,-0.015647963379092397,,0.010879035555322993,0.0136983533276071,0.015077008735617126,,0.00821318650546657,,,,,-0.015647963379092397,,,,,,,,,,0.01482080924701824,,,,0.018456009919607327,,,,,,,,0.0049529062355101695,0.013317994733026767,0.0034650538703700873,-0.012020494964175185,0.015490559363264518,,,,,,-0.015647963379092397,,,-0.0036673034621356464,,,-0.013082459145272528,,,,,0.007707614186676544,,,-0.014448175446305033,0.007174175501755209,0.008380862277432293,0.018456009919607327,0.007688755181173551,0.0034553650812763227,,,,,
2025-02-28,,,,,,-0.018416475017186427,,-0.008758475729121272,-0.018981074841619216,-0.011956626618182998,,,,,,0.021017951033245705,,,,,,,,0.015758477646705536,0.021017951033245705,,-0.018981074841619216,,,-0.013609888829723703,-0.016799542275627768,,-0.018981074841619216,0.01375781777689967,,,,,-0.01203784868592994,,,,,-0.018981074841619216,-0.018981074841619216,,0.021017951033245705,0.015590422466998273,,-0.018981074841619216,,,-0.018981074841619216,,,,,,,-0.018981074841619216,,,,,,-0.013263409684551936,,,,0.020627108000620422,,0.012967319442557674,,,,,,,,-0.015891205321661377,-0.010637270823400274,0.011475205301267225,,,,,0.01496765610521992,,-0.014320343451132748,,,,,,-0.016905210326237943,,-0.013513576310809029,,,,,-0.016171950169168833,-0.016209551381247276,-0.011087629707532114,,,,-0.009954588171032334,,,,,,0.01275948148041945,,,,,,,,,,,0.01215803192951665,,,,,,-0.018981074841619216,,,,,,,,,,0.01199560093856129,0.019265145687505866,,,,0.021017951033245705,,,,,,,,,,,,,,,,,,,,-0.018981074841619216,,,,0.01989236447917691,,,,0.010836555533403331,-0.015330748500932776,,,,0.021017951033245705,,,,,-0.0059496281239325086,,,,,,0.014214557693933717,,,,,,0.02101458474805383,0.01537427034285257,,,,-0.009482380534217962,,,0.021017951033245705,,,,,,,,0.021017951033245705,,,,-0.014609293361546764,,,,,,-0.010348999930656822,,,,,,,,,-0.0069010640691939285,-0.018981074841619216,,,,,,,-0.018981074841619216,,,,,,,,,,,,,,,,,-0.018981074841619216,,,,,,,,,,,,,,,,,,,,,,,,,,,,,,,,,,,-0.01624331241863812,,-0.018981074841619216,,,,,,,,,,,,0.014010891088827394,,0.01978645636621287,,,,,0.01933325857508681,,0.021017951033245705,,,,0.013360438448728881,,,,,-0.018981074841619216,,,,,,-0.008833864412621328,,,0.021017951033245705,,,,,,,-0.01852956522767672,-0.01789310168790235,,,0.00989574969919664,,,,0.005423322411416304,,,,,,,,,,,,,,-0.018981074841619216,,,-0.018981074841619216,-0.013123790976229937,,,,,,,,0.009210787804659323,,-0.017574666540346003,0.021017951033245705,,,,,,,,,,,,,,,,,,,,0.011443314927472551,,,,,,0.013811385127379028,,0.011826425037011059,0.017973767106819225,,-0.003229306343262303,-0.01614909877903054,,,,,,,,,,-0.01679895460533429,0.01297677944297049,,0.010517810984516157,,-0.018981074841619216,0.0130751365119524,,,,,,-0.006422530151698197,,0.021017951033245705,0.015730574586726054,,,0.009137666226931017,,,,,-0.018981074841619216,,,,,,,,,,0.018562872723731597,,,,0.00956530846619998,,,,,,,0.021017951033245705,0.009649529482113953,,0.00793702522174506,,0.015982281933015385,,,,,,-0.01807666430929624,,,-0.007095370836548635,0.021017951033245705,0.019353382994102063,-0.017930332024200885,-0.008394112417140042,,,,0.004412682819524965,,,,,0.0043784062441542945,,0.005988993164058313,0.009858589343279042,,,,,
2008-10-31,,,,,,,0.011557569375994203,-0.01620206297864902,-0.015409572990880692,,,0.018030665606970423,,-0.017364938957550063,,,,0.018040494266713086,0.018040494266713086,-0.016245637033156596,,,-0.018646628306488045,,,,,-0.015820955746650132,,-0.018646628306488045,,,,,-0.018646628306488045,,,,-0.018646628306488045,0.018040494266713086,,,,,,,0.016893295303252863,,,,,,0.018040494266713086,-0.018646628306488045,,,0.018040494266713086,,,,0.018040494266713086,,,-0.018646628306488045,,-0.018646628306488045,,,,,,,,,,,0.01473534524576891,,,,,,-0.018646628306488045,,0.015106253821982581,,0.018040494266713086,,,,,,,,,,,,,,0.018040494266713086,,,0.0151601880394034,,,,0.009695079372334473,,,,-0.013788111008730012,,,,,0.018040494266713086,,,,,0.018040494266713086,,,,,,,,0.013198032306072353,,,,,,,,,,0.018040494266713086,0.01279007856523208,,,,,,,,,,,,,,-0.01546961087314191,,,,,-0.01793900167965059,,0.018040494266713086,,,,,0.018040494266713086,,-0.01679580363005083,-0.007054130978471577,,,,,,,,,,,,,,,,,-0.018646628306488045,,,,,,,,0.018040494266713086,,,,,,,,,,,,,0.016466122731955794,,,-0.009133806376290517,,,,,0.009521269737430609,,0.018040494266713086,0.018040494266713086,,,,,,,,,,,,,,,,,,0.018040494266713086,,,,0.017828606070512596,,-0.018646628306488045,0.01575340146539589,-0.014377368913494164,-0.01444478120924983,,,0.01643163125079689,,0.018040494266713086,,,,,,,,,0.018040494266713086,,,0.018040494266713086,,,,0.018040494266713086,,,,,,,,,,-0.01798919352422784,,,,,,,,,,,,-0.018646628306488045,,,,,,,,,,,-0.013997485210636295,,0.018040494266713086,,,,0.018040494266713086,,-0.018646628306488045,,,,,,,,,-0.018646628306488045,0.018040494266713086,-0.018646628306488045,,0.013966683569164716,,-0.017306682422600233,,,,,,,,,,,,,,0.018040494266713086,0.018040494266713086,,-0.018646628306488045,0.015654900379398762,,-0.018646628306488045,-0.011634994646597773,,,-0.018646628306488045,,,,-0.018646628306488045,0.018040494266713086,,0.014989951229208359,,-0.0131008534672244,,,,0.012772081704171854,,,,,,,-0.018646628306488045,,,-0.018646628306488045,,,-0.015097160980020494,,,-0.012752151235539707,,,-0.018646628306488045,,,,,,,,-0.0069694942561307725,,,,,-0.01262194448631066,,,,-0.011184927752615776,,,-0.018646628306488045,0.018040494266713086,0.008768264796746446,-0.01658726786131179,,,-0.018646628306488045,,0.012353757535134981,-0.018646628306488045,,,,,,,,,,,,,,,,,,,,,,,,,,,,,,,,,,,,,,,,,,,,,,,,,,,,,,,,,,,,,,,,,,,,,,,,,,,,,,,,,,,,,,,,,
2008-12-31,,,,,,,0.0056494327826234056,-0.012663453990223623,,,,,,,0.012713088987181325,,,,0.00988230385122425,-0.012480171907236156,,,,0.012713088987181325,,,,-0.008721753039495668,0.010571387351091473,-0.012663453990223623,,,,,-0.012663453990223623,,,,-0.012663453990223623,0.011135667916785835,,-0.012663453990223623,0.011865973531538983,,,,0.005714162173973012,,,,,,0.007753354762040257,,,-0.01098441284889847,,,0.012713088987181325,,0.012713088987181325,,,-0.012663453990223623,,,,,,,0.005774994486897135,,,,-0.012663453990223623,-0.012663453990223623,,,,,,,,-0.012663453990223623,,,0.012713088987181325,,,,,,,,0.012713088987181325,,,,,,,,0.012692635629240607,0.006063418098271817,,,,,,,,,,-0.012663453990223623,,,0.012713088987181325,,,0.012713088987181325,,,,-0.011130137821283966,,,,,,,0.012713088987181325,,0.0059602804096699595,,,,,-0.012663453990223623,0.008759203958580706,0.012713088987181325,0.007433732624472556,,,,,,0.008211154260509447,,,,,,,-0.012663453990223623,-0.008749376556356717,,,,,,0.01235233401292479,,,,,,,0.012713088987181325,,-0.010995620030572001,,,,,,,,,,,,,,,,,,,,,,,,,0.012713088987181325,,,,-0.012663453990223623,,,,,,,,,,,,-0.0030860812683221692,,0.012713088987181325,,,,,0.012713088987181325,0.012713088987181325,,,,,,,0.007709558673062622,,,,,,,,0.012713088987181325,,0.012713088987181325,,,,,0.008165681996731941,,,0.007959925775576774,-0.008983270900639433,-0.012663453990223623,,,0.011560100452778832,,,,,,,,,,,,,,,,,,,,-0.006069366207260934,,,,,,,,-0.012663453990223623,,,,,,,,-0.012663453990223623,,,,-0.010567664565973798,0.011896258241232045,,,-0.012663453990223623,0.012713088987181325,,,,,,,,0.011287047539136468,,,,0.012713088987181325,,-0.012663453990223623,,,,,,0.010608140924094407,,,,,,,,,-0.011431754873863517,,,,,,,,,,,,,,0.012713088987181325,0.012713088987181325,,,,,-0.012663453990223623,-0.012663453990223623,,,-0.012663453990223623,,,,-0.012663453990223623,,,0.005992927069278405,,-0.006371612073258179,-0.012663453990223623,,-0.007252817623114968,0.010456723395997273,,,,,-0.012663453990223623,-0.011998199070256295,,0.012713088987181325,,-0.010575398700694086,,,-0.012663453990223623,,,-0.006827648650882712,,,,,0.012713088987181325,,,,,-0.005308386010540367,-0.00849932836284256,,,-0.0049257602877926234,,,,-0.010576672205525819,,-0.012663453990223623,,,,0.012713088987181325,,,,,-0.008260822556180028,-0.007524476303280118,,,,,,,,,,,,,,,,,,,,,,,,,,,,,,,,,,,,,,,,,,,,,,,,,,,,,,,,,,,,,,,,,,,,,,,,,,,,,,,,,,,,,,,,,,,
2009-01-30,,,,,,,0.005229862790745181,-0.011770542628472692,-0.009285528110767566,,,,,-0.011770542628472692,,,,,0.010425408792994065,-0.011770542628472692,,,-0.011770542628472692,0.011746252445292036,,,,-0.011770542628472692,0.009462006084477372,-0.011770542628472692,,,,-0.011770542628472692,-0.011770542628472692,,,,-0.008869654952038432,0.011746252445292036,,,0.010876914031152894,,,0.009479721651604786,0.00574211374351395,,,,,,,,,,,0.008248936464652652,0.011746252445292036,,,,,-0.011770542628472692,,,,0.011746252445292036,,,,,,,-0.011770542628472692,-0.005012734261660786,,0.00734175323251193,,,,,,,,,0.011746252445292036,,,,,0.011746252445292036,,,0.011746252445292036,,,,,,,,0.011746252445292036,,,,,,,,,-0.00512032382670086,,,,,,,0.011291835412312072,,,,,-0.011770542628472692,0.006389183857848921,,,,,,0.006786884647347047,,,,,-0.005335276603182904,,,0.008684380965345987,,0.008552045409053341,-0.011650200077831428,,,,-0.011770542628472692,,-0.008987022436688492,,,,,,,-0.009521443996699096,,,,,,0.008084932602977261,,,,,,,0.011608413547309177,,-0.006830532429457832,,,,,,,,,,,,,,,,,-0.011770542628472692,,0.011746252445292036,,,,,0.011746252445292036,0.011746252445292036,,,,-0.011770542628472692,,,,,,,0.011746252445292036,,,,,-0.005784560906023894,,0.011746252445292036,,,,,0.008060264517067569,0.011746252445292036,,,,,,,,,,,,,-0.011007162209298768,,0.011746252445292036,,0.011746252445292036,0.011746252445292036,,,,0.00843960656988674,,,,,-0.010328939029814284,,,0.009618536009448286,,,,,,0.00894445528798599,,,,,,,,,,,,,0.011106035166247294,-0.007229332415195493,,,,0.010172606263076301,,,,-0.011770542628472692,,,,,,,,-0.011770542628472692,,,,,,,,,0.011746252445292036,,,-0.011770542628472692,,,,0.010030586060590386,,,-0.009031174953565434,,0.011746252445292036,,-0.011770542628472692,,,,,,0.009912143890721745,,,,,,,,,-0.007848650493113445,,,,,,,,,,,,,,0.011746252445292036,0.011746252445292036,,,,,-0.011770542628472692,-0.011770542628472692,,,-0.011770542628472692,0.0053898884312472755,,,-0.011770542628472692,,,,,,-0.011770542628472692,,,0.006137623967767664,,,,,-0.011770542628472692,,,,,-0.006918207883621738,,,-0.011770542628472692,,,-0.007634917008751674,,,,,0.011746252445292036,,,,,-0.008861257136259109,-0.00663576693260513,,,-0.008241711010684395,,,,,,-0.010541449429655608,,,,0.011746252445292036,,,,,-0.009469991195696309,-0.011770542628472692,,,,,,,,,,,,,,,,,,,,,,,,,,,,,,,,,,,,,,,,,,,,,,,,,,,,,,,,,,,,,,,,,,,,,,,,,,,,,,,,,,,,,,,,,,,
2011-11-30,,,,,,,0.024279668796965748,-0.025213696939178937,-0.020790348328788254,,,,-0.02345711495893112,,,,,,,,,,,,-0.025213696939178937,0.024279668796965748,,0.024123319636075894,,0.01611380158601195,0.024279668796965748,,,,0.024279668796965748,,-0.025213696939178937,,,0.019678394839004236,,-0.025213696939178937,,,,,,,,,0.0196773172216831,,,0.024279668796965748,,,,,,,,0.020147269808184157,,,,,,,,-0.025213696939178937,,,,0.024279668796965748,,-0.018205448441096454,,0.024279668796965748,,0.014228839953706357,,,0.018829377303350554,,,,,,,,,0.024078084182394474,,,-0.025213696939178937,,,,-0.025213696939178937,,,,0.024279668796965748,0.02288813012747189,,,,-0.021258143676326117,,,,,,-0.0168330723360446,,0.015460039402897353,,,,,,,,-0.021059793433678232,,,,,,,,,,,-0.025213696939178937,-0.020033635672045212,,,,,0.022003875394807193,,,,,,,,,,,,0.024279668796965748,,,,,,,,0.024279668796965748,,,,,,-0.025213696939178937,,,-0.01609929014463404,-0.020593624144143223,,,,0.024279668796965748,-0.013886484687335289,,,,,,,,,,,-0.025213696939178937,,,-0.025213696939178937,,,0.024279668796965748,-0.025213696939178937,,,0.024279668796965748,,,,,,0.024279668796965748,,,,,0.024279668796965748,-0.025213696939178937,,,,,,,,,,,,,,,,,0.024279668796965748,,,,-0.025213696939178937,0.011955506422058807,,,,,,,,,,-0.022326092515895544,,,,-0.019017060198967282,,,,,,0.024279668796965748,,,0.02181779293933723,,,,,,,,,,,,,,,,,-0.025213696939178937,,,,,,,0.024137444762752185,,,,,,,-0.02028790573482889,,,,,,,,,,,,0.024279668796965748,,,-0.015064565894041853,,,,,,,-0.021824474981799517,,-0.025213696939178937,,,,,-0.020561489732165723,,,-0.02439640783140529,,,,,,,,-0.023318247416314886,,,,,,,0.024279668796965748,0.018173701793392706,-0.025213696939178937,0.024279668796965748,,,,,,,-0.025213696939178937,,-0.019508632054741692,,,,,,,,,,,,,,0.024279668796965748,,-0.014783914953257041,,,,,,,,,,,,,,,,-0.01927408958203616,0.024279668796965748,,,,0.024279668796965748,-0.025213696939178937,,,-0.021366992608362105,-0.01302769652438938,,,,,0.014054213363255625,,,,,-0.02478921219541434,0.024279668796965748,0.021109174704181836,,-0.025213696939178937,-0.016650872862746104,-0.024251665906581565,-0.017083855839026385,,,0.01804722070023633,0.018322798262744713,0.0239837713616391,,0.024279668796965748,,,,,,0.024178087153363097,0.015093868749148321,,,,,0.019418718992789158,,,,,,-0.02048839714605517,,,,,,,,,,,,,,,,,,,,,,,,,,,,,,,,,,,,,,,,,,,,,,,,,,,,,,,,,,,,,,,,,,,,,
2011-12-30,,,,,,,0.02215760112529406,-0.022490243015924376,-0.022490243015924376,,,,-0.022011339581144183,,,,,,,-0.019958888851091112,,,,,-0.02203210288091334,0.021680695685366343,,0.018848059934546402,,0.015254061525292692,0.02215760112529406,,,,,,,,-0.015563545698915666,0.016248353027393164,,-0.022490243015924376,,,,,,,,,,,,0.02215760112529406,,,,,,,,,,,,,,,,,,0.019312546496627704,,,,-0.013700760181218689,,,,0.015161044822542324,,,0.01995219395935947,,,,,0.02215760112529406,,,,0.02215760112529406,,,-0.022490243015924376,,,,-0.02234383928875781,,,,0.02215760112529406,,,,,-0.02119757665356813,,,,,,-0.018791169863381307,,0.013796910653157506,,,,,,,,,,,,,,,,,,,-0.022490243015924376,-0.01687740435350357,,,,,0.01730917445195987,,,,0.015021741976137237,,,,,,,0.02215760112529406,,,-0.019985429872612086,,,-0.022490243015924376,,,0.02215760112529406,,,,,,,0.02215760112529406,0.02215760112529406,-0.011739719048574947,,,,,,-0.01835509748735075,,,,,,,,,,,-0.022490243015924376,,,-0.022490243015924376,,,0.02215760112529406,-0.022490243015924376,,,,,,,,,0.02215760112529406,,,,,0.02215760112529406,-0.022490243015924376,,,-0.021101829700944926,,,,,,,,,,,,,,0.02107909082309864,,,,,0.02215760112529406,,,,,,,,,,,,,,,-0.01788965193935378,,,,,,-0.022490243015924376,,,,,,,,,,,,,,,,,-0.022490243015924376,,-0.022306610877690904,,,,,,,,,,,,,,-0.02087469732642273,,,,0.01403373837327364,,,,,,,,0.02215760112529406,,,-0.01680551853764284,,,,,-0.022490243015924376,,-0.019358233493288624,,,,,,,,,,-0.010609861186435931,,,,0.017446246385179373,,,,-0.019278130047837592,,,,,,,0.02215760112529406,0.020864688503341743,-0.022490243015924376,,,-0.022490243015924376,,,,,,,-0.01761620000413546,,,0.015438581440939406,,,,,,,,,,,0.013220615499110973,,-0.014283872126653822,,,,,-0.022490243015924376,,,0.02215760112529406,,,,,-0.021828148332275747,,,-0.01624049638908129,0.021784174173956273,,,,,-0.022490243015924376,,,,-0.015840774656897847,,,,,,,,,,-0.016903814996438275,0.02215760112529406,0.02215760112529406,0.021621554472599617,-0.022490243015924376,-0.008096021707838985,-0.016234422838631843,-0.014307931379934972,,,0.01174172490425908,,0.01258002166271863,,0.02215760112529406,,,0.02215760112529406,,,0.02215760112529406,0.01202377976622461,,0.02215760112529406,0.015706603624658262,,0.016408853190862258,0.02215760112529406,,,0.01832507214406446,,-0.01968449091455116,,,,,,,,,,,,,,,,,,,,,,,,,,,,,,,,,,,,,,,,,,,,,,,,,,,,,,,,,,,,,,,,,,,,,
2017-02-28,,,,,,,-0.03532723759438045,,,-0.03369690548552496,,,0.02349925645051048,,-0.024518302527001615,,,,,,,-0.03532723759438045,,-0.015553545050851075,0.03178417330515775,-0.03532723759438045,-0.03532723759438045,,,,,,,-0.01802874059092087,,,0.02331735931112374,,0.008461330134570953,,,,,,0.03550218648616401,,,,,,,,,,-0.03071912508618657,,,-0.03532723759438045,,,,,,0.03550218648616401,,,,,,-0.033274845224085685,,,,,,,,,,-0.01809721510745191,0.014622724948198634,0.03550218648616401,,,0.03550218648616401,-0.03532723759438045,,,,,0.03550218648616401,,-0.021854653155461257,0.03550218648616401,,,,,,,,,,,,,,,,-0.03532723759438045,,0.03550218648616401,,,-0.022346555765153472,,,,,,,,,0.018609695646359503,,,,,,,,-0.030888658793184136,,,,0.03245420005912938,,,,,,,,,,-0.03532723759438045,,0.029277187021650664,,,,0.02721270594319145,,,0.018804121176577936,,,,,0.029450808411294424,,,,0.03550218648616401,,,,,0.03550218648616401,0.025682790185240605,0.0233783386658124,,,,,,,,,,,,,,,,-0.011986320827902838,,-0.03532723759438045,,,,,,,,,,,,,,0.03550218648616401,,,-0.03409971761810173,,,,,,,-0.03532723759438045,,0.03550218648616401,-0.03280711786536508,,-0.03532723759438045,,,,,,0.03550218648616401,,-0.030607857066309706,,,,0.03550218648616401,-0.03532723759438045,,,,,,,,,,,,,,0.018492401388185392,0.017742148251278542,,0.03414944571550124,-0.03532723759438045,,,,,,0.03550218648616401,0.03550218648616401,,0.03550218648616401,,0.03550218648616401,,,,,,-0.03472128805630141,,,0.03550218648616401,,,,,0.027708700785330054,-0.03532723759438045,,,,,,-0.03532723759438045,,,,,,,,0.02089074860791634,,,,,,,,,,,0.03456429097607935,,0.03550218648616401,,0.03550218648616401,,,,0.014221698598917733,,-0.023267767687878013,,,-0.03532723759438045,,,,,,,,,,,,,,0.03550218648616401,,,,,,,,-0.02804960195440407,,,,,0.0254681879450845,,,,,,-0.03532723759438045,,,,,0.018710100593573826,,,,,,,,,,,,-0.03532723759438045,,,,,,,,-0.03532723759438045,,0.021413151731833138,,,,,,,,,,0.03550218648616401,,,,,,,,-0.015635831236687527,,,,,,-0.02140020773943898,,-0.023275603862497548,0.03550218648616401,-0.009785241087008371,-0.03462805369732897,0.02397026666117895,-0.029069352717053284,,,-0.023423087660854377,0.03550218648616401,,,,,,,,-0.033746153312441254,,,,,,,,,,0.03550218648616401,-0.031524364827098486,,,,,,,,,,-0.022832670797040544,,-0.03532723759438045,,,,-0.026038003722012218,,,-0.020160899802992235,,,,,,,,,,,,0.020427249199152106,-0.03532723759438045,-0.02209032219347215,,0.028132256133050537,,,,,,,,,,,,,,,,,,,,,,,,,,,,,,,,,,,
2017-03-31,,,,,,,-0.03445236920746484,,,,,,,,-0.03445236920746484,0.03509064149266412,,,,,,-0.031648609092195155,,-0.03445236920746484,,-0.025675307073587405,,,,,,,,,,-0.024795382896142422,0.024708131243512708,,0.015247533623267357,,,,-0.03445236920746484,,0.03509064149266412,,,,,,,,,,-0.03445236920746484,,,-0.03445236920746484,,,,-0.023565695934458935,,0.03509064149266412,,,,,,-0.03445236920746484,,,,,,,,,,-0.016849531001106793,0.03509064149266412,0.014110157777677514,,,,,,,,,,,,0.02759743824796321,,,0.0331327254145418,,,0.030036481138509503,,,,,-0.034433930476626996,,,,,,,0.025467561996924286,,,-0.03345031693514649,,,,,,,,0.03509064149266412,0.014855109552922137,,,,,,,,,,,,0.02413553472949263,,,,,-0.03445236920746484,,,,,-0.03445236920746484,,0.018741342242630486,,,,0.02382363551897011,,,,,,,,,,,,0.0209889520436212,,,,,,0.025680884309300135,,,,-0.03353664225595594,,,-0.020675355542963635,,,0.03509064149266412,,,,,,,-0.03034669436349995,,-0.03445236920746484,,,,,,,,,,,,,,0.03509064149266412,,,-0.02754748785093587,,,,,-0.03445236920746484,,,,,-0.026269203891572227,,,,,,,,0.03509064149266412,,-0.02736869591515069,,,,,,,,,,,,,,,,,,,0.016264733059137792,,,,,,,,,0.03509064149266412,0.03509064149266412,0.030585236255247786,,0.03509064149266412,,0.02939262202488623,,,,,,-0.02145130048069454,,,,,,,-0.021651306313992143,0.03168953253582536,-0.03445236920746484,,,-0.028229405891266823,,,,,,,,,,,0.02183515168416665,,,,,,0.03509064149266412,,,,,0.0252974848806406,,0.03422447451920793,,0.021222764475886276,,,,0.02595725368026696,,-0.03259707196392639,,,-0.03445236920746484,,,,,,,,,,,,,,0.02976930619533639,,,,,,,,-0.03445236920746484,,,,,0.03500852433605297,,,,,,-0.03445236920746484,,,,,0.031878847097640425,,,,,0.03509064149266412,,,,,,,-0.03445236920746484,,,,,,,,-0.017678073628838276,-0.015765768279384862,0.0207909268621572,,,0.03509064149266412,0.03509064149266412,,,-0.03445236920746484,,,0.034443957918553245,,,,,,,,-0.016201056003968352,,0.03509064149266412,,,,,,-0.023554310982852364,,-0.01712547122544685,-0.02258521695696169,0.03337209633326869,-0.03445236920746484,0.020596249571123174,,-0.02163723730410675,0.026812736848730753,,,,,,,,-0.029325970836338772,,-0.022950541396043182,,,,-0.02495359414041605,,,,,-0.03445236920746484,,,0.03509064149266412,,,0.022115824780015867,,,,-0.03445236920746484,,-0.03048109830107821,,,,-0.026390937185895327,,,-0.027924031259961058,,,,0.03427148585905501,,,,,,,,,-0.03445236920746484,,,0.02695059250548413,0.03261880409996951,,,,,,,,,,,,,,,,,,,,,,,,,,,,,,,,,,
2019-05-31,,,,,,,-0.02304574568651487,0.023651493939260602,-0.02304574568651487,,,,,,,,,,,,,-0.02193410368050015,,,,0.02134670843188538,,0.016485966010908144,,-0.01612549477825538,-0.02304574568651487,,,,,0.012542499165376895,,,0.008923307694027133,,,,0.023651493939260602,-0.01661808970204463,,,0.023651493939260602,,,,,,-0.02304574568651487,-0.019032849041747586,,,,,,,,,,,,-0.02304574568651487,,,0.023651493939260602,,,,,,,,,,,,,0.011792975343699372,,,,,,,,,-0.02304574568651487,,-0.006300945293349949,,-0.011340018806507382,,,,,,,-0.01741966198326363,,,,,,,,,,,-0.02304574568651487,,,0.01992050029003366,,,,,,,0.023651493939260602,,,,,,,,,-0.019191807559147386,,,,,,-0.019007852884315248,,0.01891377205347652,-0.02043986330567224,,-0.02304574568651487,,,-0.0202895421742385,,-0.016282895576945473,,,,,,,-0.018321671690380303,,,,-0.021170710423444775,,,0.023651493939260602,,-0.012754600823877846,,,,,,,-0.02124845081584404,,-0.02304574568651487,-0.015664585934090987,0.019396880623919303,,-0.015204458629548475,0.023651493939260602,,,,,,,,,,0.023651493939260602,0.018014230336226084,,,,,,,0.023277168665463786,-0.02304574568651487,-0.02304574568651487,,,,,,,-0.01699804795527434,,,0.023651493939260602,,0.023651493939260602,,,,,-0.02304574568651487,,,,,0.023651493939260602,,,,-0.01605529206651576,,,,,,,,,,,,,,,0.023651493939260602,,,,,,-0.01473916585094179,-0.022427476248956867,,,0.00963242657740414,,0.023651493939260602,,,,,,,,,,,,,,,,,,,,,,,,,,,,,0.023651493939260602,,,,,0.023651493939260602,,,,-0.018142226520514643,,0.02262196088817913,,,,,,,,,-0.02304574568651487,,0.023189110833357243,,-0.02304574568651487,,,-0.02304574568651487,-0.018983804546341035,,,,,,-0.02304574568651487,,,,,0.023651493939260602,,,,-0.019991238115856083,,0.017906545742751967,,,,,,,,,,,,,,0.016864846539329275,,,,,,,,,0.02199691249215794,,,-0.018620217794422876,,,,-0.012897062239466552,,,,,,-0.02304574568651487,,,,,,,,-0.014169404280669604,-0.014448965394002502,,0.013396649800250232,,,,,,,,,,,,,,0.015959192656724776,,,,-0.00975054410760724,,,,0.022904858060312623,,,0.018053729963573625,0.023651493939260602,0.01649111292301416,,-0.01660284166843047,,,-0.02124958012813135,,0.013622817821918466,,,,,,,0.023651493939260602,0.01641857196465085,0.018714930680606395,,0.012367021346183251,,,,,,,,,,0.023651493939260602,,,,,0.023651493939260602,,,,-0.013357455596936373,,,,,,0.013576919550466957,,,,-0.02207485883301905,,0.011869477108181582,,0.013749605865946282,,-0.02304574568651487,,0.008037067121035208,,,-0.020356089515647068,,0.019349656346225628,,,,,0.00702370009012721,,,,,,,0.012992800611289315,0.023651493939260602,,,,,,,,,,,,,,,,,,,,,,,,,
2019-12-31,,,,,,,-0.027094607944670324,,,,,,,,,,,,,-0.011180525594435786,,,,,,,,,,,-0.023772734816407196,,,,,,0.022450553633781654,,0.009730979775540011,,,,,,,-0.027094607944670324,,-0.027094607944670324,,,,,,,,,0.026178430274225402,-0.027094607944670324,,,,-0.01091852267130701,,,,,-0.027094607944670324,,,0.026178430274225402,,,,0.026178430274225402,,,,,,-0.027094607944670324,,,,,,,,-0.027094607944670324,,,,,-0.015181085046795103,,-0.004136168719861352,,-0.017420572552064553,,,-0.027094607944670324,,,-0.023315543502405705,,,,,,,,-0.027094607944670324,,-0.010185864887833494,,,-0.0182192789443665,,,,,,,,0.020377578214239123,,,0.016472109003265706,,,,,,,,,,,,,0.01794749812966687,,,,,0.026081168814745353,,,,0.020695006110594345,,,0.026178430274225402,,,,,,,,,,,,,,,,,,,,0.016236800206064318,,,,,-0.017864555820757137,,,,,-0.027094607944670324,,,,,0.026178430274225402,,,,,,,-0.02695744789605295,,0.026178430274225402,-0.027094607944670324,,0.02476764135266319,,,,-0.024852663412202294,-0.019588615691152146,,,,,,-0.027094607944670324,,-0.026139663391441713,,0.026178430274225402,,-0.022490262170306686,,0.026178430274225402,0.021319290815501636,,,-0.017199980827496672,,0.016152070405373566,,,-0.025021829884196215,,0.016893021204105962,,0.026178430274225402,,0.026178430274225402,,,,,,,-0.027094607944670324,,,,,,,,,,,,,,,,,,,,,,,-0.027094607944670324,,,,,,0.026178430274225402,,,,,,,,,,,,,,,,,,-0.01780596826298152,0.026178430274225402,,-0.027094607944670324,0.01822371797863218,,,,,,,,,,,,,,-0.014592120823615285,,,,,,,-0.018432204512288677,,-0.016869505843657165,,,,-0.023640078044282548,,,,,-0.024655156656628815,,,,,,,,,,0.026178430274225402,,,,0.021302469402395635,,0.026178430274225402,,,,0.026178430274225402,,,,,,,,,,,,-0.016831731085935716,,,,,,,,,,,-0.027094607944670324,0.02213701146716396,,,,,,-0.02296364652703754,,,,,,,,,-0.027094607944670324,,,,0.011705244202638222,,-0.015365487745724372,,0.020799687534604067,,,,,0.026178430274225402,-0.027094607944670324,0.024403758107460906,,0.026178430274225402,0.017971887921453177,,,,-0.02244265782591222,0.016812864768660316,0.016629389081979997,,-0.00974527191061471,,,,,,0.025420320609951533,0.026178430274225402,,,,,,,0.019560441886799885,,,,0.02450707495092351,,,0.01944968486565515,,,0.026178430274225402,,0.015240702356880628,,-0.013700215908100692,0.023407552965844267,,0.026178430274225402,,,,,,,,,,,0.019386957941952308,0.026178430274225402,-0.027094607944670324,,,-0.027094607944670324,,-0.027094607944670324,,,,,,-0.027094607944670324,0.009056158235527726,,,0.023512201261742215,,,0.02326467572392057,0.026178430274225402,,,-0.027094607944670324,-0.02317564125940757,,,,,,,,,,,,,,,,,,,,,,
1997-07-31,,,,,,,,0.032228698156113,,,,,,,,,,,0.0218007663875912,-0.03336480918722208,,,-0.01965335400093074,,,,-0.02673683211761751,,,-0.02865625382069174,,-0.03336480918722208,,0.02887670548437285,,,-0.03336480918722208,-0.0214144718752539,0.029993856744070457,,0.032228698156113,,,,,-0.03336480918722208,,0.032228698156113,-0.03336480918722208,-0.03336480918722208,,,-0.03336480918722208,,,0.02705897232453012,,,-0.03336480918722208,,,,-0.03336480918722208,,,0.032228698156113,,,,,,-0.03336480918722208,,-0.03336480918722208,,0.032228698156113,,,,-0.020646833899977488,-0.027793157297290687,,-0.010965420917898708,,,,,,,,,,,0.032228698156113,0.032228698156113,0.032228698156113,,,-0.03336480918722208,,0.032228698156113,,0.032228698156113,,,,,,,-0.03336480918722208,,,,,,,,-0.03336480918722208,,,,,,,-0.03336480918722208,0.026980565062696978,,,,-0.03336480918722208,0.032228698156113,0.032228698156113,,,0.032228698156113,,,,,,0.032228698156113,,,,,,-0.03336480918722208,,0.02138711836999179,,,,,,,,,,,,,,,,,,,-0.03336480918722208,,,,,0.032228698156113,,-0.03336480918722208,,0.032228698156113,,-0.03336480918722208,,,0.022773021211792747,,,,,0.032228698156113,,-0.03336480918722208,,,-0.03247483691397263,,,,0.032228698156113,,0.032228698156113,-0.03336480918722208,,,-0.03336480918722208,,,,0.032228698156113,,,0.0272622194352391,0.032228698156113,,,0.032228698156113,,,,,,,,0.032228698156113,0.032228698156113,0.032228698156113,0.032020169259846715,-0.02140945765877134,-0.03336480918722208,-0.03336480918722208,,,,,,,,,,,,,,,,,,,,,,,,,,,,,,,,,,,,,,,,,,,,,,,,,,,,,,,,,,,,,,,,,,,,,,,,,,,,,,,,,,,,,,,,,,,,,,,,,,,,,,,,,,,,,,,,,,,,,,,,,,,,,,,,,,,,,,,,,,,,,,,,,,,,,,,,,,,,,,,,,,,,,,,,,,,,,,,,,,,,,,,,,,,,,,,,,,,,,,,,,,,,,,,,,,,,,,,,,,,,,,,,,,,,,,,,,,,,,,,,,,,,,,,,,,,,,,,,,,,,,,,,,,,,,,
1997-08-29,,,,,,,,0.02968445635038491,,,,,,,,,,0.02968445635038491,,-0.03252981391927537,-0.03252981391927537,,-0.029411145944283377,,,,,,-0.02164529493396814,-0.03252981391927537,,-0.017055471455423094,,,,-0.015477870828305304,-0.023237550875497438,-0.00881308190482374,,,0.02968445635038491,,,,,-0.03252981391927537,,,-0.03252981391927537,-0.03252981391927537,,,-0.03187891618570783,,,0.02968445635038491,,,-0.03252981391927537,,,-0.03252981391927537,,,,0.02968445635038491,0.02968445635038491,,,,0.02968445635038491,-0.03252981391927537,,-0.03252981391927537,,0.02968445635038491,,,,-0.026886220907664845,-0.026271908771457412,,-0.023421524073749176,,,,,,,,,,,,,,,,,,0.02968445635038491,0.02968445635038491,0.02968445635038491,0.023697029211437026,,,0.02968445635038491,,,,,,,,,,,-0.027155503458115224,,-0.03252981391927537,,,,,-0.03252981391927537,0.026409860921062605,,,,-0.03252981391927537,,0.02968445635038491,,,0.02968445635038491,,-0.01843591409561546,,,,,,,,,,-0.02744144188213811,,0.02373737383991766,,,,,0.02968445635038491,,0.02968445635038491,,,,,-0.03252981391927537,,,,,,,-0.03252981391927537,,0.02968445635038491,,,0.02968445635038491,,-0.028702003686304222,,,,,,,0.02968445635038491,,,,,,,,,,,,,,0.02968445635038491,,0.027412895215635166,,,,-0.03252981391927537,,,,0.02968445635038491,,,0.02642114376920284,0.02968445635038491,,,,0.02968445635038491,,,0.02968445635038491,,,,,0.02968445635038491,0.02968445635038491,0.023543198453563983,-0.03252981391927537,-0.03252981391927537,,0.02968445635038491,0.023728304517349114,-0.03252981391927537,-0.03252981391927537,,,,,,,,,,,,,,,,,,,,,,,,,,,,,,,,,,,,,,,,,,,,,,,,,,,,,,,,,,,,,,,,,,,,,,,,,,,,,,,,,,,,,,,,,,,,,,,,,,,,,,,,,,,,,,,,,,,,,,,,,,,,,,,,,,,,,,,,,,,,,,,,,,,,,,,,,,,,,,,,,,,,,,,,,,,,,,,,,,,,,,,,,,,,,,,,,,,,,,,,,,,,,,,,,,,,,,,,,,,,,,,,,,,,,,,,,,,,,,,,,,,,,,,,,,,,,,,,,,,,,,,,,,
1997-09-30,,,,,,,,0.03157780499647955,,,,,,,,,,0.026610318754512866,,-0.03397419359276178,-0.03397419359276178,,,,,,-0.02721890874337608,,-0.03397419359276178,-0.029498735840614625,,-0.015440468030652283,,,,,-0.019235395988760496,-0.03315579787649069,,,0.03157780499647955,0.03157780499647955,,,-0.03397419359276178,,,0.03157780499647955,,-0.03397419359276178,,,,,,0.03157780499647955,,,-0.03397419359276178,,,,,,,0.03157780499647955,,,,,,-0.03397419359276178,,-0.02892881691623372,,,,,,-0.020988443960542242,-0.019936273376495943,,-0.01151630539226988,,,-0.03397419359276178,,,,,,,,0.03157780499647955,,,,,,,,0.03157780499647955,,0.03077892022189571,-0.03397419359276178,,,,0.03157780499647955,,,,,,,,,-0.03397419359276178,,,,,,,-0.030787301820127864,0.028501023486506318,,,,,,0.03157780499647955,,,0.03157780499647955,,,,,,,,,,,,-0.03397419359276178,,0.027057957365255795,-0.03397419359276178,,,,0.03157780499647955,,0.03157780499647955,,,,,,-0.03397419359276178,,,,,,-0.03397419359276178,,0.03157780499647955,0.03157780499647955,0.03157780499647955,0.03157780499647955,,-0.03397419359276178,,,,,,,0.03157780499647955,,,,,0.03157780499647955,,,,,,,0.016259983608744966,,,,0.03157780499647955,,,,-0.03397419359276178,-0.03397419359276178,,,,,,0.03157780499647955,0.03157780499647955,,,,,,-0.03397419359276178,0.03157780499647955,,,,,0.03157780499647955,,0.03157780499647955,-0.024742695056440438,-0.03397419359276178,,0.03157780499647955,0.02946885229718201,-0.03397419359276178,,0.03157780499647955,0.03157780499647955,-0.03397419359276178,-0.03397419359276178,-0.03397419359276178,,,,,,,,,,,,,,,,,,,,,,,,,,,,,,,,,,,,,,,,,,,,,,,,,,,,,,,,,,,,,,,,,,,,,,,,,,,,,,,,,,,,,,,,,,,,,,,,,,,,,,,,,,,,,,,,,,,,,,,,,,,,,,,,,,,,,,,,,,,,,,,,,,,,,,,,,,,,,,,,,,,,,,,,,,,,,,,,,,,,,,,,,,,,,,,,,,,,,,,,,,,,,,,,,,,,,,,,,,,,,,,,,,,,,,,,,,,,,,,,,,,,,,,,,,,,,,,,,,,,,
1998-10-30,,,,,,,,-0.02309358844489539,-0.021573949537333548,,,,,,0.022280114636131085,,-0.02309358844489539,0.02085726806792511,,,0.022280114636131085,,-0.02309358844489539,,,-0.02172317881317046,0.018964372569220685,,,,,,,,,-0.0051661476311194885,0.01931694905316087,0.020849560034032925,,,-0.02309358844489539,,,,,,0.022280114636131085,-0.02309358844489539,,,,,,,,-0.02309358844489539,,,,,,,,-0.02309358844489539,,-0.02309358844489539,,,-0.02309358844489539,,,,0.019780119242913168,0.022280114636131085,-0.02309358844489539,,-0.02309358844489539,,,,,,0.013782320547007771,,,0.022280114636131085,0.022280114636131085,,,,,,,,,,,,0.020950051598834715,-0.01549501274859195,,-0.02309358844489539,,-0.01157568704311706,0.022280114636131085,,,,,,,,,,,,,-0.020153537192392747,0.022280114636131085,,,0.022280114636131085,,-0.020783406909296875,,,-0.01279221002231841,,-0.02309358844489539,,0.022280114636131085,0.02154068463886727,,0.022280114636131085,,,0.013561414146607957,-0.022884542400510268,,,,,,,,,,,,,,,,,-0.02309358844489539,0.022280114636131085,,,,,-0.02309358844489539,,,-0.022266620517908873,,,,,,,,,,,,,-0.016980907771713523,,-0.02309358844489539,,0.022280114636131085,,0.022280114636131085,,,,,,,0.022280114636131085,,-0.02309358844489539,,,,,,,,,,,,,,,,0.022280114636131085,,,,,0.022280114636131085,,,,,,,,-0.02309358844489539,-0.022474708341242947,,,,,-0.02309358844489539,,,,,,0.022280114636131085,0.022280114636131085,,0.022280114636131085,0.022280114636131085,,,,,,,,-0.02309358844489539,-0.02309358844489539,,-0.015333887765959562,,,,0.013327103891186218,0.022280114636131085,-0.02309358844489539,,,,0.02042362123423582,,,-0.02309358844489539,,,0.022280114636131085,,0.022280114636131085,,0.022280114636131085,,,,,,,,,,,,,,,,,,,,,,,,,,,,,,,,,,,,,,,,,,,,,,,,,,,,,,,,,,,,,,,,,,,,,,,,,,,,,,,,,,,,,,,,,,,,,,,,,,,,,,,,,,,,,,,,,,,,,,,,,,,,,,,,,,,,,,,,,,,,,,,,,,,,,,,,,,,,,,,,,,,,,,,,,,,,,,,,,,,,,,,,,,,,,,,,,,,,,,,,,,,,,,,,,,,,,,,,,,,,,,,,,,,,,
1999-08-31,,,,,,,,0.028718568432515173,-0.029642364015116076,,,,,,,,0.028718568432515173,,,-0.026127001753710084,,,-0.016997917423465788,0.028718568432515173,,0.028718568432515173,,-0.015356178844284822,-0.029642364015116076,,0.0251558312154604,,,,,-0.012549543123165923,0.023286195300467147,,,-0.029642364015116076,,,,,,-0.029642364015116076,,-0.017082416253251312,,0.028718568432515173,,-0.029642364015116076,-0.027638401471211226,,,,,,,,0.028718568432515173,,,,,,,-0.026557856273261668,-0.029642364015116076,,,,,0.028718568432515173,,,,-0.029642364015116076,,,,,,,,,,,,,-0.029642364015116076,,,,,,,,,,,,,-0.01621258241544181,,0.028718568432515173,,0.028718568432515173,,0.028718568432515173,,,,0.028718568432515173,,,,0.028718568432515173,,,-0.029642364015116076,,-0.029642364015116076,,,,0.021856894492063485,,,-0.029642364015116076,0.028718568432515173,-0.029642364015116076,-0.027347475586133613,,,,,0.028718568432515173,,0.028718568432515173,,,0.028718568432515173,,,,,,,,,-0.029642364015116076,,,,,-0.029642364015116076,-0.029642364015116076,-0.029642364015116076,,-0.029642364015116076,,,-0.008597226782696043,0.028718568432515173,,-0.029642364015116076,-0.029642364015116076,,,0.01848834597982197,,,-0.02562413520672991,,0.02719726590088358,,,,,,0.028718568432515173,,,-0.016672152719632512,,0.028718568432515173,,,,,,,,,,,,,0.02767925999088294,,,,,,,,,,,,,,,,-0.029642364015116076,,,,,,,,,,-0.02851930476436251,-0.029642364015116076,,,,,,,,,0.028718568432515173,,,0.028718568432515173,,,,0.028718568432515173,,0.028718568432515173,,,-0.029642364015116076,0.02805475456745257,,0.028718568432515173,,,,,,,0.015284679493796674,,,,,,,,,,,,,,,,0.019371519109793893,0.0145768320423743,-0.029642364015116076,,,,,,,-0.029642364015116076,,,,0.028718568432515173,,,,0.019024790949165107,0.028718568432515173,0.019682144707692528,-0.029642364015116076,,,,,,,,,,,,,,,,,,,,,,,,,,,,,,,,,,,,,,,,,,,,,,,,,,,,,,,,,,,,,,,,,,,,,,,,,,,,,,,,,,,,,,,,,,,,,,,,,,,,,,,,,,,,,,,,,,,,,,,,,,,,,,,,,,,,,,,,,,,,,,,,,,,,,,,,,,,,,,,,,,,,,,,,,,,,,,,,,,,,,,,,,,,,,,,,,,,,,,,,,,,
1999-12-31,,,,,,,,0.027094324483236065,-0.025666350507679056,,,,,,-0.011860266011275579,-0.025666350507679056,,,,,,,,,,,,-0.02221254962043181,-0.021961473332111146,0.014335685074575062,0.013631293259299682,,0.02184968823688766,,,0.021493486997737395,0.01681522884307633,,,-0.009511000976835736,,,,,,,-0.025666350507679056,-0.021030127901598927,,0.027094324483236065,,-0.025666350507679056,-0.025666350507679056,-0.019602792504210483,,,,,,,0.027094324483236065,,,-0.025666350507679056,,,,-0.02519522079707498,,,0.027094324483236065,,,0.017189179314699876,,0.027094324483236065,,-0.025666350507679056,,,,-0.025666350507679056,,,,,0.027094324483236065,,,,-0.025666350507679056,,,,,,,,,,,,,,,,-0.025666350507679056,0.026609507730295707,,,,,,,,,,0.027094324483236065,,-0.025666350507679056,,,,,,,0.01722267824829369,,,,,-0.025666350507679056,,,,,,0.016725001875377794,,0.027094324483236065,,,0.027094324483236065,,,,,,,,,-0.025666350507679056,-0.02259185948812247,,0.024539810711290265,,,,,,-0.025666350507679056,,,-0.01621345279485905,0.027094324483236065,-0.025666350507679056,,-0.02438462724307275,,0.027094324483236065,,-0.025666350507679056,,-0.025666350507679056,,,,,,,,0.027094324483236065,,,-0.021351514690181258,,,,,,,,,,,,,,,,,,,0.027094324483236065,-0.025666350507679056,,,,,,,,,,,,,-0.025666350507679056,,,0.027094324483236065,,,,,,,-0.025666350507679056,,0.027094324483236065,,,-0.025666350507679056,,,0.023097589541661735,,,0.027094324483236065,,,,,,,0.027094324483236065,0.027094324483236065,-0.01895058562995442,0.012515415594029551,,0.027094324483236065,,-0.025666350507679056,,0.027094324483236065,,,,,,,,,,,,,,,,,,,,0.011229406973169119,-0.025666350507679056,,,,,,,,,,,0.027094324483236065,,-0.025238560399868607,0.027094324483236065,0.01679219014913652,0.027094324483236065,,,0.022496322137448094,-0.023615504227513604,-0.025666350507679056,,,,,,,,,,,,,,,,,,,,,,,,,,,,,,,,,,,,,,,,,,,,,,,,,,,,,,,,,,,,,,,,,,,,,,,,,,,,,,,,,,,,,,,,,,,,,,,,,,,,,,,,,,,,,,,,,,,,,,,,,,,,,,,,,,,,,,,,,,,,,,,,,,,,,,,,,,,,,,,,,,,,,,,,,,,,,,,,,,,,,,,,,,,,,,,,,,,,,,,,
2000-05-31,,,,,,,,0.019491386915350826,,,-0.018977187205538294,-0.01911970626410964,,-0.01911970626410964,-0.01911970626410964,,,,,,0.019491386915350826,,,,,,0.01773688932766745,,-0.01911970626410964,,,,,,,,0.016040900892757448,,0.013561728891795785,,,,-0.01911970626410964,,,,-0.01911970626410964,-0.01911970626410964,,0.019491386915350826,,0.019491386915350826,,-0.015433375471986763,,,,,0.019491386915350826,,,0.019491386915350826,,,,,,-0.011512836129041377,,,0.019491386915350826,0.019491386915350826,,0.019491386915350826,,,,,,0.016175264408738316,,-0.01911970626410964,,,,,0.019491386915350826,,,,-0.01911970626410964,,,,,,,,,-0.008726570346638561,,,0.019491386915350826,,,,-0.017334536244901298,,,,,,,-0.01911970626410964,,,,,,,,,,0.011144361257757068,,,,,,,,-0.01911970626410964,,,0.019491386915350826,,,,0.012911192503897799,0.014446119139404724,-0.01911970626410964,,,,,0.019491386915350826,,,,,,,,-0.01911970626410964,-0.013516900338786546,,,-0.017470901082272377,,,,,,-0.010937659433149515,,,-0.01911970626410964,,,0.019184464278505686,,,,-0.005948604788191055,,,0.019491386915350826,,,,-0.01911970626410964,0.018798403323529674,,,-0.01911970626410964,,,,,0.012281848349277385,,,,,,,,,-0.01911970626410964,0.019491386915350826,,,,,,,,,,,,,,0.01297104266079857,,,,,,,,,,,,,,,,,,,,,,,,,,,,,,,,0.019491386915350826,0.019491386915350826,-0.01475307860604011,,-0.01911970626410964,,0.010185270653531421,,,,,,,,-0.01911970626410964,,,,,-0.01911970626410964,,,,,,,0.019491386915350826,0.01584793451374647,0.014105465884602174,,,0.019491386915350826,,-0.01911970626410964,0.019491386915350826,,,,,,,,,-0.01911970626410964,0.019491386915350826,-0.01368722222499836,,0.015023908085115978,,,-0.016355490821547067,,,,-0.01911970626410964,,-0.01911970626410964,,-0.01911970626410964,,-0.01911970626410964,0.019491386915350826,0.012541419251097842,,,,,,,,,,,,,,,,,,,,,,,,,,,,,,,,,,,,,,,,,,,,,,,,,,,,,,,,,,,,,,,,,,,,,,,,,,,,,,,,,,,,,,,,,,,,,,,,,,,,,,,,,,,,,,,,,,,,,,,,,,,,,,,,,,,,,,,,,,,,,,,,,,,,,,,,,,,,,,,,,,,,,,,,,,,,,,,,,,,,,,,,,,,,,
2000-06-30,,,,,,,,0.014829127187091019,,,,,0.018676085502189476,,-0.018629147235237228,-0.014387737740710223,,,,,0.015647464200236945,,,,-0.018629147235237228,,0.01697178644973659,,-0.018629147235237228,,,,,,,,,,0.017466120773120868,-0.01323982837870611,-0.018629147235237228,,,,,,,-0.011976437526519407,,0.018676085502189476,,0.018676085502189476,,-0.01644972195962032,,,,,0.018676085502189476,,,,,,,,,-0.018629147235237228,,,,0.018676085502189476,,0.018676085502189476,,,,,,0.008139154682816896,,-0.018629147235237228,,,,0.01801333852102039,0.018676085502189476,,,,-0.018629147235237228,,,,,,0.018676085502189476,,,-0.013313265029597352,,,0.018676085502189476,,,,-0.018629147235237228,,,,,,,,,,,0.018676085502189476,,,,,,,,,,,,,,-0.018629147235237228,,,,,,,0.009886592510641586,0.011954952821660073,-0.018629147235237228,,-0.018629147235237228,,,0.018676085502189476,0.018676085502189476,,,,,,,-0.018629147235237228,-0.018629147235237228,,,,,,,,,-0.014248914893554043,,,-0.017657650284968147,,,0.018676085502189476,,,,-0.009967895170766098,,,0.018676085502189476,,,,-0.018629147235237228,0.016536165234470917,,,,,,0.018676085502189476,,,,,,,,,,,-0.018629147235237228,0.018416542803709343,,,,,,,0.018676085502189476,,,,,,,,,,,,,,,-0.018629147235237228,,,,,,,,0.018676085502189476,,,,,,,,,,,,,,,-0.018629147235237228,0.018676085502189476,,-0.01391242431242822,,-0.018629147235237228,,0.011239837902092872,,,0.018676085502189476,,,,,-0.01723676914924844,,,,,-0.018629147235237228,,,-0.018629147235237228,,,,0.018676085502189476,0.018676085502189476,0.018676085502189476,,,,,-0.018629147235237228,0.018676085502189476,,,,,,,,,-0.018629147235237228,,-0.010090151304236137,,0.016113162724548595,,,,-0.018629147235237228,0.018676085502189476,,-0.018629147235237228,-0.016202292645496386,,-0.01298292976376434,-0.018629147235237228,,,,0.008590006265416878,0.018676085502189476,0.015317456644483383,-0.018629147235237228,,,,,,,,,,,,,,,,,,,,,,,,,,,,,,,,,,,,,,,,,,,,,,,,,,,,,,,,,,,,,,,,,,,,,,,,,,,,,,,,,,,,,,,,,,,,,,,,,,,,,,,,,,,,,,,,,,,,,,,,,,,,,,,,,,,,,,,,,,,,,,,,,,,,,,,,,,,,,,,,,,,,,,,,,,,,,,,,,,,,,,,,,,
2000-07-31,,,,,,,,0.02411565653257933,,,-0.024511392603166166,,0.021533793998679558,,,,,,,,0.02411565653257933,,,,-0.010843382356240577,,0.02411565653257933,,-0.02019211476012083,,,,,,,,,,0.0189003527081242,-0.01668644964271759,-0.014784596133393696,,,,,,-0.024511392603166166,,,0.02411565653257933,,0.02411565653257933,,-0.015181688242681228,,,-0.024511392603166166,,0.02411565653257933,,,,,,,,,,,,,0.02411565653257933,,0.023298611600058687,,,,,,0.01513976143500791,,-0.024511392603166166,,,,0.02014093019746854,0.02411565653257933,,,,-0.024511392603166166,,,,,,0.02411565653257933,,,-0.01564060344961524,-0.024511392603166166,,0.02056535139909784,,,,-0.014600010943565422,,,,,,,-0.024511392603166166,,,,,,,,,,0.01718563391294322,,,,,,,,-0.02401713427350864,,,,,,,0.020323214125652772,0.017099386145935362,-0.024511392603166166,,-0.024511392603166166,,,0.02411565653257933,0.022138943140679893,,,,,-0.024511392603166166,,-0.024511392603166166,-0.024511392603166166,,,-0.024511392603166166,,,,,,,-0.024511392603166166,,-0.021711978666265837,,,0.02411565653257933,,,,,,,0.02411565653257933,,,,-0.024511392603166166,0.02411565653257933,,,,,,0.02411565653257933,,,,,,,,,,,-0.024511392603166166,0.02411565653257933,,,,,,,0.02411565653257933,,,,,,,,,,,,,-0.024511392603166166,,,,,-0.020355255391689305,,,,,0.02411565653257933,,,,0.02411565653257933,,,-0.024511392603166166,,,,,,-0.024511392603166166,,-0.024511392603166166,0.02411565653257933,,,,-0.024511392603166166,,0.016673883067639853,,,0.02304667570925794,,,,,-0.024511392603166166,,,,,-0.024511392603166166,,,,,,,0.02411565653257933,0.02411565653257933,0.018482212623270322,0.018284121888205763,,,,,0.02411565653257933,,,,,,,,,,,-0.01807035338020166,,0.019859299057033198,,,,,,,-0.024511392603166166,,-0.021734064360544484,-0.010393229386820645,-0.024511392603166166,-0.024511392603166166,,,0.01473987760568812,0.023550576338197206,,,,,,,,,,,,,,,,,,,,,,,,,,,,,,,,,,,,,,,,,,,,,,,,,,,,,,,,,,,,,,,,,,,,,,,,,,,,,,,,,,,,,,,,,,,,,,,,,,,,,,,,,,,,,,,,,,,,,,,,,,,,,,,,,,,,,,,,,,,,,,,,,,,,,,,,,,,,,,,,,,,,,,,,,,,,,,,,,,,,,,,,,,,,
2000-09-29,,,,,,,,0.028950986332341187,,,,,,,,,,,,,0.028950986332341187,,,,-0.02836766100698407,,0.028950986332341187,,-0.02836766100698407,,,,,,,0.01952276655163436,,,0.015527869861683185,-0.017070071681027855,,,,-0.0239642089924656,,,,-0.02836766100698407,,,,0.028950986332341187,,,,,-0.02836766100698407,,,,,,,,,-0.017699383339826954,,,,,,-0.028127138386050257,,0.01626943117809123,,,,0.028950986332341187,0.028950986332341187,0.019482701186704532,,-0.02836766100698407,,,,,,,,,,-0.02836766100698407,,,,,0.028950986332341187,,0.028950986332341187,,,,0.028950986332341187,,,,,,,,,,,-0.02427001445125868,,,,0.02823911835755719,,,,-0.02836766100698407,,0.019325991346879328,,,,-0.02836766100698407,,,,-0.02836766100698407,,,,,,,0.019327773344429564,,-0.02836766100698407,,-0.02836766100698407,,,0.028950986332341187,0.028950986332341187,,,,,,,-0.02836766100698407,-0.02836766100698407,,,-0.02836766100698407,,,,,,,-0.026087469677050702,,-0.02836766100698407,,,0.028950986332341187,,0.028950986332341187,,,,,0.028950986332341187,,-0.02836766100698407,,-0.02836766100698407,,,,,,,,,,,,,,,0.028950986332341187,-0.02836766100698407,,-0.02836766100698407,0.028950986332341187,,,0.028950986332341187,,,-0.02836766100698407,0.028950986332341187,,,,,,,,,-0.02836766100698407,,,,,,,,,-0.02836766100698407,,,0.028950986332341187,,0.028950986332341187,,,,,,,-0.02836766100698407,,,,,,,-0.02836766100698407,,,,,,,,0.017065250341863587,,,0.021673508400023755,,,,,-0.02836766100698407,,,,,-0.01923016787140293,,,,,,,,0.028950986332341187,0.019474734534727135,,,0.028950986332341187,,,0.028002750469970774,,,,,,,,,,0.028950986332341187,,,0.022658593314815324,,,,,,,-0.02836766100698407,,,-0.008131253194004755,-0.027143215107958238,-0.017088972415863084,-0.02836766100698407,,0.02617925844464957,0.028950986332341187,,,0.024648755276715822,-0.02836766100698407,-0.018066757605812077,,0.028950986332341187,,,,,,,,,,,,,,,,,,,,,,,,,,,,,,,,,,,,,,,,,,,,,,,,,,,,,,,,,,,,,,,,,,,,,,,,,,,,,,,,,,,,,,,,,,,,,,,,,,,,,,,,,,,,,,,,,,,,,,,,,,,,,,,,,,,,,,,,,,,,,,,,,,,,,,,,,,,,,,,,,,,,,,,,,,,,,,,,,,,,,
2002-09-30,,,,,,,,-0.01325435993076567,0.020261024893560534,,,,0.020261024893560534,-0.01019860204165716,-0.02026275108655959,,,0.020261024893560534,,,-0.02026275108655959,,0.013541284481388369,,0.020261024893560534,,-0.02026275108655959,,,,,,,0.015317423347320329,,,-0.019853915857694766,,,,,0.012947525517287752,0.020261024893560534,0.014822120784637864,,,,,,,,,0.019205958233665842,,,,,-0.02026275108655959,,,,,,,0.020261024893560534,,,,,0.020261024893560534,,,,-0.011949500687351643,,,,,-0.02026275108655959,,,,,,0.013979545201915095,,,0.020261024893560534,,,,,,,,,0.020261024893560534,,,,,-0.02026275108655959,0.013748733584246584,,,,,0.020261024893560534,,,,,,,,,,,,,,,,-0.009622342235479111,0.019658379765662273,,,,,,,,,,,0.020261024893560534,-0.01920890706580683,,,,,,,,,,,,,,,,,,,-0.017413556058565764,,-0.02026275108655959,,,,,,0.013101033132749271,,,,0.020261024893560534,0.020261024893560534,,-0.01752315124441135,,,,,-0.010525887528577266,-0.019761122417832004,,,,,,,,0.020261024893560534,,,,,-0.02026275108655959,0.020261024893560534,,,0.020261024893560534,,,,,,,,,-0.014820989554129416,,,-0.02026275108655959,,,,,,,,,,,,,0.020261024893560534,,,,,,,0.020261024893560534,,,,,-0.02026275108655959,,,-0.02026275108655959,,,,,,,-0.02026275108655959,,,,,,,,,-0.02026275108655959,,0.017658115660463422,,0.015595806138090097,,,,0.013066668959174878,-0.02026275108655959,,,,,,,,,,,,-0.02026275108655959,-0.02026275108655959,,-0.012395932100850125,-0.017113597276124753,0.020261024893560534,,,,-0.020061062936988807,,,,,,,-0.02026275108655959,,,,0.020233599202104137,0.020195435677839286,-0.013395966300803475,-0.02026275108655959,,,,,,,,,-0.01811001112899464,,,,,-0.017268447130190927,-0.02026275108655959,0.018857440864957005,,-0.016446510427296036,,,,,-0.02026275108655959,,,,,,,0.020261024893560534,0.017316949574620648,,,,,,,,0.020261024893560534,-0.02026275108655959,,,,,,0.01053314172762445,,,,,0.006776438602080473,0.020261024893560534,-0.017854787179889413,,,0.020261024893560534,,-0.02026275108655959,,,,,,,,,,,,,,,,,,,,,,,,,,,,,,,,,,,,,,,,,,,,,,,,,,,,,,,,,,,,,,,,,,,,,,,,,,,,,,,,,,,,,,,,,,,,,,,,,,,,,,,,,,,,,,,,,,,,,,,,,,,,,,,,,,,,,,,,,,,,,,,,,
2002-10-31,,,,,,,,-0.006735237255148368,0.017307788368828958,,,,0.017307788368828958,-0.011141318691167513,-0.01848317370454404,,,0.01615256551595459,,,,,,,0.017307788368828958,,-0.01848317370454404,,,,,0.017307788368828958,,,,,-0.01848317370454404,,,0.015253717944181035,,,0.017307788368828958,0.017307788368828958,,,,,,,,,0.010814243428770458,,,,,-0.01848317370454404,,,,,,,,,,,,,,,,-0.01848317370454404,,,-0.01848317370454404,,-0.01848317370454404,,,,,,,,,0.017307788368828958,,,,,,,,,0.017307788368828958,,,-0.012413057709737045,,-0.01848317370454404,,0.014633938002717692,,0.017307788368828958,,0.017307788368828958,,,,,,,,,,,,0.017307788368828958,,,,-0.01848317370454404,0.017307788368828958,,,,,,,,,0.017307788368828958,,,,,,,,,,0.017307788368828958,,,,,,,,,,-0.01839263077738642,,-0.01848317370454404,,-0.01848317370454404,,,,,,0.01319287885456979,,,,,0.017307788368828958,,-0.01848317370454404,,,0.017307788368828958,,-0.013666294705056783,-0.01848317370454404,,,,,,,,0.017307788368828958,,,,,-0.01848317370454404,0.01295434240183149,,,,,,,,,,,,,,,-0.01848317370454404,,,,,,,,-0.01848317370454404,,,,,0.017307788368828958,0.017307788368828958,,,,,,0.011485732804575403,,,,0.017307788368828958,,,-0.01848317370454404,-0.01848317370454404,,,,,,,,,,,,,,,,-0.01848317370454404,0.017307788368828958,,,0.014981282672733475,,,,0.017307788368828958,-0.015503816607945907,,,,,,0.017307788368828958,,,,,,-0.015990437670326416,-0.01848317370454404,,-0.011227552147839404,-0.01616141803357318,0.017307788368828958,,,,-0.008576159422416834,,,,,,,-0.01848317370454404,,-0.01848317370454404,,,,-0.011497503643504029,-0.01848317370454404,,,,,,,,,-0.013972004187375257,,,,,-0.017217741108004756,-0.005540501684750021,0.015312100917419027,,-0.012226466967335986,,,,,,,,,,,,,0.011324010538325142,,,,,0.016348080463157326,,,0.017307788368828958,-0.015603050418300693,,,,,,,,,,,,0.017307788368828958,-0.01848317370454404,,,,0.017307788368828958,-0.01848317370454404,0.017307788368828958,0.017307788368828958,0.013565777403194357,,,,,,,,,,,,,,,,,,,,,,,,,,,,,,,,,,,,,,,,,,,,,,,,,,,,,,,,,,,,,,,,,,,,,,,,,,,,,,,,,,,,,,,,,,,,,,,,,,,,,,,,,,,,,,,,,,,,,,,,,,,,,,,,,,,,,,,,,,,,,,
2004-03-31,,,,,,,,0.02454130393593728,,,,,-0.023825739708885803,0.02454130393593728,,0.02454130393593728,,,,,,0.02454130393593728,,,,,,,,,,-0.01816487065877764,,,,0.02454130393593728,,,0.02454130393593728,0.021702996682381345,0.02454130393593728,,,,,-0.015044629868544797,,0.02454130393593728,,,,,0.02454130393593728,0.02454130393593728,,,,,,,-0.023825739708885803,,,0.02454130393593728,,,,,,,-0.023825739708885803,,,0.02454130393593728,,,0.02454130393593728,,,,,,0.010860389361766754,,,,-0.023825739708885803,,,,,,,,0.02454130393593728,,,,-0.016913133581785117,,,,,,,,,,,,-0.023825739708885803,-0.023825739708885803,,0.02454130393593728,,,,,,,,,,0.014355945072127533,-0.02285278602002847,,,,,,-0.023825739708885803,,,,-0.023825739708885803,,0.02454130393593728,,-0.011577586448600893,,,,,,-0.023825739708885803,,-0.023825739708885803,,,-0.01990732428269514,,,,0.02454130393593728,0.02454130393593728,0.02454130393593728,,,,-0.023825739708885803,,,,-0.012201689151635348,,,-0.023825739708885803,,,,,0.02454130393593728,0.02454130393593728,,,,0.02254217209536781,,,-0.023825739708885803,-0.023825739708885803,,,,,,,,-0.023825739708885803,,,,,,,,-0.023825739708885803,,0.02454130393593728,,,-0.023825739708885803,,,,,,-0.023825739708885803,,,0.02454130393593728,,,,,,,,-0.023825739708885803,,,,-0.02374090635331241,,,0.02454130393593728,,,,,,,,,,,,,-0.023825739708885803,,,,,-0.023825739708885803,0.02454130393593728,,,,,,,,,,,,,,,-0.023825739708885803,,,,,,,,,,,,,-0.020663818068031095,0.024351109676436927,,-0.023825739708885803,,,,,,,-0.023825739708885803,,,,,,,,,,,,,,,,,-0.023825739708885803,,,,,,,,,0.018804457120084894,,,,,0.01630494858329243,,,0.015841956522499204,,-0.023825739708885803,-0.023825739708885803,,0.020945322282533107,,,,,,,0.0152059507666018,-0.023825739708885803,-0.023825739708885803,,,0.02454130393593728,,,,-0.023825739708885803,,0.02454130393593728,,,-0.011810781687482865,,,,0.010988544371407335,,,,,,,,,,,,,0.014351315884318719,,,,-0.023825739708885803,,0.02454130393593728,0.018063838471292,,,,,,,,,,,,,,,,,,,,,,,,,,,,,,,,,,,,,,,,,,,,,,,,,,,,,,,,,,,,,,,,,,,,,,,,,,,,,,,,,,,,,,,,,,,,,,,,,,,,,,,,,,,,,,,,,,,,,,,,,,,,,,,,,,
2004-08-31,,,,,,,,0.031766258093733325,,,0.031766258093733325,-0.03231565424682936,,,-0.03231565424682936,,,,,0.02676644345576459,-0.03231565424682936,,,,,0.031766258093733325,,,,,0.031766258093733325,,,,,0.019528719416230175,,,,,,,,-0.024870407212287653,0.021819298656166372,,,0.031766258093733325,,,,,0.031461527118508435,,,0.031766258093733325,,,,,,,,,,0.031766258093733325,,,,,,-0.02801419082215144,,0.02850193558594231,,,,,,-0.01278774364700178,,,0.013752779049024852,0.018264341545007112,0.031766258093733325,-0.03231565424682936,-0.03231565424682936,,,,,,-0.018920361825813022,,,,,,-0.027580367732924178,,,,-0.019854786295408423,,-0.03231565424682936,,,,,,,-0.03231565424682936,,,0.031766258093733325,0.031766258093733325,,,0.031766258093733325,,,,0.031766258093733325,0.015338995383887007,,,,,,,,,0.031766258093733325,,,,,-0.03231565424682936,-0.016671227877392766,,,-0.03231565424682936,-0.03231565424682936,,-0.0320397570355321,,,,,,,-0.03231565424682936,,,,0.031766258093733325,,,,-0.03159879310664391,,,,-0.02088949353506964,,,-0.03231565424682936,,,,-0.022282572859160802,,,0.031766258093733325,,,-0.03231565424682936,,,,,,,,,-0.03231565424682936,,0.031766258093733325,-0.03231565424682936,,,,,,,,,,0.026709147133023203,,,,0.031766258093733325,,,,,,,,,,,,,,-0.03231565424682936,,,,,,-0.03231565424682936,,-0.00787248480991434,,0.031766258093733325,,-0.027758845655042275,,,-0.03231565424682936,,,,-0.03231565424682936,,,-0.03231565424682936,,,-0.03231565424682936,,,0.022913589609402332,,-0.03231565424682936,-0.027525830016424273,0.031766258093733325,,,,,,,,,-0.023293056554391903,,,,,,,,,,,,,,,,-0.029614884248768677,,,0.02502479802096553,,,,,,,,,,,,,,,,,,,,,,,,,,-0.024487957923583475,,,,,,0.02373142477992925,0.031766258093733325,,,,,,0.031766258093733325,0.024160964899270474,0.031766258093733325,,,,,,,,,,,,,,0.0236252285164018,0.031766258093733325,,,,,,,0.026756674312283856,,,,,,,0.025010904826433783,-0.03231565424682936,,,,,,,,,,,,,,,-0.03231565424682936,,,0.028517041527441743,0.0313136112146439,,0.031766258093733325,-0.02394915621851105,,,,,,,,,,,,,,,,,,,,,,,,,,,,,,,,,,,,,,,,,,,,,,,,,,,,,,,,,,,,,,,,,,,,,,,,,,,,,,,,,,,,,,,,,,,,,,,,,,,,,,,,,,,,,,,,,,,,,,,,,,,,,,,
2004-09-30,,,,,,,,0.027118359285238904,,,0.03413940333744282,,,,-0.034619182541351476,,,,,0.03413940333744282,-0.034619182541351476,,,,,0.03413940333744282,,,,,0.03413940333744282,,,,,0.014020928619974104,,,,,,,,-0.023540498542387003,,,,0.03413940333744282,,,,,,,,,,,,,,,,,,0.03413940333744282,,,,,,-0.034619182541351476,,0.016685260097341493,,,,,,-0.01780862419718032,,0.03067440980721589,0.014314623062536561,0.03413940333744282,,-0.034619182541351476,-0.034619182541351476,,,,,,-0.034619182541351476,,,,,,-0.028051687906895655,,,-0.034619182541351476,-0.034619182541351476,,-0.034619182541351476,,,,-0.034619182541351476,,,-0.034619182541351476,,,,,,0.03413940333744282,0.03413940333744282,,,,0.03413940333744282,0.017799154186834046,,,,,,-0.034619182541351476,,,0.03281456558321926,,,,,,-0.01956055771166075,,,-0.034619182541351476,-0.034619182541351476,,-0.034619182541351476,,,,-0.017183858468957168,,,-0.034619182541351476,,,,,,,,-0.034619182541351476,,,,-0.028922039348552787,,-0.034619182541351476,,,,,-0.030606530608549516,,,,,,-0.025185515205641613,,,,,,0.03413940333744282,,,-0.031341778979850236,,,-0.034619182541351476,,0.03413940333744282,0.021131736705978447,,,,,,,,,,,,,,,0.03413940333744282,,,,,,,0.03413940333744282,,,-0.034619182541351476,,-0.034619182541351476,,,,-0.022317690015267354,,-0.034619182541351476,,0.03413940333744282,,,,,-0.034619182541351476,,,,,,,,,,,,,0.02332955657114085,,,-0.024157229546392333,0.03367172108940295,,,,,,,,,-0.024110145940833435,,,,,,,,,,,,,,,,-0.01758467950324988,,,0.026770900568242866,,,,,,,,,,,,-0.018900778866942924,,,,,,0.03413940333744282,,-0.034619182541351476,,,,,0.03413940333744282,-0.016662419893504237,,,,,,0.01559033959803733,,,,0.03413940333744282,,,0.03413940333744282,0.019863103790315365,,-0.009853440970357211,,,,0.03413940333744282,0.03413940333744282,,,,0.03413940333744282,,,,0.021560294799579004,,,,,,,,,,,,,,,0.007732404435753988,,,,0.03413940333744282,,,,,,0.03413940333744282,,,,,,-0.018136088080619835,,,0.028955916810880927,0.03413940333744282,,0.023848184286093994,-0.024582597954578872,,,,,,,,,,,,,,,,,,,,,,,,,,,,,,,,,,,,,,,,,,,,,,,,,,,,,,,,,,,,,,,,,,,,,,,,,,,,,,,,,,,,,,,,,,,,,,,,,,,,,,,,,,,,,,,,,,,,,,,,,,,,,,,
2005-01-31,,,,,,,,0.02677342950656313,,,,,,,-0.026672441659267226,,,0.02677342950656313,,,-0.026672441659267226,,0.011610958033188077,,,,,,,0.02204070121720903,0.02677342950656313,,0.02677342950656313,,,0.01685459337746427,,0.021104030272133034,,,0.02677342950656313,,,-0.026672441659267226,,,-0.026672441659267226,,,-0.026672441659267226,,,0.02677342950656313,,,,,-0.026672441659267226,,,-0.024619826010564932,,,0.02677342950656313,,0.02677342950656313,,,,,,,-0.026672441659267226,,,,,,,-0.011760207224054207,,0.019974780857044266,0.020783067240979385,0.015807886457961415,,,-0.026672441659267226,,0.02677342950656313,,,,-0.026672441659267226,,,0.02677342950656313,,,,,,,-0.026672441659267226,0.02677342950656313,,,,,,,,-0.02622691176024645,,,,,,,,-0.026672441659267226,,,0.02677342950656313,,,,,,,-0.026672441659267226,,,,,-0.019033541422112638,,,-0.026672441659267226,,,,-0.026672441659267226,,,,,,-0.02062922531796537,-0.01705769401133866,,,,,,,,-0.026672441659267226,,,,,,,,-0.026672441659267226,,,-0.026672441659267226,,,,,-0.026672441659267226,0.02677342950656313,,,-0.019241635368515465,,,,,,,,,,,,,,,,,,,,-0.026672441659267226,,,,,,,,,,,,,,,,,,,,,,,,,,,,-0.026672441659267226,-0.02250443382988614,0.02677342950656313,,,,,,,,,,-0.026672441659267226,,0.02677342950656313,-0.026672441659267226,,,,,0.023156014205070023,0.025718982170692135,,-0.026672441659267226,,,,,-0.026672441659267226,,,,,-0.018291870080520207,,,,,,,,,,,,,,,,-0.025939366488182607,0.015516459841932388,,0.02677342950656313,,,0.02677342950656313,,,,,,,,,-0.025757289485125248,,,,,,,,,,,,,0.02677342950656313,,,,-0.02551499123482013,,,0.01959553610415861,0.02677342950656313,,,,,,0.02677342950656313,,,-0.016643581698070724,,,-0.026672441659267226,,0.02677342950656313,,,,,-0.01279162193500729,,,0.018676450907436755,0.02677342950656313,,,,,,,-0.01389607226764796,,,,,,,0.005166065663702239,,,,0.02677342950656313,,,,,,,0.02337893821573114,0.02677342950656313,-0.020520215804905904,,,-0.013157920477681476,,,0.02061211223440837,,,0.024291701928573606,,,0.02677342950656313,0.02677342950656313,,,,,,,,,,,,,,,,,,,,,,,,,,,,,,,,,,,,,,,,,,,,,,,,,,,,,,,,,,,,,,,,,,,,,,,,,,,,,,,,,,,,,,,,,,,,,,,,,,,,,,,,,,,,,,,,,,,,,,,,,,,,
2005-02-28,,,,,,,,0.026479106943205134,,,,,,0.026479106943205134,-0.027819330910858163,,,0.026479106943205134,,,-0.027819330910858163,,0.026479106943205134,,,,,,,0.026479106943205134,,,0.026435353159153744,,,0.026479106943205134,,0.02437236570095362,,,0.022764058329066337,0.026479106943205134,,-0.027819330910858163,,,-0.027819330910858163,,,-0.027819330910858163,,,0.026479106943205134,0.026479106943205134,,0.026479106943205134,,,,,-0.024624312757899905,,,,,0.026479106943205134,,,-0.027819330910858163,,,,,,,,,,,-0.02078717979251142,,0.022403970428932083,0.010461809433436598,0.021232726903547574,,,-0.027819330910858163,,0.02467778234767056,,,,-0.026990927160464143,,,,,,,,,,-0.027819330910858163,,,,,,,,,-0.027819330910858163,,,,,,,,,,,0.026479106943205134,,,,,,,-0.027819330910858163,,,,,,,,-0.027819330910858163,,,,-0.027819330910858163,,,,,,,-0.019789809484972578,,,,,,-0.027819330910858163,,-0.027819330910858163,,,,,,,,,,,-0.027819330910858163,,,,,-0.027819330910858163,,,-0.02222511074572998,-0.022436014002069894,,,,,,,,,,,,,,,0.026479106943205134,,,,,-0.027819330910858163,-0.027819330910858163,,,,,,,,,,,,,,,,,,,,,,,,,,,-0.025615236562656594,-0.01273434222443997,,,,,,,,,,,-0.027819330910858163,,0.026479106943205134,-0.024658305367150857,,-0.027819330910858163,0.026479106943205134,,0.017991862145946957,0.026479106943205134,,-0.014885025682104409,,,,,,,,,,,,,,,,,,,,,,,,,,-0.023284522354296313,,,,,,0.026479106943205134,0.026479106943205134,,,,,,,,-0.023534549998826745,,,,,-0.019032268662143827,,,,-0.027819330910858163,-0.023393057088554207,,,0.026479106943205134,,,,-0.025485559807431724,,,0.02050209117249508,0.013049184306601819,,,,,,0.026479106943205134,,,-0.015666343400856514,,,-0.026951414917306005,,0.026479106943205134,,,,,-0.01149080184986732,,,0.014256323928197603,0.026479106943205134,,,,,,0.026479106943205134,-0.01714734303123308,,,,,,,,,,,0.024633357603594544,,,,,,,0.023325523276148747,,-0.01787238763671287,,,,,,0.018070207346470545,0.026479106943205134,,0.026479106943205134,,,0.024443934073550472,0.026479106943205134,0.026479106943205134,-0.020745975967055102,,,,,,,,,,,,,,,,,,,,,,,,,,,,,,,,,,,,,,,,,,,,,,,,,,,,,,,,,,,,,,,,,,,,,,,,,,,,,,,,,,,,,,,,,,,,,,,,,,,,,,,,,,,,,,,,,,,,,,,,,,
2005-03-31,,,,,,,,0.02690895078046391,,,,,,,,,,0.02985897211708473,-0.02989401258989209,,-0.02484098242811725,,0.023671534003491132,,-0.02989401258989209,,,,,0.013773841784218087,-0.015322150104535324,,,,,0.02985897211708473,,0.02368224590204712,,,,0.02985897211708473,,-0.02989401258989209,,,-0.02989401258989209,,,-0.02989401258989209,,,0.02985897211708473,0.02985897211708473,,0.02985897211708473,,,,,-0.02989401258989209,,,0.02985897211708473,,0.02985897211708473,,,,,,-0.02989401258989209,,,,,-0.02989401258989209,,,-0.010352910309205286,,0.028487723028439597,0.0075867675953845,0.02985897211708473,,,-0.02989401258989209,,0.01705814173960462,,,,,,,0.02985897211708473,,,-0.02989401258989209,,,,-0.02989401258989209,0.016734537659691497,,,,,,,,-0.02989401258989209,,,,,,,,,,,0.02985897211708473,,,,,,,-0.027764092925612712,,,,,,,,-0.02886919857865341,,,,-0.02989401258989209,,,,,,-0.027334873014770555,-0.027521468759456793,,,,,,,,-0.02989401258989209,,,,0.02985897211708473,,,,,,,,,,,,-0.02989401258989209,,,-0.023728595447927797,-0.02989401258989209,,,,,,,,,,,,,,,,,,,,-0.02989401258989209,-0.02989401258989209,,,,,,,,,,,,,,,,,,,,,,,,0.02985897211708473,,,-0.02989401258989209,,,,,-0.029269632127359755,,,,,,,-0.02989401258989209,,,-0.02989401258989209,,,0.02765628149461105,,0.01743887918146059,0.028116613458790126,,,,,,,-0.02989401258989209,,,,,-0.02989401258989209,-0.02989401258989209,,,,,,,,,,,,-0.02989401258989209,,,,0.027752243953734636,,0.02255318075392887,,,0.02985897211708473,0.02985897211708473,,,,,,,,,,,,,-0.02989401258989209,,,,-0.02989401258989209,,,,0.02985897211708473,-0.019293973755261477,,,,,,0.01871746404228545,0.02985897211708473,,,,,,0.02985897211708473,,,-0.02989401258989209,,0.02903352481364387,,0.02985897211708473,,,,,,-0.01777976148915759,,,0.02985897211708473,,,,,,,,-0.015745751793511814,,,,,,,-0.009688737008162182,,,,,,,,,,0.02985897211708473,0.027348577892158263,0.02985897211708473,-0.015493692089446932,,,,,,0.02985897211708473,,,0.027043361337086038,,,,0.02985897211708473,0.02985897211708473,,,,,,,,,,,,,,,,,,,,,,,,,,,,,,,,,,,,,,,,,,,,,,,,,,,,,,,,,,,,,,,,,,,,,,,,,,,,,,,,,,,,,,,,,,,,,,,,,,,,,,,,,,,,,,,,,,,,,,,,,,,
2006-08-31,,,,,,,,0.013974735612245373,,,,,,,,,,-0.013736680511720618,,-0.024206682980492986,,,0.020448272131046802,0.023348322639947888,-0.024206682980492986,,-0.021580634466804787,,,,,,,,,0.023348322639947888,,0.023129493911405435,,0.023348322639947888,,-0.024206682980492986,,0.023348322639947888,,,,,0.023348322639947888,,,,,,,-0.018528619443751556,,,,,,-0.024206682980492986,,0.023348322639947888,,-0.024206682980492986,,,,,,,,,,,0.023348322639947888,,,0.021584642547648254,0.023348322639947888,-0.016289220376960137,0.006774163532359271,-0.02004863530158626,,-0.024206682980492986,,,0.01941304179165055,,,,,0.023348322639947888,,,0.023348322639947888,,,,,,,0.014288600965667678,,,,,,,,-0.024206682980492986,,,,,,,,,,,,-0.011604733376748763,0.020190191002665593,-0.01622214613905551,,-0.024206682980492986,,,,,,,,,-0.023646789781061224,0.023348322639947888,0.015362988338147851,,,,-0.02084793712466143,,,,,,-0.022891865813458045,,,,,-0.024206682980492986,,,,0.023348322639947888,,,0.023348322639947888,,,,,,,,,,,-0.014580412480767822,0.023348322639947888,,-0.024206682980492986,-0.016126160215001354,0.023348322639947888,,,,,0.017499461774321882,,-0.024206682980492986,,,-0.019897194019165315,,,,,,,,,,,,-0.02352145711086018,,,,,,,,,,,,,,,,,,,,,,,,,,,,,,,-0.024206682980492986,,-0.024206682980492986,,,,,,,,,,,,,0.01819023005662408,,,,,0.023348322639947888,,,-0.024206682980492986,-0.01300415935949384,,,,,,,,,,,,,,,,,,,,,,,,,,,,,,,-0.02080095432625894,,-0.024206682980492986,,0.008672485668053571,0.016428260396335752,-0.01773452816161041,,,,-0.011415761806897537,,-0.024206682980492986,,,,,,,,,,,0.012906849533183438,0.019988160553501475,0.02239824943883278,,,,,,0.023348322639947888,0.018095449307875516,0.015462102407849143,0.023348322639947888,,,,,-0.024206682980492986,,,,,,,,,,,,,,,,,,,0.02201732181459451,,,-0.024206682980492986,-0.015374813766301435,-0.024206682980492986,-0.024206682980492986,,,,,,,,,-0.014722682811416246,,,0.023348322639947888,,,,-0.011311638626141117,0.023273605176085708,,,0.02269974036735655,,,,0.023348322639947888,,,,,,,,,,0.023348322639947888,,,,0.020823136663763675,-0.017541135791914467,0.023348322639947888,-0.017515777668078818,-0.024206682980492986,,,,,,,,,,,,,,,,,,,,,,,,,,,,,,,,,,,,,,,,,,,,,,,,,,,,,,,,,,,,,,,,,,,,,,,,,,,,,,,,,,,,,,,,,,,,,,,,,,,,,,,,,,
2006-10-31,,,,,,,,0.040563602199033336,,,,,,,,,,-0.03978260880959817,,,-0.03978260880959817,0.040563602199033336,0.03388028669803526,,-0.03343364539997203,,,,,,,,,,,0.029389069931073077,,,,,0.027988436787746082,,-0.03978260880959817,,,,,,0.040563602199033336,0.040563602199033336,,,,,,-0.03978260880959817,0.040563602199033336,,-0.03978260880959817,,-0.03978260880959817,-0.03978260880959817,-0.03978260880959817,0.034298386514746836,,-0.03978260880959817,,,,,,-0.03667098443884828,,,,,,,,,,,0.030985751458279365,-0.03552270355696374,,,,,0.019751953572213904,,,,,,,,0.02946554254556688,,,,,,0.040563602199033336,,,-0.03978260880959817,-0.03978260880959817,,,,,,,,,,,,,,,,-0.03978260880959817,-0.035390364931320806,0.028410555452488967,,,-0.03978260880959817,,,,,,,,,,,0.014777100548795014,,,,-0.03978260880959817,,-0.03978260880959817,,,,,,,0.040563602199033336,,-0.03978260880959817,,,,,,,,,,,,-0.03978260880959817,,,,0.040563602199033336,,-0.0299059712674824,0.030134682324275852,,,,0.03301573442211614,,,,,0.028271702326052764,,,,,-0.03978260880959817,,,,-0.03978260880959817,0.019680862414164828,,,,,-0.03978260880959817,,-0.03978260880959817,,,,,-0.03978260880959817,,,,,,,,,,-0.030353979281785216,,,,,,,,,,,,,,,,,,,,,,,,,0.040563602199033336,,,,,,0.026128173212825945,,,,,0.040563602199033336,,,,-0.025239662618989533,,,,-0.019966401140092085,,0.040137388302965094,,,,,,,,,,,,,,0.03712932467824989,,0.040563602199033336,,,,,,,,,,,-0.03978260880959817,,,,-0.024937375969841476,,,,-0.022195989286441342,,-0.03978260880959817,,-0.030902974725573372,,,,0.040563602199033336,,,,,0.01842321993652371,0.03682132775401972,0.040563602199033336,,,,,,0.0398122746213155,0.02454936217648685,0.040563602199033336,0.040563602199033336,,,,,-0.03978260880959817,-0.03965795977348934,,,,,,-0.03978260880959817,,,,,,,,,0.020019882438609915,,,0.03414029495641302,,,,,,,,,,,,,,,-0.009881685948396477,,-0.013786747455983538,,0.040563602199033336,-0.030259093472073964,,,,0.03655391236701763,,,0.027432354103438576,,0.030259112271782494,,0.040563602199033336,,,,,,,,,0.040563602199033336,,-0.01117059172767056,-0.018699732650243182,0.03839846860219647,,,-0.01767630730528018,,,,,,,,,,,,,,,,,,,,,,,,,,,,,,,,,,,,,,,,,,,,,,,,,,,,,,,,,,,,,,,,,,,,,,,,,,,,,,,,,,,,,,,,,,,,,,,,,,,,,,,,,,,
2006-11-30,,,,,,,,0.03583258872732756,,,,,,,,,,,,,,,,,-0.0331508732698329,,,,,-0.018606454770290926,,,,,,0.03583258872732756,,,-0.0367713929890432,0.03583258872732756,0.03583258872732756,,-0.0367713929890432,,,,,,0.03583258872732756,0.03583258872732756,,,,,,,0.020809064048904063,,-0.0367713929890432,,,,,0.022458900839931923,,-0.0367713929890432,,,,,,-0.031810486813891536,,,,,,,,0.014553507026885225,,,0.013128732887185413,,,,-0.0367713929890432,,0.024346930102621973,,,,,,,,0.03583258872732756,,-0.029772101960663214,,,,0.03583258872732756,,-0.0367713929890432,-0.0367713929890432,-0.0367713929890432,-0.030715460255031586,,,,,,,,,,,,,,,-0.0367713929890432,-0.026969249823120107,0.033390047763621276,,,,,,0.03583258872732756,,-0.01885482191540471,,,,-0.0367713929890432,,0.02965288698131758,,,,-0.0367713929890432,,-0.021474738490991352,,-0.027603817348385327,,,,,0.03583258872732756,,-0.0367713929890432,,,,0.03583258872732756,,,,,,,,-0.0367713929890432,,,-0.02526229631749909,0.03583258872732756,,-0.018163759029378654,0.030451559134758693,,,,0.033242372131372856,,,,,0.03453899074933167,,-0.031008894048367625,,,,,,,,,,,,,-0.0367713929890432,,-0.029609392244210223,,,,,,,,,,,,,,,,,,,,,,,,,,,,,,,,,,,,,,,,,,,,,,0.024001526888137836,,,,-0.02863138959869191,0.03583258872732756,,,-0.0367713929890432,-0.01713982969480661,,,0.03583258872732756,,,0.03583258872732756,,,,,,,,,,,,,,,,0.03583258872732756,,,,,,,,,-0.0367713929890432,,-0.0367713929890432,,,,-0.03400233244150988,,,,-0.030793759259050847,,,,,,,,0.03583258872732756,,,,0.03583258872732756,0.02942572135070592,,0.03583258872732756,,,,,,0.03583258872732756,0.02167748350327192,,0.03583258872732756,,,,,-0.0367713929890432,-0.0367713929890432,,,,,,-0.023572314107374034,-0.032048601193347036,,,,,,,,0.03583258872732756,,,0.03285181224058846,,,,0.034529003300355646,,,,,,,,,,,,,,-0.0367713929890432,,-0.021063749529207903,,,0.03583258872732756,0.03583258872732756,,,,,0.019589303675790117,,,,0.03037725970804932,,,,,,,0.034989891425871424,,-0.02976617919317144,-0.01499416746590909,0.0199690584373966,-0.0367713929890432,,-0.033057233555182086,,0.0163049734432661,,,,,,,,,,,,,,,,,,,,,,,,,,,,,,,,,,,,,,,,,,,,,,,,,,,,,,,,,,,,,,,,,,,,,,,,,,,,,,,,,,,,,,,,,,,,,,,,,,,,,,,,,
2006-12-29,,,,,,,,0.03622623693242421,,,,,,,,,,,,,,,,,-0.028203786287636503,-0.03755953499618581,,,,,,,,-0.03440840276025869,,0.03622623693242421,,,-0.012981935377775958,0.03622623693242421,,,,,,,,,0.03622623693242421,0.03622623693242421,,,,,,,0.03622623693242421,,-0.03755953499618581,,,,,0.03622623693242421,,-0.03755953499618581,,,,,,-0.03755953499618581,0.03622623693242421,,0.035678001825733434,,,,,,,,0.01855531437380607,,,,-0.03755953499618581,,0.01684456354301109,,,,,,,,0.03622623693242421,,-0.03137868146929364,,,,,-0.024020859656320746,-0.03755953499618581,-0.03755953499618581,-0.030199603827675413,-0.03755953499618581,,,,,,,,,,,-0.03755953499618581,,,,-0.03196837783543769,,0.02972561778936939,-0.019803354705697353,,,,,0.03622623693242421,,,,,,-0.03755953499618581,,0.03238185999497984,,,-0.03755953499618581,-0.02563483890534929,,,,-0.030199004258761597,,,,,0.03622623693242421,,,,,,,,,,,,,,,,,-0.03755953499618581,0.03622623693242421,,-0.034438798915528014,0.032541026772446524,,,,0.02950575347099747,,,,,,,,,-0.03755953499618581,,,,,-0.03755953499618581,,,,,,-0.03755953499618581,,-0.026031890109411815,,,,,,,,,,0.03622623693242421,,,,,,0.03622623693242421,,,,,,,,,,,,,,,,,,,,,,,,,,,,,,0.017539598288576812,,-0.03755953499618581,,-0.02914794150228209,,0.03622623693242421,,,-0.015274417379940251,,,,,,0.02322192672724928,0.03622623693242421,,,,,,,,,,,,,0.03164533543063108,,0.03622623693242421,,,,,,,,,-0.03175071727378055,,-0.03755953499618581,,,,-0.029483548269502856,,,,-0.028008493987184916,,,,,,,,0.03556276423591244,,,,0.036147008911054705,0.026985622485968988,,0.03622623693242421,,,,,,0.03622623693242421,0.021808498434339622,,0.03622623693242421,,,,,-0.03755953499618581,,,,,,,,-0.03755953499618581,,,,,,,-0.03755953499618581,0.02335594125981087,,,,,,,,,,,,,-0.03755953499618581,,,,,,,-0.025593475523707082,-0.03755953499618581,,,,,0.03622623693242421,0.025752873710252006,,0.026271758787210876,,,,,,,0.03622623693242421,,,,,,,0.03622623693242421,,-0.025632287962602425,-0.018018232985143875,0.025514155501756303,-0.01929057090254809,,-0.017702416688712187,,0.016948284968750827,0.03622623693242421,0.020065813610600083,,,,,,,,,,,,,,,,,,,,,,,,,,,,,,,,,,,,,,,,,,,,,,,,,,,,,,,,,,,,,,,,,,,,,,,,,,,,,,,,,,,,,,,,,,,,,,,,,,,,,,,
2009-05-29,,,,,,,,-0.008669109754692806,,,,0.01191231503596795,,-0.012372207404918538,,,,,,-0.012372207404918538,,,,,,,,-0.012372207404918538,,,,,,,,-0.012372207404918538,,,,0.01191231503596795,,-0.012372207404918538,,0.010575554572995574,,0.01191231503596795,,,,,,,,,,,,0.008736881878936934,0.011544804236547898,,,,,,,,,,,,,0.009411857885449362,,,,-0.010728966977705425,,,,,,,0.007313546885462911,-0.012372207404918538,,,,,,,,0.01191231503596795,0.011271913792558545,,0.01191231503596795,,,,,,,,0.01191231503596795,0.006690363309051799,,,,,,,0.01191231503596795,-0.0035717428355329706,,,,,,,0.01191231503596795,,,,,-0.008639049643269088,,,,,,,,,,,,-0.007403351413651699,,-0.012372207404918538,0.011594050259606099,,,,,,,-0.012372207404918538,,,-0.012372207404918538,,,,,,,,,,,-0.012372207404918538,0.009735066851136679,,0.007831879027635066,,,0.009518711227827542,,0.010621234538863681,,,,0.004488325363161767,,,,0.008089129479159381,,,,,,,,,,,,,0.01191231503596795,0.01191231503596795,,,,,,,0.010252736136863276,,-0.012372207404918538,,,,,,,,,0.01191231503596795,,,-0.005729689818649627,,0.01191231503596795,,,,,0.010264229636641737,,,,,,,0.009534496255864083,0.010230500498115044,,,,,-0.011455361200967528,,,,,0.01191231503596795,0.01191231503596795,,,,,,,,-0.009750141988189368,-0.004338330566462078,,,0.01191231503596795,,0.01191231503596795,,,-0.012372207404918538,0.01191231503596795,,,,,-0.012372207404918538,,,,,,-0.008316829810432604,,0.01191231503596795,-0.008581638835161342,,,,0.01191231503596795,,,,,,,,,,,,,,-0.012002921741114475,,-0.012372207404918538,,,,,0.007508331646017999,,,,,,-0.005094303381503344,0.011845208770187403,,,,,,,-0.01156562657791431,,,,,0.01191231503596795,0.010330320345166122,-0.012372207404918538,,,,,,,-0.012372207404918538,-0.012372207404918538,,0.00907477064130356,,,,,,,-0.012372207404918538,,-0.011583143315945729,-0.012372207404918538,,0.01191231503596795,,,,,,,-0.007905134062834445,,,,0.006434155710349405,,,-0.012372207404918538,,,,,-0.006704656623447567,,,,0.008610402806845217,,,,,-0.012372207404918538,,,,-0.008093774781720648,-0.012372207404918538,,,-0.012372207404918538,,,-0.006891705564999921,,,,,,,0.00572463692389039,,,,-0.0062550558015261005,,,-0.004498112928443562,,,,-0.009586425029311896,,,,,,0.01191231503596795,,0.005378861647810866,,,-0.008994311494720917,-0.011390539252500925,,,,,-0.012372207404918538,,,,,,,,,,,,,,,,,,,,,,,,,,,,,,,,,,,,,,,,,,,,,,,,,,,,,,,,,,,,,,,,,,,,,,,,,,,,,,,,,,,,,,
2009-09-30,,,,,,,,0.015551916974378532,,,,,,,,,,,,-0.022514464215713775,,,,,,,0.02282150138152246,,-0.02420261445630282,-0.020949630571705145,,,,,,-0.02420261445630282,,0.02282150138152246,,,,-0.02420261445630282,0.02282150138152246,,,,,,,,,,,,0.02282150138152246,,,,,,,0.02257223274984737,,0.02075621702356465,,,,,,,,,,,,-0.013564073085899775,,,,,,,0.020398732679517674,-0.02420261445630282,-0.02420261445630282,,,,0.021301640517799033,,,,0.017485918349216093,,0.02282150138152246,,,,-0.02420261445630282,-0.02420261445630282,,,0.021556081516268026,0.019676740083635777,,,,,,,,,,,,,,,,,,,,,,,,,,,,,,,,-0.02420261445630282,,-0.02120658079437334,,,,,,,,-0.01997556333939349,,0.012597584449937938,,,,,0.02282150138152246,,0.015563466528027621,,,,,,,,,0.01798263755201287,,,,,,0.016769425404336145,,,,,,0.010576180296251202,,,,,,,,,,-0.02420261445630282,,,,,,,,,,,0.02282150138152246,,,,,,,,,,,,,,-0.011219692643602468,,,-0.02368987250696741,0.02282150138152246,0.02125901732012739,,,,,,,,,,,,,,,-0.02420261445630282,,,,,,,,,,-0.017915284647433645,,0.02282150138152246,,,-0.00962224326053383,-0.02420261445630282,,,,,,,,,-0.016456353493738998,,,,,,,,,-0.013984151766818546,-0.012653038313963702,,,-0.01578579324547076,,0.014132371486087612,,,,,-0.02420261445630282,-0.021419923548634954,,,,,,0.02282150138152246,,,-0.02420261445630282,-0.017780760671441187,,-0.016289205273178984,0.02282150138152246,,,,,,,,,,,0.02282150138152246,,0.02282150138152246,-0.012486973302017259,,,0.02282150138152246,,,0.02282150138152246,0.02282150138152246,,,0.01963974921950157,,,,,,,-0.02420261445630282,,-0.012842513245047229,,,,,,,,,,,,-0.02420261445630282,,,,,0.02282150138152246,-0.022916378950366648,,,,0.02282150138152246,,-0.023605423824558425,0.015488252154637788,-0.02420261445630282,-0.02420261445630282,,,0.01597234250523468,,,,,,,0.017963789977523285,-0.02381153061123109,,,,-0.02420261445630282,,0.02282150138152246,,-0.014855887918263474,,,-0.02420261445630282,,-0.02420261445630282,,,-0.019865564323922714,,0.02282150138152246,,,,,,,0.02040629605310383,-0.011545196123533726,0.017814141531586978,,0.0073227596104784775,,0.016606406881031842,,-0.022266200235943126,,-0.008934263007682703,0.02282150138152246,,0.02282150138152246,,-0.01543383437100021,,,,-0.01584384327199975,,,,0.02282150138152246,0.02282150138152246,,,,0.01637659566984727,,,,,,,,,,,,,,,,,,,,,,,,,,,,,,,,,,,,,,,,,,,,,,,,,,,,,,,,,,,,,,,,,,,,,,,,,,,,,,,,,,,
2009-10-30,,,,,,,,0.019293555207497953,,,,,-0.02347961081264072,-0.01860618444839111,-0.026813599418070915,,,,,,,,,,,,,,-0.026574129872329787,-0.023626595666061765,,,,0.020080369759001276,,,,,,,0.02154220031301497,,0.02598438154723006,,0.02598438154723006,,,,-0.026813599418070915,,,,,,,0.02598438154723006,,,,,,,,0.02598438154723006,,,,,,,-0.024152916454955622,0.024287369417614394,,,,-0.017533960791036893,,,,,,,0.02598438154723006,-0.026813599418070915,,,-0.026813599418070915,,,,,,0.02598438154723006,,,,,,-0.02053889482614323,,,0.02286319885459062,,,,,,,,,,,,,,,-0.026813599418070915,,,,,,,,,,,,,,,,,,-0.026813599418070915,-0.016367106557158683,,,,-0.026813599418070915,-0.022396949351431356,,,,,-0.025023678685651533,,,0.01634607640615142,-0.02642291310858089,,,,0.02598438154723006,0.018509340799941616,0.02598438154723006,,-0.026813599418070915,,,,,,0.023716932360079452,,,-0.026813599418070915,,,0.019991511427880134,,,,,,,,,,,,,,,,,,,,,,,,,-0.026813599418070915,,,,0.02598438154723006,,-0.026813599418070915,,,,-0.015364859354171869,,,,,,0.012926538993610239,,,,,0.02598438154723006,,,,-0.026813599418070915,,,,,,,,0.014722854396983101,,,,0.02006042174789545,,,,,,,0.02598438154723006,,-0.022735974162122356,-0.021720721766813042,0.02598438154723006,,,-0.011057053223331312,,,,,,0.025554472576889996,,,,-0.026440625519177002,,,,,,,,,-0.015316492200339302,-0.015418376320402489,,,,,0.021080064730918245,,,,-0.026801816587885018,,,,,,,,,,0.02598438154723006,-0.023940362344987136,-0.016002136372883752,0.02598438154723006,,,,,0.02598438154723006,,,,,,,-0.014609894395249548,,-0.026813599418070915,0.02598438154723006,-0.015922970654587913,,-0.026813599418070915,0.025578413690030007,,,0.02598438154723006,,,,,,,,,,,-0.024072252633969938,,,,,,,,,,-0.026813599418070915,,,,-0.026813599418070915,,,,,0.014574313300939733,-0.012888198411207117,,,,,,,,,-0.026813599418070915,0.02598438154723006,-0.026813599418070915,,,,,0.019310115743823526,,0.01613591197215498,0.018627344116762954,,,-0.02125558870695691,,,,0.02598438154723006,,,0.020115585796311227,,,,,,0.015591108105294304,,,,,,,,0.025017595540509283,,0.01995869806665562,,0.021178114644114832,,,,,,,0.022430728118176344,-0.011065481329284556,0.02598438154723006,,,,-0.012324017868706865,-0.017799168872966696,-0.01587204697436876,,0.01001095289775463,,,,0.02598438154723006,,,,,,0.012799966322642159,,,,,,,,,,,,,,,,,,,,,,,,,,,,,,,,,,,,,,,,,,,,,,,,,,,,,,,,,,,,,,,,,,,,,,,,,,,,,,,,,,
2009-11-30,,,,,,,,0.025804653169333596,,,,0.0306930065685533,-0.025717800976292872,,-0.03239356729122267,,,,,,,,,-0.03239356729122267,,-0.03239356729122267,,,,,-0.03239356729122267,,,0.024915764525297503,,,,,,,0.0306930065685533,,,,0.0262658866510273,,,,,,,,,,,0.0306930065685533,,,,,,,,,,,,,,,-0.023897703875019573,,,,,-0.027904913402318654,,,,,,,,,,,-0.03239356729122267,,,,,,,,,,,,,,,0.028780849492270232,,,,,,,,,,,,,,,-0.03239356729122267,,,,,,,,0.028827388027315087,0.028939316352106417,,,,,-0.0276979425349654,,-0.01635359883337824,-0.03239356729122267,,,,,,,,0.0306930065685533,-0.02502399207115916,,,-0.026322612067870427,,0.019556440244834463,0.0306930065685533,-0.03239356729122267,,,,0.0306930065685533,0.0306930065685533,0.0306930065685533,,,0.0306930065685533,,-0.03239356729122267,,,0.0306930065685533,,,,,,0.027219220079144325,,,,,,,,,,,,,,,,,0.0306930065685533,,,,-0.03239356729122267,-0.03239356729122267,,,-0.03239356729122267,,,,0.0306930065685533,,,,,,,,,,,,0.021057595490836717,,-0.03239356729122267,,0.0306930065685533,0.0306930065685533,,-0.03239356729122267,,-0.03239356729122267,,,,,,,,,,,,,-0.025476054093206045,,,-0.03239356729122267,,,,,-0.02511870699882695,,,,,-0.013539535396850667,,0.0306930065685533,,,-0.03239356729122267,,,,,,,0.0306930065685533,,,,,,,-0.016407180522324524,-0.017983624404341172,,,,,,,,,-0.03011153251576164,-0.03239356729122267,,,,,,,,,0.0306930065685533,,,,,,,,0.029788878726801516,,,,,,,-0.01843222208512366,,-0.03227600139348812,,-0.01759737273607837,,,0.0306930065685533,,,,,,,,,,,,,,-0.03230480850808991,,,,,-0.03239356729122267,,,0.02247902211780159,,,0.0306930065685533,,,-0.03239356729122267,,,,,0.02281089104630895,,,,,,,-0.01676549214000107,,,-0.03239356729122267,,,,,,0.027945563298943578,0.025931665135790417,-0.029536380208216785,0.022291602124365078,0.0306930065685533,,,-0.02758304004344415,-0.03239356729122267,,,0.0306930065685533,,,0.02535034895003669,,-0.019660714226168382,,,,0.020709208611472203,,,0.0306930065685533,,,,,,,0.023117784227314236,0.01518868760075852,0.025201106268187983,,0.011161832096582443,,,,,0.0306930065685533,-0.01394811177961255,,,,,-0.026154449445922538,-0.02103003984862763,-0.015540362789934158,-0.03239356729122267,0.026959623410162368,,,,0.0306930065685533,,,0.0306930065685533,,,0.019807748734620257,,,,,,,,,,,,,,,,,,,,,,,,,,,,,,,,,,,,,,,,,,,,,,,,,,,,,,,,,,,,,,,,,,,,,,,,,,,,,,,,,,
2009-12-31,,,,,,,,0.028550619911739246,,,,,,,-0.01863336600954716,,,,,,,,,-0.03612261050474994,,,,,-0.030774024008673243,,-0.03612261050474994,,,0.034459016501909974,,,,,0.01585174751167969,,0.034459016501909974,,,,0.018370758045072766,,,,,,,,,,,0.02485568821483382,,,,,,,,,0.034459016501909974,,,,,,,,,,,-0.018125169758429583,,,,-0.026412452163125075,,,,,,,-0.03612261050474994,,-0.03612261050474994,,,,,,,,,,,,,0.028917874941754403,,-0.014318763428918134,,,,,,,,,,,,,,,,,,,,0.021138034473870134,,,,,,,-0.023725717057867416,,-0.026848488126092987,-0.03612261050474994,,,,,,,,0.034459016501909974,,-0.033673668670348454,-0.02634184050640901,,,0.022702219105317917,,,,,,0.034459016501909974,0.023352983017318342,0.034459016501909974,,,0.034459016501909974,-0.03612261050474994,-0.03612261050474994,,,0.03357883256184916,,,,,,0.034459016501909974,,,0.034459016501909974,,,,,,,,,,,,,,,,,,,-0.03612261050474994,,-0.03612261050474994,,,-0.03612261050474994,,,-0.03612261050474994,,,,,-0.03179277708577701,,,,,-0.03612261050474994,,,-0.03612261050474994,,0.034459016501909974,,,,-0.03612261050474994,,,0.034459016501909974,,,,,,,,,0.034459016501909974,,-0.03260607125492505,,,-0.03612261050474994,,,,,-0.03612261050474994,,,,,-0.017362417305845902,,,,,,,,,,,,,,0.029626653603655493,,,,,-0.02534984047599023,-0.021429304422567064,,,,,0.034459016501909974,,,-0.023755464853319884,-0.028903262279192373,,-0.03612261050474994,,,,,,,,0.034459016501909974,,,,,,,0.031695771319216914,0.034459016501909974,-0.03612261050474994,,,0.034459016501909974,,,-0.024416854178654843,,,0.03196997411224733,-0.020137407324632657,,,0.034459016501909974,,0.034459016501909974,0.034459016501909974,,,,,,0.034459016501909974,,,,,-0.03612261050474994,,,,,,,,0.02623474601724812,,,0.034459016501909974,,,,,,,,0.028294864252365024,,,,,,,-0.03612261050474994,,,-0.03612261050474994,,,,,,,0.022688552492428005,-0.029240108148530834,,0.024775538875131727,-0.03612261050474994,,-0.03612261050474994,-0.03612261050474994,,,,,,0.029738878678049415,,,,,,0.024746289599420976,,,0.034459016501909974,,,,,,,0.024441968546867178,,0.03024846576461434,,0.009407174741188944,,,,,,-0.014582698270375697,,,,-0.03612261050474994,-0.02636790848717936,-0.013584357747624764,-0.016748693608663517,,,0.021073852955910338,,,0.034459016501909974,,,0.034459016501909974,,0.034459016501909974,0.034459016501909974,,,,,,,,,,,,,,,,,,,,,,,,,,,,,,,,,,,,,,,,,,,,,,,,,,,,,,,,,,,,,,,,,,,,,,,,,,,,,,,,,,
2010-06-30,,,,,,,,-0.013390915231405115,,,,,,,-0.017638073585611435,,,,,,,,,-0.017638073585611435,-0.012821482245733538,,,,,-0.014970082537939066,,,,0.017596877696466885,-0.015187617102079587,,,,0.012582306479196182,-0.017638073585611435,0.012860453810867744,,,,,,,,0.017596877696466885,,,,,,,,,,,,,,,-0.017638073585611435,,,,,,,,,,-0.017638073585611435,,,,,,,,-0.016640320234896026,,,-0.016042846898862023,,,,-0.017638073585611435,,,,,0.017596877696466885,,,0.017596877696466885,,0.017596877696466885,,,,0.017596877696466885,,,,,,0.017596877696466885,-0.017243715878903228,,0.01633071715797486,,,,,,,,,,,,0.013004185337791038,,,,,,,,,-0.01168958337964106,-0.017638073585611435,,,0.01706880108992798,,-0.014255599679769273,-0.017638073585611435,,,,-0.012810992992426159,,,0.014521188304915875,,,,,0.017596877696466885,0.017596877696466885,,,,,,0.017596877696466885,-0.012212206249904534,,,,,,,,,,-0.016383982882807714,-0.01707238984688961,,,,,,,,,0.017596877696466885,,,,,,,0.017596877696466885,,,,,,-0.015001074024768055,-0.017638073585611435,-0.017638073585611435,,-0.017638073585611435,-0.014384938713820307,,,,0.015668029309266994,,,,,,,,,0.014349119188410028,-0.017638073585611435,-0.017638073585611435,,,,0.015220163970658503,,,,,,,,,,,,,,0.017596877696466885,,,,,,,,,,,,,,-0.015585091034150894,,,,-0.017638073585611435,,,0.017596877696466885,,,-0.017638073585611435,0.016095427557067245,,,,,,,,,,,,,,,,,,-0.015783303638949458,,-0.017638073585611435,,,,,,,,,,,0.017048060238990335,,0.011180752919776878,,-0.017638073585611435,0.016430458006185217,,,-0.01763002926575806,,0.017596877696466885,,,0.01452857379797973,,,,,,,,,,0.017596877696466885,,,,0.016789998333322766,0.01589758148887218,,0.014783139304539837,,,,,,0.011632166692333796,,,,,,,,,0.017596877696466885,-0.010144359788559645,,,,,,,,,,,,,,-0.015663877456949266,,,,-0.014354719933692495,-0.017638073585611435,,,,,,,,0.015436378870922895,,,-0.017638073585611435,-0.017638073585611435,,,,,0.012894905484932363,,,,,,-0.017638073585611435,,,,,,,,,0.012950674884174831,-0.011499047257797728,0.011232332675890501,0.011278564607264775,,,-0.006724317054365125,-0.009100943876686597,,,0.013875603230819666,0.017596877696466885,0.01510067279709292,,,,-0.017638073585611435,-0.010294188310589656,0.015613146554244152,-0.015611169543180415,,0.017596877696466885,0.012195076703980427,,0.01203038121723892,,,,0.017596877696466885,,,,,,,,,,,,,,,,,,,,,,,,,,,,,,,,,,,,,,,,,,,,,,,,,,,,,,,,,,,,,,,,,,,,,,,,,,,,,,,,,,,,,
2010-09-30,,,,,,,,-0.03577093208848525,,,,,,,-0.03577093208848525,0.0359368998515806,,,,0.024965351324620005,,,,-0.03577093208848525,-0.02484917377104403,,,,0.031653231704893835,-0.03577093208848525,,0.0359368998515806,,,,0.021715222430329806,-0.03424737011967782,,,,0.03173761062989941,,,0.03477997490338957,,,,,,,0.0359368998515806,0.0359368998515806,,0.0359368998515806,-0.03577093208848525,0.02510636661958736,,,,,,-0.03507445638568275,0.0359368998515806,,,,,,,,,0.03422277322533681,,,0.03309271718765902,-0.03577093208848525,,,,,,,,,,,,,-0.03577093208848525,,,,,,,0.030163143262218126,,,,,,,0.0359368998515806,,,,0.0359368998515806,,,,,,,,,-0.027582786556193086,,,,,0.034924821760107035,,,0.025637089792128115,,-0.02337101989012284,,-0.029165020866609544,,,,,-0.026021786848800448,,,-0.03418258167183408,,,,,,,,,,,,,,,,0.0359368998515806,,0.0359368998515806,,,,,,-0.03577093208848525,,,,-0.0258179304941296,,,,0.0359368998515806,,,-0.03577093208848525,,,,0.0359368998515806,,,,,0.0359368998515806,,,,,,,,,,0.0359368998515806,,,,-0.03577093208848525,,,-0.03577093208848525,-0.02799212165625548,0.02169262579004634,-0.02923424969444354,,,,,,,,,,,,,,,,,0.03251605490350633,,,,,,-0.03577093208848525,,,,,,,,0.0359368998515806,,-0.03577093208848525,,,,,,,,-0.03577093208848525,,,,,-0.01800073604709055,,,,,,0.025795574189672432,-0.03577093208848525,-0.026762135889900864,-0.03577093208848525,,,,,,,,0.0359368998515806,,,,,,,,0.0332492913703081,,,-0.03271786860734931,,,,,,,,,,,,,,,,,-0.03296945933714657,0.028369026267504455,,,,,0.0359368998515806,,,,,,0.03050997841236589,,,,-0.034161124562587984,-0.02448611541037793,,,,,,0.028969220998459555,0.0359368998515806,-0.02727751450428427,0.02931936585152616,,,,,,,,,,,,-0.0263545945779632,0.020858731768099586,,,,,-0.03577093208848525,,0.013860420841194635,,,,,,-0.024511121479977395,,,,-0.0325919092395673,,,,-0.031319050259701234,-0.03577093208848525,,,,,,,,0.02038066654407634,,,,,-0.03577093208848525,,-0.03577093208848525,,,-0.025847774413812113,,,-0.03577093208848525,,,,,,,,,,,0.030170939372477085,-0.020888586106794085,0.028294553906141384,0.023329795110358084,,,-0.01265558769412237,,,,,0.0359368998515806,0.024310072306751973,0.0359368998515806,,0.03396843118647502,-0.03577093208848525,,,,,,,,,,,,,,,-0.024957417967855944,0.02766895130925552,,,,,,,,,,,,,,,,,,,,,,,,,,,,,,,,,,,,,,,,,,,,,,,,,,,,,,,,,,,,,,,,,,,,,,,,,,,,,,,,,
2010-10-29,,,,,,,,-0.03623914882980696,,,,,,,-0.03623914882980696,0.03847182257023739,,-0.03623914882980696,,,-0.03623914882980696,,,-0.035626539617621605,-0.03046336280534774,0.03847182257023739,,,,-0.023096130807945568,,,-0.01662942407281745,,,,,,,,0.03243192114346696,,,,,,-0.03623914882980696,,0.03847182257023739,,,,,,-0.03623914882980696,0.03847182257023739,-0.03623914882980696,,,,,-0.03623914882980696,,,,,,,,,,0.0357255063182732,,,,,,,,0.027522494861569963,,0.029903795527881555,,,-0.035641868907713384,,,,,,,,,,,,0.03847182257023739,,0.03847182257023739,,,,0.03847182257023739,,,,,,,,,0.02759935939425523,,,,-0.020527645672668477,,,,,,,,0.034263652939667676,,,,-0.02763324823719015,,,,,-0.03623914882980696,,,-0.02135536182770378,,,,,,-0.02391339815740546,-0.03623914882980696,,,,,,,,,0.03847182257023739,,0.03847182257023739,,,,,0.03502076107983868,-0.03131640409058611,,,,-0.021694253149819584,,,,,,-0.033628036637453264,-0.03623914882980696,-0.03623914882980696,,,0.03847182257023739,0.024852378874610174,,,,,,,,,,,,,,,,0.03847182257023739,,-0.03623914882980696,,,-0.019868048299718784,-0.03623914882980696,,-0.03623914882980696,,,,,,,,,,,,,,,,,0.03847182257023739,,,,,,-0.03623914882980696,,,,,,,,0.02209985124506807,,-0.03623914882980696,,,,,,,,-0.03623914882980696,,,,,,,,,,,0.0308850871082361,,-0.025606336601971168,-0.03138929258490738,,,,,,,,,,0.03847182257023739,,,,,,,,,-0.029547888424503316,,,,,,,,,,,,,,,0.01884449434441484,,,,,,,,0.03847182257023739,,,0.024122253154963524,,,0.02559435241813773,0.029438823006925047,,,-0.03623914882980696,,,,,,,0.011521686733090074,,-0.03623914882980696,0.02152062881754548,,,,,,,,,,,,,,,,,,-0.03623914882980696,,0.03847182257023739,,,,,,-0.028447437846544688,,,,-0.01270198437677349,,,,-0.03470017153932869,,,,,,,,,0.016593858949751003,,,,,-0.03623914882980696,-0.035410563894407526,,,,-0.009008081008360392,,0.03663589971387334,-0.03623914882980696,0.03847182257023739,,0.02789798100809901,0.02783874183951502,,,,,-0.03623914882980696,,0.019956194460462283,-0.02552376847401268,0.03847182257023739,0.020677572274060283,,,-0.020292032220025367,,,,,0.033681515793649544,0.02296215542438176,0.03847182257023739,,0.017154529636819564,-0.03623914882980696,,0.01891121484798355,0.02998390317286867,,,,,0.027085763406777992,,,,0.03847182257023739,,,,0.03830899366930323,,,,,,,,,,,,,,,,,,,,,,,,,,,,,,,,,,,,,,,,,,,,,,,,,,,,,,,,,,,,,,,,,,,,,,,,,,,,,,,,,
2010-12-31,,,,,,,,-0.026801016316541637,0.028167344708880496,,,,,,,,,-0.026801016316541637,,,,,,,-0.014761017990871846,,,,0.028167344708880496,-0.026801016316541637,,,-0.016943134853561186,,,0.013563878269160149,,,,,0.028167344708880496,,,,,,,,0.028167344708880496,0.028167344708880496,,,,,,0.022886321393698308,,,,0.028167344708880496,,,,-0.026801016316541637,,,,,,,,,,-0.026801016316541637,,,,,,,,,0.01944462507084816,,,,,,-0.026315919028203377,,,,,,,,0.028167344708880496,,,,,0.02686537630307511,0.025102769430808067,,,,,,0.022960037472393714,,,,,,,-0.019953692205881272,,,,0.028167344708880496,,,,0.015053083471303817,,,,-0.017153821240047964,0.028167344708880496,,,,-0.015913447957282986,,,-0.015851913849627385,,0.026751446693479803,-0.021274056596483615,,,,-0.026801016316541637,,,,-0.026801016316541637,-0.019083412254515777,,-0.026801016316541637,,,,,,,,,0.028167344708880496,,,,,-0.02423771889415427,,,,,,-0.026801016316541637,-0.026801016316541637,-0.01689429942118836,,,0.028167344708880496,0.023432593652590688,,,-0.026801016316541637,,,0.028167344708880496,,,,,,,,,,,,,,,-0.026801016316541637,,,,,,,,,,,,,,,,,,,,0.028167344708880496,,,,,,-0.026801016316541637,,,,,,,,0.028167344708880496,,,,,,,,0.028167344708880496,,-0.016100613802582257,,,,-0.026801016316541637,,,,,,,,,,-0.026801016316541637,,,,,,,,,,0.01580647515818716,,,,,,,,,-0.025598907998009138,,-0.026801016316541637,,,,,0.028167344708880496,,,,,,,,0.018100136297470093,,,,,,,,,,,,,,,0.01931724058302928,,,,-0.018123047035599735,,,,,,0.0196840336684842,0.028167344708880496,-0.02471616812062335,0.019624284416422937,,,,,,,,,,,,,,-0.026801016316541637,,,,-0.026801016316541637,,0.016941625998572723,,-0.026801016316541637,,,,-0.019572252393225152,0.008550829356360552,,,-0.006505899414294505,,-0.026801016316541637,,-0.026801016316541637,-0.026801016316541637,,,,,,,,0.01354677562322001,,,,,,-0.026801016316541637,-0.026801016316541637,,0.024153659066825397,-0.02520766307622275,0.028167344708880496,,-0.026801016316541637,,,,,,-0.026801016316541637,,,,,0.017100180190368578,-0.01620633678995552,0.017455802771084994,0.012482064663639308,,,-0.009319012760565461,,,0.028167344708880496,,0.026812941429301428,0.016621729280839034,,,0.015676393172676852,-0.018999636038396692,,,0.021202740704801066,,,,,0.018516409069276648,,-0.009806381252467663,,,,,,0.028167344708880496,0.018519412314217023,0.01584501750409778,,,,,,,,,,,,,,,,,,,,,,,,,,,,,,,,,,,,,,,,,,,,,,,,,,,,,,,,,,,,,,,,,,,,,,,,,,,,,,,
2011-09-30,,,,,,,,-0.018601230591778716,-0.014689717749796894,,,,,,,,,,,,,,,,,0.01829707981632979,,,,,0.01829707981632979,,,,,,-0.016744615428460112,0.01829707981632979,,,,,,,,0.01829707981632979,,,,,,,,0.01829707981632979,,0.01829707981632979,,,,,0.01829707981632979,0.015733498706103778,,-0.018601230591778716,,,,,,-0.018601230591778716,,,-0.018601230591778716,0.01829707981632979,,-0.013422905054055223,,,,0.00974810844172687,,-0.018601230591778716,0.01829707981632979,,,,,,,,,0.01829707981632979,,,-0.018601230591778716,,,,-0.01707710450389296,,,,0.01829707981632979,0.015730675449313176,,-0.015226841214256942,,,,,,,,-0.015070739777114121,,0.013997780522157883,,,,,,,,,,,,-0.018208643553570294,,,,,-0.014430902542674758,,-0.018601230591778716,-0.013098703969083261,,,,,,0.012803426813458049,,,,,-0.016430682731576718,,,,,,,,,,,-0.018601230591778716,,,,,,,,,-0.018601230591778716,,0.01829707981632979,-0.009861775716587784,,,,,0.01829707981632979,,,,,,,,,,,,-0.018601230591778716,,,-0.018601230591778716,,,0.01829707981632979,-0.018601230591778716,,,0.01829707981632979,,,,,,0.01829707981632979,,,,,,-0.01779235432841444,,,,,,,,,,,,,,,,,,,,,,0.017668134453750876,-0.01207698017982084,-0.018601230591778716,,,,,,,,,,,,-0.014821649145825051,,,,,,0.01829707981632979,-0.018601230591778716,,,,,,,,,,,,,,,,,,,,,,,,,,,,,,,,,,-0.018601230591778716,,,,,,,,,,,0.01829707981632979,,,-0.01174177760933007,,,,,-0.017420137037620565,,-0.017966317499940987,,,,,,,,,,-0.01586089058125021,-0.018601230591778716,-0.018601230591778716,,0.01701160948790127,,-0.013758445067054226,,-0.011700702875148827,,,,,,,,,,,,,,,-0.015839453864398795,,-0.0174826665882305,,-0.01368621284177978,,0.01829707981632979,,,,,,,,,,,,0.01829707981632979,,0.008500625259106212,,,,,,,-0.018601230591778716,,0.014182128846036106,,,,,,,-0.012916911972938915,0.01829707981632979,,,,,-0.01646681524930636,,,-0.016116894798571518,-0.01532876103276198,,,0.01829707981632979,,0.012255279259082574,,,,,-0.014409213609419172,0.01829707981632979,0.01829707981632979,0.01829707981632979,,-0.012134923081499008,-0.013910764700776256,,,,0.014106804147429404,0.015013172347711906,0.010700180977830856,,,,,0.01829707981632979,,,0.01829707981632979,0.013415753163949662,,,0.011310717228015497,0.016156836857366033,0.008706927619452945,0.017466826078207,0.014079247770598545,0.009610686670740758,0.01829707981632979,,,,,,,,,,,,,,,,,,,,,,,,,,,,,,,,,,,,,,,,,,,,,,,,,,,,,,,,,,,,,,,,,,,,,,,
2012-05-31,,,,,,,,-0.024823216253519225,,,,,,0.020557890614783192,,,,,,-0.022027702924067243,,,,0.025176607455641348,,0.019107743177351318,,,,,0.025176607455641348,,,,,-0.019123899774328722,-0.022905191949798245,0.01935431658449619,,0.025176607455641348,,,,,,,,,,,,,,,,,,,0.025176607455641348,,,,,,,,,,,,,,,,,-0.01929809129632639,,,,0.016179207178354554,,,0.013788868740762692,,,,,,,,,0.024877617183976186,,,,,,,-0.024434506586744374,,0.016283151901400943,-0.019272263003915463,0.019899473474969134,,,,,,-0.024823216253519225,,,,,-0.022102998338306548,,,,,,,,0.025176607455641348,,0.01317496835923943,,,,,,,0.025176607455641348,,,-0.024823216253519225,,-0.018037087485675188,,-0.020308511241285992,-0.003091869607353734,-0.024823216253519225,,,,,0.025176607455641348,,,-0.014736796073834262,,,,,,0.025176607455641348,-0.023020503378170114,,,,,,,,,,,,,,,-0.018339425852444503,-0.024823216253519225,,,,,,,0.025176607455641348,-0.024823216253519225,,,-0.024823216253519225,-0.024823216253519225,0.025176607455641348,,,,0.01980575884664274,,,,,,-0.024823216253519225,,,-0.024823216253519225,,,,,,,,,,,,-0.024823216253519225,,-0.021522933116964453,,,,,,,0.023062904950298876,,,,,,,,,,,,-0.024823216253519225,,,,,,,,,,,,,,0.025176607455641348,-0.020421315904158053,,,,,,,-0.01265836175655446,,,,-0.024823216253519225,,,,-0.024823216253519225,,,,,,,,,,,-0.024823216253519225,,,,,,,,,,,,,,,,,0.025176607455641348,0.008702944599386874,-0.024823216253519225,,,,,,-0.024823216253519225,0.025176607455641348,,,,0.01800043681740744,,,,,,,-0.01639775074044134,0.025176607455641348,,,-0.024823216253519225,0.025176607455641348,,,,,,,,0.025176607455641348,,,,,,,,,,,0.025176607455641348,,,,,,,,0.021054129131326437,,,,,,,,,,,-0.024823216253519225,,,0.025176607455641348,,,,,,-0.010845736750700849,,,,,,,0.01304977952949035,,,0.012920344525740082,0.02291905113083955,,-0.020301255713718123,,,-0.018386870363567395,,,,,,-0.021144615191734974,,,,-0.022897445515441366,,,,0.008581388597846972,0.012360656829993199,,,,,,0.024067467913138726,0.02511255297650489,,-0.023485119832646555,-0.008924592724572678,,-0.009854035845063116,,,0.01572917564207443,,0.017419747567000578,,0.021035005342324924,,,,,-0.01980378651782937,0.025176607455641348,,0.025176607455641348,0.025176607455641348,,,0.005678771174572531,,,,,0.025176607455641348,-0.024823216253519225,,,-0.024823216253519225,,0.022113659433050593,-0.01409216743753519,,,,,,,,,,,,,,,,,,,,,,,,,,,,,,,,,,,,,,,,,,,,,,,,,,,,,,,,,,,,,,,
2012-10-31,,,,,,,,-0.0283009203769724,,,0.02811854890727166,,,,,,,,,-0.0283009203769724,,,,0.022522056942848555,-0.0283009203769724,,,,,-0.01961172376380929,,,,,,-0.009329653383689749,-0.015389831082741494,0.022202253142255934,-0.008327101480976356,,-0.0283009203769724,0.020678748187503093,,0.02811854890727166,,,,,,,,,,-0.0283009203769724,,,,,,,,,,-0.0283009203769724,,,,,,,,-0.0283009203769724,,,,-0.02054704295384623,,,,0.012881780290203156,,,,,,,0.02811854890727166,,,,,,,,,,,,,,,,,,,,,-0.0283009203769724,,,,,,,-0.0283009203769724,,,,,,,0.02811854890727166,,,,,-0.02232949145927815,0.016676077943198434,,,0.02811854890727166,,0.016326454922619645,-0.0283009203769724,,,,-0.021591551753568704,,,,,,,0.02811854890727166,,,,,,,,-0.0283009203769724,,,,,,,,,,,0.02811854890727166,,,,,,-0.0229333216290689,,0.018068973782476423,,,-0.0283009203769724,,,0.02811854890727166,-0.0283009203769724,,,-0.0283009203769724,,,,-0.0283009203769724,,,,,,,,,,,,,-0.0283009203769724,,,-0.0283009203769724,,,,,,,-0.020226694694730457,,,,,,,,-0.0283009203769724,0.01880200851179023,,,,,,,,,,0.019032237370467876,,,,,,,,0.02811854890727166,,,,,0.020327821504935367,,,0.022444485297283434,-0.021252066810088063,,,,,,,,,-0.014438435369052323,,,,,,-0.0283009203769724,,,,,,,,,,,-0.01994509077694591,0.02811854890727166,,,0.011185474456877538,,,,,,,,0.02811854890727166,,0.02811854890727166,,,0.02811854890727166,,-0.024213745624433517,,,0.02811854890727166,,,,,,,0.01658901358264834,,-0.021185035863983216,,,,,,,0.02811854890727166,,,,,,-0.0283009203769724,,,,,,,-0.0283009203769724,,,0.02811854890727166,,,-0.024877626305754658,-0.021903247794197462,,,,,,,,,,-0.0283009203769724,0.008357514306246011,,,,,,,,,,,,,-0.025065108915240532,,-0.017132203612655172,,,,,,0.02811854890727166,,-0.0283009203769724,,,,0.02811854890727166,,,0.02811854890727166,,,-0.0283009203769724,,,-0.02365297315413636,,,,,,-0.01414941660847284,,,0.022931498949376346,0.02683228397209168,,0.0106813248540026,,0.01344727420358125,,,,,,,0.02611142121167975,,,,-0.010694934651270062,,,-0.0283009203769724,,,-0.01016865568140589,,,0.02811854890727166,,,0.02811854890727166,,,,,0.02811854890727166,,0.019654984965760337,,,,,,0.02811854890727166,,-0.01602475147057271,0.02811854890727166,0.02267285716576635,0.020444746847324204,,0.02811854890727166,,0.020677699171500037,,,,,,,,,,,,,,,,,,,,,,,,,,,,,,,,,,,,,,,,,,,,,,,,,,,,,,,,,,,,,,
2012-11-30,,,,,,,,-0.027222121146590523,-0.02761491159885665,,0.02745327363355595,,,,,,,,,-0.026191250022839896,,,,0.013678292829435317,-0.02411254479801789,,,,,-0.020737911307438912,,,,,,-0.01085583305254314,-0.009670850290406442,0.018052191830072034,-0.011851047264331772,0.02745327363355595,,0.02745327363355595,,0.02745327363355595,,,,,,,,,,-0.021646327275535185,,0.02745327363355595,,,,,,,,-0.02761491159885665,,,,,,,,-0.02088168081762737,,,,,,,,0.011281627444490743,,,-0.013435356246744776,,,,0.02745327363355595,,,,,,,,,,,,,,,,-0.022245823888381047,,-0.02761491159885665,,,,,,,,,,,,,-0.02761491159885665,,,,,,,,,,0.017763206355199516,,,0.02745327363355595,,0.01812751234275438,-0.02761491159885665,,0.019313552528022027,,-0.02761491159885665,0.015225139405339691,,,,0.02745327363355595,,,,,,,,,,,,,,,,0.024818451522316605,-0.02761491159885665,,0.02745327363355595,,,,,,,,,,0.020098701528715585,,,-0.02586741391220359,0.00992179456669818,,,,0.02745327363355595,,-0.02761491159885665,,,,-0.02761491159885665,,,,,,,,,,-0.02761491159885665,,,-0.016789156276378087,,,-0.02761491159885665,,,,,,,,,,,,,,-0.02761491159885665,,0.024216038919564524,,,,,,,,,,0.0211879091658271,,,,,,,,,,,-0.02761491159885665,,,,,,,,,,,,,-0.015440205822715785,,-0.02320342199669285,,,,,,-0.02761491159885665,,,,,,,0.02745327363355595,,,,,,,,,,,,,,,,0.02745327363355595,,,,,0.02745327363355595,,-0.02761491159885665,,,,,0.02745327363355595,,,,,0.024595261013361337,,-0.02761491159885665,,,,,,,0.02745327363355595,,,,,-0.023934429991135594,-0.02758030539971428,,,,,,,,,,0.02745327363355595,,,,,0.02745327363355595,,,0.02745327363355595,0.02745327363355595,,,,,-0.02761491159885665,,,,,0.019684786777350808,,-0.02761491159885665,,,,,,,-0.0270613378572389,,-0.018429050900840578,,,-0.017860352733339097,,,0.02745327363355595,,-0.02761491159885665,,,,0.025637838612641184,,,0.018786212201862672,,,,,,,,,,,,-0.012232101467180937,-0.02761491159885665,,0.019897712629508672,0.025929123369768475,,0.02745327363355595,,0.012019923714963287,,,,,,,0.027307419151780497,,-0.019485684187709643,-0.02761491159885665,-0.012158942048145724,,,-0.02761491159885665,,,-0.0233238027166041,,,,,,,-0.024481549811409032,,,,,,0.025377985416457437,,0.00983999768881814,,,0.022251032855291234,0.02745327363355595,,,0.02745327363355595,,,,0.022421437799212744,,0.022037929083469618,-0.01666981591809728,,,,,,,,,,,,,,,,,,,,,,,,,,,,,,,,,,,,,,,,,,,,,,,,,,,,,,,,,,,,,
2012-12-31,,,,,,,,-0.030755886232480684,,,0.03005801802653498,,-0.02681853994748474,,,,,,,,,,,0.03005801802653498,,-0.030755886232480684,,,,-0.019032723662151866,,,,,,-0.0084195559030283,-0.00666062210298813,0.016636242447780666,-0.009971989540564595,0.03005801802653498,,0.03005801802653498,,0.03005801802653498,,,,,,,,0.03005801802653498,,-0.030755886232480684,,,,,,,,,,-0.030755886232480684,,,,,,-0.030755886232480684,,-0.022965562179092406,,,,,,,,0.027164926165656883,,,,,,,,,,,,,,,,,,,,,,,-0.02389713863990409,,,,,,,,,,,,,,,-0.030755886232480684,,,,,,,,,,0.020596474987633694,,,0.03005801802653498,,0.01764313761711249,-0.02784747405550225,,0.019611371184846172,,,,,,,,,,,,,,,,,,,,,,,0.03005801802653498,,,0.03005801802653498,,,,,,,,,,0.0202782927783817,,,-0.025448920310134605,0.014549316214981156,,,,,,-0.030755886232480684,,-0.030505764399630413,,-0.030755886232480684,,,,0.03005801802653498,,,,-0.030755886232480684,-0.030755886232480684,-0.030755886232480684,,,-0.030755886232480684,,-0.030755886232480684,-0.030755886232480684,,,,-0.030755886232480684,,,,,,,,,,-0.030045670342929508,-0.030755886232480684,0.03005801802653498,,,,,,,,,,0.020619431049442798,,,,,,,,,,,,,,,,,-0.017346183444680207,,,,,,,,,,-0.030755886232480684,,,,,-0.030755886232480684,,,,,,,0.03005801802653498,,,,,,,,,,0.0260785277128766,,,,,,,,0.03005801802653498,,,0.03005801802653498,,-0.030755886232480684,,,0.03005801802653498,,0.03005801802653498,,,,,0.02672016249003839,,-0.030755886232480684,,,,,,,0.03005801802653498,,,,,,-0.030755886232480684,,,-0.030755886232480684,,,,,,,0.03005801802653498,,,,,,,,0.03005801802653498,0.03005801802653498,,,,,-0.030755886232480684,,-0.02573759802732747,,,0.019082518043126925,,-0.030755886232480684,,,,,0.03005801802653498,,-0.030755886232480684,,-0.02061228685090608,,,,,,0.03005801802653498,,-0.022459291389988013,,,,0.03005801802653498,,,0.019389321821596358,,,0.03005801802653498,-0.030755886232480684,,,,,,,,-0.01678686611044209,-0.030755886232480684,0.03005801802653498,,0.019250393009658782,,0.018147889035495624,,0.017610523405302194,,,,,,,0.02395468177395865,,-0.022825344342914743,-0.02803033929298707,-0.012865677837220134,,,,,,-0.012760796706451432,,,0.03005801802653498,,,0.03005801802653498,-0.028488952696005522,,,,,,0.023698656762522877,,,,,0.01840207065603243,,,,0.03005801802653498,,0.029630601427673705,,,,0.029247182732214595,,,,,,,,,,,,,,,,,,,,,,,,,,,,,,,,,,,,,,,,,,,,,,,,,,,,,,,,,,,,,,
2013-01-31,,,,,,,,-0.03502890461578583,-0.03570180095841287,,0.034870443435161415,,,,,,,,,,,,,0.034870443435161415,-0.035023433170922436,,,0.033813869482653795,,,,,,,,-0.013577533681313996,-0.012282578768334553,,-0.012075065436422708,0.034870443435161415,,0.009360831029562576,,0.028881280345767348,,,,,,,,,,-0.03281523284353328,,,0.034870443435161415,,,,,,,-0.03408246636692901,,,,,,-0.03570180095841287,,-0.0355260584258118,,,,,,,,0.020192205020728285,,,-0.02292663724631149,,,,,,,,,,,,,,,,,,,,-0.03489103050259916,,,,,-0.03570180095841287,,,,,,,,0.028353877686346292,,-0.03570180095841287,,,,,,-0.016729683785678587,,,,,,,0.034870443435161415,,0.022078551016456147,-0.03570180095841287,,0.02170134418050145,,,,,,,,,,,,,,,,,,,-0.03476603054786375,,,,,-0.03570180095841287,,0.025840611641258372,,,,,,,,,,,,0.034870443435161415,-0.03570180095841287,,,,,,,-0.03570180095841287,,-0.027286813845062596,,,,,,0.018434706675926543,,0.034870443435161415,,-0.03570180095841287,,,,,,,,-0.03570180095841287,,,0.03159809615177203,,,,,,,,,0.034870443435161415,,-0.03570180095841287,-0.03570180095841287,0.034870443435161415,,,,,,,,,,0.02635552603068139,,,,,,,,,,,,,,,,,-0.029536534497011494,-0.03459360653972432,,,,,,,,-0.021050796256192085,,,,,,-0.034832385459833165,,,,,,,0.034870443435161415,,,,,,,,,,,,,,,,0.034870443435161415,,,,,0.034870443435161415,,-0.03570180095841287,,,0.034870443435161415,,0.028017783317286857,,,,,0.02596950739723073,,-0.03570180095841287,,,,,,,0.034870443435161415,,,,,,-0.03570180095841287,,,,,,,,,,0.034870443435161415,,,-0.03570180095841287,-0.03570180095841287,,,,,,,,,,-0.029818789151804283,,,,,0.034870443435161415,,-0.03570180095841287,0.017821331088672905,,,,0.034870443435161415,,,,-0.01207228815722091,,,-0.03151674481287236,-0.03570180095841287,-0.004792203863894555,,,,,,,0.03447955483260642,,,0.012297327926675398,0.034870443435161415,-0.026516989432571966,0.034870443435161415,-0.03525300996960901,,,,,,,,-0.024384054650859355,,0.02985074821014685,0.03290275613823006,,,0.026618992090126414,,0.021326496941716473,,,,,,,0.034870443435161415,0.034870443435161415,-0.026456213091572294,-0.03570180095841287,-0.014942903623709935,,,,,,-0.010911255170128486,,,0.034870443435161415,,,,-0.03570180095841287,,,,,,0.026998707577307914,,0.034870443435161415,,,,0.0307440960426462,,,0.034870443435161415,,0.021339308101686664,,,,0.021558912670382478,,,,,,,,,,,,,,,,,,,,,,,,,,,,,,,,,,,,,,,,,,,,,,,,,,,,,,,,,,,,,,
2013-03-29,,,,,,,,-0.0315832406969277,,,0.03387766222670017,0.03387766222670017,-0.029685641181887948,,,,0.03387766222670017,,,,,,,0.023367472398625484,,,,,,,,,,,0.03387766222670017,-0.009468197525804732,-0.015608547013765996,,-0.016619719560525426,0.03387766222670017,-0.0315832406969277,0.026251339206993886,,0.03387766222670017,,,,,,,,,,-0.03121978124805742,,,0.03387766222670017,0.03387766222670017,,,,,,-0.0315832406969277,,,,,,,,-0.023353822237626696,,,,,,,,,,,-0.019720917441294672,,0.03387766222670017,,,,,,,,,,,-0.0315832406969277,,,0.03387766222670017,,,,-0.023898242554638283,,,,,-0.0315832406969277,,,,,,,,0.022926107714519736,,,,,,,0.03387766222670017,,,-0.024933851244840658,,0.024873732845042244,,,,,0.022770838051588027,-0.0315832406969277,,,-0.0315832406969277,,,,,,,,,,,,,,,,,,-0.02622699334468577,,,,,,,,,,,0.03387766222670017,,,,,,0.021082451016473585,,,-0.0315832406969277,-0.02362864993960782,,,,,,-0.0315832406969277,,,,,,,,0.02292924466275338,,,,,,,,,,,,,,,0.03139939640141814,,,,,0.03387766222670017,,,,,0.03387766222670017,,-0.0315832406969277,0.03387766222670017,,,,,,,,,,0.021776541113559165,,,,,,,,,,,,,,,,,,,,,,,,-0.0315832406969277,,-0.025877420975825127,-0.0315832406969277,,,,,,,,,,,,,,,-0.0315832406969277,,,,,,,,,,,,,,,,,-0.0315832406969277,0.03387766222670017,,-0.0315832406969277,0.029137191451130223,,,,,,,,,,,,,,,,,,0.03387766222670017,,,,,-0.0315832406969277,-0.0315832406969277,,,-0.027316635531255386,,,,-0.0315832406969277,,,0.02918848551700021,0.03387766222670017,,-0.021706794606841377,,,,,,,-0.0315832406969277,,,,-0.0315832406969277,,,,-0.0315832406969277,,,,0.025431052031935054,,,,,,-0.0315832406969277,,-0.025152923379912234,,,-0.023997544485998005,-0.027520810238131244,0.015107290876528274,,,,,,,0.03322532322534169,,,,0.03387766222670017,-0.029614396649615,0.03387766222670017,,,,,,,,,,-0.0315832406969277,,0.024429380557719697,0.013425739781460003,,0.024391842102194607,,,,,,,,,,,-0.0315832406969277,-0.030157511858237215,,0.017291941531433985,,-0.0315832406969277,,,-0.023886087640514538,,-0.0315832406969277,0.0321625475849646,,,,-0.0315832406969277,,,,-0.021218731319666215,,0.025893537023243922,,0.03387766222670017,,0.019744366884484013,,0.014334365768128835,,,0.020614514201224014,,0.03387766222670017,,,0.031509149254874184,0.018365093948488145,,0.01662320465725067,,,,,,,,,,,,,,,,,,,,,,,,,,,,,,,,,,,,,,,,,,,,,,,,,,,,,,,,,,,,
2014-12-31,,,,,,,,-0.022963945288094333,,,0.02737367466175052,,,0.01715398273701459,0.02737367466175052,,,,,,,,,,,,,,,0.02608951868951302,,,,,-0.027306169324326095,,,,-0.02213003058001979,,,,0.02737367466175052,,,,0.02737367466175052,,,,,,,,,,-0.02708870207011626,,,,,,,,-0.027306169324326095,0.02737367466175052,,,,0.02737367466175052,,-0.013227694269654587,,,,,,,,0.017805365698448743,,0.009187995591364117,0.02737367466175052,,,,,,,,,,,,,,-0.01761198508457041,,0.02320544738527654,,,-0.021237979350555967,,0.02737367466175052,,-0.027306169324326095,,-0.013848724358384027,,,,-0.027306169324326095,,0.021392519482579968,,-0.021182338448305617,,,,,,,-0.027306169324326095,0.014319100828408935,,,,,-0.024073026532969524,,,,,0.02737367466175052,,,,,0.018159166907732865,-0.027306169324326095,,,-0.027306169324326095,,,,,0.02737367466175052,,,,,,,-0.014096377478766535,,,,,-0.02030737744057016,,,,,,,,-0.027306169324326095,,,,,,,0.02737367466175052,0.021743259429811423,,,,,,,,,,,,,,,,-0.026576160645115886,,0.021170871794293774,,0.02737367466175052,0.024398225438519733,,,,,,-0.023091996904866983,,,,,,,,,,,,,,,0.02737367466175052,,,,,,,,,-0.027306169324326095,,,,-0.027306169324326095,,,,,0.020765120920213473,,,0.02737367466175052,-0.027306169324326095,,,,,,,,,,,,,,0.01818319540050123,,,,-0.025607357747947406,,,,,0.02737367466175052,,,,,,,0.02737367466175052,,,,-0.017370907241327945,-0.027306169324326095,,,,,,,,,,,,,,,,-0.027306169324326095,,-0.027306169324326095,,,,,,,,0.02737367466175052,,,,,,,,,,,,,,,,,-0.01833578603793969,,,,-0.026014558210157624,,-0.021295738457008582,,,,,,,,,0.02737367466175052,,,,0.026869446434992315,,0.02737367466175052,-0.027306169324326095,,0.02737367466175052,,,,,0.011713784889046725,,,,,-0.027306169324326095,,,-0.027306169324326095,,,0.023034216691993487,-0.022909965471557138,,,,,,,,,-0.027306169324326095,,,,,-0.01765595785641794,,,,0.02737367466175052,,,,,,0.02737367466175052,,,,-0.018602718939302848,,,-0.01710551078711455,,,,,,0.018862868372982764,0.02737367466175052,,,-0.024558383858169237,-0.016037138239717936,0.020683880880803893,,,,-0.015025435895211443,0.016185942024277648,,,,,0.02737367466175052,,,,,,,-0.027306169324326095,,0.01652636486700733,-0.02643587177269325,,-0.027306169324326095,0.024688814065946342,,,-0.02295224090026382,0.01958157568653878,,,0.0214575014784415,,-0.02354047088902861,,0.01724237460992741,,,,,,,0.026925204379046882,,,-0.027306169324326095,,,,,,,,,,,,,,,,,,,,,,,,,,,,,,,,,,,,,,,,,,,,,,,,,,,
2015-02-27,,,,,,,,-0.01792068542442779,,,0.02263101183651921,,,,0.02263101183651921,0.02263101183651921,,,,,,,,,,,,,,0.02263101183651921,,,,0.02263101183651921,,,0.019113840875204426,0.02263101183651921,-0.008633719656350531,,,,,,,,0.01828204412493718,,,,,,,,,,,0.02263101183651921,,,,-0.019569327290182896,,,,,,0.020797474191069528,,0.019369847584645442,,,,,,,,,,,,,0.00980597353221249,,,,,,,,,,-0.022866494311445478,,0.02162119407713639,,-0.022866494311445478,,0.016755162934905955,-0.022866494311445478,,-0.019141282758661338,,0.02263101183651921,,-0.022866494311445478,,,,,,-0.022866494311445478,,0.02095608780664732,,,,,,,,,-0.022866494311445478,,,,0.02050977580223954,,-0.01762248629263284,,,,,,,-0.022866494311445478,,,0.014619142711445888,,,,,,,,,,,,,-0.015960619675203763,,,-0.010453058386488362,,,,-0.021719081863162012,-0.02216021440844589,,,,,,,,,0.022309793051200653,,,,,,0.0166933387414889,0.021390356135767438,,,,,,,,,,,,,,0.02263101183651921,,-0.021210116602878075,,,,0.02263101183651921,0.01704438348244731,,-0.022866494311445478,,,,-0.021050545293254758,,,,,,,,,,,,,,,0.02263101183651921,,,,,,,,,-0.022866494311445478,,,,-0.019253528362883385,,,,,,,,0.02263101183651921,-0.022866494311445478,,0.02263101183651921,,,,-0.016151415770309263,,,,,,,,0.020058993777410022,,,,,,,-0.022866494311445478,,0.02263101183651921,,,,,,-0.022866494311445478,,,,,-0.01854420884021261,,,0.02263101183651921,,,,,,,,,,,,,0.015932781170723342,-0.01787270606447565,-0.01836380249732869,,,,,,,,-0.022866494311445478,,,-0.017088007449079737,,,,,,,,,,,,-0.022866494311445478,,,-0.008297615570039048,,,,-0.022866494311445478,,-0.022866494311445478,,,,,,,,,,-0.022866494311445478,0.018108520755164094,,0.015858261154785468,,0.02263101183651921,,,0.01663278371197813,,,,,,,,,,,0.02263101183651921,,-0.022866494311445478,,,0.02003988707231659,,,,,,,,,-0.022866494311445478,-0.022866494311445478,-0.013874821293068792,,,,-0.016279711561133135,,,,,,,,,,0.015845073234615197,,,,-0.015965524094172515,,,-0.012678702799859802,0.02263101183651921,,,,,0.010180873120092462,,,,,-0.010978299465607433,0.014442005109447013,,0.02263101183651921,-0.02200142745674955,,0.013286958204089573,0.02263101183651921,,,,0.02263101183651921,,,,,,,-0.022866494311445478,,0.008547825078198,-0.022866494311445478,,,,,,,,,,0.02263101183651921,,-0.022866494311445478,0.02263101183651921,,,,,,,,0.019459534964531736,,,-0.022866494311445478,,-0.0165884122933424,,,,,,,,,,,,,,,,,,,,,,,,,,,,,,,,,,,,,,,,,,,,,,,,,
2015-03-31,,,,,,,,-0.018338862233034988,-0.02096991784587635,,,,,0.021585660192352116,0.018059479011651138,0.021585660192352116,,,0.021585660192352116,,,,,,,-0.02190694825318777,,,,0.01672035704141395,,,,,,,,0.021585660192352116,-0.01571905781478473,,,,0.021585660192352116,0.021585660192352116,,,,,,,,,,,,,,,,,,,,,,,,,,,,,,,,,,,,,,,0.021585660192352116,,,0.021585660192352116,,,,,,,,,0.02040697721740745,,-0.02190694825318777,,0.019834830782453808,,,-0.02170422248718219,0.021585660192352116,,,,,-0.01656266875038339,,,,-0.02190694825318777,,,,,,,,,,,-0.02190694825318777,0.01266767915554593,,,,,,,,,,,,-0.02190694825318777,,,0.012093596756792951,,,,,,,,,,,0.021585660192352116,,-0.016303763950123604,,0.018050753919246838,-0.009203173561924372,,,,-0.02190694825318777,-0.02190694825318777,,,,,,,,,,,,,,,,0.012519159518924254,,,,,,,,,,,,,,,,-0.018173891622772876,0.021585660192352116,,,0.021585660192352116,0.021585660192352116,,-0.017051010162150222,,,,-0.02190694825318777,,,,,,,,,,,,,,,0.021585660192352116,,,,,,,,,-0.02190694825318777,,,,,,,,,,,,0.021585660192352116,,,,,,,-0.010148452293706497,,,-0.02190694825318777,,,,0.019656830890253007,,,0.020657665230690677,,,,,,,,,,,,,-0.02190694825318777,,,0.021585660192352116,,-0.02190694825318777,,,,-0.02190694825318777,,,,,,,,,,,,0.021585660192352116,-0.0198540708619579,-0.02190694825318777,,,,,0.017704699417897565,,,-0.020872554191549153,,,,,,,,,,,,,,,-0.02158315657939772,,,-0.008285813225974544,-0.02190694825318777,-0.02190694825318777,,-0.02190694825318777,,-0.019709116628418392,,,,,,,,,,-0.02190694825318777,,,0.01270381451814776,,,,,0.021585660192352116,,,,,,,,,-0.02190694825318777,-0.02190694825318777,,,-0.02190694825318777,,,0.021585660192352116,,,-0.02190694825318777,,0.021585660192352116,,,0.021585660192352116,,-0.02155140497854161,-0.016298252895533053,,,0.021585660192352116,-0.013983995087562161,-0.02190694825318777,,,,,,,,,,,,,-0.01919505548308561,,,-0.01518147426716501,,,,,,0.015836358027056702,,,,,-0.01866479897497889,,-0.02190694825318777,0.021585660192352116,-0.01398990679179454,,0.012997177964599678,,0.021585660192352116,,,,,0.021585660192352116,,0.021454106381899655,,,,,0.014145457491146617,-0.02190694825318777,,,,0.015086997952485142,,,,0.021220545602067938,,0.021585660192352116,,-0.02190694825318777,0.016553634070246893,,0.020959047038417302,,,,,,0.018555465823297698,,0.021585660192352116,,,-0.014746159709656254,0.01697397597528586,,,,,,,,,,,,,,,,,,,,,,,,,,,,,,,,,,,,,,,,,,,,,,,,
2015-04-30,,,,,,,,-0.023715681351397986,-0.026985464685853063,,,,,0.02667292491255114,0.02667292491255114,,,,,,,,,,,-0.02545767658170186,,,,0.025349966534944396,,,,,,,,,-0.010418375054076218,,,0.02667292491255114,,0.02667292491255114,,,,,,,,,,,,,,,,,,,,,,,,,,,,,,,,,,,,,,,0.02667292491255114,,,,,,,,,,,,0.02667292491255114,,-0.0216258420006965,,0.0189349929266157,,,-0.01670927975098898,0.02341650519431616,,,,,-0.01719553333924594,,,,-0.026985464685853063,,0.01611862041168171,,-0.022782671190625256,,,,,,,,0.01175699643814897,,,,,,-0.026985464685853063,,,,,,,,,,,,,,,,,,,,0.02667292491255114,,,0.02667292491255114,,-0.0124293524420239,,,,-0.026985464685853063,-0.01883709504620335,,,,,,,,,,,,,,,,0.023355161149745486,,,-0.026985464685853063,,,,,,,,,,,,,-0.02114933928798632,0.02667292491255114,,,0.022552416022720984,0.0176200802543716,,-0.026985464685853063,,,,-0.026985464685853063,,,,,,,,,,,,,,,0.02667292491255114,,-0.026985464685853063,,,,,,,-0.026985464685853063,,,,,,,,,,,,0.02667292491255114,,0.02667292491255114,,,,,-0.01604744774554295,,0.01408465500491075,-0.026985464685853063,,,,0.02667292491255114,,,0.02667292491255114,,,,,,,,,,,,,-0.026985464685853063,,,,,-0.02666991571197376,,,0.017197687804685287,,,,,,,,,,,,,,,-0.026985464685853063,,,,,0.02667292491255114,-0.019821818716549214,,-0.026985464685853063,,,,,,,,,,,,,,,-0.026985464685853063,,,-0.01437440234881703,-0.025088740640072382,-0.026985464685853063,,-0.026985464685853063,,,,,,-0.026985464685853063,,,,,,,,,0.02078140183504683,,,-0.019096671865057264,,,-0.022946491276038275,,,,0.009553032937727435,,,,,-0.026985464685853063,,,,,,0.013202887814670976,,,,,0.02667292491255114,,,0.02667292491255114,,-0.026985464685853063,-0.007893141352030833,,,0.017785425056301166,-0.02000401986912938,-0.026985464685853063,-0.01961716641618237,0.02667292491255114,,,,,,-0.026985464685853063,,,,0.018776857479405523,-0.015429732579260069,,,-0.0022545256579124305,,,,,,0.019093595530248975,,,,,-0.02027955790966169,,,0.017655938887984717,-0.020319602012382327,,0.010724451762327876,0.02667292491255114,0.02667292491255114,,,,0.02667292491255114,0.02667292491255114,0.02667292491255114,,,,-0.016823613605417453,,0.018801679912062302,-0.0137661232142409,,,0.019748049248448224,0.023513301794443116,,,,,,0.02667292491255114,,-0.026985464685853063,,,0.01454167844085794,,,,,,0.016855283213376527,,,,-0.026985464685853063,,0.025755870650569567,0.014092770532995324,,,,,,,,,,,,,,,,,,,,,,,,,,,,,,,,,,,,,,,,,,,,,,,
2015-07-31,,,,,,,,-0.03469788821342034,-0.028619310229148275,,,,,,0.03325167892088666,,,,,,,,,,,,,,,0.03325167892088666,,,,,,-0.03123809465518261,,,-0.008685946426497206,,,,,0.018659718357273418,,0.03325167892088666,,,,,,,,0.03325167892088666,,,,,,,,,,,,,,,,,,,,,,,,-0.03469788821342034,,,-0.015216467378655516,,0.03325167892088666,,,0.03325167892088666,-0.03469788821342034,,-0.027326183071090516,,,,,,0.03325167892088666,,-0.02728310151344868,,,,,-0.02193861176057789,0.03325167892088666,,0.03325167892088666,,,-0.02118141071081364,,,,,,,,,,,,,,,-0.03469788821342034,0.020684109289016324,,,,,,-0.03469788821342034,,,,,0.03325167892088666,,,,,,,,,,0.03325167892088666,,,-0.010057945340328722,,,,-0.019608010117101733,,,-0.010279273107595199,,-0.03469788821342034,,,-0.026643978436061352,,,,-0.019556177952632123,,,,,,,,,,,,0.016657495075178958,-0.033669388147373754,,,,,,,,,,,,,,,-0.03469788821342034,,,,,,,,,,,-0.03469788821342034,,0.03325167892088666,,,,,,,,,,0.03325167892088666,,,0.022414467263479385,,,,-0.03469788821342034,,,,,-0.03469788821342034,,,-0.03469788821342034,,,,,,,,,0.03325167892088666,,0.027302604812630644,,,,,-0.014927440431046258,,,,,,-0.03469788821342034,0.03325167892088666,,,,,,,,,,,,,,0.03325167892088666,,-0.03469788821342034,,,,,-0.030096253531285925,,,0.027668941064929488,,,,,,,,,,,,-0.013598126044000994,,0.029563396521462407,-0.03469788821342034,,,,,0.03236386115894398,-0.03469788821342034,,-0.03216378033296965,,-0.03469788821342034,,,,,,,,,,,,,-0.02898710624906232,,,,-0.03469788821342034,-0.03469788821342034,,-0.03469788821342034,,,,,,,,,,,,,,-0.03469788821342034,,,0.02448593334413092,,,,-0.021713124621649562,,,,0.014152392838486672,,,,,-0.03469788821342034,,,,,0.024667875236680972,0.024758404999625012,,0.010752058709118151,,,,,,,0.03325167892088666,,-0.013395579431975115,,,0.016417483327554362,-0.022406896743258582,,,,0.030278588320622857,,,,,,,,,0.03325167892088666,-0.020715412388323588,,,0.01537283335279087,,,,,,,,,,,-0.019695888086829937,,,0.022402241358709184,-0.018121661115642514,0.03260789902038123,,0.03325167892088666,,,,,,0.03325167892088666,0.027175135250867823,0.03325167892088666,0.017534225320162623,,,,0.02115055627442597,,,,,,,,,,,0.03325167892088666,,-0.03367307089413798,0.01906421775057064,,0.03325167892088666,,,,,,0.025567531323814504,,,-0.03469788821342034,-0.03469788821342034,,0.028931568786612315,0.020175834766608943,0.03325167892088666,,,,,,,,,,,,,,,,,,,,,,,,,,,,,,,,,,,,,,,,,,,,,,
2015-09-30,,,,,,,,-0.022214752500557416,-0.02046222315529182,,,0.021801734742042396,,,0.02091382830072581,,,,,,,,0.019345737433014144,-0.017751201867498328,,,,,,0.021039642403720724,-0.015309529109458075,,,,,-0.02101575131359809,,,-0.011106307414455044,0.021801734742042396,,0.021801734742042396,,0.021322051361118362,,0.021801734742042396,,,,,,,,,,,,,,,,,,-0.022287701115168364,,,,,,,,-0.01232133240871441,,,,,,,,,,,0.021801734742042396,,,0.021801734742042396,-0.022287701115168364,,,0.021801734742042396,,,,,,,-0.0165355442324477,,,,,,0.02126591590856619,,,,,-0.013178242123121417,,,,,,,,,,,,0.021801734742042396,,,,0.0074820800369944564,,,,,,,,,,,0.021801734742042396,,,,,,,,-0.022287701115168364,,0.021801734742042396,,,-0.013384741704936367,,,,-0.014291655840982307,,,-0.008920272423420582,,,,,,,,,,,,,,,,,0.017574173378036906,,,,0.015764367670103585,-0.022287701115168364,,,,,,,,,,,,,,,-0.022287701115168364,,,,,-0.022287701115168364,,,,,,-0.022287701115168364,,,,,,,,,,,,,,,,,-0.022287701115168364,,-0.022287701115168364,,-0.022287701115168364,,,-0.022287701115168364,,,,,,0.01870450668782391,,,,0.021801734742042396,,0.021801734742042396,,0.01497405682133641,,,,,,,,,,,-0.022287701115168364,,,,,,0.019871664765479247,,,,,,,,,0.021801734742042396,,,,,,,-0.022287701115168364,,,0.018120787945912833,-0.011355272800673185,,,,,,,,,,,-0.014927845484179834,,,-0.022287701115168364,,,,,,-0.022287701115168364,,,0.021801734742042396,-0.022287701115168364,,,,,,,,,,,,,-0.01995313127154602,,,,-0.022287701115168364,-0.022287701115168364,,-0.022287701115168364,,,0.021801734742042396,,,,,,,,,,,-0.022287701115168364,,,0.021801734742042396,,,,-0.022287701115168364,,,,0.014650301694454733,,,,-0.022287701115168364,,,,,,0.021801734742042396,0.013125790178614276,-0.02036388028492552,0.012428825440383928,,,,,,,0.021434643286591306,,-0.013320647459027469,,,0.015097607882009988,-0.01235522974047257,,,,,,,,,,,,,0.011435827706555088,-0.016645205405807904,,,0.012709356058255959,,,,,-0.022287701115168364,,,0.021801734742042396,,,-0.014881421530652817,,,0.018284155310091973,-0.01785491066541434,0.009413821911667748,,,,0.021801734742042396,,,,0.02026034692749189,,0.021801734742042396,0.020332833397099456,,,,,-0.014400129598668814,,-0.016194200693597637,,,,,,,,,-0.012689782770493969,-0.020911122877236493,0.021276795273153272,,0.01680398897455242,,0.020671961369505106,,,,0.015880416525686454,,,-0.022287701115168364,-0.021666386292453113,,0.01762929989280189,0.013264333609033617,0.021801734742042396,,,,,,,,,,,,,,,,,,,,,,,,,,,,,,,,,,,,,,,,,,,,,,
2016-08-31,,,,,,,,-0.020599173215212534,-0.020599173215212534,,,,,-0.010341110677853873,-0.020599173215212534,,,,,-0.008421609386431134,0.02085440372123755,,,-0.020599173215212534,0.019334670009275523,,0.019722274400217076,,,,,,,-0.01199745813293089,,,,,0.00635060104583865,,,,,0.02085440372123755,,,,,,,,-0.020599173215212534,,,,,0.02085440372123755,,,,0.02085440372123755,,,,0.008474585712997751,,,,,,,0.0078526119945635,,0.02051763843479004,-0.008119878452119885,-0.020599173215212534,,,,-0.01700040396386044,0.020784847315170413,0.014686178525723239,,,,0.02085440372123755,,,,,0.02085440372123755,,,,,,0.012876826313142336,,-0.018841649345479272,,,,0.007614134974275866,,,,,,,,,,,-0.010532967630381926,,,,,,,,,,-0.010625378850378345,,,,0.02085440372123755,,,,,,,,,,,-0.015282045665238162,,-0.020599173215212534,,,,0.02085440372123755,,,,,,,0.011524800582786897,,,,,,,,,,,,-0.013235083034070408,,,,,,-0.020599173215212534,,,,,,-0.020599173215212534,,0.02085440372123755,,,,,,,,,-0.01383661555871493,,,,-0.010360938618219113,,0.02085440372123755,0.02085440372123755,,,0.01166868884625398,,0.02085440372123755,0.02085440372123755,,,,,,,,,,,,,,,,,,,,,,,,0.00936124962302308,,,,,0.006638036143080191,,,,,,,,,0.02085440372123755,,,,,,,0.01231909227924512,,,,,,,,,0.011534743998644601,,,,0.02085440372123755,,,,,,,,,,,,,,,,,,,,-0.01059369614641107,,,-0.020599173215212534,,,,,,,,,,,-0.020599173215212534,,,,,0.016831247162748177,,,,,,,,,,-0.020599173215212534,0.010779922344764,-0.020599173215212534,,,,,,,,-0.020599173215212534,,,,,,,,,,,,,,,,,,-0.020599173215212534,,0.01616309842575745,,0.01974514115156187,0.01845064479106104,,,0.011715712389371127,,,,,0.01862499018757741,,,-0.020599173215212534,,,,0.013084027403582034,,,,,-0.019182810609382983,-0.020599173215212534,,0.02085440372123755,,,,,,,-0.014832230254288318,,-0.020599173215212534,-0.013930301776693885,,,-0.020599173215212534,,0.02085440372123755,,,,,0.015764408448011854,,0.02085440372123755,,,,,-0.013411476389341682,-0.0060672976441015014,,0.02085440372123755,,-0.020599173215212534,-0.010399892860053038,,,-0.020599173215212534,,,-0.020599173215212534,,,,,,0.009560518049227725,,,,,0.01718116885720807,0.02085440372123755,-0.020599173215212534,,-0.015318614360888638,,,-0.019240594581775166,,,,-0.020599173215212534,,,,,,0.018048560883931194,-0.020599173215212534,-0.01620345534483543,-0.012952151024169009,,,,,0.018292246658233806,,0.02085440372123755,,,-0.010198707594229955,0.01105798444887925,,,,,-0.007998258049556882,,-0.020599173215212534,,,,,,,,,,,,,,,,,,,,,,,,,,,,,,,,,,,,,,,,,,,,,,
2018-09-28,,,,,,,,0.01738727201265745,0.020411414905958294,0.020411414905958294,,,,,0.009258288200725296,,,-0.019826601404039378,,0.018006047941744263,,,,,,,0.020411414905958294,,,,,,0.01622869505628662,,,0.019556866179127583,,,0.00567778002034152,,-0.019998246365909057,,,,,,,-0.01965801224398734,,,-0.014874955094667382,,,,-0.019998246365909057,,,,,,,-0.012203974975652137,,,,-0.019998246365909057,,,,,,-0.015800633384678315,,0.007728788682667156,,,,,,-0.0180722155079238,0.020411414905958294,0.020363718552746834,,,-0.016298240166566995,,,,,,,0.020411414905958294,,,-0.019414269618626724,,-0.019998246365909057,,,0.014728726096306976,,-0.014095468580306723,,,,,0.020411414905958294,,,-0.01893809025519032,,,,,,-0.013275682719087042,,,,,,,,-0.0138426882008302,,,,,,,,-0.0160403229626697,,,,,,,,,0.007566962758368179,,,,,-0.013256735591953853,,,,,,,,,,,,-0.01548216775806273,,,,,,-0.012341110654990778,,,,-0.019998246365909057,,,,,,,,-0.015139029861718415,-0.015469596221036955,,,,,,,,,-0.018580776712428512,0.020411414905958294,,,,,,,-0.014568014745476022,,,-0.017779332737423572,-0.019998246365909057,,,,,,,-0.019998246365909057,,,,-0.019998246365909057,,-0.019998246365909057,,,,,,,,,,,-0.014081369828669987,,-0.016713997845848066,,,,,,,,,,,,,,,,,,,,,0.020411414905958294,-0.017200168355057048,,,,-0.019998246365909057,,0.015355041261057707,0.017448033192824425,,,,,0.01709200704288088,,,,,,,,-0.01887673807158952,,,,-0.019998246365909057,-0.019591383516055473,,,-0.019998246365909057,,,0.01532285119566503,,,,,,,,,,,,,,0.020411414905958294,,,,,,,,,,0.020411414905958294,,,,,,,,,,,,,,,,,0.018291773805591174,,,,,,,,,,,,,,,,,0.020411414905958294,,,,,0.016199912716547717,,,,-0.019998246365909057,,,0.009486699765111796,,,,,,,,,-0.01967089694580095,,,,,,,,,,,,,,0.011785812321467828,,0.016172543264200805,0.020411414905958294,,,0.020411414905958294,,-0.019998246365909057,,,,,,,,0.018146621411935432,,,,-0.011346627976202048,0.020411414905958294,,-0.019998246365909057,,,,,0.020411414905958294,,,,,,,0.01573455576800651,0.008282772727921496,-0.010269790201348099,,0.020411414905958294,0.020411414905958294,,0.01846795344559873,,0.020411414905958294,,,0.014632658481887799,,-0.018690349492556435,,-0.010515504116959475,,-0.016125126027537965,,-0.011596879393641629,-0.019998246365909057,0.020411414905958294,,0.020411414905958294,,0.020411414905958294,,,,0.01457016944537017,-0.0053538688530041225,,,,,,,,,,,,,,0.012544912499507557,,,,,0.01940042873377178,,-0.019998246365909057,,0.01800806926449127,,0.007761367279451794,,,0.008338464951473152,,0.020411414905958294,-0.013636113764775665,,,,,,,,,,,,,,,,,,,,,,,,,,,,,,
2018-12-31,,,,,,,,0.020236827340791214,,,,,-0.012758998008263042,,,,,-0.01987302594079307,,0.017077815959657683,,,,,0.015992419630963997,,,,,,,,,,0.020236827340791214,0.013000491579674879,,,0.00853365362488813,,,,0.020236827340791214,-0.01987302594079307,,0.020236827340791214,0.020236827340791214,,,,,,,,,,,,0.020236827340791214,,,-0.011989970231471407,0.016770116259280664,,,-0.01987302594079307,,,,,,,,,,,,,,,,0.010319449780908586,,,-0.01774831182008527,,,,,,,0.020236827340791214,-0.018744310939617953,,-0.01707465683023374,,-0.0179783631545814,,,0.016983920080999696,,-0.01609978752977478,-0.01987302594079307,,,,,,,,,,,,,,,,,,-0.016283656257620443,,,-0.015620048633849906,,,,-0.01987302594079307,,0.020236827340791214,,-0.01987302594079307,,,,,,,,,,-0.01860963270361849,-0.01608346758324377,,,-0.011043052284246676,,,,,,0.017456402439817602,,,-0.01652585837064234,,,,,,,0.020236827340791214,,-0.01596046392463808,,,,,,,,,,-0.018658185048294054,,-0.018570980790216685,-0.01888992826963727,,,,,,,,,-0.01987302594079307,,,,,0.013416142108699958,,,,,,,-0.01837055775421462,-0.01987302594079307,,,,,,-0.01987302594079307,-0.01987302594079307,,0.020236827340791214,,,-0.01987302594079307,,,,,,,,,,,,,-0.013632670765390684,,,,-0.018742251590753323,,,,,,0.020236827340791214,,,,,0.020236827340791214,,,,,,,,-0.01987302594079307,,,,0.020236827340791214,,,,,,,,,0.020236827340791214,,,,,,-0.016906949341709356,,,,,,,,,,,,,,,,,,,,,,,-0.01171266610660102,,0.019407037494037948,,,0.020236827340791214,,,,,,,0.020236827340791214,,,,,,-0.01987302594079307,,,,,,,,,,,0.013027597273565733,,,,,,,,,,,,,,0.015266390746506708,,,,,0.016953416155247158,-0.01987302594079307,,,,,,-0.017209584414467835,,,0.014743146251355395,0.020236827340791214,,,,,,,,-0.0192071224888199,,,,,,,,,,0.020236827340791214,-0.01987302594079307,,-0.010583360870137368,,,0.012826258920331261,0.018835663803991994,,-0.01987302594079307,,0.020236827340791214,,,,,,,,,0.013124398629406796,,,,-0.010277855442786763,,,,,-0.01709501267056443,0.017703721438866282,0.019059724923320278,0.016398321598885834,0.017880788106764352,,-0.013938809078217873,,,,,0.010583226028965994,-0.013976104756493458,,,0.017838582446353644,,0.020236827340791214,,0.02000665388026678,,,0.01492300971908101,,,,,,,,-0.013044215143278587,,,,,,0.017974418365206024,,,,,,,,,-0.013626474569848819,,,,,,,-0.01987302594079307,0.010868028575176884,,0.015428020226108747,-0.01987302594079307,,,0.020236827340791214,,,-0.01987302594079307,,,,0.009549101925190024,,,0.010825220593681892,0.01994366680716218,0.020236827340791214,-0.01987302594079307,-0.013630154741796857,,-0.01987302594079307,,,,,,,,,,,,,,,,,,,,,,,,,,,
2019-01-31,,,,,,,,0.023561414535360956,-0.0229720420799601,,,,-0.01973644605780589,,,,,,,0.016701387359518427,,,,,0.017812639037897572,,,,,-0.015923573270745454,,,,,,0.012229938381239723,,,0.005148360707811535,,,,0.023561414535360956,-0.0229720420799601,,0.02207926685660408,0.023561414535360956,0.023561414535360956,,,,,,,,,,,0.023561414535360956,,,,0.018735016706669907,,,-0.021766909926370478,,,,,,,,,,,,,,,,0.01656575128632813,,,,,,,,,,,-0.015230411701502293,,-0.0018430106706172095,,,,,,,-0.019585660932622203,,,,,0.023561414535360956,,,-0.0229720420799601,,,-0.0229720420799601,,0.023561414535360956,,,-0.0229720420799601,,,,,,-0.013949030646985659,,,,-0.019124548186671878,,0.023561414535360956,,-0.0229720420799601,,0.023561414535360956,,,,,,,,-0.0229720420799601,-0.0229720420799601,,,-0.011771285681766592,,,,,,0.023561414535360956,,,-0.008824864180110454,,,,,,,0.013742141125806052,,-0.010238542125842173,,,,,,,,,-0.0176094143439788,-0.0229720420799601,0.023561414535360956,,-0.021978322069824828,,,,,,,,,-0.0229720420799601,,,,,0.015483276241751776,,,,,,,-0.0229720420799601,,,,,,,-0.0229720420799601,,,0.023561414535360956,,0.020471753901507343,,,,,-0.0229720420799601,,,,,,,,,-0.011039559814850802,,,,-0.01624887708894161,,,,,,0.021380482220886485,,,,,,,,,,,-0.0229720420799601,,,,,,0.023561414535360956,,,,,,,,,0.023561414535360956,,,,,,,,,,,,,,,0.02000054876233022,,,,,,,,,,,,,,-0.01363147697701444,,,,,,,0.023561414535360956,,,,,0.023561414535360956,,,,,,-0.01727485821710974,-0.008663134915379594,,,,,,,,,,0.016549919685248524,0.023561414535360956,,,,,,,,,,-0.01060349606394048,,,,,,,,,-0.0229720420799601,,,,,,-0.0229720420799601,,,0.014913052805701316,0.023561414535360956,,,,,,,,-0.0225438597441034,,,,,,,,,,0.023561414535360956,-0.0229720420799601,,-0.017649143651639644,,,0.011088615029393673,0.0223978184948259,,-0.02284406737512375,-0.022041842683602306,0.017206370628771433,,,,,,,0.015594969123338045,,0.010432502531787772,,,,-0.018916406256586922,,,,,-0.0218646739017609,0.014537640494457797,,0.018314133340642212,0.017500191308524593,,-0.018908947279844684,,,,,0.015362338739964988,-0.0229720420799601,,,0.021443573122917056,,,,0.01749689332764389,,,0.016154499682129023,,-0.02184261792312307,,,,,,-0.017187683121083534,,0.023561414535360956,,,,0.023040826793587182,,,,,,,,,,-0.01765401776957658,,,,,,-0.0229720420799601,0.013620752722642175,,0.017274151783923344,-0.015945457184891154,,,0.014467355482006663,,,-0.0229720420799601,,,,0.0067891820654183924,-0.0229720420799601,,0.011446386285228123,,0.016107759224465966,-0.010202270870435484,-0.018260491655174304,,,,,,,,,,,,,,,,,,,,,,,,,,,,,
2019-02-28,,,,,,,,0.024676681014560536,-0.021084365334583115,,,,,,,,,,,0.012938018900083392,,,,,0.024676681014560536,,,,,-0.006497416032067602,,,,,,,,,0.012935475532513927,,,,0.024676681014560536,-0.02485827802543644,,,0.024676681014560536,0.024676681014560536,,,,,,,,,,,,,,-0.01285433210204218,0.018671038153480278,,,-0.023715059974604862,,,,,,,,,,,,,,,,0.013299642374000062,,,,0.024676681014560536,,,,,,,-0.009714900012074153,,-0.00761883957264197,,-0.017417111315383677,,,,,-0.019261264033889773,,,,,0.024676681014560536,,,,,,-0.02485827802543644,,0.02281600045460942,,,-0.02485827802543644,,,-0.024784168492251787,,,,,,,,,0.024676681014560536,,,,,,,,,,,,,-0.02485827802543644,,0.024676681014560536,-0.009642820015737096,,,,,,0.018434250783100674,,,-0.013891471799405941,,,,,,,,,-0.013204190449051108,,,,,,-0.02485827802543644,,,-0.023264565680782622,-0.02485827802543644,0.01569325002671818,-0.012572169262515078,-0.02485827802543644,,,,,,,,,-0.016920407466577223,,,,,,,,,,,,-0.02485827802543644,,,,,,,-0.018959453434879148,-0.02485827802543644,,0.024676681014560536,,0.024676681014560536,,,,,-0.02074736527741729,,,,,,,,,-0.024355277951029135,,0.01715838916284016,,,,,,,,0.024676681014560536,,,,,,,,0.024676681014560536,,,-0.021504710636148134,,-0.02485827802543644,,-0.02485827802543644,,0.012666184570104634,,,,,,,,,0.024676681014560536,,,,,,,,,,,,,,,0.024676681014560536,,,,,,,,,,,,,,-0.02485827802543644,,,,,,-0.02485827802543644,,,,,,0.016052282793323637,0.024676681014560536,,,,,-0.02485827802543644,-0.018513936412264575,,,,,,,,-0.02485827802543644,,0.016943692003509713,0.024676681014560536,,,,,,,,,,,,,,,,,,,,,,,,,-0.013594794153992505,,,0.009796806828469003,0.024676681014560536,,,-0.02485827802543644,,,,-0.009889543698109153,,,,,,,,,,,0.024676681014560536,-0.01797960512003578,,-0.01832544123628636,,,0.009617009410517352,0.024676681014560536,,-0.02485827802543644,-0.02485827802543644,,,,,,,,0.02202138052153135,,0.011802255169689404,,,,-0.019070732178040884,,,,,-0.020932243011360402,0.024676681014560536,0.022273045619048925,0.024676681014560536,0.009944956481102926,,,,,-0.02485827802543644,,0.017229002160519077,,0.024676681014560536,,,-0.02485827802543644,0.013700145267488174,,0.0206473045825956,,,0.01933515296129087,,-0.02485827802543644,,,,,,-0.017228930712119436,,,,,,0.024676681014560536,,,,,,,,,,,,,,,-0.02485827802543644,,0.017218216176218184,,0.011109114172240059,,-0.02485827802543644,,0.024676681014560536,,,-0.005690281724720856,,0.02103798550195293,,0.02224377790426918,,,0.0036151612240802075,0.024676681014560536,0.024676681014560536,-0.019635856427945648,-0.02485827802543644,,,,,,,,,,,,,,,,,,,,,,,,,,,,,
2023-02-28,,,,,,,,0.01719249540317678,,,,,,-0.022488959514166445,,,,,0.021431123220226302,,,,,0.016802673488900587,,,,0.012486980244749729,,,0.017518932059343583,,,,,0.020153124982681802,,,-0.010984091141409379,,,,-0.02142829108030144,-0.012773366329470607,,,,,-0.022488959514166445,,,,,,,,-0.011901513252839547,,0.021431123220226302,0.02102614735009585,,,,,,,,,,,-0.022488959514166445,-0.022365791489712735,,,,,,,,,,0.011546627107617068,0.021431123220226302,,,,,,,,,,,,0.021431123220226302,-0.022488959514166445,0.008043497912511353,,-0.022488959514166445,0.01701528928324465,,,,,,0.017435495040622143,0.021431123220226302,,,,,-0.022488959514166445,-0.019644413721580083,,,,,,,,-0.014395242412980321,,,,0.010617304921758627,0.021431123220226302,,,,,,0.021431123220226302,,,,,-0.020980732028427065,-0.022488959514166445,0.015455461842020363,,,,,,0.0193468129287464,,,,,,0.015822424974732574,-0.022488959514166445,,,,,,,-0.022488959514166445,,,-0.022488959514166445,,,,0.014155488118777156,,0.018900398682329088,,,,,,-0.022488959514166445,0.021431123220226302,,,,,-0.022488959514166445,,,,-0.018296649943428587,,0.018912136564284362,-0.022488959514166445,,,,,,,,,0.013910242879896012,0.016643485261257293,,-0.022488959514166445,,,,,-0.022488959514166445,,,,,0.021431123220226302,,,,,,,0.011945398064789576,,,,,,,,,,,,,,,,,,,,,,,,,,-0.01559921646079485,,,0.013921977122356847,,-0.022488959514166445,-0.015097156865056648,,0.021431123220226302,-0.022488959514166445,,,,,,,,,,,-0.020069509090881607,,,,,,,,,,,0.021431123220226302,0.013136269589831035,,,,,,,,,,,,,,0.01941826743469622,0.015689826086727216,,0.013905715540516896,,,,,,,,,,,,,-0.022488959514166445,-0.014124616178177767,-0.01856865728100119,,,,,0.020252241863399842,,,,0.01961956311223784,,,0.016948444012748247,0.01862760502576345,,,,,,,,,,,,,,,-0.022488959514166445,,,-0.016519468613781285,0.017588677281182002,,-0.006482635667384224,,,,,,,0.014221495722859264,0.021431123220226302,,,,-0.01423604762145681,,,,0.02047813223637018,,,,,,,,0.019961641884275898,,-0.022488959514166445,,,,-0.02074394630428309,,,-0.022488959514166445,,,,,,,,,,,,,,0.0207452106762543,-0.015027675128388403,-0.022488959514166445,,,,,-0.014775053548275982,,,,,,,0.010720992133587704,,0.020927407567838535,,,,0.007365158073621731,0.021431123220226302,,,,,,,-0.022488959514166445,,,0.021431123220226302,,,,-0.01026962697884944,,,,,,,,,,,,,0.011880018726514141,,,,,,,,,,,,,,,,,,,,,,,,-0.018736611021295438,,-0.012192321930550105,,,-0.005239599426575384,,0.021431123220226302,,,0.021431123220226302,,,,,,,,,,,-0.014053338439252593,-0.013817704269201512,-0.009840513973741846,,-0.006366929920327422,-0.00902661253348109,,-0.0142117733501701,-0.004824913975026263,-0.0056201790283840645,,,0.012223235106378119,,,,,
2024-01-31,,,,,,,,-0.013669579454256084,,,,,-0.01750477614429824,,,,,,,-0.018950834556757334,,,,,,,,,,,,,,,,,,,0.007177742024876293,,,,,,,,0.018685961431902754,,,-0.01242387805671288,-0.018950834556757334,-0.017322648569083297,,,,,0.014052210642301022,,,,,0.01680298291344625,,,,,,,,,,,,0.018685961431902754,,,,,,,,-0.018380126507488638,,,,,,0.018685961431902754,,-0.01842140226356854,,,,,0.018685961431902754,,-0.010592287440924532,-0.018950834556757334,-0.010171179764186423,,,,,,,,,-0.011517816497872669,,,,,,0.014123464369841068,-0.018950834556757334,,,,,,,,,-0.018950834556757334,0.018433457857370335,,,,0.018685961431902754,-0.016401305388341475,,,0.01339744793074231,,,,,,0.018685961431902754,,,,,,,0.018685961431902754,,,,,-0.018950834556757334,,,,,-0.011153503915407965,,,,,,,,,,,,,,,,,,0.017734178640754873,0.018685961431902754,,,,,,,,,,,0.018685961431902754,,,,-0.010239692202480324,-0.010936975789885839,-0.015131720837818009,,0.018685961431902754,,,0.01659865417699766,-0.018950834556757334,,,,,,,,-0.018950834556757334,,0.018685961431902754,,0.018685961431902754,,,,0.018685961431902754,-0.018950834556757334,,,0.018685961431902754,,,,,,,,,,,,,-0.011915301965768578,,0.018685961431902754,,,,,-0.015903676519185846,,-0.018950834556757334,,,,-0.015816069819589662,,,-0.018950834556757334,,,,0.018685961431902754,,,,,-0.014979842791371717,,,,,,,,,,,,,,,,,,,-0.018950834556757334,,,,,,,,-0.018950834556757334,,,,,,,-0.018950834556757334,,,-0.016332123997956676,,,,,,,-0.013428868539684181,,,,-0.011905013121087922,0.009013546061001701,,,0.012212973685009731,,,,-0.013338220105114923,,,,,,,,,,,,,0.012528927520030153,,,,,,,0.009339474416980052,,,,,,,,,,,,,-0.015602583744491989,,,,,,,,,,-0.014991475819062067,-0.018950834556757334,,,,,,0.018685961431902754,,-0.018950834556757334,,,,,,,,,0.018685961431902754,0.018685961431902754,-0.018950834556757334,,,,0.011479643109406287,-0.012324072964793783,,,0.013376638232757447,,,,-0.016286627839896105,,,0.009768756203200692,,,,,,-0.0072800460637470555,0.018685961431902754,,,,,,,,-0.011573451867700799,0.015569439851038779,0.0028886782617178483,,,,,,,,0.01420019525609748,,,-0.012465104461672875,,,0.011529394737454434,,0.018685961431902754,0.018685961431902754,,,,,0.018685961431902754,,,,0.01811134359076827,0.01698015325495031,,,-0.014080930025576942,,0.015370672064004075,0.016912457704654226,-0.010560368958286,,,,,,,,,-0.01473130596944247,,,,-0.018368253216010332,,,,,-0.008818441506112554,,,-0.012060676868365486,,0.010363906225935332,0.018414352574161845,,,,,,,,,,,-0.011677586024588522,,,,0.014253503714247462,0.009880914324271316,,,0.009277493449894604,0.011164140522750127,,-0.01450670876216834,0.006471080571692206,0.006764694950273858,,,0.015217156107561478,-0.014208956631078434,,,,
2025-03-31,,,,,,,,-0.012878815402266985,-0.014395106170045033,,,,-0.01597210042674807,,,,,,,,,-0.01597210042674807,,0.019293866862870514,0.01515901511587254,,-0.013102688757283376,,,,-0.01597210042674807,,,,,,,,-0.01024031270271072,,,,,-0.01597210042674807,-0.01597210042674807,,0.019039761140585237,0.019293866862870514,,,,,-0.01597210042674807,,,,-0.01597210042674807,,,,,,,,,-0.01597210042674807,,,,0.017113728375095554,,0.016336298498704476,,,,,,,,,,0.008073214612775768,,,,0.015078775071781002,0.014472510828470179,,-0.01163289271147877,0.019293866862870514,,,,,-0.01597210042674807,,-0.011469023544004836,0.019293866862870514,,,,-0.01597210042674807,-0.007124928672714607,-0.014389913782139448,,,,-0.01597210042674807,,,,,,0.008256414224183401,,,,,,,,,,0.012267414112328696,,,,,,,-0.01597210042674807,,,,,,0.009518055180982858,,,,,0.009995991047934558,-0.01597210042674807,,0.01106796963525667,0.015686034444332624,,,,,-0.01597210042674807,,,,,,,,,,,,,,,-0.01597210042674807,,,,0.010490746366328785,,-0.01597210042674807,,,,-0.010734951632465392,,,0.019293866862870514,,,,,-0.006550580955401921,,,,,,,,,,,,0.019293866862870514,,,,,-0.00859905646343407,,,0.014630412886573905,,,,,,,,0.01693653259472331,,0.013817665600947025,,,,,,,,-0.01597210042674807,,,,,,-0.01532930750019788,,,-0.012038750165291557,-0.01597210042674807,,,,,,,,,,,,,,-0.012539020489145125,,,,,,,,,0.019293866862870514,-0.01597210042674807,,,,,,,,,,,,,,,-0.012830935568977653,,,,,,,0.010267223061674756,,,,,,,,,,-0.01597210042674807,,0.015704394518939985,-0.015595078159133937,,,,,,0.019293866862870514,,,,,,,,,,0.012171102848714354,,,,,0.01442424057279935,,0.017175782010263128,,,,0.012594111677613824,,,,,-0.015258160368078507,,,,,,-0.010442580873631148,,,0.010471415693677473,,,,,,,-0.01597210042674807,-0.01320315171560066,,,0.016723914478288346,,-0.01597210042674807,,0.008548282506568005,,,,,,,,0.011854219505929239,,,,,,,,,,-0.012164005103574354,,,,,,,,0.008902645080343429,,,0.011795256259942558,,,,,,,,,,-0.010236366713490035,,,,-0.013284106304190491,,,,,,0.006970958187982041,,,,,,,,0.007314584834128153,0.011258925494684616,,-0.005071545093416555,-0.007756468128772852,,,,,,,,,0.012562791457375409,-0.0098851310141048,0.019293866862870514,,0.008205272441501904,,,,,,,,,-0.0095862658616986,,0.019293866862870514,0.012871203913546238,,,0.004817844852861318,,,,,,,,,,,,,,,0.012526706751331562,,,,,,,,,,-0.008957288386845258,,,-0.007518760995149377,0.006917168019530567,-0.012978921030716704,0.011607742825323687,,,,,,-0.01597210042674807,,,-0.005908797417146039,0.015660313020282264,0.017061634734300387,-0.014977292788675638,,,,,0.005284363658891443,,,,-0.005228174404906146,0.0034437966423093457,,0.004167978736579576,,,,,0.007083606540929449,
2025-04-30,,,,,,,,-0.016463178922894124,-0.016987288752706414,-0.013194114333167133,,,-0.010366690011410665,,,0.020254753222203783,,,,,0.01901848593096177,-0.016119449500991267,,0.020254753222203783,0.015808163772394263,,,,,,-0.017830658199890673,,,,,,,,-0.009192363665581859,,,,,-0.017830658199890673,-0.016760700329392326,,0.020254753222203783,0.020254753222203783,,,,-0.01550520633901709,,,,,-0.017830658199890673,,0.018800970301190736,0.01509310899875146,,,,,,-0.017830658199890673,-0.017830658199890673,,,0.020254753222203783,,,,,,,,,,,,0.00846671342762729,,,,0.009295826834195744,0.016860269882951567,,-0.01504619524173422,0.020254753222203783,,,,,-0.017830658199890673,,-0.009537311510944084,0.0123848643731064,,,,-0.011230004659996743,-0.014685955986910668,,,,,-0.008534994886966553,,,,,,0.009163554497124653,,,,,0.017303509741533978,,,,,,,,,,,,,,,,,,,,,,,0.012496385531774535,-0.017830658199890673,,0.013758598246037809,,,,,,-0.017830658199890673,,,,,,,,,,0.020254753222203783,,,,,-0.017830658199890673,,,,,,,,,,-0.00922280245818188,,,0.020254753222203783,,,,,,,0.020254753222203783,,,,,,,,,,0.01505171477997043,,,,,-0.007213916141029682,,,0.012191643530048292,,0.020254753222203783,,,,,,0.01498193202617861,,,,,,,,,,-0.017611990497533547,,,,,,,,,-0.01192739274769821,,,,,,,,,,,,,,,-0.013614103329215914,,,,0.020254753222203783,,,,,,-0.017830658199890673,,,,,,,,,,,,,,,,,,,,,,,,,,,,,,,,-0.017830658199890673,,0.018065508985182978,-0.016573412216317394,,,,,,0.020254753222203783,,,,,,,,,,,,,,-0.017830658199890673,0.01235708674130561,,0.014036053106472213,,,,,,,,,-0.01737631066352159,,,,0.0176249569685645,,-0.008831129001585827,,,,,,,,,,-0.010620989549268158,-0.015545741007489105,,,0.009751437103481147,,,,0.01323137044512366,,,0.020254753222203783,,,,,0.011046184927289537,,,,-0.017669855214344672,,,,,-0.017830658199890673,-0.00839166615257493,,,0.016304800791347905,,,,,,,,0.016441614795163505,,,,-0.017830658199890673,,,,,,-0.017361532808075435,,,,-0.01657554084981738,,,,,,,,,,,-0.012803631634059709,,,0.008926143512340756,0.01443784802767396,-0.015870875060958092,-0.009408743140936402,,,,,,,,,,0.011086790355194567,-0.017830658199890673,0.020254753222203783,,,,,,,,0.020254753222203783,,,-0.017830658199890673,,0.016585308633239527,0.009945530652971997,,,0.006784547967445186,,,,,,,,,,,,,,,,0.017094670833852528,,,,,,,-0.016395593419215173,,-0.014296513808161774,,,-0.010294971450707745,0.007513188911460146,-0.017830658199890673,0.011086467526329781,,,,,,-0.01744912422977868,,,-0.015873084260389508,0.01385560719090731,0.014249466313440635,-0.011450111664092887,,,,,0.007852177218995166,0.010718794071196773,-0.014464820872586562,,-0.012326135944084512,0.006720691357909681,,0.006606454825563084,,,,,0.009094890192122833,
2025-05-30,,,,,,,,-0.009465240382751415,-0.01775521494047391,-0.014556885055628093,,0.018678705444907212,-0.017870930633605123,0.01809839683197907,,0.017331544544170473,,,,,,-0.017870930633605123,,0.00967894306622037,0.018678705444907212,0.016418067470616506,,,,,-0.016142319240127725,,,,,-0.006898915089189677,,,-0.01607782139091373,,,,,,-0.016511082519446604,,0.018678705444907212,0.018678705444907212,,,,,-0.014059324049853697,,,,,,,0.018678705444907212,,,,,,-0.017870930633605123,-0.017870930633605123,,,0.018678705444907212,,0.011395356972862645,,,,,,,,-0.007204479159798189,,0.009017921299226248,,,,,0.018678705444907212,,,,,,,,-0.017870930633605123,,-0.015341319325538682,,,,,-0.017559250113923737,,,,,0.018678705444907212,-0.013504710353575063,,,,,,0.010448517549173975,,,,,,,-0.009013339116869993,,,,,,,,,,,,,,,,0.010722152795712356,,,-0.011271621852777601,,,-0.017870930633605123,,0.004777317202713356,,,,-0.014126312013922374,,,,0.012013505389682402,,,,,,,,0.018678705444907212,,,,,,,-0.017870930633605123,,,,,,,,,-0.017870930633605123,,0.018678705444907212,,,,,,,0.017700691688249993,-0.016481555673479576,,,,,,,,,,,,,,-0.009583628396749012,,,0.013166018280407712,,,,,,,,0.018678705444907212,,,,,,0.018678705444907212,,,,-0.017870930633605123,,,,,,-0.017870930633605123,,,-0.014356441421798488,-0.017870930633605123,,,,,,,,,,,,,,,,,,0.016322853662586123,,,,,0.018678705444907212,-0.017870930633605123,,,,,,,,,,,,,,,,,,,0.018678705444907212,,,,,,,,-0.01593486243936101,,,,,,,,-0.017870930633605123,,,,,0.018678705444907212,0.016271590040600765,,,,0.018678705444907212,,,,,,,,0.01671769992202267,,,,,0.018678705444907212,,,,,,,,,-0.017870930633605123,,,,,,-0.010430230701855506,,,,,,,,,,-0.017870930633605123,,,,,,,,0.007153259027027021,,,0.018678705444907212,,,,,0.01041581962350084,,,,-0.017870930633605123,0.01679289376893185,,,,,-0.00814448829739425,0.017191495480561488,,0.017637393960820535,,,,,,,,0.012144202611719637,,,,-0.017870930633605123,,,,,,-0.009984602254597649,,,,-0.011799017686189522,,,,,,0.007586460236351962,,,-0.017870930633605123,,-0.006074234190773617,,,0.012632699214033925,0.005340802238412767,,-0.006707533535509472,,,,,,,,,,0.009627359486971208,-0.016000362403006355,0.018678705444907212,-0.01626674426695503,,-0.017870930633605123,,,,,,,,,,,0.01801203680686836,,,0.007981480515696592,,,,,-0.015803714503344744,,,,,,,,,0.011302218006590294,,,,,,,,,,,-0.006692858948506175,,,-0.007551724669860072,,-0.017870930633605123,0.018678705444907212,-0.017870930633605123,,,,,,,-0.016809284904441283,-0.00814913947851307,0.013327377053360713,,-0.01780614501365023,,,,,0.0054898706473493625,0.008088136881545527,,,-0.005937604150308763,0.005817735627221975,0.015269923809932922,0.007670925264414322,,,,,0.012154774971111655,
2025-06-30,,,,,,,,-0.012028680395147338,-0.021123236344412447,-0.00851715682660517,,,,,0.01077389801313912,,,,,0.01565524937246628,,-0.021123236344412447,,0.01717352144592396,0.021107471503777772,,,,,,-0.021123236344412447,,,,,-0.017214748793008976,,,,,,-0.021123236344412447,,-0.021123236344412447,,,0.021107471503777772,0.021107471503777772,,,,,-0.020843296751267264,-0.021123236344412447,,,,,,0.021107471503777772,,0.014078605048859473,,,,-0.01269713960069598,-0.017085824185675086,,,0.021107471503777772,,0.010500344570997175,,,,,,,,-0.02078931658940188,,0.015758664329297158,,,,,0.021107471503777772,,,,,,,,-0.0135469264473248,,-0.010683799143695482,,,,,-0.012055935777279266,,,,,,-0.010230844025935147,,,,,-0.02046963996533513,0.014060832029434209,,,,,,,-0.019604496505199888,,,,,0.012106163570501946,,,,-0.021123236344412447,,,,,,,0.01744592798209729,,,,,,-0.021123236344412447,,,0.016998384220887345,,,-0.015047095326927678,,,,,,,0.021107471503777772,,,,,0.021107471503777772,,,,,-0.021123236344412447,,-0.021123236344412447,-0.021123236344412447,,,,,,-0.021123236344412447,-0.021123236344412447,,,0.021107471503777772,,,-0.021123236344412447,,-0.01041254949119317,,0.021107471503777772,-0.015884080855111154,,,0.021107471503777772,,,,,,,,,,,-0.01389417398866062,,,0.01918244741135771,,,,,,,,0.021107471503777772,,,,-0.015449768487321408,,,,,,,,,,,,-0.014958505347295063,,,-0.010849404980885158,-0.01718111865861579,,,,,,,,,,,,,,-0.012523471315862504,,,,,,,,,,-0.021123236344412447,,,,,,,,,,,,,,,,,,,,,,0.0166305868726747,,,,,-0.021123236344412447,,,,,,,,,,,,,,,,,,,,,,,,,,,,,,,0.021107471503777772,,,,,-0.021123236344412447,,,,-0.021123236344412447,,,,,,-0.009003295272900577,,,,,,,,,,-0.017210778052804392,,,,,,,,0.01991382090321435,,,,,,,,0.012857639998596296,-0.021123236344412447,,,-0.021123236344412447,0.021107471503777772,,,0.021107471503777772,,,0.021107471503777772,0.008030381578214969,0.021107471503777772,,,,,0.014294079654657616,,,0.017781349785405548,,,,-0.021123236344412447,,,,,,,,,,-0.011645341832395212,,,,,,0.008344219983418558,,,-0.016431243801265306,,-0.006065354638657355,,,0.014782133470033038,0.021107471503777772,,-0.007142768614805398,,,,,,,,,,0.0179551397222916,,0.021107471503777772,-0.017870385274485825,0.012233032840508246,,,,,,,,,,,0.021107471503777772,,,,0.005812333960481058,,,,,,,,,,,,,,0.014421056801382502,,,,,,,,,,,-0.016000763189471412,,,-0.011651852029724274,0.012222085517227381,-0.021123236344412447,0.019066738631006254,,,,,,,,,-0.012988608934684516,0.019999292746020254,0.02045575885439289,-0.013622899780174122,,,,,0.00714937816647182,0.01585376900245766,,,,0.007302324439913725,0.021107471503777772,0.006768844207642367,0.011706305944871948,,,,0.014633780297930542,0.021107471503777772
2001-06-29,,,,,,,,,0.01818928434634604,,0.01818928434634604,,,,,0.01818928434634604,,0.0152403219650608,,-0.019661153602686988,-0.019661153602686988,-0.019661153602686988,-0.016124622943459406,,,,,,,,,,,,,,-0.019661153602686988,,,,,0.01407499734480873,,-0.019661153602686988,-0.019661153602686988,,0.01818928434634604,0.01818928434634604,,-0.019661153602686988,-0.019661153602686988,,,,,,,,,,-0.019661153602686988,0.01818928434634604,,,,-0.018609011121383554,,0.01818928434634604,0.01818928434634604,,,,,,,,,,,,,-0.019661153602686988,-0.019661153602686988,,0.005146668251974535,,,,,,,,,,-0.017344742709617982,,,,,,,,-0.019661153602686988,,,,0.01818928434634604,,,0.015356621359408823,,,,,,,,,,,0.01818928434634604,,,-0.012889957939766921,0.01818928434634604,,,,,,,,0.01725515588357899,,,,,,,-0.01366242944164942,,,,,0.01818928434634604,,,,,,,0.01818928434634604,0.01818928434634604,,0.016779971518405608,,-0.019661153602686988,,,0.014580625441983778,0.01818928434634604,,,,,0.01818928434634604,0.017538553433366265,,,-0.019661153602686988,-0.019583831564919482,,-0.019661153602686988,0.01818928434634604,,,,,,,,,,,0.012510192933897397,,,,,0.01818928434634604,,,,,,,,,,,,,,,,,,,,,,,,,,,,,,,,,,,0.012473127200335577,,0.01818928434634604,,,0.01818928434634604,,,,,,,,,,,,,,,0.01818928434634604,,,0.012408333640860884,,,,-0.01135356122985889,,0.008980247610543658,,,,-0.014047618600853247,,0.01818928434634604,,,,,,,,,,,,,,-0.010015963304572637,,,,0.01818928434634604,,-0.019280094163678447,,-0.019661153602686988,,,,,,,,,,-0.019661153602686988,-0.016017213253570448,,,,0.01818928434634604,,,,,,-0.008394439965840432,,,-0.019661153602686988,,0.015126468185728657,-0.009718588811087425,,,-0.011858698659101188,,-0.008462428781236117,0.01818928434634604,,-0.010287954003766748,-0.019661153602686988,,,,-0.019661153602686988,,,-0.019661153602686988,0.01818928434634604,,,-0.011940817423619512,,,-0.007916478200542252,,,,,,,,,,,,,,,,,,,,,,,,,,,,,,,,,,,,,,,,,,,,,,,,,,,,,,,,,,,,,,,,,,,,,,,,,,,,,,,,,,,,,,,,,,,,,,,,,,,,,,,,,,,,,,,,,,,,,,,,,,,,,,,,,,,,,,,,,,,,,,,,,,,,,,,,,,,,,,,,,,,,,
2003-05-30,,,,,,,,,-0.02418420956027451,,,,,-0.017809544957633212,-0.02418420956027451,-0.024016308960246518,,,,-0.02418420956027451,,,-0.02418420956027451,,0.02394029782418348,,-0.02418420956027451,,,,,,,,-0.023117970988278492,,,,,,,,0.02394029782418348,,,0.017050757336117016,,,,,,,0.021258397390810563,,,,,,,,,,,,0.02394029782418348,,,,,0.02394029782418348,,,,-0.02418420956027451,,,,,,-0.006784596444883999,,0.02394029782418348,0.014855045201333333,,0.01766850327306759,,,,-0.02418420956027451,,,,0.02394029782418348,,,-0.02418420956027451,,,,,,0.02394029782418348,-0.02418420956027451,0.02203468522485837,,,0.02394029782418348,,,,,,,,,,,,,,-0.02418420956027451,,,-0.0136835481375806,,,,,,,,,,,,,-0.02323435069967032,,,,,,-0.02418420956027451,,0.02394029782418348,,,-0.02418420956027451,-0.019296456727960862,,,,,-0.019075006487383174,,,,,,,0.02394029782418348,,-0.02418420956027451,0.012306405689313295,,0.02394029782418348,,0.02394029782418348,,,,,,,,,-0.02136384408797503,,,,,0.017839506004978606,,,,,,,,0.02394029782418348,,0.02128229105477564,,,-0.02418420956027451,,0.02394029782418348,,-0.02418420956027451,,,,-0.018228199100340115,,,,-0.02418420956027451,0.02394029782418348,0.02394029782418348,,-0.02418420956027451,,,,,,,,0.02394029782418348,,,,0.02394029782418348,,,,,,,,,-0.02418420956027451,,,,,,,0.02394029782418348,,,,0.02394029782418348,,,,,,,,,,,,,,,0.020883512131323178,,,,,,,,,,-0.02418420956027451,,-0.02418420956027451,-0.02418420956027451,,0.0204927691856888,-0.009888042891243055,,,,,,0.011587439527602916,,,,,,,,0.02394029782418348,-0.0235025992312398,,,,0.012070466257740761,-0.02418420956027451,0.02394029782418348,,,,,,,,-0.006953551017372777,,,,,-0.00853485050496273,,,,,,,,0.02394029782418348,,,,,,,,,,,,,-0.010873724026398135,,,,,,,,,,,0.010184218928680579,,,0.017862907325188523,,-0.02418420956027451,,-0.014091764220930995,,0.019014095531528438,,0.02394029782418348,-0.023965294407357222,,,0.022375319665224266,,-0.02418420956027451,,,0.011507214829409801,,,,,,,,,,,,,,,,,,,,,,,,,,,,,,,,,,,,,,,,,,,,,,,,,,,,,,,,,,,,,,,,,,,,,,,,,,,,,,,,,,,,,,,,,,,,,,,,,,,,,,,,,,,,,,,,,,,,,,,,,,,,,,,,,,,,,,,,,
2011-01-31,,,,,,,,,0.02843675010651353,,,,,,,,,-0.026373349118963295,,,,,,-0.02782964321042516,,,,,,-0.02782964321042516,,,,,,0.02109441019403755,-0.02782964321042516,,,,0.026186799300251865,0.022866620334369182,,,0.029506561256369003,,,,,0.029506561256369003,,,,,,0.029506561256369003,,,,,,,0.029506561256369003,-0.02782964321042516,,,,,,,,,-0.02782964321042516,,0.029506561256369003,0.022047512245243126,,,,,,0.029506561256369003,,,,,,,-0.026542374022327647,,,,,,,,0.022274967212691177,,,,,,0.027281409411960604,0.029506561256369003,,,,,0.025515889968261398,-0.02782964321042516,,,,,,-0.02257928154253191,,,,,,,,0.022805341089115402,,,,-0.019858502044514427,,,,,-0.015370750113772766,,,-0.017693513129157457,,,-0.025073284190312316,,,,,,,,-0.02782964321042516,-0.016704024639678922,,,,,,0.029506561256369003,0.02318006506782833,,,,,,,,,-0.01938379499229469,,,,,,,-0.023854833238086598,-0.016871017864877415,,,0.029506561256369003,0.01623912598966243,,,-0.02782964321042516,,,,,,,,,,,,,,,,,,-0.02782964321042516,,,,,,,,,,,-0.02782964321042516,,,,,,,-0.02782964321042516,,0.029506561256369003,,0.029506561256369003,,,,,,,,,,,,0.029506561256369003,,,,,,,,0.029506561256369003,,-0.021346511233524094,,,-0.020863731709760906,,,,,,,,0.024834694053972605,,,,,,,,,,,,,0.023100299943119674,,,,,,,,,,,-0.02782964321042516,,,,,,-0.02782964321042516,,,,,,,0.01914087638484955,,,,,,,,,,,,,,0.02131160940474308,,,,,,,,,,,0.008984726791410413,0.029506561256369003,-0.027525735676493687,0.024485857788977536,-0.019180101517205842,,,,,,,,,,,,,-0.02782964321042516,-0.012577016624770725,-0.01848208783175394,,-0.02782964321042516,,0.029506561256369003,-0.02782964321042516,,,,,-0.02782964321042516,0.01530035525487862,,,-0.014304338089183551,,,,,-0.027570538445987496,-0.02782964321042516,,,0.02783738341823955,,,,0.012121120118545367,0.029506561256369003,,,,,,-0.023000887231906856,,,-0.02139016799377946,0.029506561256369003,,-0.02782964321042516,,,0.02754455534806942,,,,,,-0.02782964321042516,-0.02782964321042516,0.017397226641952833,-0.0223497589623768,0.016838356634531232,0.0199308398344424,,,-0.012654390579222593,,,0.029506561256369003,,0.029506561256369003,0.016376699275546577,,-0.02782964321042516,0.019338635128710983,-0.02782964321042516,,-0.014193260317882227,0.01565441642935528,,,0.014853501081150541,,,,-0.02782964321042516,,,,,,,0.010049979837128277,,,,,,,,,,,,,,,,,,,,,,,,,,,,,,,,,,,,,,,,,,,,,,,,,,,,,,,,,,,,,,,,,,,,,,,,,,,,,,,,
2011-04-29,,,,,,,,,-0.026593884730530093,,,,,,,,,,,0.02109799159729651,,,,,,,0.027494736112521494,,0.027494736112521494,,,,,,,0.013333624683801545,-0.021989456515110042,,,,0.01854910772029756,,,,0.027494736112521494,,,,,0.027494736112521494,,,,0.024657059989977123,-0.026593884730530093,0.025569259997274676,,,,,,-0.016734459648201108,,,,,,,,-0.026593884730530093,,-0.02125958411748453,-0.021263738605772325,,0.027494736112521494,,,,,0.004752882139124162,,0.02160567112212502,,,,,,,,,,,,,,,,,-0.026593884730530093,,,0.024410096804871526,,,,,,,,,,-0.026593884730530093,,,0.027494736112521494,,,,,,,,,,,,,-0.021380206956810806,,,,,-0.016417932720428942,-0.026593884730530093,,-0.026593884730530093,,,,,,,,,,,-0.026593884730530093,,,,,,,,,,,-0.026593884730530093,,,,,,-0.02049824476378151,,,,0.027494736112521494,0.018989465542146918,-0.026593884730530093,,-0.02292181623477894,,,0.027494736112521494,0.009803184567068024,,,,,-0.026593884730530093,,,,,,-0.026593884730530093,,,-0.020811724922566076,,,,,,,,,,,,,0.027494736112521494,,,,,,,,,,,,,,,,,,,,-0.026593884730530093,,,,,,,-0.026593884730530093,0.027494736112521494,,-0.026376776739745846,,,-0.023872854352710936,,,0.027494736112521494,,-0.026593884730530093,,0.016350494061521656,-0.026593884730530093,,-0.014026379655445854,,,,,,,,,,,,,,,,,,,,,,,,,,,,,,,,,,,,,,,,,,,0.01349536589470402,,0.020285456761359563,,,,,,,,,-0.0225400126753831,,,0.027494736112521494,,,,,,,0.027494736112521494,0.027494736112521494,,,,0.02564807369556455,,,-0.014976539581524157,,-0.026593884730530093,,,,,,,,,,,-0.026593884730530093,-0.02118792097298897,0.022841107235035622,,,,0.026270401702834602,,,,,,-0.026593884730530093,,,,-0.010598866569536328,,,,0.027494736112521494,,,,,,,,,0.014440889422891923,,,,,,-0.026593884730530093,-0.026593884730530093,,,-0.015186812826377153,,,-0.023950433015742793,,,0.018599166801656273,,,,,,-0.026593884730530093,-0.026593884730530093,0.017954219328592376,-0.013075948347888876,,,,,-0.008128609548106071,0.022851972342409422,,,-0.020658535462361533,0.027494736112521494,,,,0.023530657804931094,-0.026593884730530093,,-0.01042252108774299,0.027494736112521494,,0.027494736112521494,0.02101870283444794,,0.022611154611745413,-0.026593884730530093,-0.026593884730530093,,,0.027494736112521494,,0.021647300241801587,0.027494736112521494,0.008292493152722487,,0.027494736112521494,0.023419112157541687,0.020306007737576563,,,,,,,,,,,,,,,,,,,,,,,,,,,,,,,,,,,,,,,,,,,,,,,,,,,,,,,,,,,,,,,,,,,,,,,,,,,,
2012-03-30,,,,,,,,,-0.023806408723743233,,,-0.028038786235747647,,,,,,,,-0.02389945002112839,,,,,-0.027389481285782814,0.028822560987613443,,,,,0.026782718871561646,,,,,,,0.02122545478294748,,0.028822560987613443,,,,,,,,,,,,,,,0.028822560987613443,,,,0.028822560987613443,,,,,-0.028038786235747647,,,,,,,,,,,-0.028038786235747647,-0.01864619654661174,,,,0.017910560244947398,,,0.025214348513625313,,,,,0.028822560987613443,,,,0.028822560987613443,,,-0.028038786235747647,,,,-0.028038786235747647,,,-0.02631806483708293,0.028822560987613443,0.02093686090546581,,,,,,,,,,-0.022383343111846987,,0.013722806103546524,,,,,,,,,,,-0.028038786235747647,,,,0.028822560987613443,,,,-0.028038786235747647,-0.015356163283712587,,-0.01999294494233845,-0.028038786235747647,,,,-0.028038786235747647,,,,,-0.017047099095332068,,,,0.028822560987613443,,,-0.02443956658387223,,,,,,,,,,,,,,,-0.016113950679080377,-0.02520238771428618,,,,,,,,,,0.028822560987613443,,,0.028822560987613443,,,,,,,,,0.028822560987613443,-0.028038786235747647,,,,,-0.028038786235747647,0.026998955225771698,,,,,,,,,,,-0.02195016850673654,-0.0250748644928295,,,,,,0.028822560987613443,,,,,,-0.028038786235747647,,,,,,,,,,,,0.028822560987613443,,,,,,,,,,,,,,,,,0.02538056146567194,,,,,,,-0.018044736199405366,,,,,,,,,,,-0.028038786235747647,,,,,,,,,,,,,,-0.028038786235747647,-0.028038786235747647,,,0.019765808836914246,,,0.023008473056759893,,,,,0.028822560987613443,,,,,,,,-0.028038786235747647,-0.028038786235747647,-0.02087018377443637,,,,,-0.028038786235747647,,,,,,,,,,,,,-0.02613723882265639,,,,,,,0.028822560987613443,0.019887478491619096,,0.028822560987613443,,-0.02698376857168048,,,,,,,,,,,,,,-0.028038786235747647,,,,,,,0.015174664604551748,,-0.018584353888882625,,,,,,,0.023177155152824615,,,0.018519715373724707,,,-0.028038786235747647,,,-0.019223258338003053,0.022082477324152923,,,,,-0.028038786235747647,,,0.019786677291616935,-0.024432704911284426,,0.016417033129544584,,,0.013047491557439752,,,,,,0.028822560987613443,0.027319818733084332,,-0.028038786235747647,-0.012428411837507453,,-0.020308010750791666,,,0.015935295484593822,,0.028378552863808738,,0.028822560987613443,,,0.028822560987613443,,,0.028822560987613443,,0.02283876431548042,0.028822560987613443,0.01085640519144418,,,,,,0.028822560987613443,0.028822560987613443,-0.025806289933777617,0.022005205201228728,-0.02506450648671294,-0.025757895899078478,,,,,,,,,,,,,,,,,,,,,,,,,,,,,,,,,,,,,,,,,,,,,,,,,,,,,,,,,,,,,,,,,,
2012-04-30,,,,,,,,,-0.024339291668790126,,,-0.024339291668790126,,,,,,,0.025315005546720164,-0.023928794741450685,,,,,-0.022947074238801164,0.020339213149084278,,,,,0.025315005546720164,,,,,-0.007335516187536227,-0.024194756622045975,0.012574090656106433,,0.023965733549699574,,,,,,,,,,,,,,,0.025315005546720164,,,,0.025315005546720164,,,,,-0.024339291668790126,,,,,,,,,,,-0.024339291668790126,-0.02174853136696449,,,,0.013102533820324822,,,0.02205083282492275,,,,,,,,,0.019710672047853952,,,-0.024339291668790126,,,,-0.021762026078450594,,,-0.024339291668790126,0.025315005546720164,,,,,,-0.024339291668790126,,,,,-0.016324261241794383,,,,,,,,0.025315005546720164,,,,0.01823825281927401,,,,,0.025315005546720164,,,,-0.024339291668790126,-0.017962679869937097,,-0.024339291668790126,-0.01775575499478896,,,,,,0.020283938668090227,,,-0.02377470942682254,,,,,,,-0.022999502326903735,,,,,,,,,,,,,,,-0.017990555438960835,-0.024339291668790126,,,,,,,,-0.024339291668790126,,,,,,,,,0.016461790278441437,,,,,0.025315005546720164,-0.024339291668790126,,,,,,,,,,,,0.025315005546720164,,0.025315005546720164,,,-0.0234143128609921,,,,,,,0.025315005546720164,,,,,,,,,,,,,,,,,,,,,,,,,,0.025315005546720164,,,,,,,,,0.025315005546720164,,,-0.024339291668790126,,,,-0.024339291668790126,,,,,,,,,,,-0.024339291668790126,,,,,,,,,,,,,,-0.024339291668790126,,,,0.01017532342189872,-0.022460339136341677,,0.025315005546720164,,,,,0.025315005546720164,,,,,,,,,,,-0.024339291668790126,0.025315005546720164,,,-0.023521679611579728,,0.01504146109685869,,,,,,,,,,,-0.015551371989489348,,,-0.024339291668790126,,,,0.019258189199838783,,,0.025315005546720164,,-0.014447973478416793,,,,,,,,,,,,,,-0.024339291668790126,,,,,,,0.008824165740384474,,-0.011859911278132292,,,,,,,0.011021804486138456,,,0.012226026406483261,,,-0.023324521813157115,,,-0.020838176247800287,0.019435935348644493,,0.025315005546720164,,,-0.023630979068887108,,,,-0.022766135585262064,,,,0.007550358696814563,0.017114673040813693,,,,,,0.025315005546720164,0.02224611075028656,0.02197531486254465,-0.024339291668790126,-0.010117701331723029,,-0.014621753834068519,,,,,0.01872771389395308,,0.025315005546720164,,,0.025315005546720164,,,0.025315005546720164,,0.025315005546720164,0.025315005546720164,,,,,-0.02221997905084247,-0.015781887284578685,,0.025315005546720164,-0.021161906441148008,,,-0.022600659597222794,0.025315005546720164,0.025315005546720164,,,,,,,,,,,,,,,,,,,,,,,,,,,,,,,,,,,,,,,,,,,,,,,,,,,,,,,,,,,,,,,,
2014-06-30,,,,,,,,,0.02415511548698871,,,0.02415511548698871,,,0.0197462742245202,,,,,-0.024065066877043156,,,,0.021124025607867174,,,,,,,,,,,,,,,-0.009168417504484036,,,0.02415511548698871,0.02415511548698871,,,,-0.024065066877043156,,,,,,-0.02373332985753917,,,,,,,,,,,,-0.024065066877043156,,,,,,,-0.01704057531356023,,,,-0.0225613540450016,,,,,,0.023481708942569242,,,-0.024065066877043156,,,,,,,-0.019881254804350004,0.02415511548698871,,-0.024065066877043156,,,,0.0169470084034608,,,,,,,,-0.024065066877043156,,,,,,,0.01977420247118271,,-0.017272185540371417,,-0.024065066877043156,-0.024065066877043156,,,,,0.016563145170439504,,-0.022234118910935997,,,,-0.023061066367525446,,0.02415511548698871,,,,,,,-0.0021526753586592804,,,-0.024065066877043156,,,,,,0.013049885218292735,-0.024065066877043156,,,,,,,,-0.024065066877043156,,,-0.01939276928938027,,,,,,,,,,,,,,,-0.024065066877043156,0.014493134705433501,,,,,,,-0.02256576744499303,,,0.02415511548698871,-0.024065066877043156,,,,,,0.02415511548698871,0.018065419484002452,,,,-0.024065066877043156,0.012643843209490002,,,,,,,,,,,,,,,,-0.010210864331778553,,,,,,,,,,,,-0.024065066877043156,,,,,,,,,,-0.024065066877043156,,,,,,,,,0.01756631215020143,,-0.005024035575767409,,-0.024065066877043156,,-0.017531383907581802,,,-0.022954302892821455,,,,,,,,,,,,,-0.024065066877043156,,,,,,,,0.02415511548698871,,-0.024065066877043156,,,,0.02415511548698871,,,,,0.02415511548698871,,0.01876346250327819,-0.024065066877043156,,,,,,-0.024065066877043156,0.02415511548698871,,,,,,,,,,,,0.02415511548698871,,,,-0.024065066877043156,,,,,,,,,,,,,,,,,,,-0.014127304073337739,0.02415511548698871,,-0.017723657398822475,,,,0.02415511548698871,,,,0.02415511548698871,,,,,,,,,,,,-0.007631245128692536,,,,,0.020412268172594613,,,,,,-0.021133789413466046,,-0.024065066877043156,0.015471139315897027,,,,0.02415511548698871,,,,,,,,,,-0.024065066877043156,,,0.010734498637691992,,,,,,,,,0.02415511548698871,,,,,-0.013023735104022402,,0.013998148773498887,,0.01916023409496715,,-0.005127314589447975,0.00859690898680649,-0.006223080141277949,0.02415511548698871,,,,,,0.0201998263384279,0.02415511548698871,,,,0.02415511548698871,0.02415511548698871,,,,0.01815272433973323,,-0.024065066877043156,,0.02415511548698871,0.02415511548698871,,-0.024065066877043156,0.00505869672705896,,,0.01100849934952665,,,,0.017419069561446204,,,0.022912068888879825,0.014465755708986191,-0.024065066877043156,,,,,,,,,,,,,,,,,,,,,,,,,,,,,,,,,,,,,,,,,,,,,,,,,,,,
2019-08-30,,,,,,,,,-0.02066390472685427,,,,,,-0.017418983711033526,,,,,,,,,,,,,0.012479683431610248,,-0.01856652070589204,-0.02066390472685427,,,,,,,,,,,,0.02101477878834233,-0.02066390472685427,,,0.02144157034040892,,,,,,,,,,,,,,,-0.011198901537310898,,,,,,0.02144157034040892,,,,,,,,,,,,-0.02066390472685427,,,,,,0.017310184821124813,,-0.02066390472685427,,,,-0.02066390472685427,-0.0118198126596372,-0.02066390472685427,-0.005808482126883208,,-0.010867159124614093,,,-0.02066390472685427,,-0.015693609005020547,,,,,,-0.012952577296616953,,,,,-0.01899481814235174,,,,0.018588630250202257,,,0.02144157034040892,,,0.02144157034040892,,,,,,,,,,,,,,,,,,-0.01415908446873388,,-0.02066390472685427,,0.011933412257367666,-0.010574417989929117,,-0.014564280906328466,,,,0.01658442532939966,,,,,,,,,0.02144157034040892,,,,,,0.019021549772417976,,,,-0.01798780822625621,,,,0.01347959377008149,,-0.02066390472685427,0.01908559825570311,,,,,,,,,,0.02144157034040892,0.021320323066429166,,,,,-0.02066390472685427,,0.02144157034040892,-0.02066390472685427,-0.02066390472685427,,,,,,,-0.02066390472685427,,,0.02144157034040892,,,,,,,-0.02028859978580392,,,,0.02144157034040892,0.02144157034040892,,,,,,,,,,,0.009105281950802768,,,,,,,,,,,,,,-0.017899505876309844,,,,,,0.02144157034040892,-0.018720735927169434,,,,,,,,,,,,,,,,0.021439595238562297,,,,,,,,,,-0.017296936175902732,0.02144157034040892,0.02144157034040892,,0.02144157034040892,,0.019847241944824966,,,-0.018007174366393746,,-0.013893266069898961,,0.018440943526274053,,,0.018381973464844124,,0.02144157034040892,,,,-0.017763013306223607,,,,-0.019622789445734347,,,,-0.011660630264785275,0.02144157034040892,-0.02066390472685427,,,,-0.019356846283692827,,,,-0.015825930482105465,,,,,-0.01910228308907091,,,,,,,,,,,,,-0.02066390472685427,0.021137498772345324,,0.016836238903671023,-0.01881742006809436,,,,,,0.017535556254467028,,,,,,,,-0.02066390472685427,-0.007160954064243142,,,-0.020176335112954254,,,,,,,,,,,,,,,-0.019767027086147335,,-0.02066390472685427,,,,,,,-0.017772112994974602,,,,,,,,,,,0.01678033495332426,0.01943848110105751,,,0.009522988650071177,,0.02144157034040892,,,,,-0.02066390472685427,,,,0.004539599782863145,,,,,0.02144157034040892,,0.014309965610069957,,,,,,0.013813302965292555,0.02144157034040892,,,,,0.02144157034040892,,,,,0.020964126589784797,,,,-0.015834734671818965,0.012562547342975568,,,,,0.016105585640218852,,,0.013735007923192767,,,,,0.012989116826537828,,-0.02066390472685427,,0.007750752083480296,,,-0.016184532939364147,,,,,,,0.009299934720419841,-0.02066390472685427,,,,,,0.013157579626479269,,0.012356042752819093,,,,,,,,,,,,,,,,,,,,,,,,
2019-09-30,,,,,,,,,-0.016093300891920383,,,,,,,-0.016093300891920383,,0.011629066994258636,,-0.008103466978367932,,,,,,,,0.012657187633188146,,-0.016093300891920383,-0.016093300891920383,,,,0.01419555470062237,,,,,,,,0.010953079246215323,,,,0.015523032280139074,,,,,,,,,,,,,,,-0.006865679628925097,,-0.016093300891920383,,,,0.015869289220503045,,0.015869289220503045,,0.012566713017032691,,0.01214765595364182,,,,,,-0.014118637744039606,,,,,,0.014914937965416252,,-0.016093300891920383,,,,-0.016093300891920383,-0.011319164582739925,,-0.005516572569056785,,-0.014471678686100114,,,-0.016093300891920383,,-0.007117464372382377,,,,,,-0.005363913219416238,,,,,-0.007248897982082417,,,,,,,0.015869289220503045,,,0.015869289220503045,,,,,,,,0.015869289220503045,,0.015869289220503045,,,,,,,,-0.01298987914913249,,-0.016093300891920383,,0.00744518733037621,-0.012702289529757183,,,0.012831979702742828,,,0.015869289220503045,,,,,,,,,0.015869289220503045,,,,,,0.011042128460212351,0.015869289220503045,,,-0.016093300891920383,,,,0.009990710462210194,,-0.01510065643156622,0.015869289220503045,,,,,,,,,,0.015869289220503045,0.012959008790330613,,,,,,,0.013166050606939355,-0.016093300891920383,-0.00954943506271909,0.00917913914518653,,,,,-0.016093300891920383,-0.012957393612292534,,,,,,,-0.013017139747768166,,,,,,,,0.015869289220503045,,,,,0.010473044116583743,,,,0.015869289220503045,,,,,,,,,,,,,,,,-0.009030176288200839,,,,,,,-0.010658810452765257,0.01116077066505951,,,,,,,,,,,,,,,0.015869289220503045,,,,,,,,,,-0.011737921934177336,,0.01051391952478598,,,,0.014217788732193981,,0.015869289220503045,,,-0.012754890576576828,,0.009865211823300427,,,,,,,,,-0.014402637223689788,,,,,-0.00933678719791811,,,-0.011296226365221554,0.009868866917379121,,,-0.011858548899534282,,-0.016093300891920383,-0.015527298118707294,,,-0.010589590597215294,,,,,-0.012157428798049912,,,,,,,,,,,,,,0.0133646845698715,,,-0.012937713476958974,,,,,,0.015869289220503045,,,,,-0.016093300891920383,,,,-0.01044553992413868,,-0.011373029545980887,-0.01438873810084833,-0.016093300891920383,,,,,,,,,,,,,,-0.016093300891920383,,,,,,,,,-0.016093300891920383,,,,,,,,,,,,,,,0.015426249884076917,,0.010525242428900086,,,,,-0.016093300891920383,0.00650995855528545,,,,,,,,0.015869289220503045,0.009403481304349036,0.010894852892874337,,,0.015869289220503045,,,,0.009023723991880395,,,,,0.0157991630281264,,,,,0.015869289220503045,,,,-0.008786355659345383,,,,,,,,,0.015869289220503045,,,,,0.006897033566311232,,,,0.013309968290223934,-0.016093300891920383,,-0.015166401522459896,,,,-0.013817112585320892,,,0.0071455312723289754,-0.016093300891920383,,,,,,0.011586786139759143,,,,,,,,,,,,,,,,,,,,,,,,,,
2019-11-29,,,,,,,,,-0.016267320707420607,,,,,,-0.008570802409000482,,,,,-0.008654427806322421,,,,,,,,,-0.017125332384506614,,,,,,,,,,0.010001124202340225,,,,0.011148562871493276,,,-0.017125332384506614,,-0.017125332384506614,,,,,,,-0.01581521171221316,,0.016507247547152853,,,,,-0.006051991321399339,,,,,,,,0.016507247547152853,,,,0.014751070008987453,,,,,,-0.0104075481257707,0.011181602613002316,,,,,,,-0.017125332384506614,,,,,-0.007648819037242755,,-0.003164190741029365,,-0.008250534179969612,,,-0.01549182583612887,,-0.010311100420352767,,,,,,,,,,,-0.012526547111644018,,,,,,,0.016507247547152853,,,,,,,0.012057146412639658,0.016507247547152853,,,,,0.01220481183030607,-0.017125332384506614,,,,,,,-0.011890070347042878,,,,0.00795499813918514,,,,0.012568092938011166,,,,,,,,,,,,,,,,,,,0.016507247547152853,,,-0.012034899262582433,,,,0.012301006529061024,,-0.016558165889178248,0.016507247547152853,,,,,,,,,0.005937258281945304,,,0.016507247547152853,,,,-0.017125332384506614,,0.016466786505199178,-0.013256603198655932,-0.016433373633858706,0.009322094672864687,,,,,-0.017125332384506614,,,,,,,,-0.017125332384506614,,,-0.01650076481512325,-0.008213501993817575,,0.016507247547152853,0.016507247547152853,,,-0.017055006796433902,,,0.016507247547152853,,,,0.009482994753117443,,0.016507247547152853,-0.017125332384506614,,,,,,,,-0.017125332384506614,,,,,,,,0.016507247547152853,,,,-0.013029494517879391,0.016507247547152853,,,,,,,,,,,,,0.016507247547152853,,,,,,,,,,,0.016507247547152853,-0.006171981276143624,,,,0.014344801737347927,,,,,-0.010877738542077232,,,-0.017125332384506614,0.015197009102809878,,,,,,,,,,,,,,-0.017125332384506614,,,,0.013033737750495236,-0.017125332384506614,,-0.017125332384506614,,-0.017125332384506614,,,,-0.010284784373781755,,,,,-0.017125332384506614,,,,,,,-0.017125332384506614,,,,,,,0.016507247547152853,,0.016507247547152853,,,,0.016507247547152853,,,,,,,,,,,,-0.011847502951215208,,-0.017125332384506614,-0.010599834648283953,,,,,,,,,0.012732664271076475,,,,,,-0.01655249734369007,,,,,,,,,-0.012687887776532854,,,,,,,,0.008893779921557024,,,,,,,0.016507247547152853,,0.013432086641528946,,,-0.017125332384506614,,-0.01666891827707908,0.007481531275801816,0.01390728241930759,,-0.015407127009530413,,,,,,0.01202632861324567,0.016507247547152853,,,0.016507247547152853,,,,0.010365912146452922,,,,0.016507247547152853,,,0.016507247547152853,,,0.016507247547152853,,0.012923269153946778,,-0.011195914695857134,,,0.016507247547152853,,,,,,0.015022228415955912,,,,,0.009487707543294949,,,,0.01413762529863771,,,-0.012978352860851592,,,,-0.011935121448989849,,,0.00680180602879823,,,,,,,,,,-0.017125332384506614,,,,,,,,,,,,,,,,,,,,,,,
2006-02-28,,,,,,,,,,,-0.03492337615141253,-0.03492337615141253,,,,0.034238120768060626,,,,,,,0.034238120768060626,0.034238120768060626,-0.01885088418575972,,,,,,,,,,,-0.019064980011047908,,,0.02916088107647651,,,,,0.030567167680473135,,,,,,,-0.03492337615141253,,,,,-0.03200118831291675,,,,,-0.024970299722421208,,,0.025876387693742238,,0.034238120768060626,,,,,,,,,,,,,,0.020363086918904975,,,0.02228536908424903,,-0.024505844738780008,,,,,,-0.03492337615141253,,,,,,,,,,,0.03167307840519839,,,0.034238120768060626,,,,,,,-0.03392288170925294,,-0.027013011104963083,,,,,,,,,-0.03492337615141253,-0.012776226516701409,0.03407963768056797,,,-0.03492337615141253,,,,,,0.034238120768060626,,-0.03492337615141253,,,0.023789506652362877,0.034238120768060626,0.034238120768060626,,-0.03492337615141253,,,,0.027850847574605403,,,,,-0.014270775477851251,,,0.020325138356055376,-0.03237897322950464,,,,,,-0.03492337615141253,0.034238120768060626,,,,,,,,,,,,,-0.03492337615141253,,,,,,,,,,,,,,,-0.028497340099765896,,,,,,,,,,,,,-0.03492337615141253,,,,,,,,,-0.03492337615141253,,-0.03492337615141253,,,,,,,,,,,,,,,,-0.03492337615141253,-0.03492337615141253,0.026414949592863547,,,,,,,,,,,,,,,,,,,,,-0.015616262326963549,,,,,,,,,-0.03492337615141253,,,,,,,,-0.03492337615141253,,,0.030516279328339592,-0.03372005621152691,,,0.034238120768060626,,,,,,,-0.03492337615141253,,-0.03492337615141253,,0.034238120768060626,,,,0.034238120768060626,0.02917981158023183,,,-0.03492337615141253,,,,,,,,,,,,0.02980468528900011,,-0.03492337615141253,0.033301325018546074,,,,0.028954482553888983,0.016251083374887315,,,,,,,,0.034238120768060626,,,,,,,0.01908661450007442,0.034238120768060626,,,,,,0.034238120768060626,,,,,,,-0.03492337615141253,-0.015659240166714994,-0.03492337615141253,-0.03492337615141253,,,,,,,,,-0.02096310995729809,,0.03412051843290784,0.034238120768060626,,0.021963737274459307,,,0.034238120768060626,-0.020168593347194206,-0.03492337615141253,-0.027455231078356613,,,-0.011579880662981677,,,0.034238120768060626,,0.034238120768060626,,0.02032279022201186,,,,0.034238120768060626,0.02287091292712491,0.022978476067129897,,,,,,,,,,,,,,,,,,,,,,,,,,,,,,,,,,,,,,,,,,,,,,,,,,,,,,,,,,,,,,,,,,,,,,,,,,,,,,,,,,,,,,,,,,,,,,,,,,,,,,,,,,,,,,,,
2006-04-28,,,,,,,,,,,-0.025702805495418368,,,,,,,,,,,,0.022923377647818963,,-0.021280950672599542,,,,,,,,,,,0.022885779049353152,,,0.018109028716579652,,,,,0.025607324704998862,,-0.027129273301280645,-0.027129273301280645,,0.026676507085170904,,-0.027129273301280645,,,,,-0.027129273301280645,,,-0.027129273301280645,,,,,0.026676507085170904,-0.027129273301280645,,,,,,,,,,,,,,,0.022515925686420794,,-0.025892964931560677,0.024008441500191678,,-0.024045210651107554,-0.019369764674324715,,,0.02313800361434511,,-0.027129273301280645,,,,,,,,,,,0.026676507085170904,,,,,,,,,,-0.027129273301280645,,,,,,,,,,,-0.02545217135336362,-0.003995805877633274,0.026676507085170904,,,-0.027129273301280645,,,,,,,,,,,0.01411971365647952,,,,-0.027129273301280645,,,-0.027129273301280645,,,,,,,,,,-0.027129273301280645,,,,0.02065284851050164,0.026676507085170904,,,,,,,,,,0.026676507085170904,,0.026676507085170904,,-0.027129273301280645,,,,,-0.027129273301280645,,,,-0.027129273301280645,,,,,,,-0.012466346529225927,,,,,,,,-0.015006361732779788,,,,,-0.026926077179177745,,,,,,,,,-0.027129273301280645,0.026676507085170904,-0.027129273301280645,,,,,,,,,,,,,,,,,-0.027129273301280645,,,,,,,,,,,,-0.027129273301280645,0.026676507085170904,,,,,,,,,-0.013701453641942314,,,,,,,,,,,,,,,,,-0.01290046850096692,,,0.0231983162980527,-0.024879742636078127,,,0.026676507085170904,-0.027129273301280645,,,,,,,,-0.027129273301280645,,0.026676507085170904,0.022590034716411682,,,,0.026676507085170904,,,-0.027129273301280645,,,,,,-0.027129273301280645,,-0.027129273301280645,,,0.02646211136488967,0.026676507085170904,,,,,,,0.025690115611119634,0.02067772751693294,,,-0.027129273301280645,,0.026676507085170904,,-0.027129273301280645,,,,,,,,0.010084090557849935,,,0.026676507085170904,,,,,,,,0.026676507085170904,,,,,-0.027129273301280645,-0.025372091963888517,,,,,,,,,,,0.02470730775201352,0.026676507085170904,,0.026676507085170904,,,0.026676507085170904,,-0.027129273301280645,,,,-0.012435806770408368,0.026676507085170904,,0.023081738311560563,0.026676507085170904,,,0.026676507085170904,,,,0.026676507085170904,0.018925134810739205,0.022948399339244537,0.02316259272189891,,,,,,,,,,,,,,,,,,,,,,,,,,,,,,,,,,,,,,,,,,,,,,,,,,,,,,,,,,,,,,,,,,,,,,,,,,,,,,,,,,,,,,,,,,,,,,,,,,,,,,,,,,,,,,,
2012-09-28,,,,,,,,,,,0.028466859083810133,,,,-0.029497550404505583,,,,0.028466859083810133,,,,,,-0.029497550404505583,,,,,-0.017449576765000713,0.028466859083810133,,,,,-0.009877009422240013,-0.019655665520527957,0.027180083921700217,-0.009412609385432287,,,0.026701132591799438,,,,,,,,,-0.029497550404505583,0.028466859083810133,,-0.029497550404505583,,,,,,,,-0.024284718883560007,,,,,,,,,,-0.019379810429228546,,,,,,,,0.02126755306075666,,,,,,,0.028466859083810133,,,,,,,,,,,,-0.028850534620728625,,,,,,-0.029497550404505583,,,,,,,,,,,,,,,,,,,,,,-0.025348311580189974,0.01649183855513248,,,0.028466859083810133,,0.013697142160013503,-0.029497550404505583,,,,-0.02285437545618519,,-0.029497550404505583,,,,,0.028450872235708306,,,,,,,,-0.029497550404505583,,,,,,0.027243933027289294,,,,,,,,,,,-0.016157717566825585,,0.018003847376535344,,0.028466859083810133,-0.029497550404505583,,0.028397448780140687,0.028466859083810133,-0.029497550404505583,,,-0.027108661938062304,,,,-0.029497550404505583,,,,,,,,,,-0.029497550404505583,-0.029497550404505583,,-0.028301772335381437,,,-0.029497550404505583,,,,,,,,,,,,,,,-0.029497550404505583,0.028466859083810133,,,,,,,,,,0.0172202437789543,,,,,,,,,,,-0.02051842487396847,,,,,0.028466859083810133,,,,,,,,,,,,,,,,,,,,,,,,,,,-0.025955335078761528,,,,0.028466859083810133,,0.021417097230095317,,,,,,0.028466859083810133,,,,,0.028466859083810133,0.010604947850440699,-0.029497550404505583,,,,,,-0.029497550404505583,,,,0.01802847261452007,,,,,,,,,0.028466859083810133,,0.028466859083810133,-0.021686781587056243,,,,,0.028466859083810133,,,,,,,,0.024508782648537814,,,,-0.014482428510105377,,,,,,,,,-0.029497550404505583,-0.02924637543860712,0.019016453256481682,,,,0.028466859083810133,,,,,,,,,-0.029497550404505583,,,,,,,-0.012909956908559426,0.028466859083810133,,-0.02846083708252013,,,,0.017029054904803848,,-0.02698122991003751,0.020276453017203874,,0.019748184443439055,-0.02274502299128122,-0.029497550404505583,,,,,,,,-0.02485509825418529,,,0.01787264720096363,,,0.023823285396440987,,0.012626252044365965,,,,,,-0.013938333441632183,0.028466859083810133,,-0.015259285199133544,-0.02586188617273516,-0.008084974293880675,-0.018461147253723068,,-0.029497550404505583,,,,,,,,,0.028466859083810133,,,0.028466859083810133,,,0.028466859083810133,0.019780159290564245,,,,,,,,,0.025434839194699608,0.028466859083810133,0.02572454738352117,,,,0.022293408502425557,,,,,,,,,,,,,,,,,,,,,,,,,,,,,,,,,,,,,,,,,,,,,,,,,,,,,,,,,,,,,,
2013-04-30,,,,,,,,,,,0.029325625114148223,0.029325625114148223,-0.025921064044559284,,0.029325625114148223,,,,,,,,,0.02313644860215532,,,,,,,0.019506613889422694,,0.029325625114148223,,0.022427455258840386,-0.016955691718207083,,-0.022123515846368645,-0.012101324507410612,0.022807315403705376,-0.018575238438595692,0.029325625114148223,,0.02543754526067339,,,,,,,,,,-0.028137381908197034,,,,,,,,,,,,,,,0.029325625114148223,-0.028137381908197034,,-0.01491487224649668,,,,,,,,,,,-0.023400169776092817,,0.029325625114148223,,,,,,,,,,,-0.028137381908197034,,,0.029325625114148223,,,,-0.028137381908197034,,,,,-0.028137381908197034,0.028281850851717458,,,,,,0.029325625114148223,0.021580490003673423,,,,,,,,,,-0.02786823657920563,,0.020337479986159843,,,,,0.016407989715340493,-0.028137381908197034,,0.02835342558818151,-0.0251146966195109,,,,,0.021069399060560084,0.026567683191924315,,,,,0.022519278954536117,,,,,,,-0.016714637018479736,,,,,,,,,,,,,,,,,0.017150486448191227,,,-0.028137381908197034,,,,,,,-0.028137381908197034,,-0.028137381908197034,,,,,,,,,,,,,0.029325625114148223,,,,,,,,0.0246744720574096,,,,,,,,,,0.029325625114148223,,-0.028137381908197034,,,,-0.028137381908197034,,,,,,,0.018734142111083218,,,-0.028137381908197034,-0.024267278263912406,,,,0.020224773233169607,,,-0.028137381908197034,,,,,-0.028137381908197034,,,,,,,,,,-0.022976432744182932,-0.028137381908197034,,,,,,,,,,,,,,,-0.020681167188053823,,,,,,,,,,,,,,,,,-0.022712733196174874,,,-0.028137381908197034,0.029325625114148223,,,,,,,,,,,,,,,,,,,,,,,-0.010114315666147369,-0.028137381908197034,,,,,,,-0.025280107054873463,,,0.028245107206196145,,0.02619602825577962,,,,,-0.028137381908197034,,,-0.028137381908197034,,-0.00924541571227837,,,,-0.028137381908197034,,-0.02772986722424102,,,,0.01973313298561182,,,,,,-0.024550098241511244,,-0.019029230442379638,,,,-0.02677823283296902,0.008851792515226293,,,,,,,,,,,,,0.029325625114148223,,,,,,,,,,-0.028137381908197034,,,0.02909493338135566,,0.01751211840435268,,,,,,,,,,,-0.014750761090966007,,0.0050871041224746765,0.015745561529130057,,,,-0.019759356562329605,-0.017713825790160873,,,,,,,-0.028137381908197034,0.029325625114148223,,,-0.028137381908197034,,0.022423727618739602,,0.029325625114148223,0.029325625114148223,0.02331677627480903,,0.029325625114148223,,,0.02909658137401726,,0.02115532364111078,,,0.017186450681951453,0.023178320053817862,,,-0.028137381908197034,,,,,,,,,,,,,,,,,,,,,,,,,,,,,,,,,,,,,,,,,,,,,,,,,,,,,,,,,,,
2009-07-31,,,,,,,,,,,,0.021092364394308245,,,,,,,,-0.01544528481232298,,,,,,,0.021092364394308245,,,,,0.021092364394308245,,,,,,,,,,-0.02197027145631292,0.021092364394308245,,,0.01724761139514093,,,,,,,,,,,,0.021092364394308245,,,,,,,0.021092364394308245,,,,,,,0.018495912052012686,,,,-0.012658303748630006,,,,,,,0.02002580731690925,-0.02197027145631292,,0.021092364394308245,,,,,,0.021092364394308245,,,0.021092364394308245,,,,-0.02197027145631292,,,-0.02197027145631292,0.01796786469728671,0.01278247119137308,,,,,,,,,,-0.011251365135391283,,,,,0.021092364394308245,,,,,-0.010190838883118624,,-0.02197027145631292,,,,,,,,-0.02197027145631292,,-0.018878906511946753,,-0.02197027145631292,0.021092364394308245,,,,,,,-0.020521935702298603,,0.0134424169518396,,,,,,,,,,,,,0.016866273311440083,,,,,,,,,,,,,,,0.012976484461004167,,,,,,0.016110947332622708,,,,-0.02197027145631292,,,0.021092364394308245,0.021092364394308245,,,,,,,0.014564065349547479,,,,,,,,,0.021092364394308245,,,,,-0.011013660660441526,,0.021092364394308245,-0.02197027145631292,,0.017688486450895085,,0.018241286865736336,,,,,,,,,,,,,-0.02197027145631292,,,,,,,,,,,,,,-0.017505334740864183,-0.013381889171627775,,,,,,,,-0.01933750662351211,0.021092364394308245,-0.020433117050977254,,,,-0.02197027145631292,,,,,,-0.015359729069887071,,,-0.02153031226415063,,0.00952503561820778,,0.021092364394308245,,-0.02197027145631292,,,,,,,,,,,,,,-0.018680082033699006,0.021092364394308245,,,,,,,,,,-0.013077349294264892,0.01801830017731995,,,,,,,,,,,,0.021092364394308245,0.01580561950247732,-0.01967507687393744,,,,,,-0.02197027145631292,-0.02197027145631292,-0.014650735149435549,,,,,,,,,-0.010432410749340856,,,-0.02197027145631292,,0.021092364394308245,,,0.00618999627535302,,,,-0.005822971047027411,0.014670268369844504,,,0.018352351752221652,,-0.02197027145631292,-0.02197027145631292,,,,,-0.017985494967757105,,,,0.012595367266076124,,,,,-0.02197027145631292,,0.020716502190313957,,-0.01255159291541843,,,,,-0.02197027145631292,,,,,,,,,,,0.016310143292450476,,-0.008531048884920005,,,,-0.02197027145631292,0.007557364989696442,,-0.017393764522245333,,-0.015214500612899449,0.021092364394308245,,0.01922957393867689,0.021092364394308245,-0.015720857634467834,,,,-0.016989986660073234,-0.018852388558242575,,0.012865248649625273,,,-0.02197027145631292,0.021092364394308245,0.021092364394308245,,,,,,,,,,,,,,,,,,,,,,,,,,,,,,,,,,,,,,,,,,,,,,,,,,,,,,,,,,,,,,,,,,,,,,,,,,,,,,,,,,,,
2009-08-31,,,,,,,,,,,,0.02212787986631205,,,,,,,,-0.02307982585309598,,,,,,,0.02142795193491332,,,,,,,,,-0.02307982585309598,,,-0.018523948114897586,,,-0.02307982585309598,0.02212787986631205,,,0.02212787986631205,,,,,,,,,,,,0.02158616445255341,,,,,,0.018913507394482967,,,,,,,,0.017715098890529506,,,,-0.012163523764674701,0.014950079700384523,,,,,,0.007651575356321633,-0.01822902149938428,,,,,,,,0.02212787986631205,0.021418736562438763,,0.02212787986631205,,,,-0.02144739767697095,,,-0.02307982585309598,0.016234442750514375,0.015272040330226307,,,,,,,,,,-0.01337576891075113,,,,,,,,,0.02212787986631205,-0.019965800680635873,,-0.014907116002579482,,,,,,,,-0.02307982585309598,-0.02307982585309598,-0.01857950880256741,,-0.016751301496333044,0.01565001029950363,,-0.02040710391755114,,,,,-0.02307982585309598,,0.013335250377885738,,,,,,,,,,,,-0.02307982585309598,,,,0.021217222289159544,,0.02212787986631205,,,,,,,,,,0.014596653118873168,,,,,,,,,,-0.02307982585309598,,,,,,,,,,,0.018518303442766948,,,,,,,0.02212787986631205,,0.02212787986631205,,,,,-0.014728984898517112,,0.02212787986631205,-0.02307982585309598,,0.020320510058354894,,0.02212787986631205,,,,,,,,,,,,-0.02307982585309598,-0.02307982585309598,,,,,,,,,,,,,,,-0.011975296845416327,,,,,,,,-0.02307982585309598,0.02212787986631205,-0.014871666020361773,,,0.02212787986631205,,,,,,,-0.01419563095807326,,,-0.01600028685726701,,0.013686195638944347,,0.02212787986631205,,-0.02000971209391167,,,,,,,,,,,-0.02307982585309598,,,-0.019756386580380255,0.02212787986631205,,,,,,,,,,-0.013396702014290628,0.021041051877626563,,0.009001630108929553,-0.01643463905798453,,,0.022119747125025676,0.011877142672243766,,,,,0.02212787986631205,0.020558279804813586,,,,,,,-0.02307982585309598,,-0.0198986949203182,,,,,,,,,,,-0.02307982585309598,-0.02307982585309598,,0.02212787986631205,,,,,,,-0.0033470270116005736,0.02212787986631205,,,0.013543435328402272,,-0.02307982585309598,,,0.021186113983094435,,,,,,,0.018709354297447685,,,,,-0.019861342019608458,,0.021034902920197173,,-0.012697931419213005,,,,,-0.02307982585309598,,,,,,,,,,,,,-0.010189588958425337,0.017784560105330735,,0.004206515707704356,-0.02307982585309598,0.014069749144410965,,-0.015584625111030283,,-0.00782169851780541,0.011994437575178105,,0.02212787986631205,,-0.02095210955339767,,,,-0.012381049942320081,,,,,,,,,,,,,,,,,,,,,,,,,,,,,,,,,,,,,,,,,,,,,,,,,,,,,,,,,,,,,,,,,,,,,,,,,,,,,,,,,,,,,,,,,,,,
2012-02-29,,,,,,,,,,,,-0.02296491176307373,-0.018351474632219228,,,,,,,-0.02296491176307373,,,,,-0.018594659833100866,0.02272634431535953,,,,,0.02334742968398422,,,,,,-0.02247826554848281,0.02334742968398422,,0.0147472424660571,,,,,-0.020022309144610353,,,,,,,,,0.016367685511012878,,,,,,,,,,-0.02296491176307373,,,,,,,,,,,,-0.01837880081168498,,,,0.008199797387642288,,,0.023100627009177643,,,,,0.02334742968398422,,,,0.021898882908362678,,,-0.02296491176307373,,,,-0.022857239084306466,,,,0.02334742968398422,0.021990745755990103,,,,,-0.02296491176307373,,,,,-0.01624236255783217,,0.014593127260539521,,,,,,,,,,,,,,,,,,,-0.02296491176307373,-0.016519033339053416,,-0.020480754014795485,-0.01627339684132461,,,,-0.019303021911817903,,0.017377025074484027,,,-0.012427966635397632,,,,0.02334742968398422,,,-0.02095663239260598,,,,,-0.018773400224712685,0.020715101589764646,,,0.013168304487016157,,,,0.02334742968398422,,-0.019898570584830553,-0.020393907005370318,,,,,-0.019106417528712217,,,-0.02296491176307373,,,,,0.02334742968398422,,,,,,,,,0.02334742968398422,-0.02296491176307373,,,,,,,,,,,,,,0.02334742968398422,,,-0.013485407885649113,-0.02294745831657489,,,,,,,0.02334742968398422,,,,,,,0.018066711885352978,,,,,0.02334742968398422,,,,,0.02334742968398422,,,,,,,,,,,,,,0.02334742968398422,,,0.02334742968398422,,,,,,,,,,,,,,,,-0.02296491176307373,,,,,,,,,,,,,-0.02296491176307373,,,-0.02296491176307373,-0.02296491176307373,,,0.01333488007864294,,,0.02334742968398422,,,,,0.023148238416342646,,,,,,,,-0.02296491176307373,-0.02296491176307373,,-0.021063933426355156,,,,-0.02296491176307373,,,,,,,,,,,,,-0.02249368496296525,,,,,,,0.02334742968398422,0.02334742968398422,-0.020367833751649436,,,,,,,,,,-0.021381084547779025,,,,,,,-0.02296491176307373,,,,,,,0.017556591101255247,,-0.0159271445998481,,,,,,,0.018949473889465364,,,0.006003090770223025,,,-0.02296491176307373,,,-0.018734478077745937,0.008059627449487471,,,,,-0.018486628776162063,,,,-0.014591497810991005,,0.019356375587050452,,,0.014753381952061101,,,,,,,0.01821911989387139,,-0.02296491176307373,-0.007552175351040081,,-0.00970961106960305,,,0.02334742968398422,,0.02334742968398422,,0.019433849086888735,,,0.02334742968398422,,,0.018713953906766098,,0.02334742968398422,,0.017659353198712296,,0.009186175975876475,,,,0.02334742968398422,0.02334742968398422,-0.013149027286491968,,,,,,,,,,,,,,,,,,,,,,,,,,,,,,,,,,,,,,,,,,,,,,,,,,,,,,,,,,,,,,,,,,,,,
2013-05-31,,,,,,,,,,,,0.02858509263537478,-0.02889502072350629,,0.02858509263537478,,,,,,,,,0.021750198641672405,,,,,,,0.02735584818534018,,,,,-0.020548855383284024,,-0.027557424175225935,-0.009166608490237366,0.02858509263537478,-0.02889502072350629,0.02858509263537478,,0.02858509263537478,,,,,,,,,,,,,,,,,,,,-0.026054372446188127,,,,,0.02858509263537478,,,-0.016930932993084402,,,,0.02858509263537478,,,,0.01699843954597752,-0.02889502072350629,,-0.018630928716767137,,0.02858509263537478,,,,,,,,,,,-0.02889502072350629,-0.028569019038974106,,0.02858509263537478,,,,-0.027763734521290447,,,,,-0.02109750565995553,0.026344191346719878,,,,-0.024514817653011056,,,,,,,,,-0.02889502072350629,,-0.015233363592441356,,,,0.025250611700205632,,,,,0.024007499611538904,-0.021773450329803767,,0.02858509263537478,,,,-0.02889502072350629,,0.02858509263537478,0.025436503266566254,,,,,0.02368721185110128,,,,,,,-0.02248542352248647,,,0.02858509263537478,,,,,,0.02858509263537478,,,,,,,,,,,,-0.022599105959445292,,,,,,-0.026026608399937846,,,,,,,,,,,,,,,,,,,,-0.02889502072350629,,,0.0237730233442265,,,,,,,,,,0.02858509263537478,,-0.02889502072350629,,-0.02889502072350629,,-0.02889502072350629,,,,,,,,,,,,,,,,,,-0.02889502072350629,,,,,-0.02889502072350629,,,,0.02858509263537478,,-0.02889502072350629,,,,,-0.02889502072350629,,,,,,0.02858509263537478,,,,-0.02889502072350629,,,,,,,,,,,,,,,,,,,,,,,,,-0.018361395216183546,,,,,,,,,,,,,,,,,,,0.02858509263537478,,,,,-0.027403823680494738,-0.02889502072350629,,,,,,,,-0.024372113838165097,,,,0.02858509263537478,,,,,-0.018976077258562707,0.02858509263537478,,-0.023554644512804444,,-0.017584702822382812,,-0.02889502072350629,,-0.02889502072350629,,-0.028825315940219264,,,,0.018913589664904463,,,,,,,,-0.02889502072350629,,,,,0.016470335538386744,,,,,,,,,,0.02621410003917877,,,0.02858509263537478,,,,0.02858509263537478,,,,,,,,,,,,,0.022698622461714637,,,,,,,,,-0.02889502072350629,,0.010772859797356132,0.020241311044747533,0.02858509263537478,,,,-0.018119902372186778,-0.02889502072350629,,,,,,-0.02889502072350629,0.02047284475757543,0.02858509263537478,-0.022752069943978083,-0.02889502072350629,,0.02681178652596687,,0.02858509263537478,,0.02397131932628734,,,,,0.0272341549521231,,0.02858509263537478,,,0.014870763250907129,0.02179708807649371,0.0056348300751100895,,,0.02858509263537478,-0.020431868416089734,,,,,,,,,,,,,,,,,,,,,,,,,,,,,,,,,,,,,,,,,,,,,,,,,,,,,,,,,
2013-06-28,,,,,,,,,,,,0.025846331905753177,-0.02672261223228691,,0.023002778263007756,,,,-0.02672261223228691,,,,,0.022807886732329547,,,,,,,,,,,,,,-0.02672261223228691,-0.018408587536379868,0.025846331905753177,,0.025846331905753177,,0.025846331905753177,,,,,,,,,,-0.02672261223228691,,,,,,,,,,,0.025846331905753177,,,,,,,-0.012437799006798233,,,,0.023985168991288275,,,,0.013206187337545723,-0.02672261223228691,,-0.012888237692279814,,0.025846331905753177,,,,,,,,,,,-0.02297891256167771,,,,,,,-0.02672261223228691,,,,,-0.02672261223228691,0.025846331905753177,,,,-0.023952290971080117,,0.025846331905753177,,,,,,,-0.02672261223228691,,-0.012536425043755435,,,,0.017313659871327193,0.025846331905753177,,,,0.01491477535315228,-0.02672261223228691,,,,,,-0.02672261223228691,,0.025846331905753177,0.024477582332633856,,,,,0.021110395735876312,,,,,,,-0.01979559756937698,,-0.02672261223228691,,,0.025846331905753177,-0.02672261223228691,,,0.025846331905753177,,,,,,0.01970307341028914,,,,,-0.01952116215106494,-0.017597844764984417,,,,,,-0.02672261223228691,,,,,,,,,,,,,,,,,,,,,,,,,,,,,0.021013528202243014,,,,,,-0.02310085941859073,,,,,,,,,,,,,,,,,,,,-0.02672261223228691,,-0.02591215733951684,,,,,-0.02672261223228691,,,,0.02227255130829612,,-0.02672261223228691,,,,,,,,,,,0.025846331905753177,,,,,,,,,,,,,,,,,,,,,,,,,,,,0.01661451725601174,-0.02672261223228691,,,,,,,,,,,,-0.024610741234481728,,,,,,,,,,,,-0.01916316137190679,-0.02672261223228691,,,,,,,,-0.022493977625166705,,,,0.025846331905753177,,,,,-0.02672261223228691,0.02330695027627047,,-0.02672261223228691,,-0.01998901406731205,,,,,,-0.023919153930962486,,,-0.02672261223228691,0.025846331905753177,,,,,,,,-0.02672261223228691,,,,,0.018451303221019778,,,,,,,,,,0.02463216387970538,,0.025796668847105676,0.024648535021950052,,,0.025306698455540285,0.025846331905753177,,,-0.02672261223228691,,,-0.015291565816659062,,,,,,,,-0.02493866004515829,,,,,,,,-0.02672261223228691,,0.011190055141210237,,0.023714143010052133,,,,-0.017883572674399995,-0.010779485307911191,,,,,0.025846331905753177,-0.02672261223228691,0.020247491730472935,0.025592184286354423,-0.021356604965613982,-0.014797866125136035,,0.025846331905753177,,0.025846331905753177,,,,,,,0.025846331905753177,,0.025846331905753177,,,0.018819408351131856,0.023097388745754472,0.016557164455695307,,,0.023727559587657966,-0.021710138703105484,0.025846331905753177,,,,,,,,,,,,,,,,,,,,,,,,,,,,,,,,,,,,,,,,,,,,,,,,,,,,,,,,
2013-07-31,,,,,,,,,,,,0.03310017080240988,-0.03316951925279266,,0.03310017080240988,,,,-0.03316951925279266,,,,,0.03310017080240988,0.01543980392936559,-0.029835038603224923,,,,0.021885340819170256,,,,,,,0.025731853498452868,-0.028735086464845544,,0.03310017080240988,,0.03310017080240988,,,,,,,,,,,,,,,,,,,,,,,,,,,,,,-0.014818254325788155,,,-0.03316951925279266,0.03310017080240988,,,,0.0200031378501684,-0.03316951925279266,,-0.02752765839373515,,,,-0.03316951925279266,,,,,,,,,,,,,,,,-0.03316951925279266,,,,,,0.02818258818379872,,,,,,,0.025313403506915043,,,,,,-0.03316951925279266,,-0.02523625363979679,0.03310017080240988,,,,,,,,,-0.031085794884239567,0.03310017080240988,0.03310017080240988,-0.03316951925279266,,,-0.03316951925279266,,,,,,,,0.017002547712349998,,,,-0.00717939535071974,,,-0.024309835834642007,,,,,,,,-0.03316951925279266,0.023906470998313695,,,,,,0.03282623548593927,,,,,,-0.019434259586701207,,,,,,,,,,,,,,,,,,,,,,,0.03310017080240988,,,,,,,,,,,,0.03310017080240988,,,,0.03310017080240988,,-0.03316951925279266,,,,,,,,,,-0.03316951925279266,,,,,,,,,,-0.03316951925279266,,-0.03316951925279266,,,,,-0.03316951925279266,,,,,,-0.03316951925279266,,,,,-0.02949464204874622,-0.03316951925279266,,,,-0.03316951925279266,,,,,,,,,,,0.03310017080240988,,,,,,,,,,,,,,,,,0.03310017080240988,0.017481695301081568,-0.03316951925279266,0.012191489482031973,,,,,,,,,,,-0.03316951925279266,,,,,,,,,,,,-0.017383815634956005,-0.03316951925279266,,,,,,,,-0.031567332751510566,,,,0.03310017080240988,,,,,-0.010339241479585455,,,-0.03085031806487902,,-0.030285795095269304,,-0.028790794771088098,,,,-0.021868528751776577,,,,0.03310017080240988,,,,,,,,-0.020959108639655204,,0.03310017080240988,,,0.018920627238567893,,,,,,,,,,,,,0.03245671830865302,,,0.03310017080240988,0.02717446320529181,,,,,,-0.017815355255196386,,,0.020448078047895734,,,,0.01661101036593548,-0.013970254268095528,,,,,0.017036099340001828,,,,,0.022076435568817592,0.02383467180054984,,,,-0.02819629687742488,-0.02845576507881061,,,,,,,-0.03316951925279266,,0.03310017080240988,-0.01899760693141659,,-0.03316951925279266,0.03310017080240988,,0.03010902348388773,0.03310017080240988,,,,,,0.03310017080240988,,,,,0.024848914691301526,,0.010681966609208688,0.032017207994403,,0.022965632931120535,-0.006247759660619742,0.03310017080240988,0.02643380932917081,-0.020600018930865677,,,,,,,,,,,,,,,,,,,,,,,,,,,,,,,,,,,,,,,,,,,,,,,,,,,,,,
2013-08-30,,,,,,,,,,,,0.03198637811223873,-0.02656500403574727,,0.03198637811223873,-0.03187339784031056,,,-0.025181547444611787,-0.0169473641923307,,,,0.03198637811223873,0.03198637811223873,,,,,0.03007497708842065,,,,,,,0.013532366738900481,-0.022010886234812958,,0.03198637811223873,,0.03198637811223873,,,,-0.03187339784031056,,,,,,,,,,,,,,,,0.03198637811223873,,,,,,,,,,-0.00983013474092765,,,,,,,,0.024062330770466954,-0.03187339784031056,,-0.02782537725126069,,,,,,,,,,,,,,,,0.03198637811223873,,,,,,,,,-0.014118411870001304,0.03198637811223873,,,,,,0.03198637811223873,0.03198637811223873,,-0.03187339784031056,,,,-0.03187339784031056,,,,,,,,,,,,-0.0317937099615467,0.03198637811223873,0.03198637811223873,,,,-0.017350740911323447,,,,,,,,0.01683461699718049,,,,,,,-0.018817486107944034,,,,,,-0.03187339784031056,,-0.03187339784031056,,,,,,,0.03198637811223873,,,,,,-0.020917438028513476,,,,,,-0.031252660785737574,,,,,,,,,,,,,,,,,0.021030568621038605,,,,,,,,,,,,0.03198637811223873,,,,,,-0.03187339784031056,,-0.03187339784031056,,,,,,,,-0.03187339784031056,,,,,,,,,,,,,,,,,-0.03187339784031056,,,,,,-0.03187339784031056,,,,,-0.03187339784031056,,,,,,,,,,,,,,,,0.03198637811223873,,,,,,,,,,,,0.03198637811223873,,,,,0.03198637811223873,0.02788997920068455,-0.022660898494454792,0.03198637811223873,,,,,,,,,,,-0.03187339784031056,,,,,,,,,,,-0.03187339784031056,-0.019782367692059776,-0.03187339784031056,,,,,,,,-0.02236123634232028,,,,0.03198637811223873,,,,,-0.03187339784031056,0.027550452134684388,,-0.029912035419667127,,-0.031244339041202,,-0.03187339784031056,,,,-0.020452280721340605,,,-0.03187339784031056,0.015226262826831058,,,,,,,,-0.03187339784031056,,0.03198637811223873,,,0.02287712085850521,,,,,,,-0.023748867518467005,,,,,,,,,0.03198637811223873,0.03198637811223873,,,,,0.015180763539279702,-0.0235685789485922,,,0.009430679056971317,,-0.01684411207379268,,,,,,,,0.01716574684090818,,,,,0.01339205171407952,0.01694221427162229,,,,,-0.012238816988428576,,,,,-0.03187339784031056,,-0.03187339784031056,,0.03198637811223873,-0.026674590833421673,,-0.03187339784031056,0.03198637811223873,,0.03198637811223873,0.026427459902858958,,,,,,0.027048475754364226,0.03198637811223873,,,,0.03198637811223873,,0.011305890061213996,0.019023883444439626,-0.03187339784031056,,,0.03198637811223873,0.0217366150219582,-0.027276986293373436,,,,,,,,,,,,,,,,,,,,,,,,,,,,,,,,,,,,,,,,,,,,,,,,,,,,,,
2011-07-29,,,,,,,,,,,,,-0.03107948852836606,,,,,,,,,,,,,0.03186718510083353,,,0.03186718510083353,,0.03186718510083353,,,,,,-0.025643788226198384,,-0.010193883974038073,0.03186718510083353,,,,,0.02598917011532187,,,,,0.03186718510083353,,,,0.03186718510083353,,0.03186718510083353,,,,,,,,,,,,,,-0.032630175823186613,,-0.032630175823186613,-0.031048633162827136,,,,,,,0.022774160294657737,,0.03186718510083353,0.026354560077348425,,,,,,,,,,,,-0.032630175823186613,,,,-0.032630175823186613,,,,0.03186718510083353,,-0.032630175823186613,-0.026085375002643272,,,,,,,,,,0.01668809803179097,-0.032630175823186613,,,,,,,,,,,,,,,,-0.022673336129677958,,,-0.02638107551885396,,,,,,,,,,,-0.028718922575610154,,,,,,,,,,,-0.032630175823186613,0.03186718510083353,,,,,,,,,,0.03186718510083353,-0.014980675370327236,,-0.026458347645775804,,,0.03186718510083353,,,,,,,,,,,,-0.027638223244015155,,,-0.02783678566558659,,,0.03186718510083353,-0.032630175823186613,,,0.03186718510083353,,,,,,0.03186718510083353,,,,,,,-0.032630175823186613,,,,0.03186718510083353,,,,,,,,,,,,,,,,-0.032630175823186613,0.03186718510083353,,-0.032630175823186613,,,-0.032630175823186613,,,0.03186718510083353,,-0.028196717652762486,,0.0262968763947671,,,,,,,,,,,,,,,,,,,,,,,,,,0.0280379650594271,,-0.03011301121291153,,,-0.030888632098299743,,,,,,,0.03186718510083353,,,,,,,,0.014178690013018087,,,,-0.03089565212879946,,,-0.032630175823186613,,,,-0.02200341472867516,,,0.02759133886165924,,,,-0.032630175823186613,0.023876231119281072,-0.032630175823186613,,,-0.023794053709686683,,,0.026755371055334477,,-0.01103209936516486,-0.032630175823186613,-0.032630175823186613,,,0.02600641259520981,,,-0.01828933328562482,,,,,,-0.032630175823186613,,0.024504197022051522,,,,,,,,,-0.0234261672484112,,-0.03172542038161211,,,,,,,,,,,,,,,,0.01883438392133788,,,,,,,,,,,,,,,,0.019111898050195652,0.03186718510083353,,-0.01562450288607211,,0.03186718510083353,-0.032630175823186613,-0.032630175823186613,,-0.022358963310682548,,,,,-0.011714197943811679,0.027648856382899784,,,,,-0.02049647980047882,0.03186718510083353,0.03186718510083353,0.03186718510083353,,,-0.020075900474126145,0.03186718510083353,,,0.025501990017414048,,0.024400118798385835,,,,,0.03186718510083353,,0.02051563492052693,,0.011357762420970825,,,0.01955487515459106,0.019204606421148362,,-0.032630175823186613,0.020876764208948413,,,,,,,,,,,,,,,,,,,,,,,,,,,,,,,,,,,,,,,,,,,,,,,,,,,,,,,,,,,,,,,,,,,,,,,,,
2016-11-30,,,,,,,,,,,,,-0.008831816510924519,,-0.016103389740273578,,,,,-0.012618115067751873,,-0.018490729781004495,,-0.018796845505623647,,,,,,,,,,-0.018796845505623647,,,,,0.006141179137590684,,0.015478687882005697,,,,0.018927647495103873,,,0.013075886517927933,,,,-0.018796845505623647,,,,,,,,,0.018927647495103873,,-0.012514542931682013,,,,,0.018927647495103873,,,,0.008002844147465068,,0.01793830062725512,,,,,,-0.008780481225457864,0.018927647495103873,0.012248978035526086,-0.0163417607927484,,0.01203688496339265,,0.018927647495103873,,,,0.018927647495103873,,-0.01395935994083834,,,,0.012634036174844501,,-0.018796845505623647,,,,,,,,,,,-0.018796845505623647,,,,,,,,,,,,,0.018927647495103873,,,-0.018796845505623647,,,,,,-0.012344572369754836,,,,,,,-0.010062909643133746,,,,,,,,,,,,,0.012095224124631362,-0.009789705596682881,,,0.016150964783054653,,,,,,,,,,,,,0.01832419593252438,,,,,,,,-0.018796845505623647,0.018927647495103873,,,,,,,,,,,,,-0.01081432212754542,,0.018927647495103873,,,,0.014547010790591485,,0.007196948540110559,,,,0.018927647495103873,,,,,,,,,,,-0.018796845505623647,,,,,,,,-0.011928555126998306,,0.017614029370440633,,-0.018796845505623647,,,,,,,,,,,,,,,,,,,0.011275994352782455,,,,0.018927647495103873,,,,,0.01017011506079369,,,,,,,,,,,,,-0.018796845505623647,,,,,,,0.013830203449720049,,,,,,,-0.018796845505623647,,0.01621654316856482,,,0.015059636400200995,,,,,-0.018796845505623647,,,0.018927647495103873,,,,,,,,,,,,,,0.003984413710125869,,-0.013979850136747865,,,,0.018927647495103873,,,,,,,,,-0.018796845505623647,,,,,,,,,0.015120829935906906,,,-0.018796845505623647,,,,,0.01561773736299686,,,0.018927647495103873,,0.018927647495103873,,,,,,,0.014831353457921704,,-0.015349349327888217,,,,,,,-0.018796845505623647,,,,,,,,0.008980830056122185,,,,-0.008640212918880511,,,-0.018796845505623647,0.016573546091206492,,,,,,0.013524708526287597,,,,0.016025310579422164,,,-0.013467422077402423,-0.009075946046224753,,,,-0.01093137628316771,,,,-0.015285832295057127,,-0.008431128760122867,-0.018796845505623647,0.018927647495103873,-0.018796845505623647,,,,0.018927647495103873,,,,,,0.018927647495103873,-0.018012365354253344,-0.018796845505623647,-0.018796845505623647,,,-0.017104358841156443,,,,-0.0170098008580659,,,,,,,,,0.009200702423488,0.01689663828612228,-0.013705182184891508,,-0.018796845505623647,0.017440010191029084,,,-0.015154072452271914,,-0.009729668583255089,,,,-0.018796845505623647,,-0.010466198337840989,,,,,,,,0.014523921809695233,0.01886750364464601,0.018927647495103873,-0.018796845505623647,,,,,,,,,,,,,,,,,,,,,,,,,,,,,,,,,,,,,
2021-09-30,,,,,,,,,,,,,0.007588376539550307,-0.012023235021694912,,,,,,,,,,,,,-0.01661423040632476,,0.015853857255610157,,,,,0.010647431183540067,,,-0.010411459709499313,,,,,,,,,-0.012242703113609033,,,,,,,,-0.013158488305444875,,,,,,,,,,,,,,,,,,-0.01313846196494074,,,,,,,,,,0.008290434558527545,,,,,,0.016544489889797266,0.010342097299699171,,,,,,-0.00944282871190322,,0.01199902826381303,,,,,,,,,,-0.01661423040632476,,,,-0.01661423040632476,,-0.008597738059774455,,,-0.005575327914055429,,,,-0.01661423040632476,,,,-0.00831408315603157,,,,,,,,,-0.008963453113845141,0.016544489889797266,,,0.014168029751582129,,-0.01661423040632476,0.013048126058291103,,,,,-0.01661423040632476,0.012725557530460955,,,,,,,,,,,,-0.01661423040632476,,,,-0.01661423040632476,,,,,,,,0.015722553132736,0.012512317079083608,,,,-0.014398694763008254,,0.009337970420353049,,,,,,0.015776707379063767,-0.01661423040632476,,,0.016544489889797266,,,,0.016544489889797266,,,,-0.01661423040632476,-0.01661423040632476,0.016544489889797266,,,,,,,,0.015483408689251058,,,-0.015356485190165362,-0.013506541544125394,,,,,,,,,,,,,,,0.01127529119111874,,,,,,,0.016544489889797266,0.014909661588607955,,,,-0.01661423040632476,-0.01661423040632476,,,,,,,,0.01080842109423118,0.011274067940878997,,,,-0.01661423040632476,-0.01661423040632476,0.01620365245534843,,-0.01661423040632476,,,,-0.01661423040632476,,,,,,,,0.016544489889797266,,,,,0.012521240925571001,,,0.009003872571859587,-0.01423563151435265,-0.01661423040632476,,,,,,,,,,,,,0.011938710175040205,-0.01359845008752779,-0.01661423040632476,,,,,,,,,,,,,,,,0.016544489889797266,,-0.016078838048852948,-0.01661423040632476,,,-0.01661423040632476,,,,-0.01661423040632476,,-0.01661423040632476,,,,0.016544489889797266,,,,,,,,,,,,0.016544489889797266,,,,-0.007862099458429797,0.016544489889797266,,,,0.016544489889797266,-0.012549786283993279,-0.01210660318724223,0.016544489889797266,,,,0.014892082940698942,-0.011965510943153273,,0.016032034325707024,0.011315814330201075,,,,,,,,,,0.01382792236710146,,-0.012339881543434078,,,,,,0.016544489889797266,,,0.016544489889797266,,,0.016544489889797266,,,,-0.011585822968957948,-0.00884774698624274,,,-0.005754273183301308,,,,,,,,,,,-0.01383377658092526,,-0.012234524689876127,,,,,,,,,,,,,,,0.011435736265120856,,0.013111580831582531,,0.01653212629545338,,,0.011086938563616222,,,,,-0.01661423040632476,,-0.013993448020040624,,0.016544489889797266,-0.013397833856758926,0.01182228254892442,,,,,,,,,,,,,,,,,,,,,,-0.01661423040632476,0.016544489889797266,,,,,,,,,,,0.013848524087143781,,,,,,,,,0.0067889062974204935,,,,-0.005886781694494489,0.012905383929545048,,0.016544489889797266,0.00738081600091863,,,,,,,,,,,,,
2004-10-29,,,,,,,,,,,,,,-0.04075525905559418,-0.04075525905559418,,,,,0.04029561590808479,-0.04075525905559418,,,0.03296994542335249,,,,,,,0.04029561590808479,,,,,0.03146029429989074,,0.026434832483331918,,,0.04029561590808479,,,-0.04075525905559418,,,-0.04075525905559418,0.04029561590808479,,-0.04075525905559418,,,,,,0.04029561590808479,,,,,,,,0.04029561590808479,,0.04029561590808479,,,,,,-0.04075525905559418,,0.04029561590808479,,,,,,-0.025839291813981924,,0.030819786801737952,0.04029561590808479,0.04029561590808479,,,,,,,,,-0.04075525905559418,-0.04075525905559418,,,,,-0.04075525905559418,,,,-0.0363288318231231,,,,,,,,,-0.04075525905559418,,0.04029561590808479,,,,,0.04029561590808479,-0.04075525905559418,,,,0.022999149382702373,,,,,,,,-0.02608279289905685,,,,,,,-0.025645761612134783,,,-0.04075525905559418,-0.04075525905559418,,,,,,-0.02358925009611477,,,,,,,,-0.04075525905559418,,,-0.04075525905559418,,,,-0.0261639952990995,,,,,,,-0.03982115359492236,,,,,,-0.03574930334462314,,0.04029561590808479,,,,,-0.04075525905559418,,-0.015074419903084715,,,,,,0.023169511495653047,,,,,,-0.04075525905559418,,,,,,,,,0.04029561590808479,,,,,,-0.04075525905559418,,,,-0.04075525905559418,,-0.04075525905559418,,,,-0.04075525905559418,,-0.03866515579777286,-0.04075525905559418,0.04029561590808479,,,,,,,,,,,,,,,,,,0.019292764093955556,,,-0.037180207186390875,0.04029561590808479,,,,,,,,,-0.024375091474660004,,,,,,0.04029561590808479,,,,,,,,,,-0.026898586903258633,,,0.04029561590808479,,,,,0.04029561590808479,,,,,,0.03807422409856183,,,,,,0.018109669972030694,0.033436904100827,,,,,,,0.04029561590808479,-0.04075525905559418,,,,,,0.02915161182481165,,,,0.04029561590808479,,,0.04029561590808479,0.02202545463997963,,-0.03897868250041482,,,,,0.04029561590808479,-0.04075525905559418,,,,,,,0.01790586448202715,,,,,,,0.04029561590808479,,,,,,,,0.03221858206760179,,,,0.04029561590808479,,,,,,,,,-0.00792000315214406,,,-0.021568641000609807,,,0.04029561590808479,0.03394977531524692,,0.04029561590808479,-0.031237355208753096,,,,,,,,,,,,,,,,,,,,,,,,,,,,,,,,,,,,,,,,,,,,,,,,,,,,,,,,,,,,,,,,,,,,,,,,,,,,,,,,,,,,,,,,,,,,,,,,,,,,,,,,,,,,,,,,,,,,,,,,,,,,,,,
2004-11-30,,,,,,,,,,,,,,-0.031306024399958846,-0.03961976047835686,,,,,0.03793849382293056,-0.03961976047835686,0.04007863722178395,,,,,,,,,0.034821076647239886,,,,,0.029026526266465482,,0.023082944281961674,,,,,,-0.038840739596488386,,,-0.03961976047835686,,,-0.025117375845336704,,,0.04007863722178395,,,0.04007863722178395,,,,,-0.03961976047835686,,,0.04007863722178395,,0.04007863722178395,,,,,,-0.03850415722233646,,0.02994178532907978,,,,,,-0.026825921975918265,,0.04007863722178395,0.018797017456915262,0.04007863722178395,0.04007863722178395,,,,,,,,-0.026279360135175615,,,0.04007863722178395,,,-0.03815057318643662,,,,,,,,,,-0.03961976047835686,0.04007863722178395,,-0.03961976047835686,,,,,,,0.04007863722178395,-0.03961976047835686,,,,0.025625261575182638,,,,,,,,,,,,,,,,,,,-0.03961976047835686,,,,,,-0.03565249256262758,,,,,,-0.027142516741468926,,-0.03961976047835686,,,,,,,,,,,,,,-0.03961976047835686,,-0.03961976047835686,,,,-0.03961976047835686,,,,,,,,,-0.03961976047835686,,0.04007863722178395,,,,,,,,,,-0.03961976047835686,,,,,,,,,0.04007863722178395,,,,,,,0.04007863722178395,,,,,,,,,-0.03961976047835686,-0.03920861344185848,-0.03961976047835686,-0.03857465416159911,0.04007863722178395,,,-0.03961976047835686,,,,,,,,,,,,,,,0.03244404301519875,,,-0.03068704321773713,0.03693583374304646,,,,,,,,,-0.034397199993162764,,,,,,,,,,,,,,,,-0.034210145249855974,0.02482922287120872,,0.04007863722178395,,,0.03984992992273136,,0.04007863722178395,,,,,,,-0.03651780630967928,,-0.03961976047835686,,,,0.04007863722178395,,-0.03961976047835686,,,,,0.04007863722178395,,,,-0.03961976047835686,,,0.0244685656237199,,,,0.04007863722178395,,,0.04007863722178395,,,-0.03240348021688613,,,,,0.04007863722178395,-0.03439615537175968,,,,-0.02252885284881418,,,0.03377636463522659,0.04007863722178395,,,,,,,-0.03404997822106487,,,,,,,0.010286250866747861,,,,0.04007863722178395,,,,,,,0.03847661165318301,,-0.0160485498551185,,,-0.033937768934283546,,,0.028939365247763856,,,0.031834213237808606,-0.03282538094529569,,0.037039200480774734,,,,,,,,,,,,,,,,,,,,,,,,,,,,,,,,,,,,,,,,,,,,,,,,,,,,,,,,,,,,,,,,,,,,,,,,,,,,,,,,,,,,,,,,,,,,,,,,,,,,,,,,,,,,,,,,,,,,,,,,,,,,,
2004-12-31,,,,,,,,,,,,,,,-0.03202612430055522,,,,,0.02456827563152982,-0.03202612430055522,,,,,,,-0.03202612430055522,,,0.03280755409269081,,,,,0.020928651180637196,,0.025909045866482825,,,0.03301976782922212,,,-0.03202612430055522,,,-0.03202612430055522,,,-0.03202612430055522,,,0.03157652620142172,,,0.024607504691515857,,,,,-0.03202612430055522,,,0.03301976782922212,,0.03301976782922212,,,,,,-0.03202612430055522,,,,,,,,-0.024302794628086342,,0.021613697559841164,0.028433550398876094,0.028342400089548775,0.012276261724290227,,,,0.022553875124879528,,,,-0.03202612430055522,,,0.03301976782922212,,,,,,,-0.03202612430055522,,-0.026938922640701107,,,,,,,-0.0251031791138557,,,,,,,,-0.03202612430055522,,,0.03301976782922212,0.025100648335119727,,,,,,,,,,0.03301976782922212,,,,,,,,,-0.03202612430055522,,,,,,-0.02693103413028236,,,,,,-0.03202612430055522,,-0.03202612430055522,,,-0.03202612430055522,0.03301976782922212,,,,,,,,,-0.03202612430055522,,,-0.03202612430055522,,,,-0.0292258420887462,,,,,,,-0.026730135915344445,,,,0.03301976782922212,,,,,,,,,,-0.03202612430055522,,,,,,,,,,,,-0.03202612430055522,,,-0.03202612430055522,,,,,,,,,,-0.023809897053294983,,-0.029704541106648625,-0.03202612430055522,0.03301976782922212,,,,,,,,,,,,0.027884171184818705,,,-0.03202612430055522,,,,,,-0.01910146778055753,,,,,-0.03202612430055522,0.02049255352503024,,,,-0.01693459673138998,,,,,,,,,,,,,-0.03202612430055522,,,,0.02613809658831842,,0.028762638897427223,,,0.03301976782922212,,0.03301976782922212,,,,,,,-0.03202612430055522,,-0.02070913016503134,,,,0.03301976782922212,,,,,,,0.03301976782922212,,,,,,,0.01945474579110384,,,,,0.027853619056256232,,0.03301976782922212,,,-0.0318921210134968,,,-0.03202612430055522,,0.03301976782922212,,,,,-0.016982350513238344,,,0.01898346946185604,0.03301976782922212,,,,,,,-0.023444823260261812,,,,,,,0.01705499901129948,,,,0.03301976782922212,,,,,,,0.026869717645106643,,-0.013144995796197845,,,-0.007719716180939247,,,0.03301976782922212,,,0.027353479133041782,,,0.028413709986195662,0.03301976782922212,,,,,,,,,,,,,,,,,,,,,,,,,,,,,,,,,,,,,,,,,,,,,,,,,,,,,,,,,,,,,,,,,,,,,,,,,,,,,,,,,,,,,,,,,,,,,,,,,,,,,,,,,,,,,,,,,,,,,,,,,,,,
2007-04-30,,,,,,,,,,,,,,,0.032927187314695905,,,,,0.016477764809718555,,,,,-0.026599873484425496,-0.02173406676642356,,,0.032927187314695905,-0.03387852362207866,,,,,,0.022775183898460446,,0.03231168026305677,-0.024966324188993548,,0.012767810667949223,-0.03477879240137015,,-0.03477879240137015,,,,,,0.032927187314695905,,,,,,,,,,,,,,,0.032927187314695905,,,,,,,-0.03477879240137015,,,0.032927187314695905,,,,,0.020080987826072816,,0.032927187314695905,,,,,,0.032927187314695905,,,,,,,,,0.01879211348703983,,,,,-0.03477879240137015,0.032927187314695905,,,,-0.03477879240137015,,,,-0.03477879240137015,,,,,,,,-0.02549494405744281,,,,,0.016496141063658203,,-0.03477879240137015,,,,,,,-0.022445942690017942,,-0.03477879240137015,,-0.02480503529490598,-0.024530312238672258,-0.020292427152680426,,,-0.03477879240137015,,,,,,-0.027381877148943315,,,,0.032927187314695905,,,,,,,,,-0.03477879240137015,,,,,,,,,,,-0.024242533123613727,,,,-0.010031692513804051,,,,,,,,,,,,,,,,,,,,,-0.03477879240137015,,,-0.026717633898829515,,,0.032927187314695905,,,,,,0.01792979946735695,,,,,-0.03477879240137015,,,,,-0.03477879240137015,,,0.032927187314695905,,,,-0.018978821828476832,0.032927187314695905,-0.02861076661139204,,,,0.032927187314695905,,,,-0.034163518598174875,,,0.032927187314695905,,,,-0.02832931807698022,,,0.032927187314695905,,,,0.032927187314695905,,,,,-0.02946486976880282,,,,,,,0.032927187314695905,,,,,0.013390410609537771,,,,,,,0.032927187314695905,,0.032927187314695905,,,,,,,0.032927187314695905,,,0.032927187314695905,,,-0.012808626521664859,,-0.0205966962462768,,-0.03477879240137015,,,,-0.03477879240137015,,,,,,0.03283295696208871,,,0.02281089581339684,0.032927187314695905,,,0.025644576665574466,,,,,,,0.015316476536075938,,,,,,,-0.028660545428213044,,,,0.032927187314695905,,,,,,,,,,,-0.02912162106903379,0.005938486643502475,,,,,,,-0.021922676566406285,,0.032927187314695905,-0.03477879240137015,0.03277164513157777,0.032927187314695905,,,0.020432602076751214,,,-0.02001963510907387,,-0.019640037913694793,-0.03477879240137015,,-0.03176714096859782,,,,,,,,,,,,,,,,,,0.032927187314695905,,0.032927187314695905,,-0.017337907824738277,-0.012207386460928058,,,,-0.02520786302776922,0.016504708311960745,0.02471803784658262,,,,,0.026171753447196383,,,,,,,,,,,,,,,,,,,,,,,,,,,,,,,,,,,,,,,,,,,,,,,,,,,,,,,,,,,,,,,,,,,,,,,,,,,,,,,,,,,,,,,,,,,,,,,,,,,,
2007-05-31,,,,,,,,,,,,,,,0.031155934844763786,,,,,0.01733722793231305,,,,,-0.028521423330292065,,,,0.0183297472169828,,,,,,-0.028741694948809054,0.030629945925614566,,0.031155934844763786,-0.01809761701809695,,0.02668347900092943,-0.03187585493639378,,-0.03187585493639378,,,,,,,,,,,,,,,,,,,,-0.03137727925507372,,,,,,0.031155934844763786,,-0.030062066677357946,,,,,,,,0.015879493165133353,,0.018690574263161515,-0.01799192047377156,,,,,0.02485153926744622,,,,,,,,,0.02861137104444762,,-0.03187585493639378,,,-0.024818721967842402,0.031155934844763786,,,,-0.03187585493639378,,,,,,,,,0.031155934844763786,,,-0.03187585493639378,,,,,0.023552721326818266,0.031155934844763786,-0.025648171333488238,,,,,,,-0.027773100027056557,,-0.03187585493639378,,-0.03187585493639378,-0.03187585493639378,-0.02170610161020911,,,,,,,,,-0.01731796254031028,,,,,,,,,,,,,-0.03187585493639378,,,-0.024825002861386492,0.031155934844763786,,,,,0.031155934844763786,,-0.029534331090612417,,,,,,,,,,-0.021661657659152546,,,,,,-0.029014826501854225,,,,,,0.031072756890043584,,,,,,,,,,,,,,-0.03187585493639378,0.031134949074393427,,,,,,,,-0.018074238609844098,,,,,0.031155934844763786,,,,-0.03182105375299758,0.031155934844763786,-0.026139572454364164,,,,0.023987715875391277,,,,,-0.03187585493639378,,,,,,-0.03187585493639378,,,,,,,0.031155934844763786,0.031155934844763786,,-0.03187585493639378,,-0.03187585493639378,,,0.017890097353944118,,,,0.025029304131184836,,,-0.03187585493639378,,0.031155934844763786,,,,,,,0.021710871135289828,,,,,,,,,0.031155934844763786,,,,,,,,-0.02065253764076231,,,,,,-0.018844809502399786,,,,,,0.012683382657679284,,,0.031155934844763786,0.031155934844763786,,,0.027931991421875173,,,,0.025746811448016424,,,,,0.031155934844763786,,,,,,,,,,0.02547768660967421,-0.03187585493639378,,,,,,,,,-0.02536025762930412,0.029711245900027244,,,,,0.031155934844763786,,,,,-0.03187585493639378,,,,,,,0.031155934844763786,-0.018705861853677667,,-0.028085310080179917,-0.03187585493639378,,,,,,,,,,,-0.03187585493639378,0.02972424633052931,,,,,,,-0.03187585493639378,,,0.027403911780741717,,,-0.01622344173246641,,0.031155934844763786,-0.02041160849376673,-0.02485291611022446,0.023305007838939164,0.016758886063871,0.031155934844763786,-0.013907589399721445,,,0.025506316564774912,0.023772261323635874,,,,,,,,,,,,,,,,,,,,,,,,,,,,,,,,,,,,,,,,,,,,,,,,,,,,,,,,,,,,,,,,,,,,,,,,,,,,,,,,,,,,,,,,,,,,,,,,,,,
2007-06-29,,,,,,,,,,,,,,,0.02646404153310561,,,,,0.023816689774671294,,,,,-0.031277898695182084,,,,0.030134002926249546,,,,,,-0.031277898695182084,0.030134002926249546,-0.023247082877050643,0.030134002926249546,-0.01829849143650106,,0.021254981806585648,-0.026687312036032078,,-0.031277898695182084,,,,,,,,,,,,,,,,,,,,-0.031277898695182084,,,,,,0.030134002926249546,,-0.031277898695182084,,,0.030134002926249546,,,,,0.01608713054760149,,,-0.01493951415010806,,,,,,,,,,-0.031277898695182084,,,,,,-0.031277898695182084,,,-0.027600228753134358,0.026625694724184395,-0.021645422042863557,,,-0.021579896315524955,,,,,,,,,0.02214286546460944,,,-0.031277898695182084,,,,-0.031277898695182084,0.020096946816173057,,-0.01592105774565096,,,,,,,-0.02122247826714979,,-0.031277898695182084,,-0.031277898695182084,-0.02534584273270872,,,,,,,,,,-0.019824686315579022,,,,0.030134002926249546,,,,,,,,0.026976229179796498,-0.031277898695182084,,,,0.030134002926249546,,,,,,,,,,,,,,,,,-0.031277898695182084,,,,,,-0.03110253097524048,,,,,,,,,,,0.028180456477714583,-0.031277898695182084,,,,,,,,-0.031277898695182084,0.030134002926249546,,,,,,,,,,,,,0.030134002926249546,,,,-0.029052125885921005,0.030134002926249546,,,,,,0.030134002926249546,,,-0.031277898695182084,-0.031277898695182084,,,,,,,,,0.02435834054168266,,,,0.030134002926249546,,-0.01768286217487632,-0.028250066387312197,0.024132586308969226,-0.031277898695182084,,,0.030134002926249546,,,,,,,-0.031277898695182084,,,,,,,,,0.0292212351040165,,,,0.030134002926249546,,,,,0.030134002926249546,,,0.030134002926249546,,,,,-0.02283770808693251,,-0.028505191425012698,,,,-0.031277898695182084,,,,,,0.025809698922512135,,,,0.030134002926249546,0.021641362776945353,,,,,,,,,,,,,,,,,,,,,0.030134002926249546,-0.031277898695182084,,,,,,,,,-0.031277898695182084,0.027279113239531094,,,,,0.030134002926249546,,,,,-0.031277898695182084,0.030134002926249546,,,,,,0.030134002926249546,,,-0.0110807815380454,,,,,,,0.030134002926249546,,,,,-0.031277898695182084,0.030134002926249546,,,0.030134002926249546,,,,-0.031277898695182084,,,0.030134002926249546,0.019355714220399972,,-0.016973350368768573,,,-0.02901505794115958,-0.031277898695182084,0.019336010127704546,0.022027708961833797,0.030134002926249546,-0.026338433001339062,0.030134002926249546,,0.02954896840617613,0.022401632588694025,,,,,,,,,,,,,,,,,,,,,,,,,,,,,,,,,,,,,,,,,,,,,,,,,,,,,,,,,,,,,,,,,,,,,,,,,,,,,,,,,,,,,,,,,,,,,,,,,,,
2010-11-30,,,,,,,,,,,,,,,-0.029301565909344022,0.029407611991248236,,-0.029301565909344022,,0.022305995636182394,-0.029301565909344022,,,-0.029301565909344022,-0.018106457839184617,,,,,-0.02207786648020907,,,-0.027265261070881782,,,0.020737269232146728,-0.026117028460134847,,,,0.025219187670324605,,,,,,,,0.029407611991248236,0.029407611991248236,,,,,,0.029407611991248236,,,0.029407611991248236,0.029407611991248236,,,,,,,,,,,,,,,,,-0.020121383160479067,,,0.010307721537706654,,0.029407611991248236,0.029407611991248236,,-0.021740957253480166,,,,-0.0272208590155589,,,,,,,,0.029407611991248236,,,,,,0.029407611991248236,0.029407611991248236,,,,,0.029407611991248236,,,,,,,-0.020287287453844675,,,,0.029407611991248236,,,,0.029407611991248236,,,,-0.024044087880126137,,,,,-0.013078469083514602,-0.029301565909344022,,-0.018165863194159044,,,,-0.029301565909344022,,,-0.022220323373710455,,,,,,,-0.024871999945486153,,0.029407611991248236,,,,,,,,,,,,-0.019578704024051378,,,,,,-0.018917372825598293,-0.029301565909344022,-0.013072582400994799,,,0.029407611991248236,0.021577906035021063,,,-0.029301565909344022,,-0.029301565909344022,0.029407611991248236,,,,,,,,,,,,,,,-0.027977762561632376,,,,,0.024502177618442873,,,,,,,,,,,-0.029301565909344022,,,,0.02691595236430757,,,,,,-0.029301565909344022,,,,,,,,0.029407611991248236,,,,,,,,,,-0.013247455987948568,,,,-0.02668922317811044,,,,,,,0.017250671843240143,,,-0.029301565909344022,,,,,,,,,,0.02085279499015062,,,,,,,,,,,-0.029301565909344022,,,,,,,,,,,,,0.024336837174133572,,,,,,,,,,,,,,,0.0237985169776414,,,,,,,,,,0.017226912743231442,,-0.02077568280807324,0.02000960490562849,-0.029301565909344022,,,,,,,,,,,,,-0.029301565909344022,,,,-0.029301565909344022,,0.029407611991248236,,-0.029301565909344022,,,,,0.02458215652643647,,,-0.018397112554910704,,-0.029301565909344022,,-0.028601659549574165,,,,,,,,,0.018336659639984737,,,,,,-0.02861330339675085,-0.027841481360633278,,,,,,-0.029301565909344022,,,0.02425957727339594,0.028158222811818512,-0.029301565909344022,,,,-0.025963434019529417,,0.010865706172878051,-0.01384234583893655,0.008775967702443849,0.014520268524336435,,,-0.010084253328866798,0.02072399627830267,,,,0.029407611991248236,0.023220988662343508,0.029407611991248236,,0.024562959175373576,-0.029301565909344022,,0.02509929803467551,0.019892760553799498,,,,,0.029407611991248236,,,,,,,,,0.02924552825119733,,,,,,,,,,,,,,,,,,,,,,,,,,,,,,,,,,,,,,,,,,,,,,,,,,,,,,,,,,,,,,,,,,,,,,,,,,,,,,,,
2004-04-30,,,,,,,,,,,,,,,,0.024811835602488858,,,,,,0.024811835602488858,0.022171560168488407,,,,,,,,,,-0.023114677375825423,,,0.014321420003158343,,,,0.024811835602488858,0.024811835602488858,,,-0.015438261508385545,,,,0.022304909640369762,,,-0.02328008326720915,,,,,,,,,,-0.02328008326720915,-0.02328008326720915,,0.024811835602488858,,0.024811835602488858,,,,,,,,0.023497581973509447,,,,,,0.012511021042383694,,,0.022271488673507978,,,,-0.02328008326720915,,,,0.024811835602488858,,,,0.024811835602488858,,-0.021620576078186144,,-0.023065292468946074,,,,,,,,,,,,,,,0.024811835602488858,,,,,-0.02328008326720915,,0.024811835602488858,,,0.01830698834941485,-0.02328008326720915,,,,,,-0.020336987155294146,,,,,-0.02328008326720915,0.024811835602488858,,-0.008749989954823604,,,,,,-0.017787157818422276,,,,,,,,-0.02328008326720915,,0.019302334100978525,,,,,,,,,,,,,,,,,0.024811835602488858,,0.024811835602488858,,,,,,-0.02328008326720915,-0.0189517860156883,,,,,,,,-0.022303148661460066,,,,,,,,-0.02328008326720915,0.024811835602488858,0.024811835602488858,,,-0.019355381492891763,,,,,,,,,0.024811835602488858,,-0.02328008326720915,,,0.024811835602488858,-0.019942328870622878,,-0.02328008326720915,,,0.024811835602488858,-0.02328008326720915,,,,,0.024811835602488858,,,,,,,,-0.021299944594960908,,,,,,-0.02328008326720915,,-0.02328008326720915,0.022889678431172896,,-0.02328008326720915,,,,,,,,,,,,,-0.02198149765723849,,,,,,,,,,,,,-0.018613758752709042,0.020368567720002218,,-0.02328008326720915,0.024811835602488858,,,,,,,,,,,,,,,,,,,,,,,-0.02328008326720915,,,,,,,,,0.016570554073705383,0.024811835602488858,,,,0.01997779244598176,,,0.013483026843782785,,-0.02328008326720915,-0.02328008326720915,,,0.024811835602488858,,,,,,0.013406149611880957,-0.02328008326720915,,,,,,,,-0.02328008326720915,,0.013497996799939087,,-0.01791756221649977,-0.009009457299002314,,,,0.005627004936191987,,,,,,,,,,,,,0.013163738957594411,,-0.02328008326720915,,-0.02328008326720915,,0.024811835602488858,0.017145856971879227,-0.02328008326720915,,,,,,,,,,,,,,,,,,,,,,,,,,,,,,,,,,,,,,,,,,,,,,,,,,,,,,,,,,,,,,,,,,,,,,,,,,,,,,,,,,,,,,,,,,,,,,,,,,,,,,,,,,,,,,,,,,,,,,,,,,,,,,,,,
2011-06-30,,,,,,,,,,,,,,,,,,-0.026812563703641067,,,,,,,,,,0.026612161356422692,,,0.024789643287994417,,,,0.026612161356422692,,-0.016311979432395124,,,,,,,,0.02536344330218982,,,,,,,,,0.026384660981104313,,0.026612161356422692,,,,,,,,,,,,,,-0.026812563703641067,,-0.024824414437545208,-0.02292065248833132,,,,,,,0.01804238551590261,,0.018867528223722008,0.026612161356422692,,,,,,,,,,,,-0.026812563703641067,,,,-0.023108774469642587,,,0.019783128244787375,,,-0.026812563703641067,,,,,,,,,,,,,,,,,,,,,,,,,,,,-0.014298883956527534,,,-0.018947050625296603,,,,,0.026612161356422692,,0.020167287240678147,,,,-0.02273274658526948,,,,,,,,,,,-0.026812563703641067,0.026459301135384673,,,,,,,,,,0.026612161356422692,-0.01641726513655108,,,,,0.026612161356422692,,,,,,-0.025924811432726316,,,,,,-0.026812563703641067,,,-0.02350501588149275,0.026612161356422692,,0.026612161356422692,-0.026812563703641067,,,,,,,,,0.026612161356422692,,,,,,,,,,,,,-0.024318159028174136,,,,,,0.026612161356422692,,,,,,,,,0.026612161356422692,,-0.02325156082315408,,,-0.026812563703641067,,,0.026612161356422692,,-0.024171298411660797,,0.024028836001482565,-0.026812563703641067,,,,,0.026612161356422692,,,,,,,,,,,,,,-0.026812563703641067,,,,,,,,,,,-0.024237233848006804,,-0.026812563703641067,,,,,,,,,,,,,0.013933930683548555,,,,-0.026812563703641067,,,-0.026812563703641067,0.026612161356422692,,,,,,0.02225534441607065,,,-0.026812563703641067,,0.02398152872479943,-0.026812563703641067,,0.026612161356422692,,,,0.02462826496121637,,-0.019049285983218582,-0.022701032277656068,-0.026812563703641067,,,0.024594552528614647,,,,,,,,,-0.026812563703641067,-0.026812563703641067,0.01793667046155065,,,,,,,,,,-0.02561112648545701,-0.02439077559588204,,,,,,,0.026612161356422692,,,,,,,,,0.024476944912927574,,,,,-0.026812563703641067,-0.026812563703641067,,,0.02185449603293828,,,,,,,0.01495618203983735,0.026612161356422692,,,,,-0.026812563703641067,-0.02656125324036627,,-0.017989142036281658,,,,0.026612161356422692,-0.011500041795952425,0.014831890171279007,,,-0.01528851374644399,0.026612161356422692,,0.026612161356422692,,,-0.026812563703641067,-0.013261951177585902,-0.01628510893576674,0.026612161356422692,,,0.015901907806142923,,0.01312223171393998,,,,-0.026812563703641067,0.026612161356422692,,0.026612161356422692,,0.01672001205557886,,0.026612161356422692,0.016765211377018797,,,-0.020852372714147402,,,,,,,,,,,,,,,,,,,,,,,,,,,,,,,,,,,,,,,,,,,,,,,,,,,,,,,,,,,,,,,,,,,,,,,,,,
2007-03-30,,,,,,,,,,,,,,,,,,,,0.023778979151525576,,,,,-0.01998378673799883,-0.03008491658607105,,,0.027339855846001574,-0.03008491658607105,,,,-0.029606207179271316,,0.030556831241198935,,0.030556831241198935,-0.03008491658607105,,0.030556831241198935,-0.03008491658607105,-0.03008491658607105,-0.03008491658607105,,,,0.028477678913572696,,0.030556831241198935,,,,,,-0.03008491658607105,0.017997824021476417,,,,,,,-0.028288599668161118,0.030556831241198935,-0.03008491658607105,,,,,,-0.03008491658607105,,,0.02389525850474531,,,,,,,0.030556831241198935,,,,,-0.03008491658607105,,,-0.03008491658607105,,,-0.024509476586531794,,,,0.029092476737558753,,-0.03008491658607105,,,-0.025210043962895567,,,,,-0.03008491658607105,,,,,,,,,0.030556831241198935,0.027327760596344768,,-0.03008491658607105,,,,,,,-0.0164065374610316,,,,,0.030556831241198935,,-0.019793497359076564,,,,,,-0.022205171584450917,,,,,,,,-0.03008491658607105,-0.028636122365218807,,,,,,,-0.01900321119067539,,,,,,-0.03008491658607105,,,,,,,,,,,-0.02208030727554874,,,,,,,,,,,,,,,,,,,,,,,,,,,0.030556831241198935,-0.03008491658607105,,,0.030556831241198935,,,,,,0.025942690878851583,,,,,,,,,,-0.03008491658607105,,,,,,,-0.03008491658607105,0.030556831241198935,,,,,,,,,,,,0.02718823860769807,,,,,,,0.021796167797832118,,0.014711956034301782,,0.030556831241198935,0.030556831241198935,,,,,,,,,,,,,,,,0.030556831241198935,,,,,,,0.021820163422406072,,0.030556831241198935,,,,,,,0.030556831241198935,,,0.030556831241198935,,,-0.026146585034605645,,-0.03008491658607105,,,-0.03008491658607105,,,,,,,,,0.030556831241198935,,,,0.028716577342938886,,,0.02478317275910719,,-0.03008491658607105,,,,,0.02524977523872798,,,,,,,-0.03008491658607105,,,,0.030556831241198935,0.017679203974627463,,,,,,,,,,-0.01416872258730233,0.024921617550245155,,,,,,,-0.022417096674179994,,,-0.03008491658607105,0.02775176627391291,0.030556831241198935,,,,,,-0.026749890521008648,,-0.019918629295719067,-0.03008491658607105,,-0.025309888246811633,,,,0.02177618573359472,,,,,,,,,,,,,,,,0.030556831241198935,,-0.027782507850458805,-0.015405392780120573,0.01968534669787359,,-0.02692082357480458,-0.022195576079779344,0.018998735010504298,0.01618740655845791,0.030556831241198935,,0.02097986309973242,,0.026512000609013778,,,,,,,,,,,,,,,,,,,,,,,,,,,,,,,,,,,,,,,,,,,,,,,,,,,,,,,,,,,,,,,,,,,,,,,,,,,,,,,,,,,,,,,,,,,,,,,,,,,,
2007-02-28,,,,,,,,,,,,,,,,,,,,,,,,,-0.035489401552572686,-0.035489401552572686,,,0.03533324964897517,-0.035489401552572686,,,,,,,,,-0.026795739391270074,0.03611793201980541,,-0.035489401552572686,,-0.035489401552572686,,,,,,0.03611793201980541,,,,,,-0.035489401552572686,0.03611793201980541,,,,,,,-0.020106873933611984,,-0.035489401552572686,,,,,,-0.033793319001461986,,,0.025131930284714964,,,,,,,0.031970482252917945,0.016993910008956434,,,,,,,,,,,,,,0.03611793201980541,,,,,-0.035489401552572686,,,-0.035489401552572686,,-0.035489401552572686,,,,,,,,,,,,-0.035489401552572686,,,,-0.035489401552572686,,0.03611793201980541,-0.035489401552572686,,,,,0.03599233265277971,,-0.02971938631801312,-0.03133476638702019,,,-0.035489401552572686,,-0.03144053497663942,,,-0.035489401552572686,,,,,,,,,,0.03611793201980541,,,,,,,,,-0.035489401552572686,,,,,,,,-0.035489401552572686,0.03611793201980541,,-0.02597785979864753,,-0.035489401552572686,,,,,,,,,,,,,,,,,-0.029794873850241037,,,0.03611793201980541,,,-0.035489401552572686,,,-0.035489401552572686,,,0.03611793201980541,,,,,,0.033372174752766215,,,,,,,,,,,,,,,,,-0.027734544741309878,0.03611793201980541,,,,,,,,,,,,0.03611793201980541,,,,,,0.027278278433624462,0.02495509368296318,,0.03611793201980541,-0.026958887085376713,0.03611793201980541,0.03611793201980541,,,,,,,,,,0.03611793201980541,0.03611793201980541,,,,,,,,,,,0.03611793201980541,0.03490486534974668,,0.03611793201980541,-0.035489401552572686,,,,,,0.03611793201980541,,,0.03611793201980541,-0.035489401552572686,,-0.03106585282531486,,-0.022840687748381033,,-0.035489401552572686,,-0.035489401552572686,,,,,,,,0.023656471820521958,,,,0.035062176508624726,,,0.02504019807528607,,,,,,,0.021220401876933647,,0.03611793201980541,,,,,-0.03502404558578389,,,,,,,,,,,,,,,-0.035489401552572686,0.03611793201980541,,,,,,,-0.03310208612918049,,,,0.031364718540269225,,,,,,,,,-0.029861351265705938,-0.035489401552572686,,-0.017138822144363047,,,0.02999126649247043,0.028691057438408107,,0.025797991405080323,,,,,,,0.028765527023403823,,,,,,,,,-0.02223284800324718,-0.021464568579675256,0.02662802377133249,,,-0.030667707220637247,0.023504392419967005,0.019178335817075984,0.03423388064042753,,,0.03611793201980541,,,,,,,,,,,,,,,,,,,,,,,,,,,,,,,,,,,,,,,,,,,,,,,,,,,,,,,,,,,,,,,,,,,,,,,,,,,,,,,,,,,,,,,,,,,,,,,,,,,,,
