date,NAV
2010-01-04,1.0
2010-01-05,1.0
2010-01-06,1.0
2010-01-07,1.0
2010-01-08,1.0
2010-01-11,1.0
2010-01-12,1.0
2010-01-13,1.0
2010-01-14,1.0
2010-01-15,1.0
2010-01-19,1.0
2010-01-20,1.0
2010-01-21,1.0
2010-01-22,1.0
2010-01-25,1.0
2010-01-26,1.0
2010-01-27,1.0
2010-01-28,1.0
2010-01-29,1.0
2010-02-01,1.0218728954630683
2010-02-02,1.0379556909381165
2010-02-03,1.0323421902475696
2010-02-04,0.9925168422551974
2010-02-05,0.9916068777418153
2010-02-08,0.9858129981211043
2010-02-09,1.001317179585943
2010-02-10,1.0007889027521675
2010-02-11,1.0151117016968914
2010-02-12,1.0116001518604276
2010-02-16,1.0355425869786272
2010-02-17,1.0417951588949068
2010-02-18,1.0531960286570057
2010-02-19,1.0542510554731042
2010-02-22,1.0537799434692925
2010-02-23,1.0400514917811714
2010-02-24,1.0495283169124288
2010-02-25,1.0510131327203323
2010-02-26,1.0569313970848098
2010-03-01,1.0659565227033378
2010-03-02,1.0693092670744149
2010-03-03,1.070123401022279
2010-03-04,1.071244131895305
2010-03-05,1.0801337133773035
2010-03-08,1.0813789750932719
2010-03-09,1.0817932407309523
2010-03-10,1.0853342650552178
2010-03-11,1.0889697520253983
2010-03-12,1.0892234904437033
2010-03-15,1.086107441174051
2010-03-16,1.0918901859527341
2010-03-17,1.096777971212855
2010-03-18,1.094023305590901
2010-03-19,1.0879635888158141
2010-03-22,1.0963646329922465
2010-03-23,1.102559003220354
2010-03-24,1.0993123591890277
2010-03-25,1.0976882287309957
2010-03-26,1.098597646395877
2010-03-29,1.103188702654377
2010-03-30,1.1030666790153256
2010-03-31,1.099362075912133
2010-04-01,1.1068207766960156
2010-04-05,1.1194387093886535
2010-04-06,1.1217597736360718
2010-04-07,1.1158057224881972
2010-04-08,1.1193125310398047
2010-04-09,1.1247204217479267
2010-04-12,1.1279611973644612
2010-04-13,1.129347427219697
2010-04-14,1.1418546231635789
2010-04-15,1.1425743554290118
2010-04-16,1.1277250444424145
2010-04-19,1.1261537209011627
2010-04-20,1.1407149949666662
2010-04-21,1.1430278339700604
2010-04-22,1.152614441030921
2010-04-23,1.1606417090229924
2010-04-26,1.1593290849788151
2010-04-27,1.1349544889562946
2010-04-28,1.1384370203484793
2010-04-29,1.1512422165911398
2010-04-30,1.1322723978461748
2010-05-03,1.1499735964153108
2010-05-04,1.12431267133266
2010-05-05,1.1136989568579856
2010-05-06,1.0815847553558375
2010-05-07,1.0651614189785712
2010-05-10,1.110844087906327
2010-05-11,1.1115450030897007
2010-05-12,1.1315312023684605
2010-05-13,1.12327602745302
2010-05-14,1.1032069297050289
2010-05-17,1.1027570558534316
2010-05-18,1.087603511358822
2010-05-19,1.0802434310138997
2010-05-20,1.0434163101862282
2010-05-21,1.0633386283503203
2010-05-24,1.052991486049325
2010-05-25,1.0550096469468186
2010-05-26,1.0551670958778074
2010-05-27,1.0888498346697115
2010-05-28,1.0788515215287637
2010-06-01,1.0633509010350253
2010-06-02,1.0810081826825602
2010-06-03,1.0858442434995863
2010-06-04,1.059425742154123
2010-06-07,1.0470041970233461
2010-06-08,1.0531857397294282
2010-06-09,1.0539237786533069
2010-06-10,1.0726878989481439
2010-06-11,1.081095945474973
2010-06-14,1.0845073864220194
2010-06-15,1.0991779295431394
2010-06-16,1.1008740812726636
2010-06-17,1.1024711157111717
2010-06-18,1.1025053718165947
2010-06-21,1.0988309051746628
2010-06-22,1.086263027095374
2010-06-23,1.086215563939872
2010-06-24,1.0752494783208872
2010-06-25,1.0810811485666851
2010-06-28,1.079448580390637
2010-06-29,1.055082139503266
2010-06-30,1.0503776002278122
2010-07-01,1.0471889168384805
2010-07-02,1.042751304829782
2010-07-06,1.0440490959335447
2010-07-07,1.0624140806741367
2010-07-08,1.067112765058537
2010-07-09,1.0726715008579621
2010-07-12,1.0709485539625898
2010-07-13,1.0821585851551738
2010-07-14,1.0828732487963524
2010-07-15,1.0812780424048332
2010-07-16,1.0649756822061243
2010-07-19,1.066469899936182
2010-07-20,1.0726647344827915
2010-07-21,1.065872354309938
2010-07-22,1.079869651154007
2010-07-23,1.0876931697263363
2010-07-26,1.0966267805996495
2010-07-27,1.0933942170653865
2010-07-28,1.0883543823641564
2010-07-29,1.0873783534514851
2010-07-30,1.0893211245608287
2010-08-02,1.0987477121582039
2010-08-03,1.095858102762456
2010-08-04,1.096869079442388
2010-08-05,1.0942848790603137
2010-08-06,1.093286592059125
2010-08-09,1.0977677674522501
2010-08-10,1.0940035526878775
2010-08-11,1.0781492146920038
2010-08-12,1.0762960438682496
2010-08-13,1.0756722607550087
2010-08-16,1.0763847395168054
2010-08-17,1.0838363271545013
2010-08-18,1.085960093246494
2010-08-19,1.0776045761529418
2010-08-20,1.0791630712160436
2010-08-23,1.074483752123609
2010-08-24,1.0657560347747481
2010-08-25,1.068414433042753
2010-08-26,1.0659929369552903
2010-08-27,1.0770209841236758
2010-08-30,1.0671424091211243
2010-08-31,1.0676526132219828
2010-09-01,1.0962806928599897
2010-09-02,1.1057077905833577
2010-09-03,1.1198649987190448
2010-09-07,1.1084895271826447
2010-09-08,1.1141497869020658
2010-09-09,1.1098960500963297
2010-09-10,1.110587271652646
2010-09-13,1.1243658571912185
2010-09-14,1.1264361388389847
2010-09-15,1.129972712183283
2010-09-16,1.1283003171864436
2010-09-17,1.128114402684391
2010-09-20,1.1442744335364683
2010-09-21,1.1432020750305696
2010-09-22,1.134912869408544
2010-09-23,1.1323339480874133
2010-09-24,1.1548380260419964
2010-09-27,1.1517314727213066
2010-09-28,1.1596795381977598
2010-09-29,1.1591417110739255
2010-09-30,1.1550268433623165
2010-10-01,1.1563528411064647
2010-10-04,1.1521093771042525
2010-10-05,1.1720858704166242
2010-10-06,1.1625853475691899
2010-10-07,1.1640323066859606
2010-10-08,1.1718928427047743
2010-10-11,1.17080836498687
2010-10-12,1.1777769695824936
2010-10-13,1.1843306604108255
2010-10-14,1.183529811787117
2010-10-15,1.185349055638682
2010-10-18,1.18696316774348
2010-10-19,1.1714338122292927
2010-10-20,1.1841882634512921
2010-10-21,1.1853123495537214
2010-10-22,1.1945269114901187
2010-10-25,1.1983564539896217
2010-10-26,1.2007992136465835
2010-10-27,1.2022605195170741
2010-10-28,1.2040088633555597
2010-10-29,1.208014254747857
2010-11-01,1.2065723473872019
2010-11-02,1.2178912228279475
2010-11-03,1.22181966287742
2010-11-04,1.2384881798401521
2010-11-05,1.2366113194387922
2010-11-08,1.2347681326726858
2010-11-09,1.2271829534193541
2010-11-10,1.2305230302913281
2010-11-11,1.2282307460623543
2010-11-12,1.2148277873024071
2010-11-15,1.2153658525143505
2010-11-16,1.1979752421854237
2010-11-17,1.1999408743725313
2010-11-18,1.2139524516981268
2010-11-19,1.217356089420667
2010-11-22,1.2283433365701575
2010-11-23,1.2183484453679605
2010-11-24,1.2348209299150479
2010-11-26,1.2303352564399863
2010-11-29,1.2295338081979035
2010-11-30,1.224172786248533
2010-12-01,1.2417338978085983
2010-12-02,1.2471955917364075
2010-12-03,1.250850512128578
2010-12-06,1.2495007432848457
2010-12-07,1.2499823781793715
2010-12-08,1.2507136777504884
2010-12-09,1.2565363594412093
2010-12-10,1.2621072551935455
2010-12-13,1.253960280119092
2010-12-14,1.2545198958186186
2010-12-15,1.2492065292533912
2010-12-16,1.2619651867966162
2010-12-17,1.2657399063105947
2010-12-20,1.2698353062644812
2010-12-21,1.281319585406511
2010-12-22,1.2817749353553405
2010-12-23,1.2781367768768852
2010-12-27,1.2794409058569738
2010-12-28,1.2776134505224828
2010-12-29,1.2803464452409392
2010-12-30,1.2803104322209093
2010-12-31,1.2762473384177815
2011-01-03,1.2929801788303015
2011-01-04,1.2892378825771562
2011-01-05,1.2961693538290848
2011-01-06,1.2902571554557352
2011-01-07,1.2918137333105912
2011-01-10,1.29713770390216
2011-01-11,1.300643322717719
2011-01-12,1.3109993693184119
2011-01-13,1.3110693276234913
2011-01-14,1.3207770688617209
2011-01-18,1.3278033631750836
2011-01-19,1.307429843571703
2011-01-20,1.2906435914099654
2011-01-21,1.292032086329788
2011-01-24,1.296461899742467
2011-01-25,1.3007822236301372
2011-01-26,1.3201908399655955
2011-01-27,1.3300771834369791
2011-01-28,1.308808052023926
2011-01-31,1.3204646241118076
2011-02-01,1.3393379905580407
2011-02-02,1.3389752510881834
2011-02-03,1.3471379707999613
2011-02-04,1.3511895552734337
2011-02-07,1.358937859160552
2011-02-08,1.3620468780964992
2011-02-09,1.3602926007559364
2011-02-10,1.3617902238307529
2011-02-11,1.3773274303537861
2011-02-14,1.3830266192398184
2011-02-15,1.3795501716367495
2011-02-16,1.3869487758388528
2011-02-17,1.3889502875633708
2011-02-18,1.387886510792309
2011-02-22,1.3559535939598006
2011-02-23,1.347003141300229
2011-02-24,1.3513675922475816
2011-02-25,1.3696235024179817
2011-02-28,1.3701094260170337
2011-03-01,1.347592008584767
2011-03-02,1.353099708179535
2011-03-03,1.3796622387920674
2011-03-04,1.3784295842629684
2011-03-07,1.363537721515944
2011-03-08,1.379156517682358
2011-03-09,1.3768697243358323
2011-03-10,1.35209528906433
2011-03-11,1.3634575544421434
2011-03-14,1.357416968249208
2011-03-15,1.344593331127436
2011-03-16,1.3286013808931798
2011-03-17,1.3401881985558082
2011-03-18,1.3417920439782278
2011-03-21,1.3682334750296337
2011-03-22,1.358893546715353
2011-03-23,1.3618528958994454
2011-03-24,1.375294974861397
2011-03-25,1.3841004501734215
2011-03-28,1.3829492319216476
2011-03-29,1.396656325260407
2011-03-30,1.4110594244784636
2011-03-31,1.4101739720782163
2011-04-01,1.4162903953047936
2011-04-04,1.4193399690820678
2011-04-05,1.4201945828491453
2011-04-06,1.4149725901885186
2011-04-07,1.411888775205154
2011-04-08,1.404841077068963
2011-04-11,1.4008586149388036
2011-04-12,1.391783985990602
2011-04-13,1.4003964173110883
2011-04-14,1.3994415546639616
2011-04-15,1.4051909675336034
2011-04-18,1.3911568922836175
2011-04-19,1.397494832924968
2011-04-20,1.4153297650458192
2011-04-21,1.4220265833386885
2011-04-25,1.4169260815714293
2011-04-26,1.4237069824905912
2011-04-27,1.4328203002060675
2011-04-28,1.434179123561385
2011-04-29,1.4363034052875612
2011-05-02,1.4303315144213717
2011-05-03,1.4190794179344417
2011-05-04,1.4064975021858306
2011-05-05,1.399431561314078
2011-05-06,1.4062019935883814
2011-05-09,1.4191332590623298
2011-05-10,1.429901798703807
2011-05-11,1.4154598272731282
2011-05-12,1.4214924210194186
2011-05-13,1.4113542556826482
2011-05-16,1.402047630115525
2011-05-17,1.398160164414076
2011-05-18,1.4161335906580619
2011-05-19,1.4190708081962633
2011-05-20,1.410113975119
2011-05-23,1.393961790422591
2011-05-24,1.3907353465224106
2011-05-25,1.4010707269747684
2011-05-26,1.4100852085260287
2011-05-27,1.413961556000014
2011-05-31,1.4240002880449931
2011-06-01,1.3969652759066442
2011-06-02,1.400382329108498
2011-06-03,1.3860486817561748
2011-06-06,1.3706690753136235
2011-06-07,1.3748107438287958
2011-06-08,1.3672273955208487
2011-06-09,1.3793189974023434
2011-06-10,1.3620134736185192
2011-06-13,1.3567273623326919
2011-06-14,1.37699289845388
2011-06-15,1.3540992818593278
2011-06-16,1.3489933760613793
2011-06-17,1.349276163621631
2011-06-20,1.3587035091690005
2011-06-21,1.3855239393233683
2011-06-22,1.3775942981560678
2011-06-23,1.3780115985282226
2011-06-24,1.3691980992876713
2011-06-27,1.3803460631207103
2011-06-28,1.399823486538883
2011-06-29,1.4084135309194983
2011-06-30,1.417996646680719
2011-07-01,1.4376459542463362
2011-07-05,1.4385872590751565
2011-07-06,1.44349116912477
2011-07-07,1.454039587950446
2011-07-08,1.4483226094209982
2011-07-11,1.4222996442155047
2011-07-12,1.4140301194790255
2011-07-13,1.418424343142639
2011-07-14,1.4055217308681014
2011-07-15,1.4097367799288834
2011-07-18,1.3996512143449191
2011-07-19,1.4221150876986475
2011-07-20,1.420008512601233
2011-07-21,1.4347337203020822
2011-07-22,1.4364303963263274
2011-07-25,1.4291493410634644
2011-07-26,1.422443765092506
2011-07-27,1.393177812514661
2011-07-28,1.3905265845356618
2011-07-29,1.3869282688814846
2011-08-01,1.3845795297774184
2011-08-02,1.3545337276631035
2011-08-03,1.3629514742353335
2011-08-04,1.311061192075191
2011-08-05,1.3078578780297474
2011-08-08,1.2338738074986557
2011-08-09,1.291824876627278
2011-08-10,1.2622083162796933
2011-08-11,1.311214137374478
2011-08-12,1.3223935835123612
2011-08-15,1.3395297153880905
2011-08-16,1.3295033772725608
2011-08-17,1.3270261498907898
2011-08-18,1.2761981147928914
2011-08-19,1.259683637410254
2011-08-22,1.2610791539316581
2011-08-23,1.297383551958653
2011-08-24,1.3122767386873595
2011-08-25,1.2958656131554835
2011-08-26,1.3191530590117575
2011-08-29,1.347957032729314
2011-08-30,1.355077296350241
2011-08-31,1.356374254516896
2011-09-01,1.3502894203979323
2011-09-02,1.3380728844616976
2011-09-06,1.3376732691895874
2011-09-07,1.352068868090878
2011-09-08,1.349599568978967
2011-09-09,1.33436023347595
2011-09-12,1.3369223204802312
2011-09-13,1.3460571973926037
2011-09-14,1.3554161793441963
2011-09-15,1.3600644814042666
2011-09-16,1.362323349686265
2011-09-19,1.3611226767220987
2011-09-20,1.3561091399442111
2011-09-21,1.3422769609712932
2011-09-22,1.3246825481267868
2011-09-23,1.326086601600399
2011-09-26,1.337625290195819
2011-09-27,1.342047329607551
2011-09-28,1.329039351930525
2011-09-29,1.3277074552359724
2011-09-30,1.3153690468687524
2011-10-03,1.2952218457203373
2011-10-04,1.3102411835283942
2011-10-05,1.3197840723605316
2011-10-06,1.3291828775929229
2011-10-07,1.3222530754201838
2011-10-10,1.340951293508391
2011-10-11,1.338689273263148
2011-10-12,1.3434699284162273
2011-10-13,1.3457582356324225
2011-10-14,1.3535073282462857
2011-10-17,1.3455243056369304
2011-10-18,1.3533750900018149
2011-10-19,1.345664500176601
2011-10-20,1.3473559196941032
2011-10-21,1.3596228977829548
2011-10-24,1.3721989778476629
2011-10-25,1.3586763379352869
2011-10-26,1.3643974641161762
2011-10-27,1.3800070496230177
2011-10-28,1.3782056561810783
2011-10-31,1.3724133985663252
2011-11-01,1.3592778024164407
2011-11-02,1.368593934149277
2011-11-03,1.3784568000412658
2011-11-04,1.3787318851644794
2011-11-07,1.3783761900161415
2011-11-08,1.3827610587892378
2011-11-09,1.3668428867962963
2011-11-10,1.370807551516497
2011-11-11,1.3809259143846635
2011-11-14,1.3763995148283188
2011-11-15,1.3798063766256092
2011-11-16,1.3692655707204098
2011-11-17,1.362790898663279
2011-11-18,1.3621419495591185
2011-11-21,1.3556732992584881
2011-11-22,1.3568109292277335
2011-11-23,1.34516501626132
2011-11-25,1.3439179820730467
2011-11-28,1.3583649674532245
2011-11-29,1.3616182835571915
2011-11-30,1.3825017700633624
2011-12-01,1.3769244558096345
2011-12-02,1.378402041694299
2011-12-05,1.3854222796223057
2011-12-06,1.3823324579662273
2011-12-07,1.3803668290613773
2011-12-08,1.3625453991108956
2011-12-09,1.3861146485902325
2011-12-12,1.3721050647462565
2011-12-13,1.3562431516658187
2011-12-14,1.3392290926637604
2011-12-15,1.3472195941505807
2011-12-16,1.357588454179363
2011-12-19,1.3460850320535769
2011-12-20,1.3758761337804297
2011-12-21,1.3769515670374248
2011-12-22,1.3781672922158015
2011-12-23,1.3920282149733099
2011-12-27,1.3980402560070604
2011-12-28,1.3823300835973684
2011-12-29,1.3950349695593498
2011-12-30,1.3857734572002585
2012-01-03,1.3896764217377242
2012-01-04,1.3870560257133606
2012-01-05,1.39679362875038
2012-01-06,1.3952771275305207
2012-01-09,1.3948066229152554
2012-01-10,1.4063545395646289
2012-01-11,1.4060205784443118
2012-01-12,1.4118718740100773
2012-01-13,1.4114642069160672
2012-01-17,1.41349658365709
2012-01-18,1.4214690783672204
2012-01-19,1.4216197676424378
2012-01-20,1.4188534745028551
2012-01-23,1.4207194793763955
2012-01-24,1.4206579823098082
2012-01-25,1.43230353304778
2012-01-26,1.4284791863555397
2012-01-27,1.4274458452242647
2012-01-30,1.4236703472768493
2012-01-31,1.4289672788181216
2012-02-01,1.4423517807820387
2012-02-02,1.445752878442779
2012-02-03,1.460683283529854
2012-02-06,1.4563009109589973
2012-02-07,1.4612321377832185
2012-02-08,1.4640753066386996
2012-02-09,1.467552067938639
2012-02-10,1.4612843112882488
2012-02-13,1.4729298983821995
2012-02-14,1.4694063906292827
2012-02-15,1.4633358905425882
2012-02-16,1.4722774055125847
2012-02-17,1.4778713342157475
2012-02-21,1.4742295838976205
2012-02-22,1.4732019525877464
2012-02-23,1.4808737396019
2012-02-24,1.4834959888487695
2012-02-27,1.4841784429041625
2012-02-28,1.4848121268607462
2012-02-29,1.4783620601294893
2012-03-01,1.4899027596370775
2012-03-02,1.481578301479224
2012-03-05,1.4806273558972545
2012-03-06,1.4600974366736745
2012-03-07,1.4717242955816396
2012-03-08,1.4883858052890373
2012-03-09,1.496920246844124
2012-03-12,1.4997468411919042
2012-03-13,1.5174791921353943
2012-03-14,1.5121696561925577
2012-03-15,1.5191069044090064
2012-03-16,1.513785110691654
2012-03-19,1.5181325643141144
2012-03-20,1.5163375796764595
2012-03-21,1.5207099821185666
2012-03-22,1.5191526367775683
2012-03-23,1.5249711240397403
2012-03-26,1.5462457518697599
2012-03-27,1.5412239439801578
2012-03-28,1.5346737021753423
2012-03-29,1.5355984381216428
2012-03-30,1.5393168672788913
2012-04-02,1.5532609624695288
2012-04-03,1.5548490410470033
2012-04-04,1.540268772859092
2012-04-05,1.5480130026536674
2012-04-09,1.5275004225109448
2012-04-10,1.49466954945914
2012-04-11,1.5136922377386937
2012-04-12,1.531495547301094
2012-04-13,1.5271039641187558
2012-04-16,1.528289273749551
2012-04-17,1.545973358599122
2012-04-18,1.5498577938233289
2012-04-19,1.540904575563345
2012-04-20,1.5552470176457946
2012-04-23,1.5375340771756472
2012-04-24,1.5322217344048916
2012-04-25,1.5615109415349178
2012-04-26,1.5780842726357422
2012-04-27,1.59353406206881
2012-04-30,1.584823700767766
2012-05-01,1.5891217210867137
2012-05-02,1.5957519410885597
2012-05-03,1.5842905634116862
2012-05-04,1.5664423714746598
2012-05-07,1.5687815973540613
2012-05-08,1.5623434495111892
2012-05-09,1.5526826736152843
2012-05-10,1.5634716348309505
2012-05-11,1.563363422219342
2012-05-14,1.545478274311939
2012-05-15,1.5434891700389544
2012-05-16,1.5402448399074484
2012-05-17,1.5096016953166793
2012-05-18,1.4972766455377156
2012-05-21,1.5198761946170924
2012-05-22,1.524676894578073
2012-05-23,1.529339416505285
2012-05-24,1.5343291782189685
2012-05-25,1.5319577266749314
2012-05-29,1.5459634384353764
2012-05-30,1.5327122950666245
2012-05-31,1.5300769320587833
2012-06-01,1.4935494442091024
2012-06-04,1.4961277678671105
2012-06-05,1.5003467623039197
2012-06-06,1.5263084861780845
2012-06-07,1.5248420846241275
2012-06-08,1.5361958273654912
2012-06-11,1.522253243764704
2012-06-12,1.5366998001787486
2012-06-13,1.527364086340998
2012-06-14,1.5386974564919307
2012-06-15,1.5502566999622882
2012-06-18,1.560651799755024
2012-06-19,1.5723150130723884
2012-06-20,1.567627003963627
2012-06-21,1.5424882767643835
2012-06-22,1.5523401920674818
2012-06-25,1.5385817023543784
2012-06-26,1.5470780712818062
2012-06-27,1.548837975241946
2012-06-28,1.5414341143084775
2012-06-29,1.5709003588019048
2012-07-02,1.5806606462624557
2012-07-03,1.585302951702921
2012-07-05,1.5857531449748135
2012-07-06,1.5801236555138984
2012-07-09,1.5802401715834382
2012-07-10,1.5727595420360625
2012-07-11,1.5704618159171486
2012-07-12,1.5723689094886
2012-07-13,1.5859453434141055
2012-07-16,1.58324901072987
2012-07-17,1.5926562358837237
2012-07-18,1.593076052261016
2012-07-19,1.5893552491266039
2012-07-20,1.5801240323253731
2012-07-23,1.571261352517279
2012-07-24,1.5609627509242023
2012-07-25,1.5610999053797574
2012-07-26,1.573780588178056
2012-07-27,1.5963629102580799
2012-07-30,1.5949859154514976
2012-07-31,1.5898302885640088
2012-08-01,1.5801914507979817
2012-08-02,1.5816516013854272
2012-08-03,1.598164560454328
2012-08-06,1.5947145294879395
2012-08-07,1.598435115234417
2012-08-08,1.6004692944112764
2012-08-09,1.5940962463736648
2012-08-10,1.5934360332417528
2012-08-13,1.5926979883836985
2012-08-14,1.5982161632049805
2012-08-15,1.6035085150824493
2012-08-16,1.609179096590829
2012-08-17,1.6139835628080548
2012-08-20,1.6111406925226173
2012-08-21,1.6085187589522452
2012-08-22,1.6115327427236648
2012-08-23,1.6030511191763186
2012-08-24,1.6106897301920413
2012-08-27,1.6095180492536945
2012-08-28,1.6077730423298193
2012-08-29,1.6082607049745972
2012-08-30,1.6011231116302764
2012-08-31,1.6057045310340363
2012-09-04,1.6096286544264211
2012-09-05,1.6054521493638207
2012-09-06,1.638889326688122
2012-09-07,1.6372017455777046
2012-09-10,1.6269779972529457
2012-09-11,1.629704110150323
2012-09-12,1.6343122520736009
2012-09-13,1.6638124391636555
2012-09-14,1.67065853663613
2012-09-17,1.6622016670399904
2012-09-18,1.6582624819874112
2012-09-19,1.667780008378344
2012-09-20,1.6695397185747607
2012-09-21,1.6739020869992054
2012-09-24,1.669878844323537
2012-09-25,1.655271451309211
2012-09-26,1.6417770147537454
2012-09-27,1.6599880331194163
2012-09-28,1.6551527874300243
2012-10-01,1.6526221417656493
2012-10-02,1.6567937956284968
2012-10-03,1.6765625988049233
2012-10-04,1.6888103651490152
2012-10-05,1.691233172976764
2012-10-08,1.6820469521119892
2012-10-09,1.659162610605373
2012-10-10,1.6536798932534011
2012-10-11,1.6505846748036892
2012-10-12,1.6456890676900107
2012-10-15,1.6633446546661128
2012-10-16,1.675586479770267
2012-10-17,1.6903013567635221
2012-10-18,1.6777101534764962
2012-10-19,1.654252713107426
2012-10-22,1.6582099129615167
2012-10-23,1.6369168084323404
2012-10-24,1.640962379612724
2012-10-25,1.6422111544484004
2012-10-26,1.6431474848439578
2012-10-31,1.6441601624052147
2012-11-01,1.661634434262984
2012-11-02,1.6430177494952374
2012-11-05,1.6479386789270307
2012-11-06,1.6605878088543133
2012-11-07,1.6310835390550957
2012-11-08,1.6169857849634173
2012-11-09,1.6155141445087928
2012-11-12,1.6148437038301178
2012-11-13,1.6132954661899577
2012-11-14,1.5879434916800996
2012-11-15,1.5812930685285047
2012-11-16,1.605560314649012
2012-11-19,1.6302034148463243
2012-11-20,1.6419631786404723
2012-11-21,1.6456418570969988
2012-11-23,1.6624151530759372
2012-11-26,1.660348593044568
2012-11-27,1.6546665140176637
2012-11-28,1.6590446410935256
2012-11-29,1.6729792899812814
2012-11-30,1.6748699647225742
2012-12-03,1.6699745333452527
2012-12-04,1.6683899381616503
2012-12-05,1.6687264770114612
2012-12-06,1.6697401995615302
2012-12-07,1.672003214668799
2012-12-10,1.6757867151246273
2012-12-11,1.6822457854230979
2012-12-12,1.682833768911872
2012-12-13,1.6736557512962646
2012-12-14,1.6688220292394167
2012-12-17,1.6919759600644935
2012-12-18,1.708370213561182
2012-12-19,1.7023441861998476
2012-12-20,1.70761281941367
2012-12-21,1.6961213661414403
2012-12-24,1.6970215786410952
2012-12-26,1.6871010893235712
2012-12-27,1.6884027164158133
2012-12-28,1.6773932310392534
2012-12-31,1.7036809987768995
2013-01-02,1.7427208606949336
2013-01-03,1.7335530511503572
2013-01-04,1.7449252606868044
2013-01-07,1.738984589205835
2013-01-08,1.7381303574115308
2013-01-09,1.748397506568234
2013-01-10,1.7548032683065768
2013-01-11,1.754880110671519
2013-01-14,1.7547363326606844
2013-01-15,1.7586845845274424
2013-01-16,1.7618869082444453
2013-01-17,1.7775944954657321
2013-01-18,1.781355491211486
2013-01-22,1.789577985073447
2013-01-23,1.7932259923013396
2013-01-24,1.7951913264362247
2013-01-25,1.8061324043593443
2013-01-28,1.8008180596598702
2013-01-29,1.8086816477253735
2013-01-30,1.8037258345414564
2013-01-31,1.7966979712806952
2013-02-01,1.8107468164860354
2013-02-04,1.7911389739577785
2013-02-05,1.8086466223349091
2013-02-06,1.8049404884883653
2013-02-07,1.7961793866035343
2013-02-08,1.8118269137216116
2013-02-11,1.8064135059330981
2013-02-12,1.8112668603340707
2013-02-13,1.8164755001679986
2013-02-14,1.8183041310201573
2013-02-15,1.822162060675213
2013-02-19,1.8244347095472322
2013-02-20,1.7973149246001479
2013-02-21,1.7829329853448128
2013-02-22,1.8076241208583104
2013-02-25,1.775953633435049
2013-02-26,1.7910805223420792
2013-02-27,1.8140869304771223
2013-02-28,1.818220463281484
2013-03-01,1.826276280319426
2013-03-04,1.842969357073407
2013-03-05,1.8600700762610922
2013-03-06,1.8612738239074331
2013-03-07,1.8553987122599034
2013-03-08,1.8635826506279947
2013-03-11,1.8641281041441649
2013-03-12,1.8625995102034387
2013-03-13,1.8688655328195412
2013-03-14,1.8774870973255284
2013-03-15,1.8734506947313456
2013-03-18,1.8692841762287098
2013-03-19,1.871457597303258
2013-03-20,1.8906977235202882
2013-03-21,1.874715890684084
2013-03-22,1.8865716153035612
2013-03-25,1.8816115198190804
2013-03-26,1.8988252519651758
2013-03-27,1.900710427262174
2013-03-28,1.910122338955191
2013-04-01,1.895921267019263
2013-04-02,1.8920157065803294
2013-04-03,1.8629331450169098
2013-04-04,1.8724567400897474
2013-04-05,1.8715098566560164
2013-04-08,1.8862953625233216
2013-04-09,1.8878262908790742
2013-04-10,1.9038300149371783
2013-04-11,1.9142973299259145
2013-04-12,1.9073942186346164
2013-04-15,1.8528931426451698
2013-04-16,1.892226063206199
2013-04-17,1.8710092454565872
2013-04-18,1.8621678793070362
2013-04-19,1.8877571506789892
2013-04-22,1.8960955128671235
2013-04-23,1.9278231741722576
2013-04-24,1.9197595617786607
2013-04-25,1.9326508405704914
2013-04-26,1.928804734809307
2013-04-29,1.9349653712714276
2013-04-30,1.93763975297512
2013-05-01,1.9181503162110936
2013-05-02,1.9410500739896472
2013-05-03,1.9645437245017778
2013-05-06,1.9689355022301505
2013-05-07,1.9735542797738583
2013-05-08,1.9744266148981735
2013-05-09,1.9636730423693947
2013-05-10,1.9672395495557566
2013-05-13,1.9707042369464962
2013-05-14,1.9934382935997697
2013-05-15,2.001313978010989
2013-05-16,1.990715659194765
2013-05-17,2.0073335349906865
2013-05-20,2.0004146127077376
2013-05-21,1.998968284768806
2013-05-22,1.9770681783619948
2013-05-23,1.9767957225117494
2013-05-24,1.9763826740460053
2013-05-28,1.985391933730698
2013-05-29,1.968443860400225
2013-05-30,1.9761155511801967
2013-05-31,1.9596908274321105
2013-06-03,1.9534934065767562
2013-06-04,1.9400072022577568
2013-06-05,1.9161494302875197
2013-06-06,1.9392944267163996
2013-06-07,1.9607708202792544
2013-06-10,1.9609084666492824
2013-06-11,1.9425178067348654
2013-06-12,1.9249173145623972
2013-06-13,1.9513502322900256
2013-06-14,1.9454613395790699
2013-06-17,1.9569316392218348
2013-06-18,1.9698279288538212
2013-06-19,1.944827139061622
2013-06-20,1.8933049331618435
2013-06-21,1.8921554752974419
2013-06-24,1.870562212551711
2013-06-25,1.8932717892500743
2013-06-26,1.9072417008354594
2013-06-27,1.9301797280194262
2013-06-28,1.9240260810713403
2013-07-01,1.9372170992190865
2013-07-02,1.931319186309476
2013-07-03,1.9281609021383284
2013-07-05,1.941143036662008
2013-07-08,1.9478447720127658
2013-07-09,1.9612632740510203
2013-07-10,1.9606382690428477
2013-07-11,1.9829908196936508
2013-07-12,1.9931681000020658
2013-07-15,1.997709870747527
2013-07-16,1.9882486903824645
2013-07-17,1.9932737209325935
2013-07-18,2.0047115291397346
2013-07-19,2.0099106389486274
2013-07-22,2.0144279902644326
2013-07-23,2.006222309483021
2013-07-24,2.000885747288463
2013-07-25,2.004001985697504
2013-07-26,2.0032802012146957
2013-07-29,1.996701763415389
2013-07-30,2.002924190622646
2013-07-31,2.0105960557113822
2013-08-01,2.0375790424011537
2013-08-02,2.037781944024902
2013-08-05,2.0386012882303257
2013-08-06,2.024643531139208
2013-08-07,2.0114223056777867
2013-08-08,2.031123230925564
2013-08-09,2.0300486559961803
2013-08-12,2.025550162491644
2013-08-13,2.0289297079980626
2013-08-14,2.026879031330863
2013-08-15,1.9953335427220145
2013-08-16,1.9948400396761292
2013-08-19,1.9845775215076813
2013-08-20,2.0084331250872114
2013-08-21,2.001999495435278
2013-08-22,2.0248406334175066
2013-08-23,2.0294443583169204
2013-08-26,2.02550865587625
2013-08-27,1.9903156470293353
2013-08-28,1.9939262321717837
2013-08-29,2.009304439726487
2013-08-30,1.9944606024156424
2013-09-03,2.006109437652065
2013-09-04,2.0206425681998987
2013-09-05,2.027122342208319
2013-09-06,2.027095557899516
2013-09-09,2.0496237518513367
2013-09-10,2.0720972142587346
2013-09-11,2.077403143205822
2013-09-12,2.071107283466531
2013-09-13,2.0785694709526075
2013-09-16,2.091846005499225
2013-09-17,2.1042397444946683
2013-09-18,2.1249405628241846
2013-09-19,2.121815705257012
2013-09-20,2.10939880115797
2013-09-23,2.1014612584864225
2013-09-24,2.1040598261296686
2013-09-25,2.100512682230827
2013-09-26,2.1129257623447844
2013-09-27,2.102293120331392
2013-09-30,2.0981432453310838
2013-10-01,2.1223117309158885
2013-10-02,2.1173327876947736
2013-10-03,2.0990431298943983
2013-10-04,2.121550541599761
2013-10-07,2.102736003141681
2013-10-08,2.0626480668501874
2013-10-09,2.0591730534105217
2013-10-10,2.118344209969393
2013-10-11,2.133092168603892
2013-10-14,2.1466955827455654
2013-10-15,2.1304425998642453
2013-10-16,2.167829768405894
2013-10-17,2.1919367000524628
2013-10-18,2.206163862433045
2013-10-21,2.205734620440537
2013-10-22,2.21384365013253
2013-10-23,2.1971095587533442
2013-10-24,2.21587065153848
2013-10-25,2.2399166472052396
2013-10-28,2.226499970834421
2013-10-29,2.2419193081606883
2013-10-30,2.2273274207186695
2013-10-31,2.2251284227888206
2013-11-01,2.2305566386106395
2013-11-04,2.244681214244591
2013-11-05,2.2416364988433237
2013-11-06,2.231251476146593
2013-11-07,2.2028971241794775
2013-11-08,2.231177391116754
2013-11-11,2.2386636953064816
2013-11-12,2.2383778119181077
2013-11-13,2.2580405850739678
2013-11-14,2.2693482857227796
2013-11-15,2.2755194919194293
2013-11-18,2.261175721148548
2013-11-19,2.2554227934798114
2013-11-20,2.2522756686769614
2013-11-21,2.270810466844025
2013-11-22,2.2827600007762623
2013-11-25,2.2786162287631786
2013-11-26,2.2828227048453247
2013-11-27,2.2917260999590097
2013-11-29,2.288355913742633
2013-12-02,2.29112084938715
2013-12-03,2.2880987450072405
2013-12-04,2.285069680281697
2013-12-05,2.2746848866831315
2013-12-06,2.2970672724744987
2013-12-09,2.2996172142871094
2013-12-10,2.2992947784447546
2013-12-11,2.2694946416897928
2013-12-12,2.2759040198584195
2013-12-13,2.2811019178404397
2013-12-16,2.2949962226880527
2013-12-17,2.292790030172024
2013-12-18,2.3137489920299212
2013-12-19,2.307192383084656
2013-12-20,2.3293468117267926
2013-12-23,2.332263344020271
2013-12-24,2.339847067442899
2013-12-26,2.346500839621503
2013-12-27,2.3371804238841336
2013-12-30,2.3373282121483294
2013-12-31,2.347539443890376
2014-01-02,2.331274482957244
2014-01-03,2.3388877183922867
2014-01-06,2.331245610166549
2014-01-07,2.342653766449176
2014-01-08,2.3581879743096015
2014-01-09,2.364467102234595
2014-01-10,2.379201360114468
2014-01-13,2.350828543659292
2014-01-14,2.3825493288281248
2014-01-15,2.3895475614275354
2014-01-16,2.3780234339408426
2014-01-17,2.3687590944096235
2014-01-21,2.3808438758461916
2014-01-22,2.3919346617535155
2014-01-23,2.3796452753830013
2014-01-24,2.328663856258975
2014-01-27,2.3082083857631974
2014-01-28,2.3430815753998964
2014-01-29,2.3225930035625555
2014-01-30,2.355101602504788
2014-01-31,2.364504789186921
2014-02-03,2.3082619418969945
2014-02-04,2.3254893868948496
2014-02-05,2.328005134853601
2014-02-06,2.337710500720468
2014-02-07,2.3701363613211215
2014-02-10,2.3776515881889124
2014-02-11,2.394135851300203
2014-02-12,2.4039094987298375
2014-02-13,2.428925338601262
2014-02-14,2.4373656332968356
2014-02-18,2.4542787588718946
2014-02-19,2.4403799010529004
2014-02-20,2.464325780300376
2014-02-21,2.4716762126119396
2014-02-24,2.492408519699429
2014-02-25,2.4880714074043304
2014-02-26,2.480866667488277
2014-02-27,2.494224306217412
2014-02-28,2.493201682055563
2014-03-03,2.4753624724800734
2014-03-04,2.5282523707176776
2014-03-05,2.5289936671565645
2014-03-06,2.527558720197267
2014-03-07,2.525555647279822
2014-03-10,2.5220038113738417
2014-03-11,2.502326280707847
2014-03-12,2.5074617430880632
2014-03-13,2.480927984171612
2014-03-14,2.4827188087999974
2014-03-17,2.4960064272972455
2014-03-18,2.5154927558759987
2014-03-19,2.498231909779434
2014-03-20,2.5060635904338975
2014-03-21,2.4911983189590527
2014-03-24,2.4744338591005492
2014-03-25,2.478954089363227
2014-03-26,2.454761991593264
2014-03-27,2.4475846052287302
2014-03-28,2.447244404199887
2014-03-31,2.4788730359111075
2014-04-01,2.5022557231089295
2014-04-02,2.506679515713719
2014-04-03,2.4906303148339886
2014-04-04,2.448322031214967
2014-04-07,2.4087437925770288
2014-04-08,2.4193893012123557
2014-04-09,2.455977474521826
2014-04-10,2.400151850363694
2014-04-11,2.381682801882801
2014-04-14,2.39142589391058
2014-04-15,2.400220695548197
2014-04-16,2.438183947537124
2014-04-17,2.450856777919922
2014-04-21,2.462769266266442
2014-04-22,2.481748060615938
2014-04-23,2.475702045638382
2014-04-24,2.4690581068967705
2014-04-25,2.4388668938507574
2014-04-28,2.421143633694399
2014-04-29,2.446860826930264
2014-04-30,2.4570171090971704
2014-05-01,2.449804074676079
2014-05-02,2.4571003250684504
2014-05-05,2.4613815714736944
2014-05-06,2.4463372748802885
2014-05-07,2.4499837416896217
2014-05-08,2.433140536980936
2014-05-09,2.435996005242028
2014-05-12,2.4639323320362636
2014-05-13,2.462235979837454
2014-05-14,2.454698008920007
2014-05-15,2.436334420490402
2014-05-16,2.4431528344228015
2014-05-19,2.4490646008312162
2014-05-20,2.434507308120567
2014-05-21,2.4513709721227315
2014-05-22,2.457591630459313
2014-05-23,2.47210940760873
2014-05-27,2.492037662076501
2014-05-28,2.4940403756244267
2014-05-29,2.5078046086633807
2014-05-30,2.506038434771014
2014-06-02,2.513009487872794
2014-06-03,2.516981042815913
2014-06-04,2.5292314210745563
2014-06-05,2.5416860870918243
2014-06-06,2.5513255230160317
2014-06-09,2.5493577764787676
2014-06-10,2.5459767998854437
2014-06-11,2.5410813078191836
2014-06-12,2.5158372670920643
2014-06-13,2.5226478143652926
2014-06-16,2.5254541555470142
2014-06-17,2.5396148302124835
2014-06-18,2.550772636627091
2014-06-19,2.568634290768952
2014-06-20,2.5744174998264753
2014-06-23,2.5743257197269522
2014-06-24,2.5603733939599396
2014-06-25,2.5689364121619227
2014-06-26,2.570522676181268
2014-06-27,2.5707710944053925
2014-06-30,2.5751636048232838
2014-07-01,2.5924619162489173
2014-07-02,2.5839501181953874
2014-07-03,2.5961624612880048
2014-07-07,2.570303205333617
2014-07-08,2.5472799955439522
2014-07-09,2.5569240970219904
2014-07-10,2.550795082651802
2014-07-11,2.553952903023235
2014-07-14,2.5699927872517363
2014-07-15,2.564854147693994
2014-07-16,2.5618776591138075
2014-07-17,2.5336939050158893
2014-07-18,2.573937050265741
2014-07-21,2.5722030810778667
2014-07-22,2.587235399770222
2014-07-23,2.5938770688248525
2014-07-24,2.5997051192592022
2014-07-25,2.5881215719876547
2014-07-28,2.590329163700713
2014-07-29,2.5804273750320337
2014-07-30,2.582784106215804
2014-07-31,2.532700399701379
2014-08-01,2.536379323002415
2014-08-04,2.55175211432211
2014-08-05,2.5269436181428344
2014-08-06,2.5273795497822293
2014-08-07,2.520040540251999
2014-08-08,2.545477116400341
2014-08-11,2.5648207971905803
2014-08-12,2.560486704604271
2014-08-13,2.587809387902232
2014-08-14,2.601975646909762
2014-08-15,2.611518394597968
2014-08-18,2.6344551645907948
2014-08-19,2.651336770556267
2014-08-20,2.658167941814603
2014-08-21,2.655172578016499
2014-08-22,2.6521472714501964
2014-08-25,2.6700301403259274
2014-08-26,2.66620275984665
2014-08-27,2.6671220793986694
2014-08-28,2.6666656552162014
2014-08-29,2.6828293363159097
2014-09-02,2.69937816446691
2014-09-03,2.6956844736780115
2014-09-04,2.6895364573485834
2014-09-05,2.70307772906871
2014-09-08,2.7046225048330923
2014-09-09,2.680730966717493
2014-09-10,2.6940031746709563
2014-09-11,2.70160576078403
2014-09-12,2.6832401865463913
2014-09-15,2.668782721456576
2014-09-16,2.6972290499240805
2014-09-17,2.7050192432657196
2014-09-18,2.7246421533611214
2014-09-19,2.720290067837033
2014-09-22,2.6906881877855895
2014-09-23,2.6755146199538333
2014-09-24,2.703317436969086
2014-09-25,2.6573629671656307
2014-09-26,2.6813437079331646
2014-09-29,2.6839478125662004
2014-09-30,2.670195542015672
2014-10-01,2.6165170987548274
2014-10-02,2.6243081994300037
2014-10-03,2.670107099952662
2014-10-06,2.6562687367635744
2014-10-07,2.607114631155778
2014-10-08,2.6462069417895018
2014-10-09,2.586929246278199
2014-10-10,2.535424483925694
2014-10-13,2.467318915694755
2014-10-14,2.4930927979131443
2014-10-15,2.4823035786586236
2014-10-16,2.5014425337543886
2014-10-17,2.5372990471673775
2014-10-20,2.573579162730018
2014-10-21,2.6348345757393266
2014-10-22,2.6172619171938756
2014-10-23,2.636755704006743
2014-10-24,2.657260380194844
2014-10-27,2.655599621119048
2014-10-28,2.691189622785832
2014-10-29,2.6862578251522256
2014-10-30,2.6946811405227393
2014-10-31,2.7287276600300405
2014-11-03,2.7266855228577707
2014-11-04,2.71913408849363
2014-11-05,2.723465058609167
2014-11-06,2.739057903811454
2014-11-07,2.7399234610529093
2014-11-10,2.750344456343757
2014-11-11,2.7529626626430637
2014-11-12,2.7501484496055983
2014-11-13,2.7523203503178433
2014-11-14,2.7523179890606944
2014-11-17,2.759919017869158
2014-11-18,2.768371722486192
2014-11-19,2.7611944227492065
2014-11-20,2.763912132543671
2014-11-21,2.7670629512739713
2014-11-24,2.774889122528047
2014-11-25,2.7762018009069687
2014-11-26,2.7845665330414984
2014-11-28,2.785961115541802
2014-12-01,2.761080613398868
2014-12-02,2.775890499227124
2014-12-03,2.7876893818520747
2014-12-04,2.791181036664521
2014-12-05,2.793579334800271
2014-12-08,2.7831957128424727
2014-12-09,2.782589621878491
2014-12-10,2.7555317731234816
2014-12-11,2.7638448818651633
2014-12-12,2.7404237359437453
2014-12-15,2.7285669878981875
2014-12-16,2.712745042205554
2014-12-17,2.748617238630611
2014-12-18,2.7858673912667755
2014-12-19,2.7863102316145545
2014-12-22,2.7934857570214375
2014-12-23,2.791656623792185
2014-12-24,2.798681337095032
2014-12-26,2.8020538073008106
2014-12-29,2.8045966317851008
2014-12-30,2.793662537898913
2014-12-31,2.7748561656671695
2015-01-02,2.775972416229792
2015-01-05,2.7527363310047233
2015-01-06,2.7353525983867883
2015-01-07,2.7630569665416664
2015-01-08,2.8045163248626213
2015-01-09,2.789515182321426
2015-01-12,2.776594932090227
2015-01-13,2.7759073981030027
2015-01-14,2.7704421241856596
2015-01-15,2.758761791656429
2015-01-16,2.785381262270519
2015-01-20,2.7952371150694137
2015-01-21,2.799936513697457
2015-01-22,2.8324235555231274
2015-01-23,2.8340886782131935
2015-01-26,2.842473531411868
2015-01-27,2.82661933747774
2015-01-28,2.8146014259745056
2015-01-29,2.8326161657873263
2015-01-30,2.796443456894002
2015-02-02,2.8121592936340405
2015-02-03,2.8320372859009337
2015-02-04,2.83976317199501
2015-02-05,2.86145130194577
2015-02-06,2.831510035286
2015-02-09,2.799743483242181
2015-02-10,2.8495877384906723
2015-02-11,2.8571059913694206
2015-02-12,2.8825268816557283
2015-02-13,2.869482657129267
2015-02-17,2.874089755527758
2015-02-18,2.895429511573687
2015-02-19,2.8841132600184602
2015-02-20,2.9001618752207565
2015-02-23,2.9136802388915632
2015-02-24,2.9175083685923893
2015-02-25,2.9070694781984088
2015-02-26,2.902506017672067
2015-02-27,2.8976117545276665
2015-03-02,2.9134722443533043
2015-03-03,2.90107686283743
2015-03-04,2.885947781141987
2015-03-05,2.901903359934796
2015-03-06,2.864947452542695
2015-03-09,2.880767819134219
2015-03-10,2.8431302116522095
2015-03-11,2.852234985384368
2015-03-12,2.887396435431669
2015-03-13,2.880500693202342
2015-03-16,2.928633297556132
2015-03-17,2.923718984322906
2015-03-18,2.9474939270108993
2015-03-19,2.950673330398554
2015-03-20,2.9619560052368343
2015-03-23,2.9566578199065523
2015-03-24,2.941373812407524
2015-03-25,2.890278607438522
2015-03-26,2.8807294002483452
2015-03-27,2.903766088681608
2015-03-30,2.9387816202631347
2015-03-31,2.9153088914250924
2015-04-01,2.900799483756191
2015-04-02,2.901615739901422
2015-04-06,2.9109595221568614
2015-04-07,2.898183963753915
2015-04-08,2.916169975577442
2015-04-09,2.9135899213003253
2015-04-10,2.922986068392233
2015-04-13,2.9097886858917055
2015-04-14,2.904920444206723
2015-04-15,2.901095889586941
2015-04-16,2.9048447024841413
2015-04-17,2.8744872074022223
2015-04-20,2.8953455131870145
2015-04-21,2.9073849692070484
2015-04-22,2.9125148263070564
2015-04-23,2.920875668657141
2015-04-24,2.9237740722416925
2015-04-27,2.897364803133991
2015-04-28,2.890594261390941
2015-04-29,2.8645519783043323
2015-04-30,2.8301754412461833
2015-05-01,2.866403079205722
2015-05-04,2.875158762412604
2015-05-05,2.8353414918696016
2015-05-06,2.837058214581277
2015-05-07,2.8661899994283035
2015-05-08,2.8930925764848174
2015-05-11,2.8986400818750475
2015-05-12,2.893022125485065
2015-05-13,2.8914913339868358
2015-05-14,2.9216710860664517
2015-05-15,2.930249725113836
2015-05-18,2.949207175243836
2015-05-19,2.9520037501822336
2015-05-20,2.9323412595859453
2015-05-21,2.9344178406728285
2015-05-22,2.9308996997371146
2015-05-26,2.915558035335119
2015-05-27,2.9435983113839983
2015-05-28,2.9411962164397383
2015-05-29,2.934252441304067
2015-06-01,2.9390844671153777
2015-06-02,2.9279943290115997
2015-06-03,2.9304394583547455
2015-06-04,2.9060018505727037
2015-06-05,2.9096700617237268
2015-06-08,2.8882803777163955
2015-06-09,2.8839251469060057
2015-06-10,2.9135322237035806
2015-06-11,2.9230011932181554
2015-06-12,2.911110608569611
2015-06-15,2.9057633727321948
2015-06-16,2.9229983901391248
2015-06-17,2.9397346420961687
2015-06-18,2.9703546793959545
2015-06-19,2.961695185381518
2015-06-22,2.9826989638164685
2015-06-23,2.9820716722083254
2015-06-24,2.951641845792642
2015-06-25,2.9487986217463757
2015-06-26,2.9527500505315523
2015-06-29,2.896630834422402
2015-06-30,2.9077989873454912
2015-07-01,2.931529133232592
2015-07-02,2.922834589647444
2015-07-06,2.9200333937335596
2015-07-07,2.933992976382908
2015-07-08,2.888226803750255
2015-07-09,2.9012801216075954
2015-07-10,2.954645703019547
2015-07-13,2.98291548967621
2015-07-14,2.9925374474680213
2015-07-15,2.98738355815939
2015-07-16,3.016634229086419
2015-07-17,3.0125239608166594
2015-07-20,3.0133670574474536
2015-07-21,3.0006692890167153
2015-07-22,3.0056509927060726
2015-07-23,2.998892970271685
2015-07-24,2.9716201237055877
2015-07-27,2.9372992395442403
2015-07-28,2.967842507740173
2015-07-29,2.9905364613613195
2015-07-30,2.9962045198172103
2015-07-31,3.008917139675317
2015-08-03,3.0000751131478007
2015-08-04,3.003233067388265
2015-08-05,3.0272687447420092
2015-08-06,3.002239700617237
2015-08-07,3.0067727873660006
2015-08-10,3.029323492236797
2015-08-11,3.020513489067406
2015-08-12,3.0174437257992275
2015-08-13,3.0321166869864706
2015-08-14,3.047635430106762
2015-08-17,3.0780791867710597
2015-08-18,3.0699789756384432
2015-08-19,3.047094643848926
2015-08-20,2.9743972842962605
2015-08-21,2.8972979550841234
2015-08-24,2.7894507297164384
2015-08-25,2.773592069535789
2015-08-26,2.858711890250264
2015-08-27,2.910552450136533
2015-08-28,2.9185002441464305
2015-08-31,2.8954900410177293
2015-09-01,2.8421198025418817
2015-09-02,2.872674252926265
2015-09-03,2.878303035414631
2015-09-04,2.8607834275993302
2015-09-08,2.9101484264382154
2015-09-09,2.894402609379166
2015-09-10,2.9033938546744453
2015-09-11,2.9181383039369155
2015-09-14,2.9094576918629067
2015-09-15,2.925622393829703
2015-09-16,2.932791663210619
2015-09-17,2.9386479194068698
2015-09-18,2.9180758841851318
2015-09-21,2.929883204056519
2015-09-22,2.904019818650521
2015-09-23,2.9118191383031418
2015-09-24,2.90136085921651
2015-09-25,2.897425278320236
2015-09-28,2.8403825195940744
2015-09-29,2.8318320099146725
2015-09-30,2.869836952282484
2015-10-01,2.88152959528091
2015-10-02,2.9006855709572656
2015-10-05,2.9229026864100462
2015-10-06,2.8985041794365274
2015-10-07,2.913233258058336
2015-10-08,2.925820412911091
2015-10-09,2.928665057825464
2015-10-12,2.9361744907232565
2015-10-13,2.913155805318991
2015-10-14,2.895422105869866
2015-10-15,2.926464274864255
2015-10-16,2.935336001531978
2015-10-19,2.943626471016046
2015-10-20,2.9387269540115795
2015-10-21,2.925010238991928
2015-10-22,2.945618749813196
2015-10-23,2.9471219040805896
2015-10-26,2.9491829030208043
2015-10-27,2.9444636109982683
2015-10-28,2.9686322899345403
2015-10-29,2.962216798896106
2015-10-30,2.9631737191605336
2015-11-02,2.9785850954118045
2015-11-03,2.9717700173356594
2015-11-04,2.9707375147297927
2015-11-05,2.971641705601797
2015-11-06,2.967905823276598
2015-11-09,2.9534021367211127
2015-11-10,2.965059282665367
2015-11-11,2.9654831489277633
2015-11-12,2.944771555685167
2015-11-13,2.9217212513577198
2015-11-16,2.943041166095488
2015-11-17,2.9501046053873448
2015-11-18,2.972728650524738
2015-11-19,2.972490071300775
2015-11-20,2.9863751469514686
2015-11-23,2.9888214311553547
2015-11-24,2.9878632857280922
2015-11-25,2.992579034572236
2015-11-27,3.0020711211889486
2015-11-30,2.9894947915846957
2015-12-01,3.018637465145947
2015-12-02,2.9978783552891497
2015-12-03,2.9562179814055596
2015-12-04,3.0174745534809326
2015-12-07,2.9975221461901196
2015-12-08,3.0010605396263164
2015-12-09,2.9569488617086055
2015-12-10,2.9615868092449387
2015-12-11,2.9144676569955696
2015-12-14,2.9323682282618435
2015-12-15,2.947587405921085
2015-12-16,2.97880585111464
2015-12-17,2.943457686953433
2015-12-18,2.9072165484733707
2015-12-21,2.9236625322207193
2015-12-22,2.9407946790057617
2015-12-23,2.958902818892393
2015-12-24,2.9597341158687436
2015-12-28,2.9670861956757597
2015-12-29,2.9935973093863377
2015-12-30,2.974133582300854
2015-12-31,2.9413796034784214
2016-01-04,2.883336033417584
2016-01-05,2.895431523411644
2016-01-06,2.881384219858542
2016-01-07,2.8342995366188117
2016-01-08,2.7994116828886457
2016-01-11,2.8001645098359886
2016-01-12,2.8235483790086313
2016-01-13,2.7477146744049716
2016-01-14,2.7856760701255414
2016-01-15,2.738572493638756
2016-01-19,2.743413016981657
2016-01-20,2.7204382975102175
2016-01-21,2.723689755953895
2016-01-22,2.788687649000541
2016-01-25,2.7533559206521114
2016-01-26,2.7736512443038728
2016-01-27,2.732566742237239
2016-01-28,2.739554626998141
2016-01-29,2.8047681167472507
2016-02-01,2.8102771428774567
2016-02-02,2.7785439236512266
2016-02-03,2.767981444744497
2016-02-04,2.764181454381348
2016-02-05,2.7044039157572395
2016-02-08,2.657320023430085
2016-02-09,2.6658355835116616
2016-02-10,2.6776467961501256
2016-02-11,2.6610408573845397
2016-02-12,2.687292148866306
2016-02-16,2.7269294195694207
2016-02-17,2.7587254236464096
2016-02-18,2.745757044134549
2016-02-19,2.7535938787027443
2016-02-22,2.7780423333762996
2016-02-23,2.764549142192764
2016-02-24,2.778257686485713
2016-02-25,2.8056540519043125
2016-02-26,2.8036507874318555
2016-02-29,2.789399289269997
2016-03-01,2.818799995220077
2016-03-02,2.8281694338349146
2016-03-03,2.830085827779892
2016-03-04,2.8326202311571875
2016-03-07,2.824152829935947
2016-03-08,2.8170851155211696
2016-03-09,2.824293450145653
2016-03-10,2.824337435335371
2016-03-11,2.8504605544214123
2016-03-14,2.8510298531880576
2016-03-15,2.849838124123174
2016-03-16,2.8619117368562503
2016-03-17,2.863918027949083
2016-03-18,2.8681966174421243
2016-03-21,2.8656564424374746
2016-03-22,2.8715548239076356
2016-03-23,2.8684714215756286
2016-03-24,2.867874515360608
2016-03-28,2.8720140357407624
2016-03-29,2.8958984407020916
2016-03-30,2.9004586190393282
2016-03-31,2.9004985869201545
2016-04-01,2.9169935994936482
2016-04-04,2.910654750908649
2016-04-05,2.894875128618633
2016-04-06,2.9129434834963726
2016-04-07,2.9010775118362537
2016-04-08,2.9086005971345883
2016-04-11,2.8996496839713743
2016-04-12,2.9045419361628055
2016-04-13,2.9122109580952147
2016-04-14,2.903973539792237
2016-04-15,2.909108728516011
2016-04-18,2.919149466261767
2016-04-19,2.9165683390676835
2016-04-20,2.9125357344397185
2016-04-21,2.890918186074846
2016-04-22,2.8892386457680224
2016-04-25,2.8937119499271016
2016-04-26,2.8961058994935893
2016-04-27,2.9073930359650206
2016-04-28,2.886694744951216
2016-04-29,2.8794632585281583
2016-05-02,2.914176917546778
2016-05-03,2.896025401092125
2016-05-04,2.893239120687331
2016-05-05,2.8986641738007135
2016-05-06,2.9158911223424764
2016-05-09,2.9326241506908666
2016-05-10,2.9627315205117095
2016-05-11,2.9419088498600243
2016-05-12,2.955458669527805
2016-05-13,2.946656537903677
2016-05-16,2.968293924030622
2016-05-17,2.9273392335560353
2016-05-18,2.9206866988735327
2016-05-19,2.913286628139989
2016-05-20,2.9291971005483393
2016-05-23,2.922656218695366
2016-05-24,2.9724432995306374
2016-05-25,2.9702302495214696
2016-05-26,2.9744073975752254
2016-05-27,2.9917267183039433
2016-05-31,2.9865559571500473
2016-06-01,2.9927565834853413
2016-06-02,2.998676875955896
2016-06-03,2.9931157798331056
2016-06-06,2.9962498850808945
2016-06-07,3.001991041487087
2016-06-08,3.0185901511880813
2016-06-09,3.0290511053577984
2016-06-10,3.001415697704633
2016-06-13,2.9798629506125263
2016-06-14,2.983029951553889
2016-06-15,2.9770902445457432
2016-06-16,2.9919613421932625
2016-06-17,2.9724285603491043
2016-06-20,2.993899289128622
2016-06-21,3.0043935440726246
2016-06-22,2.999412216656158
2016-06-23,3.0344625425153002
2016-06-24,2.9641114482802196
2016-06-27,2.9241012448720656
2016-06-28,2.976518848701706
2016-06-29,3.0194452339357327
2016-06-30,3.074763573000761
2016-07-01,3.077783721664542
2016-07-05,3.0777293686820153
2016-07-06,3.0904627161215843
2016-07-07,3.0856550550888673
2016-07-08,3.117853610919894
2016-07-11,3.1253084582108643
2016-07-12,3.13051270445232
2016-07-13,3.131097007630322
2016-07-14,3.1324511687989998
2016-07-15,3.1270015090971133
2016-07-18,3.1268935531213784
2016-07-19,3.1319464038248177
2016-07-20,3.1394613798532527
2016-07-21,3.1165389338873095
2016-07-22,3.140250449857106
2016-07-25,3.1388278160449645
2016-07-26,3.1334933471887054
2016-07-27,3.1218252082897986
2016-07-28,3.1347463874501833
2016-07-29,3.137252075554372
2016-08-01,3.1360945377029004
2016-08-02,3.131890499283218
2016-08-03,3.1265230088567484
2016-08-04,3.136465439839912
2016-08-05,3.1429827090075775
2016-08-08,3.1344072198478785
2016-08-09,3.141606311178481
2016-08-10,3.136558855056846
2016-08-11,3.14148180942425
2016-08-12,3.1442153431288817
2016-08-15,3.14965824448492
2016-08-16,3.1230574146479677
2016-08-17,3.129118078726905
2016-08-18,3.1447106490085246
2016-08-19,3.15008116387538
2016-08-22,3.154877683167886
2016-08-23,3.1501600113545427
2016-08-24,3.134851556531487
2016-08-25,3.1377721826418528
2016-08-26,3.126429872905728
2016-08-29,3.146146372818262
2016-08-30,3.1331940536288587
2016-08-31,3.1293609628460883
2016-09-01,3.1374239105398667
2016-09-02,3.1562721966304146
2016-09-06,3.1654470163252766
2016-09-07,3.1637178762469635
2016-09-08,3.1538455132729246
2016-09-09,3.0567291993142516
2016-09-12,3.1003571868673725
2016-09-13,3.051220470357486
2016-09-14,3.0528182185829458
2016-09-15,3.0909016525442983
2016-09-16,3.0767598265155374
2016-09-19,3.091754767245328
2016-09-20,3.0923813260713686
2016-09-21,3.130228023358286
2016-09-22,3.1537070282220157
2016-09-23,3.1300992322943126
2016-09-26,3.120044430663949
2016-09-27,3.1453378571259107
2016-09-28,3.1568471473198234
2016-09-29,3.126846313260713
2016-09-30,3.1490038676092076
2016-10-03,3.128554808240148
2016-10-04,3.1028407204076904
2016-10-05,3.112904650231198
2016-10-06,3.117008500986944
2016-10-07,3.0979872177341443
2016-10-10,3.1170970234455107
2016-10-11,3.0720425453242117
2016-10-12,3.0867488912798153
2016-10-13,3.082200004810213
2016-10-14,3.0839088782028363
2016-10-17,3.081731561136837
2016-10-18,3.097340933859948
2016-10-19,3.101684646044009
2016-10-20,3.0930596868511424
2016-10-21,3.083198633382932
2016-10-24,3.104090124137866
2016-10-25,3.0871966038818583
2016-10-26,3.0621937773172667
2016-10-27,3.0346980756507285
2016-10-28,3.041646650883336
2016-10-31,3.0601369346161595
2016-11-01,3.0307607335032483
2016-11-02,2.997440512116814
2016-11-03,2.989553095387552
2016-11-04,2.988159141791247
2016-11-07,3.046535698949398
2016-11-08,3.0577238399823936
2016-11-09,3.054741171275817
2016-11-10,3.037904424980418
2016-11-11,3.053274379792286
2016-11-14,3.043380682778937
2016-11-15,3.0758919100484414
2016-11-16,3.0794329512059795
2016-11-17,3.097698805559844
2016-11-18,3.0931603161618506
2016-11-21,3.11380717980884
2016-11-22,3.1230315376336595
2016-11-23,3.1314365958885335
2016-11-25,3.1429417724345154
2016-11-28,3.1249094878904233
2016-11-29,3.134961261635429
2016-11-30,3.1173591484496095
2016-12-01,3.086759045095745
2016-12-02,3.0960073921175604
2016-12-05,3.1053554499733655
2016-12-06,3.113420283316157
2016-12-07,3.145621539959911
2016-12-08,3.1424987916641705
2016-12-09,3.139106404550358
2016-12-12,3.1390415359983024
2016-12-13,3.1487272690746506
2016-12-14,3.1318772869599645
2016-12-15,3.1413175234976713
2016-12-16,3.1362649826367504
2016-12-19,3.1400814722190318
2016-12-20,3.1477419686241794
2016-12-21,3.1461842803010978
2016-12-22,3.138865767920332
2016-12-23,3.14295419907708
2016-12-27,3.148170736406192
2016-12-28,3.124744802403375
2016-12-29,3.133647518534226
2016-12-30,3.1193893161657082
2017-01-03,3.1347497534923923
2017-01-04,3.1665782721864075
2017-01-05,3.150351438384454
2017-01-06,3.1559919312834963
2017-01-09,3.1434372957866663
2017-01-10,3.162674500125057
2017-01-11,3.1734361304383136
2017-01-12,3.1537612809839204
2017-01-13,3.164938575924129
2017-01-17,3.1432212420601617
2017-01-18,3.163797893214162
2017-01-19,3.14248734658186
2017-01-20,3.148519303114172
2017-01-23,3.1383684423727956
2017-01-24,3.181115480099641
2017-01-25,3.2007325368599413
2017-01-26,3.1903696592623585
2017-01-27,3.187710122579166
2017-01-30,3.1633883153207845
2017-01-31,3.1702483751287014
2017-02-01,3.175767974767812
2017-02-02,3.186035192447927
2017-02-03,3.2200621737170825
2017-02-06,3.2150102000962235
2017-02-07,3.2158816573734668
2017-02-08,3.2151571445176326
2017-02-09,3.241665369045
2017-02-10,3.2523606522540467
2017-02-13,3.2619397315666743
2017-02-14,3.2687092398135857
2017-02-15,3.2806881577855074
2017-02-16,3.274922233682177
2017-02-17,3.2714597608165907
2017-02-21,3.300148693864814
2017-02-22,3.2887422677853606
2017-02-23,3.2729937224413352
2017-02-24,3.2819318245221436
2017-02-27,3.294749743244974
2017-02-28,3.2876161062115408
2017-03-01,3.3389700504070596
2017-03-02,3.3091237745613302
2017-03-03,3.323049197711599
2017-03-06,3.3114023408408966
2017-03-07,3.2952602839989256
2017-03-08,3.277388017845701
2017-03-09,3.274889136963364
2017-03-10,3.2876663743114776
2017-03-13,3.30176107258676
2017-03-14,3.282908992834141
2017-03-15,3.317322770134814
2017-03-16,3.306280516407115
2017-03-17,3.307483051120825
2017-03-20,3.301968049821516
2017-03-21,3.229029696411205
2017-03-22,3.249390963503379
2017-03-23,3.2514632509835395
2017-03-24,3.2548087141931585
2017-03-27,3.2399641703601465
2017-03-28,3.2695359870930263
2017-03-29,3.2847360137380526
2017-03-30,3.301789103586577
2017-03-31,3.298020866271889
2017-04-03,3.290951921494954
2017-04-04,3.2885039559817457
2017-04-05,3.2682707846108676
2017-04-06,3.284380643566035
2017-04-07,3.28069884210136
2017-04-10,3.2764283405828576
2017-04-11,3.277365780252206
2017-04-12,3.25491348894808
2017-04-13,3.228900478771809
2017-04-17,3.2628995406956642
2017-04-18,3.2636660108473547
2017-04-19,3.2712895651615157
2017-04-20,3.301160879595062
2017-04-21,3.2909254277377404
2017-04-24,3.3313330349652337
2017-04-25,3.351709309478175
2017-04-26,3.352804535715301
2017-04-27,3.3664199490757643
2017-04-28,3.3705086537046958
2017-05-01,3.380462946590449
2017-05-02,3.368033060398198
2017-05-03,3.3498520172797126
2017-05-04,3.349521602805006
2017-05-05,3.3769455542324325
2017-05-08,3.3695947395340182
2017-05-09,3.3683223524376613
2017-05-10,3.3958234853421763
2017-05-11,3.3884322302351975
2017-05-12,3.3842012769225964
2017-05-15,3.4078329371448497
2017-05-16,3.4111873944177935
2017-05-17,3.3322023322628067
2017-05-18,3.351750800580114
2017-05-19,3.37126506506385
2017-05-22,3.4013581067980807
2017-05-23,3.4312861072339733
2017-05-24,3.446920121746977
2017-05-25,3.4924550143146544
2017-05-26,3.4867424785449175
2017-05-30,3.4786095281300256
2017-05-31,3.4810620019968925
2017-06-01,3.5044295926317637
2017-06-02,3.519574169101242
2017-06-05,3.501863648814382
2017-06-06,3.497671922167595
2017-06-07,3.506092002047603
2017-06-08,3.516094385289617
2017-06-09,3.493261382662648
2017-06-12,3.4830511959562642
2017-06-13,3.508761692902711
2017-06-14,3.4975281706900954
2017-06-15,3.4930661089372146
2017-06-16,3.4919095050324014
2017-06-19,3.5253801058822134
2017-06-20,3.5009800539782896
2017-06-21,3.4999726422071102
2017-06-22,3.4986712134816127
2017-06-23,3.5001637560438565
2017-06-26,3.5036416655291127
2017-06-27,3.4643129557861108
2017-06-28,3.4942371937645857
2017-06-29,3.456892988716347
2017-06-30,3.4651863021385494
2017-07-03,3.4663586457560185
2017-07-05,3.4857164799216243
2017-07-06,3.4631658726946437
2017-07-07,3.49227727665649
2017-07-10,3.49401940464219
2017-07-11,3.4951163041228632
2017-07-12,3.5213126654771902
2017-07-13,3.5225950624427833
2017-07-14,3.536254226360234
2017-07-17,3.536492083701413
2017-07-18,3.5407665976879428
2017-07-19,3.5632544388417067
2017-07-20,3.5545642821293
2017-07-21,3.5554752761888126
2017-07-24,3.5649772071245556
2017-07-25,3.5619600245149186
2017-07-26,3.557870440345835
2017-07-27,3.5339982465840154
2017-07-28,3.5350813435425446
2017-07-31,3.5260974172275534
2017-08-01,3.532864065651957
2017-08-02,3.524189991050008
2017-08-03,3.544323236760647
2017-08-04,3.564760280533467
2017-08-07,3.585233266344191
2017-08-08,3.5871774798562845
2017-08-09,3.573107477940872
2017-08-10,3.5178753967130163
2017-08-11,3.519079180205326
2017-08-14,3.5710913217039524
2017-08-15,3.58481769689697
2017-08-16,3.590304982807973
2017-08-17,3.5206404683593524
2017-08-18,3.5220947853061144
2017-08-21,3.5201174675398734
2017-08-22,3.5650839243787313
2017-08-23,3.5632068151085403
2017-08-24,3.5633920542116293
2017-08-25,3.570262502621398
2017-08-28,3.5731168248245506
2017-08-29,3.558480382780556
2017-08-30,3.5904752238203717
2017-08-31,3.6082868083123576
2017-09-01,3.618834254045518
2017-09-05,3.5839332174622514
2017-09-06,3.5818261524141546
2017-09-07,3.5913753667738644
2017-09-08,3.5856419212037407
2017-09-11,3.637909821611604
2017-09-12,3.6340486199504984
2017-09-13,3.6311588021084495
2017-09-14,3.635539734117302
2017-09-15,3.6461931108663888
2017-09-18,3.66534803259428
2017-09-19,3.67092680179724
2017-09-20,3.6744072880947276
2017-09-21,3.6681948691535906
2017-09-22,3.6639626955073226
2017-09-25,3.636675275986508
2017-09-26,3.6415393964086418
2017-09-27,3.6635663961421714
2017-09-28,3.6751567440090285
2017-09-29,3.688032612804644
2017-10-02,3.692395505713894
2017-10-03,3.704157980267781
2017-10-04,3.71923235960653
2017-10-05,3.7418144314424784
2017-10-06,3.754505249683965
2017-10-09,3.754420987615135
2017-10-10,3.764417135778249
2017-10-11,3.779179680376123
2017-10-12,3.7896543334835626
2017-10-13,3.795062473896789
2017-10-16,3.7986250291258576
2017-10-17,3.7972709223707293
2017-10-18,3.802196959209399
2017-10-19,3.8054146141653877
2017-10-20,3.83613095862883
2017-10-23,3.821840941413051
2017-10-24,3.8382265833293587
2017-10-25,3.798379027337894
2017-10-26,3.8223112855232255
2017-10-27,3.8677260384721297
2017-10-30,3.8511374739278263
2017-10-31,3.8899366348756828
2017-11-01,3.891509495182055
2017-11-02,3.8903991938261684
2017-11-03,3.930442855358203
2017-11-06,3.9520003129181625
2017-11-07,3.9552358965232863
2017-11-08,3.960053501746259
2017-11-09,3.925646552272578
2017-11-10,3.9400365326286773
2017-11-13,3.9531625039800997
2017-11-14,3.9514825126591844
2017-11-15,3.932038652758857
2017-11-16,3.9780678113892973
2017-11-17,3.979581019104154
2017-11-20,4.006337201260303
2017-11-21,4.040197143154524
2017-11-22,4.028789795671299
2017-11-24,4.0371932597083
2017-11-27,4.01712594405211
2017-11-28,4.053496763685966
2017-11-29,4.004180336381481
2017-11-30,4.044190511762511
2017-12-01,4.016221034192213
2017-12-04,3.972462368052216
2017-12-05,3.9692167467358175
2017-12-06,3.9724688143126383
2017-12-07,4.014048889436355
2017-12-08,4.042015253728818
2017-12-11,4.0486462663753295
2017-12-12,4.0389433871486435
2017-12-13,4.040950943950939
2017-12-14,4.023563898205658
2017-12-15,4.056322356720413
2017-12-18,4.0863934578032834
2017-12-19,4.074687301729433
2017-12-20,4.0837221802035355
2017-12-21,4.081056256084997
2017-12-22,4.088524869654965
2017-12-26,4.08982309751238
2017-12-27,4.098375180073286
2017-12-28,4.111139650138466
2017-12-29,4.094126132287373
2018-01-02,4.104773433615973
2018-01-03,4.146558758441225
2018-01-04,4.157450511895761
2018-01-05,4.193590696383904
2018-01-08,4.239266470744283
2018-01-09,4.248387129952259
2018-01-10,4.221513686224751
2018-01-11,4.259119280729442
2018-01-12,4.276480335269937
2018-01-16,4.24134014026933
2018-01-17,4.3009301709257945
2018-01-18,4.295905622088508
2018-01-19,4.336045353075109
2018-01-22,4.363528533403891
2018-01-23,4.381872140927962
2018-01-24,4.367890377154601
2018-01-25,4.372203232399214
2018-01-26,4.4048974988541705
2018-01-29,4.3385007922764025
2018-01-30,4.310876907689238
2018-01-31,4.328211257677814
2018-02-01,4.314710692961437
2018-02-02,4.226601419299487
2018-02-05,4.072573753622451
2018-02-06,4.1231708141198435
2018-02-07,4.113825768777978
2018-02-08,3.956782278901358
2018-02-09,4.003653124437755
2018-02-12,4.069358144477913
2018-02-13,4.10322275806127
2018-02-14,4.178032331558645
2018-02-15,4.22379680066923
2018-02-16,4.219453482229371
2018-02-20,4.207668777599233
2018-02-21,4.180217766613254
2018-02-22,4.196401898501146
2018-02-23,4.259361241447642
2018-02-26,4.289302292601958
2018-02-27,4.238751381084326
2018-02-28,4.205887030124881
2018-03-01,4.172772753220661
2018-03-02,4.196926188426142
2018-03-05,4.233765091684289
2018-03-06,4.259562820725973
2018-03-07,4.2682898882797815
2018-03-08,4.287571283248479
2018-03-09,4.333337220177818
2018-03-12,4.328529384546388
2018-03-13,4.316436027877168
2018-03-14,4.312859988521617
2018-03-15,4.305631028680707
2018-03-16,4.314513212755839
2018-03-19,4.284652013330194
2018-03-20,4.31711805770948
2018-03-21,4.3177954458827585
2018-03-22,4.248249151616507
2018-03-23,4.1962941289401865
2018-03-26,4.2719827570373985
2018-03-27,4.21432623679623
2018-03-28,4.191613866496963
2018-03-29,4.239896028316748
2018-04-02,4.190435087176155
2018-04-03,4.215628797037324
2018-04-04,4.237229621203162
2018-04-05,4.256206947318518
2018-04-06,4.203750180368859
2018-04-09,4.218629692889499
2018-04-10,4.2599177956780805
2018-04-11,4.25168665220756
2018-04-12,4.272102986873477
2018-04-13,4.25721985654396
2018-04-16,4.2819957697908695
2018-04-17,4.3257286094730665
2018-04-18,4.343002438511806
2018-04-19,4.32707266490818
2018-04-20,4.307239506220926
2018-04-23,4.300226832478469
2018-04-24,4.260453291524017
2018-04-25,4.258152751721439
2018-04-26,4.2889030842346525
2018-04-27,4.284535588443322
2018-04-30,4.269841505026523
2018-05-01,4.268165319461857
2018-05-02,4.254165532176874
2018-05-03,4.268984976481097
2018-05-04,4.2890936824081045
2018-05-07,4.311139237483601
2018-05-08,4.318778863892336
2018-05-09,4.354799237144925
2018-05-10,4.379736062071374
2018-05-11,4.382163458107172
2018-05-14,4.376825161042304
2018-05-15,4.36653848359558
2018-05-16,4.377393674567351
2018-05-17,4.39142709614284
2018-05-18,4.396155101893051
2018-05-21,4.426142194219953
2018-05-22,4.405546509553954
2018-05-23,4.4199010917144905
2018-05-24,4.436198117016231
2018-05-25,4.43460350770755
2018-05-29,4.425056473554183
2018-05-30,4.4578585092806735
2018-05-31,4.439202372187134
2018-06-01,4.482992018445878
2018-06-04,4.505951014151059
2018-06-05,4.5225212062241935
2018-06-06,4.542978505759169
2018-06-07,4.504499321485982
2018-06-08,4.5348500593391154
2018-06-11,4.5367785881859914
2018-06-12,4.571428695936356
2018-06-13,4.5655018982113305
2018-06-14,4.579999267816809
2018-06-15,4.567616477902974
2018-06-18,4.580320485032001
2018-06-19,4.556721037508757
2018-06-20,4.576716156019408
2018-06-21,4.540099821353366
2018-06-22,4.519941034421673
2018-06-25,4.424890369867032
2018-06-26,4.447202849933221
2018-06-27,4.389147377651672
2018-06-28,4.426526556205828
2018-06-29,4.425339827601345
2018-07-02,4.437890917759948
2018-07-03,4.403988172564123
2018-07-05,4.432611934020063
2018-07-06,4.473031875805714
2018-07-09,4.508793141828827
2018-07-10,4.528845235584999
2018-07-11,4.4998280130318395
2018-07-12,4.547934049718015
2018-07-13,4.552796176259469
2018-07-16,4.548744234364228
2018-07-17,4.5798410949402415
2018-07-18,4.6065125962602504
2018-07-19,4.584925284809055
2018-07-20,4.580677388066192
2018-07-23,4.585113027777817
2018-07-24,4.554709469798514
2018-07-25,4.617914876752419
2018-07-26,4.61030512520025
2018-07-27,4.531956270270807
2018-07-30,4.45806503859275
2018-07-31,4.494677533181536
2018-08-01,4.522625945793358
2018-08-02,4.611142498486864
2018-08-03,4.602066588247773
2018-08-06,4.629292502882579
2018-08-07,4.657649641401528
2018-08-08,4.653703451859354
2018-08-09,4.65484346250426
2018-08-10,4.647781448394681
2018-08-13,4.622256604883348
2018-08-14,4.666857507602422
2018-08-15,4.60027157523329
2018-08-16,4.63605006596378
2018-08-17,4.655016647765338
2018-08-20,4.690017487957863
2018-08-21,4.699669437846312
2018-08-22,4.721706557890011
2018-08-23,4.7291686126445125
2018-08-24,4.768459008975089
2018-08-27,4.79811484563818
2018-08-28,4.804998144346862
2018-08-29,4.8319201611922695
2018-08-30,4.820538375097735
2018-08-31,4.847763654775488
2018-09-04,4.8603251907979
2018-09-05,4.809966673080684
2018-09-06,4.8128531470355265
2018-09-07,4.806810441003693
2018-09-10,4.829429486226697
2018-09-11,4.854241571795383
2018-09-12,4.859101813531196
2018-09-13,4.879150494671357
2018-09-14,4.871350084082709
2018-09-17,4.815334698017711
2018-09-18,4.849659749373062
2018-09-19,4.7966640091712245
2018-09-20,4.818129095900076
2018-09-21,4.8089067440906765
2018-09-24,4.814162421656506
2018-09-25,4.846802520806999
2018-09-26,4.832136657839224
2018-09-27,4.836134269170928
2018-09-28,4.846867487967151
2018-10-01,4.830588059825167
2018-10-02,4.796709382384744
2018-10-03,4.805105029975707
2018-10-04,4.733815456205069
2018-10-05,4.718273506196756
2018-10-08,4.677645425030376
2018-10-09,4.666228883245533
2018-10-10,4.494537335730014
2018-10-11,4.434237163981325
2018-10-12,4.520325098986771
2018-10-15,4.488561645812166
2018-10-16,4.597109061826464
2018-10-17,4.580276100058351
2018-10-18,4.529423735572161
2018-10-19,4.491226690912107
2018-10-22,4.510878619228408
2018-10-23,4.468486757562699
2018-10-24,4.329679330369344
2018-10-25,4.376601867517014
2018-10-26,4.3011897746124745
2018-10-29,4.277762898583898
2018-10-30,4.347181583203429
2018-10-31,4.427618285102219
2018-11-01,4.457351304822729
2018-11-02,4.44452050873425
2018-11-05,4.4556685841611845
2018-11-06,4.4755395889734295
2018-11-07,4.538884646703729
2018-11-08,4.522067869096028
2018-11-09,4.497869235997278
2018-11-12,4.450081975848294
2018-11-13,4.441727904949262
2018-11-14,4.40815838083201
2018-11-15,4.421944629100158
2018-11-16,4.428677162353239
2018-11-19,4.344991582722311
2018-11-20,4.285314335640787
2018-11-21,4.315283177076038
2018-11-23,4.306171675428612
2018-11-26,4.348195048590949
2018-11-27,4.33816445772626
2018-11-28,4.4180665582990395
2018-11-29,4.419771814626942
2018-11-30,4.429154229155661
2018-12-03,4.458727416944693
2018-12-04,4.388492324361031
2018-12-06,4.395836786850407
2018-12-07,4.33478910154998
2018-12-10,4.345273379127171
2018-12-11,4.348639066159744
2018-12-12,4.363248072165516
2018-12-13,4.357790985133409
2018-12-14,4.3182897929487725
2018-12-17,4.244881806715454
2018-12-18,4.2494587459228805
2018-12-19,4.220620103466678
2018-12-20,4.176749909702556
2018-12-21,4.133598689711708
2018-12-24,4.069214737365929
2018-12-26,4.189624236058634
2018-12-27,4.212847672573367
2018-12-28,4.211366446826963
2018-12-31,4.235759618413974
2019-01-02,4.217122405279741
2019-01-03,4.183305061114266
2019-01-04,4.234786855475539
2019-01-07,4.254372317154895
2019-01-08,4.274716584952888
2019-01-09,4.286233171955044
2019-01-10,4.297419903981178
2019-01-11,4.294010941256136
2019-01-14,4.28473316399612
2019-01-15,4.3104984018404275
2019-01-16,4.314637095126588
2019-01-17,4.330608199230985
2019-01-18,4.350996794505068
2019-01-22,4.332700194055808
2019-01-23,4.336373629137382
2019-01-24,4.332172301163005
2019-01-25,4.346607175362448
2019-01-28,4.335535421048091
2019-01-29,4.334962844363383
2019-01-30,4.359070835177932
2019-01-31,4.378735820283362
2019-02-01,4.394125348650958
2019-02-04,4.409169207783686
2019-02-05,4.419238450713731
2019-02-06,4.417721182756232
2019-02-07,4.424183408242167
2019-02-08,4.435162329634783
2019-02-11,4.444240410364925
2019-02-12,4.460524160376628
2019-02-13,4.471234587185998
2019-02-14,4.476913452389651
2019-02-15,4.494086981376564
2019-02-19,4.496046391886371
2019-02-20,4.489298724997234
2019-02-21,4.490810588149818
2019-02-22,4.520663225404202
2019-02-25,4.512127223503118
2019-02-26,4.509835623923321
2019-02-27,4.50877457684076
2019-02-28,4.5080584602221405
2019-03-01,4.531205103795235
2019-03-04,4.488303509980998
2019-03-05,4.491840995699841
2019-03-06,4.460762152803657
2019-03-07,4.440137095282305
2019-03-08,4.426796246789527
2019-03-11,4.473950629951579
2019-03-12,4.49265943973031
2019-03-13,4.513933889215837
2019-03-14,4.5109065313358885
2019-03-15,4.531260484866988
2019-03-18,4.531670455968921
2019-03-19,4.533102199140207
2019-03-20,4.525942091675137
2019-03-21,4.600105872417311
2019-03-22,4.532493281398094
2019-03-25,4.5474635212584165
2019-03-26,4.564646838527883
2019-03-27,4.5425593911255335
2019-03-28,4.579259222968274
2019-03-29,4.60282730576934
2019-04-01,4.6295225019128186
2019-04-02,4.625002058018296
2019-04-03,4.626037792210521
2019-04-04,4.600506950491982
2019-04-05,4.6233864836760965
2019-04-08,4.623565781041978
2019-04-09,4.614267868623362
2019-04-10,4.643225356951748
2019-04-11,4.644974872147459
2019-04-12,4.6610673827931155
2019-04-15,4.658227727049715
2019-04-16,4.62861602499674
2019-04-17,4.584625037525445
2019-04-18,4.593901661047656
2019-04-22,4.596033176527753
2019-04-23,4.63830650962537
2019-04-24,4.651132913233717
2019-04-25,4.644777157185205
2019-04-26,4.67917124252922
2019-04-29,4.666716158497929
2019-04-30,4.698766233680892
2019-05-01,4.619804857025675
2019-05-02,4.629998124451109
2019-05-03,4.670975180587638
2019-05-06,4.661606429641482
2019-05-07,4.5902185157816815
2019-05-08,4.599127308439992
2019-05-09,4.591325117462228
2019-05-10,4.626224527297444
2019-05-13,4.538006148842293
2019-05-14,4.586706137377224
2019-05-15,4.615588551684985
2019-05-16,4.673302646129831
2019-05-17,4.6464173722787985
2019-05-20,4.608055718381108
2019-05-21,4.656680565966252
2019-05-22,4.664219580295316
2019-05-23,4.60940533351777
2019-05-24,4.62423942107505
2019-05-28,4.611685641400138
2019-05-29,4.569738127813959
2019-05-30,4.610175273748006
2019-05-31,4.584340666622158
2019-06-03,4.580461937216427
2019-06-04,4.642818021658846
2019-06-05,4.710149800456889
2019-06-06,4.744591164517215
2019-06-07,4.781209048924025
2019-06-10,4.786493682393738
2019-06-11,4.767350373014372
2019-06-12,4.792226113260343
2019-06-13,4.789748493711523
2019-06-14,4.793376144342029
2019-06-17,4.786396695147235
2019-06-18,4.808005859030799
2019-06-19,4.84268587229252
2019-06-20,4.872863799735015
2019-06-21,4.844838187071134
2019-06-24,4.835538938758346
2019-06-25,4.794674131715924
2019-06-26,4.752237181772187
2019-06-27,4.779697120691402
2019-06-28,4.812348784273487
2019-07-01,4.836403139125691
2019-07-02,4.8739457952124825
2019-07-03,4.92502111479133
2019-07-05,4.915617470700478
2019-07-08,4.907057443581397
2019-07-09,4.91051845345593
2019-07-10,4.927101928763838
2019-07-11,4.923422982685016
2019-07-12,4.936548042734247
2019-07-15,4.944513133539148
2019-07-16,4.933346990066786
2019-07-17,4.912354221883147
2019-07-18,4.939813688200622
2019-07-19,4.886256836855979
2019-07-22,4.889555317094011
2019-07-23,4.895217009259973
2019-07-24,4.8961298545342045
2019-07-25,4.889013491733535
2019-07-26,4.915290656497177
2019-07-29,4.909199223159107
2019-07-30,4.9059726853024745
2019-07-31,4.867482734596842
2019-08-01,4.8472177669271455
2019-08-02,4.810272669079699
2019-08-05,4.705228118941199
2019-08-06,4.793643003620063
2019-08-07,4.812420185015989
2019-08-08,4.909424142814739
2019-08-09,4.906773141353428
2019-08-12,4.861189857621804
2019-08-13,4.901521012970403
2019-08-14,4.7810486606791915
2019-08-15,4.832236053950561
2019-08-16,4.886910104278992
2019-08-19,4.91743961869635
2019-08-20,4.901213693596211
2019-08-21,4.952687341619883
2019-08-22,4.9557223943723185
2019-08-23,4.85937844213731
2019-08-26,4.90969682618664
2019-08-27,4.9119345269523755
2019-08-28,4.930293707941682
2019-08-29,4.981707998354864
2019-08-30,4.976660507038591
2019-09-03,4.966757631208984
2019-09-04,5.002481829735918
2019-09-05,5.002565869098585
2019-09-06,4.997490908630416
2019-09-09,4.918743064869341
2019-09-10,4.84303420634889
2019-09-11,4.853554543799715
2019-09-12,4.885360267700837
2019-09-13,4.856842409818849
2019-09-16,4.8579696853732255
2019-09-17,4.9122196083558745
2019-09-18,4.915296401819499
2019-09-19,4.918591463223224
2019-09-20,4.914038041967746
2019-09-23,4.915790563416307
2019-09-24,4.8969138026990935
2019-09-25,4.8958683500949585
2019-09-26,4.908847693443799
2019-09-27,4.859602386551537
2019-09-30,4.884956871225836
2019-10-01,4.840070106432465
2019-10-02,4.790258997010132
2019-10-03,4.822242788373065
2019-10-04,4.874488533197426
2019-10-07,4.854540289042221
2019-10-08,4.803018752197776
2019-10-09,4.845537765342102
2019-10-10,4.8595021118012385
2019-10-11,4.870482976076544
2019-10-14,4.86131342073703
2019-10-15,4.873412484522506
2019-10-16,4.856161244670031
2019-10-17,4.872476448429523
2019-10-18,4.876239388491031
2019-10-21,4.888834498860705
2019-10-22,4.839707828726332
2019-10-23,4.850611727494437
2019-10-24,4.878478907181383
2019-10-25,4.863629580371054
2019-10-28,4.859624999257354
2019-10-29,4.874980189559224
2019-10-30,4.895487473077048
2019-10-31,4.883228721078914
2019-11-01,4.887864383806732
2019-11-04,4.843277931584286
2019-11-05,4.816137557485802
2019-11-06,4.835982711887115
2019-11-07,4.818996752906865
2019-11-08,4.82469543469586
2019-11-11,4.841920814917431
2019-11-12,4.8549295210821795
2019-11-13,4.887494907885192
2019-11-14,4.911623882858381
2019-11-15,4.927256696023383
2019-11-18,4.941129955987251
2019-11-19,4.951110159781174
2019-11-20,4.958814880050722
2019-11-21,4.927358742062454
2019-11-22,4.922049982363139
2019-11-25,4.953190631793495
2019-11-26,4.989442814219071
2019-11-27,5.0056018453737705
2019-11-29,4.982084911199826
2019-12-02,4.916491168260811
2019-12-03,4.898348311026687
2019-12-04,4.9184379553926485
2019-12-05,4.92888488349801
2019-12-06,4.94893483340039
2019-12-09,4.9288571770793945
2019-12-10,4.9218478978161775
2019-12-11,4.946821634892161
2019-12-12,4.951048387734637
2019-12-13,4.965803368334651
2019-12-16,5.004860009977101
2019-12-17,5.013597115264604
2019-12-18,5.005704077620066
2019-12-19,5.02347797150971
2019-12-20,5.061386766487425
2019-12-23,5.038656777683648
2019-12-24,5.0448817498348655
2019-12-26,5.0563869563799475
2019-12-27,5.056442140733806
2019-12-30,5.0326629939033865
2019-12-31,5.044617750418805
2020-01-02,5.065909978992724
2020-01-03,5.045935252749984
2020-01-06,5.055865863143656
2020-01-07,5.057222713305051
2020-01-08,5.071424679181242
2020-01-09,5.110446026072466
2020-01-10,5.105230928852353
2020-01-13,5.161673849573088
2020-01-14,5.148046425286401
2020-01-15,5.165239369492844
2020-01-16,5.20888426784069
2020-01-17,5.224461248762908
2020-01-21,5.232395118590847
2020-01-22,5.2459317387480455
2020-01-23,5.271958924038347
2020-01-24,5.22037531133816
2020-01-27,5.16245252319736
2020-01-28,5.230052306507657
2020-01-29,5.219967944928443
2020-01-30,5.230901700902351
2020-01-31,5.132612512787506
2020-02-03,5.172248575101472
2020-02-04,5.247920998705495
2020-02-05,5.24612427599074
2020-02-06,5.237055158461897
2020-02-07,5.224899763074663
2020-02-10,5.294214520676808
2020-02-11,5.317891271871438
2020-02-12,5.353236307538034
2020-02-13,5.4058114198218785
2020-02-14,5.442812598898394
2020-02-18,5.433499808930904
2020-02-19,5.453661667243148
2020-02-20,5.423429083988287
2020-02-21,5.344430528880904
2020-02-24,5.212110628869154
2020-02-25,5.050991211856969
2020-02-26,5.005416552422996
2020-02-27,4.807872975843415
2020-02-28,4.768260935891276
2020-03-02,4.876449667573074
2020-03-03,4.837202812854745
2020-03-04,4.942376546150039
2020-03-05,4.86830216319328
2020-03-06,4.808308771520892
2020-03-09,4.606403709703338
2020-03-10,4.69703936422821
2020-03-11,4.577748868685986
2020-03-12,4.360146759093174
2020-03-13,4.509025691937816
2020-03-16,4.2246810985278485
2020-03-17,4.324038934663149
2020-03-18,4.156824737091251
2020-03-19,4.212657425880436
2020-03-20,4.1229426168880625
2020-03-23,4.065637076178715
2020-03-24,4.30795300068246
2020-03-25,4.384110824973369
2020-03-26,4.530485013603812
2020-03-27,4.4592889929407304
2020-03-30,4.5081554592438735
2020-03-31,4.455427828818866
2020-04-01,4.423298303882145
2020-04-02,4.431957282446836
2020-04-03,4.420606052291837
2020-04-06,4.470093498103343
2020-04-07,4.466698706298106
2020-04-08,4.494730286976131
2020-04-09,4.513840970606994
2020-04-13,4.504789193201729
2020-04-14,4.527661757357462
2020-04-15,4.515673634011023
2020-04-16,4.521843463887956
2020-04-17,4.543538724580419
2020-04-20,4.533282163142553
2020-04-21,4.508050302654239
2020-04-22,4.526415977232527
2020-04-23,4.523321122180083
2020-04-24,4.533796673635766
2020-04-27,4.5490468507872635
2020-04-28,4.547101240754594
2020-04-29,4.564973498522714
2020-04-30,4.55049669822707
2020-05-01,4.53902359094608
2020-05-04,4.545552338762088
2020-05-05,4.557368383718615
2020-05-06,4.551930543201831
2020-05-07,4.560780616480779
2020-05-08,4.571770144426891
2020-05-11,4.5783358568505825
2020-05-12,4.565795166755275
2020-05-13,4.556774535659136
2020-05-14,4.558865187338465
2020-05-15,4.564839387516811
2020-05-18,4.578554520259616
2020-05-19,4.572774522101743
2020-05-20,4.579135925192498
2020-05-21,4.572156033353895
2020-05-22,4.5773385110949985
2020-05-26,4.573749076636904
2020-05-27,4.584166541590999
2020-05-28,4.5911053383657325
2020-05-29,4.6043475482702725
2020-06-01,4.605890972308919
2020-06-02,4.608960299499315
2020-06-03,4.612492923069995
2020-06-04,4.603157590280732
2020-06-05,4.61698653713711
2020-06-08,4.622061940484155
2020-06-09,4.6209340468178866
2020-06-10,4.6251311288638295
2020-06-11,4.586054138227399
2020-06-12,4.590457600277567
2020-06-15,4.604889190745359
2020-06-16,4.614038134577171
2020-06-17,4.615421509482367
2020-06-18,4.615671855868921
2020-06-19,4.618911137456786
2020-06-22,4.621396680942573
2020-06-23,4.6201942332177985
2020-06-24,4.603371022523743
2020-06-25,4.611006608687122
2020-06-26,4.596728713545827
2020-06-29,4.605150769823895
2020-06-30,4.621011150663871
2020-07-01,4.630525284581733
2020-07-02,4.637222382842378
2020-07-06,4.653438419834378
2020-07-07,4.646416656845429
2020-07-08,4.665392369191504
2020-07-09,4.672106699973563
2020-07-10,4.677897846576735
2020-07-13,4.63578506215497
2020-07-14,4.677900655778678
2020-07-15,4.698225855349024
2020-07-16,4.690574600206269
2020-07-17,4.721964911383744
2020-07-20,4.743600706562778
2020-07-21,4.737916509890208
2020-07-22,4.760233100462415
2020-07-23,4.735379275935755
2020-07-24,4.730047363423719
2020-07-27,4.753920202219575
2020-07-28,4.736838182584252
2020-07-29,4.776445493773489
2020-07-30,4.765588402440783
2020-07-31,4.780914221107745
2020-08-03,4.811820204871996
2020-08-04,4.840133626337257
2020-08-05,4.862257002160174
2020-08-06,4.856224975017241
2020-08-07,4.856322140703016
2020-08-10,4.8133346410531495
2020-08-11,4.74975790337701
2020-08-12,4.823259222958291
2020-08-13,4.840683949028279
2020-08-14,4.837279013093874
2020-08-17,4.8895863103749955
2020-08-18,4.887887013435237
2020-08-19,4.876128479468599
2020-08-20,4.877462824421629
2020-08-21,4.880091395292994
2020-08-24,4.875278064740476
2020-08-25,4.887651006722381
2020-08-26,4.917138390053312
2020-08-27,4.903526827273205
2020-08-28,4.908130077013351
2020-08-31,4.926613572283747
2020-09-01,4.953899059130607
2020-09-02,5.03206186459595
2020-09-03,4.823405864452948
2020-09-04,4.748818228499562
2020-09-08,4.61159077245837
2020-09-09,4.722510653082447
2020-09-10,4.644781392666559
2020-09-11,4.633396191207468
2020-09-14,4.693672020474173
2020-09-15,4.752489486247703
2020-09-16,4.714527003082276
2020-09-17,4.667830379504597
2020-09-18,4.631914497629383
2020-09-21,4.621076264581337
2020-09-22,4.674174069756873
2020-09-23,4.564997523831247
2020-09-24,4.592007022229924
2020-09-25,4.667974249831552
2020-09-28,4.74887064097515
2020-09-29,4.736104986081432
2020-09-30,4.752030812152904
2020-10-01,4.766126165720629
2020-10-02,4.7562820774141725
2020-10-05,4.798553686070809
2020-10-06,4.776085018292732
2020-10-07,4.810078980704851
2020-10-08,4.821009479389632
2020-10-09,4.838036167934091
2020-10-12,4.860628523421444
2020-10-13,4.871736449915949
2020-10-14,4.857214980654422
2020-10-15,4.8603503479356895
2020-10-16,4.858142886733357
2020-10-19,4.831306388896801
2020-10-20,4.8344208713576835
2020-10-21,4.813123162611309
2020-10-22,4.807156516457293
2020-10-23,4.822434661208441
2020-10-26,4.797948003157438
2020-10-27,4.792580623385883
2020-10-28,4.739844132144699
2020-10-29,4.754389328995922
2020-10-30,4.716194749161119
2020-11-02,4.740425100154386
2020-11-03,4.775435236267727
2020-11-04,4.8306234595976125
2020-11-05,4.874412820869287
2020-11-06,4.903423881615243
2020-11-09,4.824510082038992
2020-11-10,4.811484254969905
2020-11-11,4.859949105982372
2020-11-12,4.853351082356459
2020-11-13,4.866100302944309
2020-11-16,4.8763882336250575
2020-11-17,4.877669227530558
2020-11-18,4.864213484764416
2020-11-19,4.8838966702471245
2020-11-20,4.88609097785732
2020-11-23,4.895295160237888
2020-11-24,4.88212844512932
2020-11-25,4.899069185558869
2020-11-27,4.917644514612937
2020-11-30,4.9297402250280165
2020-12-01,4.9446527441708765
2020-12-02,4.920692926686407
2020-12-03,4.920661770472601
2020-12-04,4.950339675281227
2020-12-07,4.958178567094494
2020-12-08,4.970350617805496
2020-12-09,4.922145668372916
2020-12-10,4.935158975130353
2020-12-11,4.931406837191833
2020-12-14,4.9321704388060486
2020-12-15,4.975470268542435
2020-12-16,4.974655764524243
2020-12-17,5.0171066861786535
2020-12-18,5.021769937527103
2020-12-21,5.014284197079355
2020-12-22,5.037146299226769
2020-12-23,5.027836306955049
2020-12-24,5.033474594662719
2020-12-28,5.014447387672949
2020-12-29,4.995766271120452
2020-12-30,5.011155592906332
2020-12-31,5.033134390329117
2021-01-04,4.964776519399804
2021-01-05,5.009579664457679
2021-01-06,5.039952740231002
2021-01-07,5.137180989805911
2021-01-08,5.184917221558837
2021-01-11,5.151713441852979
2021-01-12,5.173712960396271
2021-01-13,5.180685124067857
2021-01-14,5.153713482215238
2021-01-15,5.133572577531128
2021-01-19,5.141899525743453
2021-01-20,5.218418215005556
2021-01-21,5.204364841204897
2021-01-22,5.197917269631071
2021-01-25,5.206233566744443
2021-01-26,5.161251617649329
2021-01-27,5.016136791210987
2021-01-28,5.092086210707884
2021-01-29,5.029669728345439
2021-02-01,5.1096168114796
2021-02-02,5.182532652033606
2021-02-03,5.172154977430921
2021-02-04,5.222616010937228
2021-02-05,5.255742836297378
2021-02-08,5.304270517344286
2021-02-09,5.312679922869461
2021-02-10,5.3132877918435115
2021-02-11,5.3283378286769825
2021-02-12,5.3668908414521015
2021-02-16,5.349509766828041
2021-02-17,5.331283949708607
2021-02-18,5.294026181127765
2021-02-19,5.314289861938403
2021-02-22,5.231362891504985
2021-02-23,5.206947250011005
2021-02-24,5.236458832175309
2021-02-25,5.136452856165681
2021-02-26,5.163412858548547
2021-03-01,5.26135505699783
2021-03-02,5.20330502109022
2021-03-03,5.115944936936674
2021-03-04,5.030699872163161
2021-03-05,5.082395517002903
2021-03-08,5.048492349086264
2021-03-09,5.1411877863366255
2021-03-10,5.173741395961079
2021-03-11,5.247276936956156
2021-03-12,5.248689637467213
2021-03-15,5.28140895877471
2021-03-16,5.256920961815088
2021-03-17,5.257889815458832
2021-03-18,5.199056955837474
2021-03-19,5.24016378408477
2021-03-22,5.268523118391064
2021-03-23,5.221758296334384
2021-03-24,5.168575514679735
2021-03-25,5.204894362405018
2021-03-26,5.288391899749392
2021-03-29,5.250589627319798
2021-03-30,5.2696603544658975
2021-03-31,5.295376765368922
2021-04-01,5.339557873707989
2021-04-05,5.364220448139651
2021-04-06,5.382541765264549
2021-04-07,5.359623183324033
2021-04-08,5.38733527442514
2021-04-09,5.411595548003068
2021-04-12,5.418309227704661
2021-04-13,5.416369491427729
2021-04-14,5.436113781795422
2021-04-15,5.460995436737946
2021-04-16,5.476238071023553
2021-04-19,5.450336797385972
2021-04-20,5.387360017918543
2021-04-21,5.4433912663838475
2021-04-22,5.4259302445944115
2021-04-23,5.48344546351403
2021-04-26,5.521386207865671
2021-04-27,5.527828675757383
2021-04-28,5.532406010178873
2021-04-29,5.53808668462744
2021-04-30,5.499403369947688
2021-05-03,5.501718926329848
2021-05-04,5.480364093424809
2021-05-05,5.4945080445005
2021-05-06,5.5029914978435395
2021-05-07,5.594312590203471
2021-05-10,5.526462034685336
2021-05-11,5.482599034492985
2021-05-12,5.356979609807803
2021-05-13,5.404374075480535
2021-05-14,5.496267172721781
2021-05-17,5.481682796851189
2021-05-18,5.439414786852644
2021-05-19,5.418158533298716
2021-05-20,5.463914324988313
2021-05-21,5.468215747082004
2021-05-24,5.515038407566447
2021-05-25,5.506039669634509
2021-05-26,5.537823104377217
2021-05-27,5.571435129030194
2021-05-28,5.568468629470566
2021-06-01,5.606363891322403
2021-06-02,5.575425214433743
2021-06-03,5.553675915135931
2021-06-04,5.565460148924911
2021-06-07,5.562146814500006
2021-06-08,5.585515490192871
2021-06-09,5.551462876539115
2021-06-10,5.535425444570486
2021-06-11,5.563568158006718
2021-06-14,5.524563650187779
2021-06-15,5.534786077065059
2021-06-16,5.512485319610368
2021-06-17,5.438951969683001
2021-06-18,5.365301056067109
2021-06-21,5.4709606653247205
2021-06-22,5.483411787372931
2021-06-23,5.495255690134156
2021-06-24,5.540075958524063
2021-06-25,5.5595190825376335
2021-06-28,5.5436367842978695
2021-06-29,5.53695424182599
2021-06-30,5.547063150088867
2021-07-01,5.581816765974558
2021-07-02,5.578449159852981
2021-07-06,5.516931290105618
2021-07-07,5.520031628953773
2021-07-08,5.4715540629412995
2021-07-09,5.576059508932707
2021-07-12,5.614574015767427
2021-07-13,5.55076590436674
2021-07-14,5.52083278802812
2021-07-15,5.500426130891537
2021-07-16,5.434765808712989
2021-07-19,5.34284039694381
2021-07-20,5.476303491519293
2021-07-21,5.5502040474339065
2021-07-22,5.521170504520915
2021-07-23,5.553393580999908
2021-07-26,5.580395464899647
2021-07-27,5.556867585459717
2021-07-28,5.573968601057438
2021-07-29,5.626724733993668
2021-07-30,5.619293967605007
2021-08-02,5.601697471395529
2021-08-03,5.657075182763815
2021-08-04,5.632692267821573
2021-08-05,5.689339103469403
2021-08-06,5.70638393141021
2021-08-09,5.703371425690694
2021-08-10,5.727834469166953
2021-08-11,5.749213614989152
2021-08-12,5.7670014246782575
2021-08-13,5.7475528432892355
2021-08-16,5.730446685747359
2021-08-17,5.670332826494941
2021-08-18,5.63018897354348
2021-08-19,5.598821731822825
2021-08-20,5.637272567370309
2021-08-23,5.687247191249269
2021-08-24,5.7193509800723055
2021-08-25,5.761759371510487
2021-08-26,5.734950758501181
2021-08-27,5.792223890830818
2021-08-30,5.78061341447908
2021-08-31,5.765926150621159
2021-09-01,5.760820769638426
2021-09-02,5.7893089033094265
2021-09-03,5.779856015184759
2021-09-07,5.735726955053299
2021-09-08,5.7248082950333075
2021-09-09,5.7346290316401
2021-09-10,5.712748344609787
2021-09-13,5.719039248077092
2021-09-14,5.697799490869099
2021-09-15,5.7603577168342825
2021-09-16,5.750550477820017
2021-09-17,5.708548128998444
2021-09-20,5.6140518831976305
2021-09-21,5.603220470327072
2021-09-22,5.6680404911351046
2021-09-23,5.7405656859075
2021-09-24,5.724749852552292
2021-09-27,5.715873016510228
2021-09-28,5.624488585160511
2021-09-29,5.608095789646765
2021-09-30,5.535074200683072
2021-10-01,5.583230363513407
2021-10-04,5.531146663693132
2021-10-05,5.579229698424446
2021-10-06,5.566724396294574
2021-10-07,5.606454983754748
2021-10-08,5.574471697342499
2021-10-11,5.557712939955092
2021-10-12,5.575437830300505
2021-10-13,5.597149234952381
2021-10-14,5.676199673883341
2021-10-15,5.7008508163109415
2021-10-18,5.730352332622947
2021-10-19,5.74057023974191
2021-10-20,5.765746671199059
2021-10-21,5.775181418409313
2021-10-22,5.788678031835614
2021-10-25,5.802364445128764
2021-10-26,5.797301521620151
2021-10-27,5.751578857856727
2021-10-28,5.82537731373394
2021-10-29,5.825643235265543
2021-11-01,5.870497384838288
2021-11-02,5.882072874157268
2021-11-03,5.898923456883979
2021-11-04,5.877996953200565
2021-11-05,5.960393331249669
2021-11-08,5.940050576991976
2021-11-09,5.925117659122811
2021-11-10,5.85953522666224
2021-11-11,5.8944832559640306
2021-11-12,5.8974800378888235
2021-11-15,5.911513459211375
2021-11-16,5.902699207615459
2021-11-17,5.856217326275763
2021-11-18,5.845345354052203
2021-11-19,5.795415356713071
2021-11-22,5.810887160500007
2021-11-23,5.833614619682389
2021-11-24,5.846260226800635
2021-11-26,5.676464152999359
2021-11-29,5.712127637950616
2021-11-30,5.567515748768079
2021-12-01,5.505612288339873
2021-12-02,5.609945238078849
2021-12-03,5.553520885241651
2021-12-06,5.580194625732236
2021-12-07,5.69091571610996
2021-12-08,5.695768004299889
2021-12-09,5.65751042468621
2021-12-10,5.685210760879312
2021-12-13,5.648220946174997
2021-12-14,5.623024627155881
2021-12-15,5.686759507722255
2021-12-16,5.667739711208979
2021-12-17,5.631583548575216
2021-12-20,5.557601498894783
2021-12-21,5.652174307540704
2021-12-22,5.704647539868792
2021-12-23,5.73349406610446
2021-12-27,5.794948376673221
2021-12-28,5.783530268127634
2021-12-29,5.795995894094297
2021-12-30,5.787568203661164
2021-12-31,5.793644635589514
2022-01-03,5.759008258871503
2022-01-04,5.792509064159106
2022-01-05,5.6910614227706136
2022-01-06,5.713485481453527
2022-01-07,5.667027573788011
2022-01-10,5.658432427373799
2022-01-11,5.690943055310108
2022-01-12,5.71347956187837
2022-01-13,5.664062788256188
2022-01-14,5.636739247401785
2022-01-18,5.561720569558111
2022-01-19,5.508697654391885
2022-01-20,5.451662397500492
2022-01-21,5.381499283272307
2022-01-24,5.426180291678757
2022-01-25,5.3724556869386575
2022-01-26,5.363134455698371
2022-01-27,5.359635132344386
2022-01-28,5.445703028148555
2022-01-31,5.51872575530085
2022-02-01,5.54823751448631
2022-02-02,5.606711182950104
2022-02-03,5.549286018857043
2022-02-04,5.542766799572105
2022-02-07,5.542529238316624
2022-02-08,5.565609269577426
2022-02-09,5.6260245098121375
2022-02-10,5.561414087473152
2022-02-11,5.513289529265619
2022-02-14,5.477006275720735
2022-02-15,5.530137508768061
2022-02-16,5.5489831233836036
2022-02-17,5.476664935173806
2022-02-18,5.468587319246025
2022-02-22,5.429998138510355
2022-02-23,5.364553030903028
2022-02-24,5.424507810758986
2022-02-25,5.52716998215401
2022-02-28,5.506534516569234
2022-03-01,5.460273533209547
2022-03-02,5.558898720549665
2022-03-03,5.571055952810464
2022-03-04,5.578389528308468
2022-03-07,5.483049908685622
2022-03-08,5.435667158193296
2022-03-09,5.514202470628438
2022-03-10,5.5261806811900565
2022-03-11,5.497641835987904
2022-03-14,5.4821071899602645
2022-03-15,5.538283025666729
2022-03-16,5.588363205314372
2022-03-17,5.636931392845095
2022-03-18,5.664558006530556
2022-03-21,5.670216516833374
2022-03-22,5.691209471737252
2022-03-23,5.654498238762643
2022-03-24,5.700851474733834
2022-03-25,5.724091262426051
2022-03-28,5.729638968687176
2022-03-29,5.77440201400835
2022-03-30,5.751085800517852
2022-03-31,5.693858535980696
2022-04-01,5.700298690940333
2022-04-04,5.698228262040731
2022-04-05,5.680566290341691
2022-04-06,5.706596132828639
2022-04-07,5.747642706968695
2022-04-08,5.759208460579472
2022-04-11,5.702438677589171
2022-04-12,5.702365830527228
2022-04-13,5.727791998482108
2022-04-14,5.715765119270219
2022-04-18,5.720333577403248
2022-04-19,5.758248502912341
2022-04-20,5.8035996602218525
2022-04-21,5.735622146312265
2022-04-22,5.604164737227106
2022-04-25,5.607742666423541
2022-04-26,5.547505576337442
2022-04-27,5.555078981354184
2022-04-28,5.595102064114914
2022-04-29,5.454730000196652
2022-05-02,5.436838555946602
2022-05-03,5.469184801550696
2022-05-04,5.564072076881245
2022-05-05,5.455742500724024
2022-05-06,5.445452746959971
2022-05-09,5.288536384727577
2022-05-10,5.31264763479675
2022-05-11,5.280491461179499
2022-05-12,5.287442328085899
2022-05-13,5.379801023503927
2022-05-16,5.378510450347564
2022-05-17,5.421772713018459
2022-05-18,5.258278936316271
2022-05-19,5.249825631230227
2022-05-20,5.240868608246521
2022-05-23,5.306166076237505
2022-05-24,5.299195909051052
2022-05-25,5.340272683795812
2022-05-26,5.4185869164170315
2022-05-27,5.5032734961352645
2022-05-31,5.461144274115044
2022-06-01,5.425862482480113
2022-06-02,5.47005927884869
2022-06-03,5.4478386823668306
2022-06-06,5.453033826620106
2022-06-07,5.492220281465215
2022-06-08,5.439261207874024
2022-06-09,5.367135551556566
2022-06-10,5.301561143800916
2022-06-13,5.194000523383305
2022-06-14,5.191313020956196
2022-06-15,5.220455097886724
2022-06-16,5.12585615358613
2022-06-17,5.114534618676754
2022-06-21,5.184369334262136
2022-06-22,5.18013185197345
2022-06-23,5.202539397325691
2022-06-24,5.291616656438327
2022-06-27,5.306359891173586
2022-06-28,5.26169212284833
2022-06-29,5.256604004930289
2022-06-30,5.263454937151545
2022-07-01,5.278246050265504
2022-07-05,5.246023025268127
2022-07-06,5.255546435442642
2022-07-07,5.282532548724324
2022-07-08,5.282814771247721
2022-07-11,5.268371226601309
2022-07-12,5.251007095060816
2022-07-13,5.245443207165039
2022-07-14,5.221671799521065
2022-07-15,5.25894499261236
2022-07-18,5.2445973580902105
2022-07-19,5.299595989682945
2022-07-20,5.3017970803870975
2022-07-21,5.302855118276394
2022-07-22,5.293917919304459
2022-07-25,5.3209715926945815
2022-07-26,5.298128931528475
2022-07-27,5.328262750528189
2022-07-28,5.351689936298274
2022-07-29,5.376494773397553
2022-08-01,5.365011563287763
2022-08-02,5.3482307809038865
2022-08-03,5.353172318178033
2022-08-04,5.334591473557631
2022-08-05,5.362884895498094
2022-08-08,5.380491361358838
2022-08-09,5.3957291829916345
2022-08-10,5.434117024518889
2022-08-11,5.4483933941877405
2022-08-12,5.499229118989099
2022-08-15,5.515478094441605
2022-08-16,5.526270173409843
2022-08-17,5.523287738156925
2022-08-18,5.5377417234223705
2022-08-19,5.5265670558107844
2022-08-22,5.479910149169486
2022-08-23,5.478735332031235
2022-08-24,5.497845506056326
2022-08-25,5.533653487749555
2022-08-26,5.451122787220258
2022-08-29,5.442836055618577
2022-08-30,5.400840818106242
2022-08-31,5.378749767608865
2022-09-01,5.386119174069088
2022-09-02,5.355211835810242
2022-09-06,5.339275217331252
2022-09-07,5.424233691251744
2022-09-08,5.450092654350716
2022-09-09,5.490168158668177
2022-09-12,5.503302551069673
2022-09-13,5.348675224836061
2022-09-14,5.362423211534382
2022-09-15,5.327428355916126
2022-09-16,5.303380090706474
2022-09-19,5.346668382709512
2022-09-20,5.296997667372471
2022-09-21,5.241115105891911
2022-09-22,5.196885533060764
2022-09-23,5.11182029012858
2022-09-26,5.052671304113357
2022-09-27,5.0515087655234865
2022-09-28,5.1355840296003015
2022-09-29,5.0619917033760595
2022-09-30,5.043138178304585
2022-10-03,5.099010335511827
2022-10-04,5.151977840376186
2022-10-05,5.145255962609705
2022-10-06,5.12311980414567
2022-10-07,5.084904062637344
2022-10-10,5.084074572055501
2022-10-11,5.082806580171847
2022-10-12,5.057157155225601
2022-10-13,5.100702085727006
2022-10-14,5.04768809121735
2022-10-17,5.0884317261305005
2022-10-18,5.126063318327955
2022-10-19,5.110897765978059
2022-10-20,5.0976276953482085
2022-10-21,5.13736607961733
2022-10-24,5.161253694519878
2022-10-25,5.182791720262203
2022-10-26,5.185932965577018
2022-10-27,5.203839488269991
2022-10-28,5.261560600200807
2022-10-31,5.263566272462427
2022-11-01,5.265123765099357
2022-11-02,5.21013271250998
2022-11-03,5.201451546421561
2022-11-04,5.212873463292303
2022-11-07,5.227168174622235
2022-11-08,5.2494258479414135
2022-11-09,5.200850395697484
2022-11-10,5.277883033380076
2022-11-11,5.221503056395741
2022-11-14,5.21538172515378
2022-11-15,5.240098554941591
2022-11-16,5.243790430500309
2022-11-17,5.250141868196149
2022-11-18,5.282977624481482
2022-11-21,5.294991103218998
2022-11-22,5.329648928054534
2022-11-23,5.332383603197906
2022-11-25,5.35060126822109
2022-11-28,5.315576311185777
2022-11-29,5.320058630709827
2022-11-30,5.379546107404586
2022-12-01,5.36531401592843
2022-12-02,5.387588016334967
2022-12-05,5.32717148692924
2022-12-06,5.300163731052146
2022-12-07,5.305622462246792
2022-12-08,5.311330254774542
2022-12-09,5.265912398787985
2022-12-12,5.309623558614707
2022-12-13,5.288760025527913
2022-12-14,5.283707987556596
2022-12-15,5.221304706339389
2022-12-16,5.203095598996903
2022-12-19,5.178692269960595
2022-12-20,5.193840527508584
2022-12-21,5.239377982895755
2022-12-22,5.207338269852201
2022-12-23,5.227194879512023
2022-12-27,5.236134892199315
2022-12-28,5.180335230469972
2022-12-29,5.202611749557666
2022-12-30,5.191097878462864
2023-01-03,5.151875802657495
2023-01-04,5.161702484689542
2023-01-05,5.149414268711022
2023-01-06,5.233113810245636
2023-01-09,5.201553232550073
2023-01-10,5.2233763937874444
2023-01-11,5.239727550938316
2023-01-12,5.24515993810422
2023-01-13,5.249592468105813
2023-01-17,5.235440473442652
2023-01-18,5.172854283881681
2023-01-19,5.1367618733187
2023-01-20,5.164520640972395
2023-01-23,5.175973473747881
2023-01-24,5.199952011325901
2023-01-25,5.21389158876151
2023-01-26,5.2403352285102995
2023-01-27,5.21535476386035
2023-01-30,5.206077036890733
2023-01-31,5.247144535787838
2023-02-01,5.259823957864235
2023-02-02,5.221985427728004
2023-02-03,5.210906668511443
2023-02-06,5.215209035088683
2023-02-07,5.2491923518569585
2023-02-08,5.241088036924216
2023-02-09,5.229975776920246
2023-02-10,5.268076623374671
2023-02-13,5.299564685326043
2023-02-14,5.293276595559307
2023-02-15,5.303938318961446
2023-02-16,5.282336411598472
2023-02-17,5.292316231708295
2023-02-21,5.241034250404908
2023-02-22,5.233081857403568
2023-02-23,5.2559182039174885
2023-02-24,5.247775998216245
2023-02-27,5.251583049107921
2023-02-28,5.231369694913031
2023-03-01,5.240004278722241
2023-03-02,5.2532124658484305
2023-03-03,5.300545130476258
2023-03-06,5.303317371868171
2023-03-07,5.260609021738228
2023-03-08,5.257546527750584
2023-03-09,5.189248948722956
2023-03-10,5.1188090660517584
2023-03-13,5.084199299157537
2023-03-14,5.142570605662596
2023-03-15,5.066207594032515
2023-03-16,5.116247513950206
2023-03-17,5.048409337013285
2023-03-20,5.113471826088806
2023-03-21,5.154046778263646
2023-03-22,5.082325964541301
2023-03-23,5.071234889323809
2023-03-24,5.107169884737553
2023-03-27,5.139018968810772
2023-03-28,5.157291505008207
2023-03-29,5.195147996079042
2023-03-30,5.211761065216447
2023-03-31,5.266040810598039
2023-04-03,5.274076506195162
2023-04-04,5.226570112750016
2023-04-05,5.22924175273895
2023-04-06,5.2279642902759145
2023-04-10,5.259001218703683
2023-04-11,5.2694499600737705
2023-04-12,5.267550789895592
2023-04-13,5.284854094306359
2023-04-14,5.2760735292092615
2023-04-17,5.295426686404674
2023-04-18,5.309916431920827
2023-04-19,5.289968826396236
2023-04-20,5.293266965571632
2023-04-21,5.293808027168643
2023-04-24,5.3037957532594895
2023-04-25,5.273915291586789
2023-04-26,5.24686322184676
2023-04-27,5.297022252384272
2023-04-28,5.310974766232486
2023-05-01,5.323623363079276
2023-05-02,5.278383583114768
2023-05-03,5.273088600917851
2023-05-04,5.250862037588045
2023-05-05,5.310174048847797
2023-05-08,5.322009707353344
2023-05-09,5.319458064699093
2023-05-10,5.3240385095169716
2023-05-11,5.319801724591826
2023-05-12,5.327700726956425
2023-05-15,5.327167996038652
2023-05-16,5.289244457825405
2023-05-17,5.304715117045573
2023-05-18,5.328109008129496
2023-05-19,5.319912906182098
2023-05-22,5.305663555058737
2023-05-23,5.246374412088177
2023-05-24,5.224655138647098
2023-05-25,5.245721917197014
2023-05-26,5.268610097881804
2023-05-30,5.273318364558305
2023-05-31,5.253591732380323
2023-06-01,5.273033627058293
2023-06-02,5.339171963500553
2023-06-05,5.340792202546148
2023-06-06,5.345430583554833
2023-06-07,5.355262166053168
2023-06-08,5.373347624541823
2023-06-09,5.383438048907293
2023-06-12,5.398460551585268
2023-06-13,5.420941431206336
2023-06-14,5.4253496905262395
2023-06-15,5.457843859468555
2023-06-16,5.454268548120062
2023-06-20,5.418595361480432
2023-06-21,5.431156970529238
2023-06-22,5.4278585932405985
2023-06-23,5.397231922810498
2023-06-26,5.412872425802704
2023-06-27,5.446897478226652
2023-06-28,5.431136511647806
2023-06-29,5.455119595987131
2023-06-30,5.49362705753468
2023-07-03,5.481227094156239
2023-07-05,5.464701799690032
2023-07-06,5.408935291843544
2023-07-07,5.419674120358083
2023-07-10,5.481153287056969
2023-07-11,5.526977154418547
2023-07-12,5.552503412583178
2023-07-13,5.584921496028565
2023-07-14,5.5851604938393935
2023-07-17,5.617054436869641
2023-07-18,5.633567394654037
2023-07-19,5.6131709927852
2023-07-20,5.610717060602494
2023-07-21,5.59958297390492
2023-07-24,5.598951212491069
2023-07-25,5.61684513857106
2023-07-26,5.584505104077903
2023-07-27,5.529442933295716
2023-07-28,5.563661991978413
2023-07-31,5.5899507056195485
2023-08-01,5.572101916999044
2023-08-02,5.547098838175878
2023-08-03,5.539867256190075
2023-08-04,5.514549663983347
2023-08-07,5.587950320382264
2023-08-08,5.553210850017996
2023-08-09,5.521119759229788
2023-08-10,5.522777404494179
2023-08-11,5.519473392328807
2023-08-14,5.558264818999718
2023-08-15,5.498096948130413
2023-08-16,5.4536530856411645
2023-08-17,5.360337945608452
2023-08-18,5.387504876130822
2023-08-21,5.4008289172016175
2023-08-22,5.399459009496974
2023-08-23,5.46425862209695
2023-08-24,5.407420868619294
2023-08-25,5.428294243513558
2023-08-28,5.471104060310949
2023-08-29,5.546363044754292
2023-08-30,5.556759777067683
2023-08-31,5.552967808935118
2023-09-01,5.578705115916962
2023-09-05,5.517526703906734
2023-09-06,5.535232159739047
2023-09-07,5.538770171150934
2023-09-08,5.541641949846044
2023-09-11,5.57840824953291
2023-09-12,5.551691408659432
2023-09-13,5.5080927437595815
2023-09-14,5.574760958237753
2023-09-15,5.5075706482382145
2023-09-18,5.518341354735219
2023-09-19,5.50407118020964
2023-09-20,5.473454576614639
2023-09-21,5.363743158575379
2023-09-22,5.350831570617278
2023-09-25,5.369320162618387
2023-09-26,5.294011068511138
2023-09-27,5.317619524070056
2023-09-28,5.374364484298033
2023-09-29,5.33488590494508
2023-10-02,5.303946769598812
2023-10-03,5.2479601368807245
2023-10-04,5.276981825535451
2023-10-05,5.268572882820039
2023-10-06,5.307189386288646
2023-10-09,5.32840682847442
2023-10-10,5.3584232031401715
2023-10-11,5.3741023566524015
2023-10-12,5.323704626812638
2023-10-13,5.309793216212499
2023-10-16,5.3421533863028445
2023-10-17,5.361150376684725
2023-10-18,5.299785994044466
2023-10-19,5.259843470182932
2023-10-20,5.219024218940657
2023-10-23,5.225022662527092
2023-10-24,5.256035279223675
2023-10-25,5.1995516205087275
2023-10-26,5.17418342080735
2023-10-27,5.147835303464335
2023-10-30,5.182827044479421
2023-10-31,5.195173737710516
2023-11-01,5.232797767879836
2023-11-02,5.296503292230338
2023-11-03,5.3388571212549305
2023-11-06,5.335875930129896
2023-11-07,5.332403580997149
2023-11-08,5.329912589191165
2023-11-09,5.310227715280432
2023-11-10,5.350986539896892
2023-11-13,5.353806719745048
2023-11-14,5.437797352588626
2023-11-15,5.421723834269413
2023-11-16,5.40419042285077
2023-11-17,5.419676367274305
2023-11-20,5.43862299741228
2023-11-21,5.4341593196566205
2023-11-22,5.449561598965904
2023-11-24,5.459553817073231
2023-11-27,5.4633375828631685
2023-11-28,5.448901770330233
2023-11-29,5.438834284136663
2023-11-30,5.467009978835113
2023-12-01,5.491008086957926
2023-12-04,5.4750542634893105
2023-12-05,5.449664169897039
2023-12-06,5.408624891633892
2023-12-07,5.425602635497938
2023-12-08,5.4570281247699315
2023-12-11,5.491253548926711
2023-12-12,5.527395859496238
2023-12-13,5.566394531639613
2023-12-14,5.527113485698066
2023-12-15,5.505570076289873
2023-12-18,5.551031300044815
2023-12-19,5.581883597609569
2023-12-20,5.4925582992557205
2023-12-21,5.54341772518239
2023-12-22,5.545394128345473
2023-12-26,5.563147850544719
2023-12-27,5.579630096354763
2023-12-28,5.581731648134159
2023-12-29,5.566163270804102
2024-01-02,5.505174617083552
2024-01-03,5.453625150533274
2024-01-04,5.4564168066388445
2024-01-05,5.468744675831539
2024-01-08,5.556099919932727
2024-01-09,5.560923616040238
2024-01-10,5.605573882936786
2024-01-11,5.6027728408945086
2024-01-12,5.611742789609029
2024-01-16,5.592301044893986
2024-01-17,5.556244633144797
2024-01-18,5.590794139040178
2024-01-19,5.653953558104291
2024-01-22,5.690120015430416
2024-01-23,5.675108859193422
2024-01-24,5.657106033764968
2024-01-25,5.733183389122516
2024-01-26,5.745045851192685
2024-01-29,5.803768186433815
2024-01-30,5.817004265273005
2024-01-31,5.756174290753856
2024-02-01,5.842881463597529
2024-02-02,5.8857405845202555
2024-02-05,5.8540256366994905
2024-02-06,5.902077348252264
2024-02-07,5.965705366574078
2024-02-08,5.976299996793899
2024-02-09,5.994526972336609
2024-02-12,5.992179448311235
2024-02-13,5.958785797678741
2024-02-14,6.048455393976294
2024-02-15,6.108284195207164
2024-02-16,6.094237921794132
2024-02-20,6.0623194335829105
2024-02-21,6.068172347816955
2024-02-22,6.205701397469134
2024-02-23,6.23081012174377
2024-02-26,6.244011856538846
2024-02-27,6.307790938549987
2024-02-28,6.346418694308276
2024-02-29,6.3916731603965005
2024-03-01,6.45672600002044
2024-03-04,6.486216679166347
2024-03-05,6.4527274029857224
2024-03-06,6.494685511504427
2024-03-07,6.552029300536816
2024-03-08,6.516259607579795
2024-03-11,6.472625073251228
2024-03-12,6.5312239178638345
2024-03-13,6.53647558547153
2024-03-14,6.50907243231169
2024-03-15,6.516395191646969
2024-03-18,6.5380491954840165
2024-03-19,6.57931171351275
2024-03-20,6.624422011869123
2024-03-21,6.672877943737521
2024-03-22,6.650937719626918
2024-03-25,6.639524103257407
2024-03-26,6.628574915960707
2024-03-27,6.6734963696022245
2024-03-28,6.683189077904475
2024-04-01,6.65065293035622
2024-04-02,6.600573315173468
2024-04-03,6.655034595669715
2024-04-04,6.572090531347577
2024-04-05,6.667976720137217
2024-04-08,6.665750255040992
2024-04-09,6.607665890139917
2024-04-10,6.552633292834595
2024-04-11,6.578363841720968
2024-04-12,6.509128939847786
2024-04-15,6.429795088335993
2024-04-16,6.419778793693101
2024-04-17,6.385237043270783
2024-04-18,6.353412101353645
2024-04-19,6.313249143234958
2024-04-22,6.369468146811053
2024-04-23,6.467888328602759
2024-04-24,6.458857500059026
2024-04-25,6.456430129385899
2024-04-26,6.493165802082621
2024-04-29,6.513659268297455
2024-04-30,6.410996461784817
2024-05-01,6.387640292505974
2024-05-02,6.413964705662869
2024-05-03,6.454306019267526
2024-05-06,6.5361269995611595
2024-05-07,6.527014326968599
2024-05-08,6.523117851374171
2024-05-09,6.591158383232979
2024-05-10,6.583032294584607
2024-05-13,6.547072834427582
2024-05-14,6.564474767208374
2024-05-15,6.627229816720564
2024-05-16,6.585018023252653
2024-05-17,6.60680720981731
2024-05-20,6.604192852673106
2024-05-21,6.620268737242893
2024-05-22,6.571931487303321
2024-05-23,6.541220524870318
2024-05-24,6.623862393104402
2024-05-28,6.604918946704822
2024-05-29,6.558561508783928
2024-05-30,6.582835691807835
2024-05-31,6.607093983129442
2024-06-03,6.5583580647325395
2024-06-04,6.535561421060864
2024-06-05,6.599983176577621
2024-06-06,6.590107812691528
2024-06-07,6.576488615488156
2024-06-10,6.639456470718921
2024-06-11,6.618867695951903
2024-06-12,6.645035704571491
2024-06-13,6.642449187106903
2024-06-14,6.601756337160288
2024-06-17,6.655475081660355
2024-06-18,6.692036048244784
2024-06-20,6.669169402581863
2024-06-21,6.658221612087544
2024-06-24,6.691775344972615
2024-06-25,6.695767925747466
2024-06-26,6.647221801021032
2024-06-27,6.651622306001504
2024-06-28,6.634982738859496
2024-07-01,6.6237992836724064
2024-07-02,6.643305522298237
2024-07-03,6.664228773685068
2024-07-05,6.668863529475467
2024-07-08,6.691434983746474
2024-07-09,6.687841722289159
2024-07-10,6.736837808342657
2024-07-11,6.721620928552347
2024-07-12,6.754391862072899
2024-07-15,6.76543650808847
2024-07-16,6.813531200614708
2024-07-17,6.724016179314975
2024-07-18,6.647933239461958
2024-07-19,6.648276195616746
2024-07-22,6.731439525946968
2024-07-23,6.740930882801978
2024-07-24,6.609768553117289
2024-07-25,6.559731618154964
2024-07-26,6.629089975661792
2024-07-29,6.647957010961185
2024-07-30,6.628404350293087
2024-07-31,6.694116069750839
2024-08-01,6.672224966478623
2024-08-02,6.506594099145973
2024-08-05,6.353289539342293
2024-08-06,6.46999205157568
2024-08-07,6.430840501935911
2024-08-08,6.567818886464186
2024-08-09,6.611066238771685
2024-08-12,6.6173364791684275
2024-08-13,6.676751381294887
2024-08-14,6.730863071422084
2024-08-15,6.820415954065575
2024-08-16,6.820518710629976
2024-08-19,6.874567803038601
2024-08-20,6.848744507865735
2024-08-21,6.913025718962073
2024-08-22,6.900696814403748
2024-08-23,6.971198017348589
2024-08-26,6.954203102511765
2024-08-27,6.982330495848176
2024-08-28,6.945260024293545
2024-08-29,6.962630797145106
2024-08-30,7.028429473779473
2024-09-03,6.9111868155694385
2024-09-04,6.918351123361081
2024-09-05,6.884374791570776
2024-09-06,6.824520468316852
2024-09-09,6.890507792616489
2024-09-10,6.9009668542742535
2024-09-11,6.941254964374571
2024-09-12,6.996949027061055
2024-09-13,7.0559256506847525
2024-09-16,7.096626277920701
2024-09-17,7.090414424359453
2024-09-18,7.087166608089817
2024-09-19,7.13828864522045
2024-09-20,7.173158335910799
2024-09-23,7.214021232874314
2024-09-24,7.219025130609835
2024-09-25,7.216323612506769
2024-09-26,7.188524725302552
2024-09-27,7.186524159864205
2024-09-30,7.217201700867332
2024-10-01,7.184737957520959
2024-10-02,7.197003563349522
2024-10-03,7.176038241734598
2024-10-04,7.21175978528396
2024-10-07,7.167471374624149
2024-10-08,7.209743967928717
2024-10-09,7.246454023531613
2024-10-10,7.221883787781763
2024-10-11,7.279549396478048
2024-10-14,7.320943132549961
2024-10-15,7.325940942064961
2024-10-16,7.356365403489361
2024-10-17,7.334329364608376
2024-10-18,7.378547206638053
2024-10-21,7.3475869686610125
2024-10-22,7.3211168499946675
2024-10-23,7.30606797451219
2024-10-24,7.308852809057993
2024-10-25,7.247507946552896
2024-10-28,7.265335764971232
2024-10-29,7.272204776758691
2024-10-30,7.25438135733717
2024-10-31,7.186745799196114
2024-11-01,7.152042469120295
2024-11-04,7.168222479874902
2024-11-05,7.314428640672033
2024-11-06,7.494942829323782
2024-11-07,7.601082337823541
2024-11-08,7.774446013275628
2024-11-11,7.838899467074375
2024-11-12,7.787967207674692
2024-11-13,7.764183844426653
2024-11-14,7.703437391257201
2024-11-15,7.672901119174273
2024-11-18,7.717556323497255
2024-11-19,7.785792462997639
2024-11-20,7.83792828647448
2024-11-21,7.9381901788061855
2024-11-22,8.010747539533094
2024-11-25,8.004754905903413
2024-11-26,8.076551832917746
2024-11-27,8.040356188540358
2024-11-29,8.080963326930224
2024-12-02,8.028744896250444
2024-12-03,8.038229994243068
2024-12-04,8.064827651564816
2024-12-05,8.045689126748451
2024-12-06,8.069302342085408
2024-12-09,7.934705238631189
2024-12-10,7.887626681042567
2024-12-11,7.929053311414488
2024-12-12,7.895012489983904
2024-12-13,7.918462071863734
2024-12-16,7.943339702847608
2024-12-17,7.8838678846590895
2024-12-18,7.6445440400776565
2024-12-19,7.645578126309095
2024-12-20,7.743354198619485
2024-12-23,7.76175790137103
2024-12-24,7.835921213389704
2024-12-26,7.8333343353338325
2024-12-27,7.761997022519606
2024-12-30,7.701720084202389
2024-12-31,7.679892408116842
2025-01-02,7.706267622238232
2025-01-03,7.787325213595834
2025-01-06,7.806542166252142
2025-01-07,7.763228453809491
2025-01-08,7.80984877401761
2025-01-10,7.775218672314308
2025-01-13,7.767552458917095
2025-01-14,7.830617177273303
2025-01-15,7.90120214667545
2025-01-16,7.962761667126061
2025-01-17,8.00653499414901
2025-01-21,8.105573576951077
2025-01-22,8.119144918640794
2025-01-23,8.161344949826475
2025-01-24,8.171524540163396
2025-01-27,8.011035251382125
2025-01-28,8.0536947106009
2025-01-29,8.058179367511118
2025-01-30,8.134088114598722
2025-01-31,8.055408786789696
2025-02-03,8.047571613380798
2025-02-04,8.057110837208294
2025-02-05,8.117028813679683
2025-02-06,8.150993126136983
2025-02-07,8.131770852678011
2025-02-10,8.149896708963421
2025-02-11,8.115680299717994
2025-02-12,8.122729861516023
2025-02-13,8.155368227632026
2025-02-14,8.146859333459433
2025-02-18,8.165256071850132
2025-02-19,8.16573032564048
2025-02-20,8.069459206651645
2025-02-21,7.934984057155551
2025-02-24,7.9139973791907545
2025-02-25,7.89270330758941
2025-02-26,7.942207456541331
2025-02-27,7.8724993187741585
2025-02-28,7.96310325014957
2025-03-03,7.866396972545346
2025-03-04,7.72511179793086
2025-03-05,7.78236182579743
2025-03-06,7.599728651673144
2025-03-07,7.601803026859702
2025-03-10,7.420369427281182
2025-03-11,7.4241679132388185
2025-03-12,7.471199983095105
2025-03-13,7.370183011250662
2025-03-14,7.508451505636097
2025-03-17,7.600677893944713
2025-03-18,7.535086453381393
2025-03-19,7.628665378129998
2025-03-20,7.6206270387401815
2025-03-21,7.607441462602329
2025-03-24,7.747610462644149
2025-03-25,7.763634146027064
2025-03-26,7.696099758748276
2025-03-27,7.627290814374698
2025-03-28,7.537841119004923
2025-03-31,7.583807385228355
2025-04-01,7.608703628285917
2025-04-02,7.667465094883359
2025-04-03,7.406099713849186
2025-04-04,7.0945201295324996
2025-04-07,7.115099560547651
2025-04-08,7.0504332993094065
2025-04-09,7.427091316153517
2025-04-10,7.288049046170508
2025-04-11,7.349994379401259
2025-04-14,7.411631438088852
2025-04-15,7.423623752222194
2025-04-16,7.362211542961454
2025-04-17,7.385963454107104
2025-04-21,7.279321042048466
2025-04-22,7.395060945714672
2025-04-23,7.4763596246848
2025-04-24,7.5501206768684765
2025-04-25,7.554972471602851
2025-04-28,7.579697383535782
2025-04-29,7.594926767326828
2025-04-30,7.590642338563451
2025-05-01,7.57555555688771
2025-05-02,7.640123829490328
2025-05-05,7.631235100844409
2025-05-06,7.607723461996559
2025-05-07,7.629051972528298
2025-05-08,7.627524388814738
2025-05-09,7.635094821306989
2025-05-12,7.678781021538856
2025-05-13,7.689247986226736
2025-05-14,7.676444874706373
2025-05-15,7.719332954007661
2025-05-16,7.761216270032091
2025-05-19,7.78013309923985
2025-05-20,7.774170371104566
2025-05-21,7.710623949392436
2025-05-22,7.697284472640106
2025-05-23,7.708592613751299
2025-05-27,7.7500668825817485
2025-05-28,7.731831288418273
2025-05-29,7.736423971192575
2025-05-30,7.760397284333623
2025-06-02,7.777302943879023
2025-06-03,7.779392369328758
2025-06-04,7.759831369039084
2025-06-05,7.756721767400313
2025-06-06,7.777436184422261
2025-06-09,7.747586819198966
2025-06-10,7.743056500869906
2025-06-11,7.7540876419442
2025-06-12,7.769350866842458
2025-06-13,7.746352761120361
2025-06-16,7.764892008486306
2025-06-17,7.746091097440673
2025-06-18,7.746885190383446
2025-06-20,7.7542208241750386
2025-06-23,7.7969565826256995
2025-06-24,7.817645350749741
2025-06-25,7.778562180081389
2025-06-26,7.8054667652914596
2025-06-27,7.826424989050277
2025-06-30,7.859978199267774
2025-07-01,7.807844636760774
2025-07-02,7.809821420703621
2025-07-03,7.849352322530156
2025-07-07,7.850595483660593
2025-07-08,7.8123668292776784
2025-07-09,7.830178837355265
2025-07-10,7.83058392893245
2025-07-11,7.80254676397434
2025-07-14,7.851698085499163
2025-07-15,7.8133601425542
2025-07-16,7.824491854089712
2025-07-17,7.849313775735633
2025-07-18,7.87118620112813
2025-07-21,7.854742729826107
2025-07-22,7.846111193863603
2025-07-23,7.8908430625582735
2025-07-24,7.893954597847929
2025-07-25,7.927381207914203
2025-07-28,7.90975851116198
2025-07-29,7.934159138029002
2025-07-30,7.943246675392803
2025-07-31,7.92342034622678
2025-08-01,7.832415527935791
2025-08-04,7.961067776082521
2025-08-05,7.913077849675486
2025-08-06,7.899219619569592
2025-08-07,7.8895159462429065
2025-08-08,7.921910576733247
2025-08-11,7.940549292511816
2025-08-12,8.008862628528874
2025-08-13,7.967485668302809
2025-08-14,7.91799190501963
2025-08-15,7.891959741182349
2025-08-18,7.895809179232381
2025-08-19,7.8339882678844
2025-08-20,7.866649050871981
2025-08-21,7.8369067172344264
2025-08-22,7.89724946965924
2025-08-25,7.8772724530648315
2025-08-26,7.948478028092529
2025-08-27,7.952643745576968
2025-08-28,7.994211953895185
2025-08-29,7.944414079669479
2025-09-02,7.91557456223657
2025-09-03,7.912810664354302
2025-09-04,7.98202697216913
2025-09-05,7.943241634920011
2025-09-08,7.993064703819868
2025-09-09,8.025284356230124
2025-09-10,8.142625020024134
2025-09-11,8.211353801722229
2025-09-12,8.209954259853404
2025-09-15,8.204540428359286
2025-09-16,8.150112831981044
2025-09-17,8.154029431022035
2025-09-18,8.230882143238375
2025-09-19,8.2581478856654
