date,NAV
1995-01-03,1.0
1995-01-04,1.0
1995-01-05,1.0
1995-01-06,1.0
1995-01-09,1.0
1995-01-10,1.0
1995-01-11,1.0
1995-01-12,1.0
1995-01-13,1.0
1995-01-16,1.0
1995-01-17,1.0
1995-01-18,1.0
1995-01-19,1.0
1995-01-20,1.0
1995-01-23,1.0
1995-01-24,1.0
1995-01-25,1.0
1995-01-26,1.0
1995-01-27,1.0
1995-01-30,1.0
1995-01-31,1.0
1995-02-01,1.0
1995-02-02,1.0
1995-02-03,1.0
1995-02-06,1.0
1995-02-07,1.0
1995-02-08,1.0
1995-02-09,1.0
1995-02-10,1.0
1995-02-13,1.0
1995-02-14,1.0
1995-02-15,1.0
1995-02-16,1.0
1995-02-17,1.0
1995-02-21,1.0
1995-02-22,1.0
1995-02-23,1.0
1995-02-24,1.0
1995-02-27,1.0
1995-02-28,1.0
1995-03-01,1.0
1995-03-02,1.0
1995-03-03,1.0
1995-03-06,1.0
1995-03-07,1.0
1995-03-08,1.0
1995-03-09,1.0
1995-03-10,1.0
1995-03-13,1.0
1995-03-14,1.0
1995-03-15,1.0
1995-03-16,1.0
1995-03-17,1.0
1995-03-20,1.0
1995-03-21,1.0
1995-03-22,1.0
1995-03-23,1.0
1995-03-24,1.0
1995-03-27,1.0
1995-03-28,1.0
1995-03-29,1.0
1995-03-30,1.0
1995-03-31,1.0
1995-04-03,1.0
1995-04-04,1.0
1995-04-05,1.0
1995-04-06,1.0
1995-04-07,1.0
1995-04-10,1.0
1995-04-11,1.0
1995-04-12,1.0
1995-04-13,1.0
1995-04-17,1.0
1995-04-18,1.0
1995-04-19,1.0
1995-04-20,1.0
1995-04-21,1.0
1995-04-24,1.0
1995-04-25,1.0
1995-04-26,1.0
1995-04-27,1.0
1995-04-28,1.0
1995-05-01,1.0
1995-05-02,1.0
1995-05-03,1.0
1995-05-04,1.0
1995-05-05,1.0
1995-05-08,1.0
1995-05-09,1.0
1995-05-10,1.0
1995-05-11,1.0
1995-05-12,1.0
1995-05-15,1.0
1995-05-16,1.0
1995-05-17,1.0
1995-05-18,1.0
1995-05-19,1.0
1995-05-22,1.0
1995-05-23,1.0
1995-05-24,1.0
1995-05-25,1.0
1995-05-26,1.0
1995-05-30,1.0
1995-05-31,1.0
1995-06-01,1.0
1995-06-02,1.0
1995-06-05,1.0
1995-06-06,1.0
1995-06-07,1.0
1995-06-08,1.0
1995-06-09,1.0
1995-06-12,1.0
1995-06-13,1.0
1995-06-14,1.0
1995-06-15,1.0
1995-06-16,1.0
1995-06-19,1.0
1995-06-20,1.0
1995-06-21,1.0
1995-06-22,1.0
1995-06-23,1.0
1995-06-26,1.0
1995-06-27,1.0
1995-06-28,1.0
1995-06-29,1.0
1995-06-30,1.0
1995-07-03,1.0
1995-07-05,1.0
1995-07-06,1.0
1995-07-07,1.0
1995-07-10,1.0
1995-07-11,1.0
1995-07-12,1.0
1995-07-13,1.0
1995-07-14,1.0
1995-07-17,1.0
1995-07-18,1.0
1995-07-19,1.0
1995-07-20,1.0
1995-07-21,1.0
1995-07-24,1.0
1995-07-25,1.0
1995-07-26,1.0
1995-07-27,1.0
1995-07-28,1.0
1995-07-31,1.0
1995-08-01,1.0
1995-08-02,1.0
1995-08-03,1.0
1995-08-04,1.0
1995-08-07,1.0
1995-08-08,1.0
1995-08-09,1.0
1995-08-10,1.0
1995-08-11,1.0
1995-08-14,1.0
1995-08-15,1.0
1995-08-16,1.0
1995-08-17,1.0
1995-08-18,1.0
1995-08-21,1.0
1995-08-22,1.0
1995-08-23,1.0
1995-08-24,1.0
1995-08-25,1.0
1995-08-28,1.0
1995-08-29,1.0
1995-08-30,1.0
1995-08-31,1.0
1995-09-01,1.0
1995-09-05,1.0
1995-09-06,1.0
1995-09-07,1.0
1995-09-08,1.0
1995-09-11,1.0
1995-09-12,1.0
1995-09-13,1.0
1995-09-14,1.0
1995-09-15,1.0
1995-09-18,1.0
1995-09-19,1.0
1995-09-20,1.0
1995-09-21,1.0
1995-09-22,1.0
1995-09-25,1.0
1995-09-26,1.0
1995-09-27,1.0
1995-09-28,1.0
1995-09-29,1.0
1995-10-02,1.0
1995-10-03,1.0
1995-10-04,1.0
1995-10-05,1.0
1995-10-06,1.0
1995-10-09,1.0
1995-10-10,1.0
1995-10-11,1.0
1995-10-12,1.0
1995-10-13,1.0
1995-10-16,1.0
1995-10-17,1.0
1995-10-18,1.0
1995-10-19,1.0
1995-10-20,1.0
1995-10-23,1.0
1995-10-24,1.0
1995-10-25,1.0
1995-10-26,1.0
1995-10-27,1.0
1995-10-30,1.0
1995-10-31,1.0
1995-11-01,1.0
1995-11-02,1.0
1995-11-03,1.0
1995-11-06,1.0
1995-11-07,1.0
1995-11-08,1.0
1995-11-09,1.0
1995-11-10,1.0
1995-11-13,1.0
1995-11-14,1.0
1995-11-15,1.0
1995-11-16,1.0
1995-11-17,1.0
1995-11-20,1.0
1995-11-21,1.0
1995-11-22,1.0
1995-11-24,1.0
1995-11-27,1.0
1995-11-28,1.0
1995-11-29,1.0
1995-11-30,1.0
1995-12-01,1.0
1995-12-04,1.0
1995-12-05,1.0
1995-12-06,1.0
1995-12-07,1.0
1995-12-08,1.0
1995-12-11,1.0
1995-12-12,1.0
1995-12-13,1.0
1995-12-14,1.0
1995-12-15,1.0
1995-12-18,1.0
1995-12-19,1.0
1995-12-20,1.0
1995-12-21,1.0
1995-12-22,1.0
1995-12-26,1.0
1995-12-27,1.0
1995-12-28,1.0
1995-12-29,1.0
1996-01-02,1.0
1996-01-03,1.0
1996-01-04,1.0
1996-01-05,1.0
1996-01-08,1.0
1996-01-09,1.0
1996-01-10,1.0
1996-01-11,1.0
1996-01-12,1.0
1996-01-15,1.0
1996-01-16,1.0
1996-01-17,1.0
1996-01-18,1.0
1996-01-19,1.0
1996-01-22,1.0
1996-01-23,1.0
1996-01-24,1.0
1996-01-25,1.0
1996-01-26,1.0
1996-01-29,1.0
1996-01-30,1.0
1996-01-31,1.0
1996-02-01,0.9992745238238504
1996-02-02,0.9989830011512453
1996-02-05,1.0112615489949164
1996-02-06,1.0089248933600647
1996-02-07,1.0052533180892638
1996-02-08,1.0053441526883091
1996-02-09,1.011171033386034
1996-02-12,1.0086111877960253
1996-02-13,1.0121320257282314
1996-02-14,1.0140694348768986
1996-02-15,1.0135311732057608
1996-02-16,1.0133514422314327
1996-02-20,1.0133091549141042
1996-02-21,1.0145791577399974
1996-02-22,1.0228776510145503
1996-02-23,1.0171595830326599
1996-02-26,1.0149435332343841
1996-02-27,1.014171257358191
1996-02-28,1.0109545051053443
1996-02-29,1.0095806608102167
1996-03-01,0.9919249786517429
1996-03-04,0.9903527637788376
1996-03-05,0.9886516800732696
1996-03-06,0.9815985094296313
1996-03-07,0.9907508793907001
1996-03-08,0.9720732306100682
1996-03-11,0.9690996101806739
1996-03-12,0.9737521863270011
1996-03-13,0.9956143379029843
1996-03-14,0.9950378981930977
1996-03-15,0.9955888039608943
1996-03-18,0.9795882696363938
1996-03-19,0.9826888520414103
1996-03-20,0.9880611400547175
1996-03-21,0.9866906023242985
1996-03-22,0.9875608045454711
1996-03-25,0.975418194294773
1996-03-26,0.9759498375672316
1996-03-27,0.9653989884296903
1996-03-28,0.9714519037697786
1996-03-29,0.9692922282990118
1996-04-01,0.9738168454457857
1996-04-02,0.9828489441833769
1996-04-03,0.9876822129542175
1996-04-04,0.9958766424581403
1996-04-08,0.9824461583916686
1996-04-09,0.9789525937356869
1996-04-10,0.9772018437868826
1996-04-11,0.9810890610670199
1996-04-12,0.9886773898187737
1996-04-15,0.9870388077086103
1996-04-16,0.995414156486646
1996-04-17,0.9856960409185489
1996-04-18,0.9868250721845762
1996-04-19,0.989917730324363
1996-04-22,1.0059076221683771
1996-04-23,1.0014452173559596
1996-04-24,1.002935720067492
1996-04-25,0.9981481009563846
1996-04-26,0.9974472754714286
1996-04-29,1.0018425553878165
1996-04-30,0.9973496048749123
1996-05-01,0.9989448282990028
1996-05-02,0.9946382032900933
1996-05-03,0.9964833067265221
1996-05-06,0.9881914807475841
1996-05-07,0.9885540206349314
1996-05-08,0.9923823312773733
1996-05-09,0.9999226477671627
1996-05-10,1.0108706324349495
1996-05-13,1.0131070988009492
1996-05-14,1.0223526157808869
1996-05-15,1.0147996927188978
1996-05-16,1.0200983328727804
1996-05-17,1.0201306070672451
1996-05-20,1.0262596607532795
1996-05-21,1.0325333630702445
1996-05-22,1.0369109241447019
1996-05-23,1.0433620312109946
1996-05-24,1.0460389047347627
1996-05-28,1.042127474736765
1996-05-29,1.0424072927533776
1996-05-30,1.0323710531981625
1996-05-31,1.0392085253168337
1996-06-03,1.0368706019323959
1996-06-04,1.036803069199419
1996-06-05,1.0466777536604897
1996-06-06,1.0389210520273526
1996-06-07,1.0333769910659167
1996-06-10,1.0412514650478193
1996-06-11,1.036905963214952
1996-06-12,1.0495498130551952
1996-06-13,1.045087436670927
1996-06-14,1.048910407096417
1996-06-17,1.0436583327843496
1996-06-18,1.0435559589721426
1996-06-19,1.0329270647480397
1996-06-20,1.0261939881425575
1996-06-21,1.036245366222448
1996-06-24,1.0468366586172928
1996-06-25,1.0597207597496288
1996-06-26,1.0598558711636274
1996-06-27,1.0575571660265437
1996-06-28,1.0672705280636605
1996-07-01,1.0820408234737775
1996-07-02,1.092744961601405
1996-07-03,1.0898517330721103
1996-07-05,1.0758759341038833
1996-07-08,1.0703480517747963
1996-07-09,1.0811251061889486
1996-07-10,1.078329914764316
1996-07-11,1.0679460430555283
1996-07-12,1.0688368688579142
1996-07-15,1.0529046190393287
1996-07-16,1.045679620323781
1996-07-17,1.0799679672248719
1996-07-18,1.0973380503088408
1996-07-19,1.084387638283698
1996-07-22,1.078218454772214
1996-07-23,1.0738317851396249
1996-07-24,1.0890128568438981
1996-07-25,1.0870302047838376
1996-07-26,1.0906577330776261
1996-07-29,1.080070479745093
1996-07-30,1.0838795878205765
1996-07-31,1.09463875144858
1996-08-01,1.105161365858927
1996-08-02,1.107263474153296
1996-08-05,1.1120118590446904
1996-08-06,1.1109369090811714
1996-08-07,1.1016795561704547
1996-08-08,1.1074300042073528
1996-08-09,1.1083825083302234
1996-08-12,1.110529098762689
1996-08-13,1.1156859201322442
1996-08-14,1.1151712231009294
1996-08-15,1.1154795461646163
1996-08-16,1.1107458307905982
1996-08-19,1.1185059955420709
1996-08-20,1.11203120717004
1996-08-21,1.1078740642356328
1996-08-22,1.1045181351878164
1996-08-23,1.1054917613113586
1996-08-26,1.1059867198428763
1996-08-27,1.1000764598978001
1996-08-28,1.096546866277576
1996-08-29,1.0919002428282054
1996-08-30,1.0930988496231886
1996-09-03,1.0944769185618308
1996-09-04,1.0918621421726578
1996-09-05,1.0913284281511897
1996-09-06,1.102956575525652
1996-09-09,1.1069144450659858
1996-09-10,1.1088882404069107
1996-09-11,1.1057967675196463
1996-09-12,1.1109897666962167
1996-09-13,1.1262798557174953
1996-09-16,1.1261183846138376
1996-09-17,1.1282579767781096
1996-09-18,1.1209868392895241
1996-09-19,1.1254282442187584
1996-09-20,1.1264420787759815
1996-09-23,1.124971199812338
1996-09-24,1.115296141295535
1996-09-25,1.1188431110239598
1996-09-26,1.1219867413613813
1996-09-27,1.1221138847857748
1996-09-30,1.1245096021461325
1996-10-01,1.133925700957092
1996-10-02,1.1434828334965135
1996-10-03,1.1503226104005302
1996-10-04,1.160061844528568
1996-10-07,1.1575787784033795
1996-10-08,1.1533766999059045
1996-10-09,1.1483242399440534
1996-10-10,1.1583936985157284
1996-10-11,1.1643892191450025
1996-10-14,1.1563815870038752
1996-10-15,1.1659462161459104
1996-10-16,1.1749191012028832
1996-10-17,1.1715849753287506
1996-10-18,1.176464586987734
1996-10-21,1.1753756373856232
1996-10-22,1.180872002588507
1996-10-23,1.1796957191070048
1996-10-24,1.1752422687380488
1996-10-25,1.1779842490182175
1996-10-28,1.1722928955503933
1996-10-29,1.1731505637787616
1996-10-30,1.1754696361237345
1996-10-31,1.180225595658162
1996-11-01,1.1706336872631045
1996-11-04,1.1638795023259283
1996-11-05,1.1611947380035834
1996-11-06,1.1415998055895038
1996-11-07,1.135838808841301
1996-11-08,1.1378706812070443
1996-11-11,1.137383909964528
1996-11-12,1.1330808640584458
1996-11-13,1.1287346126273534
1996-11-14,1.1229907570045738
1996-11-15,1.1273512001804067
1996-11-18,1.1242877701772216
1996-11-19,1.1159281412872009
1996-11-20,1.1250045289835806
1996-11-21,1.109835847175093
1996-11-22,1.108429373839303
1996-11-25,1.1056268655422237
1996-11-26,1.1053794542688515
1996-11-27,1.1002812800175508
1996-11-29,1.104083510826652
1996-12-02,1.1020240459267983
1996-12-03,1.1001465295678
1996-12-04,1.1054464865266445
1996-12-05,1.1003621067301232
1996-12-06,1.0969614092931501
1996-12-09,1.0979122188112813
1996-12-10,1.096580185298831
1996-12-11,1.0963565825868369
1996-12-12,1.0888552256352262
1996-12-13,1.078515044389081
1996-12-16,1.0812114640787662
1996-12-17,1.0825752210791089
1996-12-18,1.0996887284284316
1996-12-19,1.1066416517808544
1996-12-20,1.0943790918975336
1996-12-23,1.0985336435276813
1996-12-24,1.0982060012159531
1996-12-26,1.1007069640075213
1996-12-27,1.094917538498509
1996-12-30,1.1015795950305816
1996-12-31,1.110832631193024
1997-01-02,1.0985878445580475
1997-01-03,1.1021464009332675
1997-01-06,1.1163319458978809
1997-01-07,1.1142519277473693
1997-01-08,1.1186228580668691
1997-01-09,1.130827020209028
1997-01-10,1.1438247308923288
1997-01-13,1.1439923146892634
1997-01-14,1.1592550778166189
1997-01-15,1.1681223539728498
1997-01-16,1.1672710115210172
1997-01-17,1.175458916520412
1997-01-20,1.181127433511549
1997-01-21,1.1716360212903172
1997-01-22,1.1693589763289292
1997-01-23,1.1602188523902262
1997-01-24,1.163801904639325
1997-01-27,1.1711820544092435
1997-01-28,1.1768317420180903
1997-01-29,1.178624644972305
1997-01-30,1.1953032050635608
1997-01-31,1.1945046851630279
1997-02-03,1.2091807785624598
1997-02-04,1.2138127051498804
1997-02-05,1.2079504401362322
1997-02-06,1.210728445423827
1997-02-07,1.2164642171522124
1997-02-10,1.2087681890976243
1997-02-11,1.1928801486770138
1997-02-12,1.2065948010981786
1997-02-13,1.2135022562303266
1997-02-14,1.207463794512234
1997-02-18,1.2134980301177054
1997-02-19,1.2049598119155849
1997-02-20,1.1989227617275318
1997-02-21,1.1943300822784901
1997-02-24,1.2005727483643194
1997-02-25,1.1955019496088257
1997-02-26,1.1996875661312207
1997-02-27,1.1905012360290639
1997-02-28,1.1969793210509692
1997-03-03,1.1839537471016222
1997-03-04,1.1927454347652275
1997-03-05,1.1978097086560766
1997-03-06,1.1969325944648208
1997-03-07,1.1843285144199351
1997-03-10,1.1708696736275583
1997-03-11,1.174919502810027
1997-03-12,1.1719202709787546
1997-03-13,1.1663259423384518
1997-03-14,1.1673124572879188
1997-03-17,1.1567766372905541
1997-03-18,1.1542064788532456
1997-03-19,1.1510461357305402
1997-03-20,1.1509222976250235
1997-03-21,1.153088056638689
1997-03-24,1.1670056295827098
1997-03-25,1.176963201200515
1997-03-26,1.1635673398205397
1997-03-27,1.1636670623453438
1997-03-28,1.1632915398958212
1997-03-31,1.1516692945334948
1997-04-01,1.155699018868867
1997-04-02,1.1486914957679513
1997-04-03,1.1567987288330586
1997-04-04,1.1716487077072817
1997-04-07,1.177094151377211
1997-04-08,1.176245240767578
1997-04-09,1.1782752801491703
1997-04-10,1.1690915870634246
1997-04-11,1.1631369484735412
1997-04-14,1.1721956293525035
1997-04-15,1.1834142435499633
1997-04-16,1.1937001523960769
1997-04-17,1.177802359601903
1997-04-18,1.18090874368517
1997-04-21,1.1805707825059801
1997-04-22,1.1895157567932073
1997-04-23,1.1904147808113492
1997-04-24,1.1941935072456258
1997-04-25,1.1904473056724445
1997-04-28,1.1857867751652569
1997-04-29,1.1990539301362002
1997-04-30,1.200960167452902
1997-05-01,1.1994587799378271
1997-05-02,1.1990770902923964
1997-05-05,1.2020676088098579
1997-05-06,1.210236750385434
1997-05-07,1.2018138481372398
1997-05-08,1.2071640556512762
1997-05-09,1.2131757049738927
1997-05-12,1.2192313238500774
1997-05-13,1.1996122740872297
1997-05-14,1.2011179120363138
1997-05-15,1.2009554469559776
1997-05-16,1.1798252559285278
1997-05-19,1.1827663191523585
1997-05-20,1.1822982407407001
1997-05-21,1.1722492423550261
1997-05-22,1.1723050392207928
1997-05-23,1.1731899684208695
1997-05-27,1.1830492723459636
1997-05-28,1.1829507883669557
1997-05-29,1.1748250060993324
1997-05-30,1.1769765166253932
1997-06-02,1.1691160757286752
1997-06-03,1.1755238886418446
1997-06-04,1.169429528533468
1997-06-05,1.1737547064501819
1997-06-06,1.1881790216024146
1997-06-09,1.1879436216324255
1997-06-10,1.1912696525181705
1997-06-11,1.192693567677458
1997-06-12,1.1980094568410264
1997-06-13,1.208429590078086
1997-06-16,1.2144857186250702
1997-06-17,1.2074364626025986
1997-06-18,1.2076459373662125
1997-06-19,1.202205407578066
1997-06-20,1.203279802113223
1997-06-23,1.1898774174898512
1997-06-24,1.2051138862411697
1997-06-25,1.19658982555605
1997-06-26,1.182302438259727
1997-06-27,1.1904866307303752
1997-06-30,1.1727502719232512
1997-07-01,1.1666618251631145
1997-07-02,1.1849680963670264
1997-07-03,1.1992045652405634
1997-07-07,1.208271069562971
1997-07-08,1.2138341053854065
1997-07-09,1.2069088933722243
1997-07-10,1.2072770682858456
1997-07-11,1.2015186097497905
1997-07-14,1.2040097654010635
1997-07-15,1.2101884916441858
1997-07-16,1.2157729378775457
1997-07-17,1.213952511323917
1997-07-18,1.1996726620677056
1997-07-21,1.1950834374579082
1997-07-22,1.2043249966781389
1997-07-23,1.2149440686140005
1997-07-24,1.2190078735243548
1997-07-25,1.2154894448090616
1997-07-28,1.2249555751952257
1997-07-29,1.2261525351817228
1997-07-30,1.2274885725569338
1997-07-31,1.234593151827129
1997-08-01,1.2121709800069238
1997-08-04,1.208734295254262
1997-08-05,1.2040736588334988
1997-08-06,1.1936531826289987
1997-08-07,1.1752782643427846
1997-08-08,1.1678257175393674
1997-08-11,1.1621725683877746
1997-08-12,1.1615118196820147
1997-08-13,1.1568969075593296
1997-08-14,1.1622904045868883
1997-08-15,1.145787083901385
1997-08-18,1.1596213243371647
1997-08-19,1.1656939499420411
1997-08-20,1.1764366465694496
1997-08-21,1.1699481709771211
1997-08-22,1.16908660013395
1997-08-25,1.1708155887424403
1997-08-26,1.1608095949475858
1997-08-27,1.1687987547812848
1997-08-28,1.1608571206096687
1997-08-29,1.156298024986035
1997-09-02,1.1695770229128546
1997-09-03,1.1628254841919283
1997-09-04,1.163521242349334
1997-09-05,1.1653120195604165
1997-09-08,1.1575086417205604
1997-09-09,1.152669107565574
1997-09-10,1.150297469316817
1997-09-11,1.1514172598279961
1997-09-12,1.1732981185015932
1997-09-15,1.183295819081513
1997-09-16,1.196545170053245
1997-09-17,1.1888063163536282
1997-09-18,1.1941852919473623
1997-09-19,1.1992438759688118
1997-09-22,1.1992531326231435
1997-09-23,1.1948371357900465
1997-09-24,1.1824396590306294
1997-09-25,1.1784222894452536
1997-09-26,1.187054587521194
1997-09-29,1.1783508448190807
1997-09-30,1.1730813240202032
1997-10-01,1.1676801871457345
1997-10-02,1.1691759447802204
1997-10-03,1.1708290159883852
1997-10-06,1.1638482578976566
1997-10-07,1.170311480865046
1997-10-08,1.169112402153563
1997-10-09,1.157292463819726
1997-10-10,1.1551608246924325
1997-10-13,1.1582499903899752
1997-10-14,1.1539451818265092
1997-10-15,1.1431390383431468
1997-10-16,1.1309186210536983
1997-10-17,1.1213894814792336
1997-10-20,1.124597076265161
1997-10-21,1.1340718659664493
1997-10-22,1.1160320466908882
1997-10-23,1.1112400980927224
1997-10-24,1.1080067829459064
1997-10-27,1.09033920435875
1997-10-28,1.0998221815829132
1997-10-29,1.0973636662501762
1997-10-30,1.0831577947527766
1997-10-31,1.0860485936519173
1997-11-03,1.1046536901150954
1997-11-04,1.1081668344980327
1997-11-05,1.1142034939411034
1997-11-06,1.124425762684082
1997-11-07,1.1206333663003758
1997-11-10,1.1066821907485
1997-11-11,1.1065697510508787
1997-11-12,1.0863585463115886
1997-11-13,1.074157965688287
1997-11-14,1.0789554831206392
1997-11-17,1.0901169626848823
1997-11-18,1.0814432687975146
1997-11-19,1.0881298532613854
1997-11-20,1.0985749142746186
1997-11-21,1.0981851057195777
1997-11-24,1.0938134366687677
1997-11-25,1.0984699578103214
1997-11-26,1.1003943509952874
1997-11-28,1.1028497746549264
1997-12-01,1.1067121262314956
1997-12-02,1.1029976950804203
1997-12-03,1.105823035328915
1997-12-04,1.1189377505126725
1997-12-05,1.1163133676612553
1997-12-08,1.1235893730805717
1997-12-09,1.1283851616195812
1997-12-10,1.1287331544834263
1997-12-11,1.1247453621407975
1997-12-12,1.1248613525575994
1997-12-15,1.1266972203346335
1997-12-16,1.1234422361103409
1997-12-17,1.111932732254438
1997-12-18,1.1029665576254666
1997-12-19,1.102403768945973
1997-12-22,1.096590617397763
1997-12-23,1.1044597815133228
1997-12-24,1.0998123069272059
1997-12-26,1.1007726300137928
1997-12-29,1.1047370517518726
1997-12-30,1.118352711615831
1997-12-31,1.1299054046410208
1998-01-02,1.1060858716403736
1998-01-05,1.1112779549684764
1998-01-06,1.1027315766558996
1998-01-07,1.1057159996668748
1998-01-08,1.102405631276017
1998-01-09,1.0902771789028496
1998-01-12,1.1011254071130228
1998-01-13,1.0988401042311937
1998-01-14,1.1066607566189104
1998-01-15,1.1026118847034296
1998-01-16,1.1034229991493083
1998-01-20,1.0956867829165446
1998-01-21,1.0962448124858644
1998-01-22,1.0935357121213747
1998-01-23,1.0834466297259997
1998-01-26,1.08405500169031
1998-01-27,1.085840393437636
1998-01-28,1.089540948118753
1998-01-29,1.0967127383070856
1998-01-30,1.0934353211386403
1998-02-02,1.0930173543312973
1998-02-03,1.088499723799104
1998-02-04,1.0831027669494506
1998-02-05,1.086669401315579
1998-02-06,1.080749911845894
1998-02-09,1.082329996828971
1998-02-10,1.0827218376487264
1998-02-11,1.0910765527978068
1998-02-12,1.0955783573064513
1998-02-13,1.0817667125080408
1998-02-17,1.0869775723714783
1998-02-18,1.0818751264166353
1998-02-19,1.0853719761337912
1998-02-20,1.0945827598638147
1998-02-23,1.0928698224400184
1998-02-24,1.100986691864932
1998-02-25,1.0957263709973695
1998-02-26,1.0880528140724166
1998-02-27,1.0883481507628738
1998-03-02,1.0915549153569184
1998-03-03,1.086009582853809
1998-03-04,1.0875569454130651
1998-03-05,1.0871306610449112
1998-03-06,1.090418666220532
1998-03-09,1.0896658241996147
1998-03-10,1.0771837559987834
1998-03-11,1.0723161321156625
1998-03-12,1.0644600620250395
1998-03-13,1.0616320892149533
1998-03-16,1.062975760801377
1998-03-17,1.0699705414042984
1998-03-18,1.0636161708960745
1998-03-19,1.0656272589324085
1998-03-20,1.0674787546915352
1998-03-23,1.0541063681293044
1998-03-24,1.0480073508029315
1998-03-25,1.056278362309347
1998-03-26,1.0468333555434848
1998-03-27,1.0396279092134106
1998-03-30,1.0421953116806821
1998-03-31,1.0582911132730675
1998-04-01,1.061231298115158
1998-04-02,1.0627324963884779
1998-04-03,1.0536398223691197
1998-04-06,1.047329112191493
1998-04-07,1.0390254362302995
1998-04-08,1.0418290879660839
1998-04-09,1.0524560351524521
1998-04-13,1.063546515877753
1998-04-14,1.0615358241497386
1998-04-15,1.0620364658819827
1998-04-16,1.0719292845211663
1998-04-17,1.068403243084312
1998-04-20,1.064569582474464
1998-04-21,1.0670501429934245
1998-04-22,1.0606746245628684
1998-04-23,1.052399730555144
1998-04-24,1.0390378821015718
1998-04-27,1.0326582789413523
1998-04-28,1.040732956063283
1998-04-29,1.0473240363291823
1998-04-30,1.060561124571602
1998-05-01,1.0620615263830455
1998-05-04,1.0612513452460126
1998-05-05,1.0453014317671376
1998-05-06,1.046085376295551
1998-05-07,1.0396824672814915
1998-05-08,1.0430872197417078
1998-05-11,1.0392815260962305
1998-05-12,1.038712144306684
1998-05-13,1.052122385469818
1998-05-14,1.0640606561006387
1998-05-15,1.063773718773615
1998-05-18,1.0618307602212922
1998-05-19,1.0693671663394446
1998-05-20,1.0687149142864432
1998-05-21,1.067356532946911
1998-05-22,1.0639167062797688
1998-05-26,1.0663201401544893
1998-05-27,1.0654366266193314
1998-05-28,1.0633114130061494
1998-05-29,1.0767144988266049
1998-06-01,1.0725927665148662
1998-06-02,1.081061331777909
1998-06-03,1.0863656717214656
1998-06-04,1.0925633701499244
1998-06-05,1.0945169603470006
1998-06-08,1.1006159413812342
1998-06-09,1.1025844796029525
1998-06-10,1.1228495093226194
1998-06-11,1.127147519286062
1998-06-12,1.1318196048273506
1998-06-15,1.1364677180755338
1998-06-16,1.1331749379024878
1998-06-17,1.1377561638232436
1998-06-18,1.1421206937571509
1998-06-19,1.150857685239834
1998-06-22,1.1650931921893048
1998-06-23,1.1723452939468457
1998-06-24,1.1833793470908345
1998-06-25,1.1901982232174402
1998-06-26,1.1797040999061734
1998-06-29,1.1839598308734585
1998-06-30,1.1892745658541082
1998-07-01,1.2018574707781229
1998-07-02,1.2004914123087167
1998-07-06,1.2115968076396544
1998-07-07,1.214327253800355
1998-07-08,1.2170965064429575
1998-07-09,1.2308188086958038
1998-07-10,1.2378279436023425
1998-07-13,1.2552235638024198
1998-07-14,1.2646863884080164
1998-07-15,1.2597590889596662
1998-07-16,1.2841958044471966
1998-07-17,1.2778225205625842
1998-07-20,1.284208716269366
1998-07-21,1.284287855608704
1998-07-22,1.273376646040028
1998-07-23,1.2800790593306568
1998-07-24,1.2799511915464428
1998-07-27,1.2772762983937866
1998-07-28,1.2587906756344307
1998-07-29,1.2521882212495663
1998-07-30,1.2745332586215132
1998-07-31,1.2627833041723593
1998-08-03,1.2724097943189003
1998-08-04,1.254385031856951
1998-08-05,1.255257582993785
1998-08-06,1.2588625966585356
1998-08-07,1.2540761178871869
1998-08-10,1.2664834039852033
1998-08-11,1.272460983235314
1998-08-12,1.291493321841192
1998-08-13,1.2892516537015348
1998-08-14,1.2846004449821036
1998-08-17,1.2968669524960854
1998-08-18,1.2956034149982467
1998-08-19,1.2938470318440272
1998-08-20,1.3000165612700356
1998-08-21,1.2900832325268448
1998-08-24,1.299499866840031
1998-08-25,1.3122582415785364
1998-08-26,1.3234853505454673
1998-08-27,1.3109638832620965
1998-08-28,1.2793585679897612
1998-08-31,1.2422886271535718
1998-09-01,1.2357377901216478
1998-09-02,1.2557421311964962
1998-09-03,1.239410729095716
1998-09-04,1.2215046077714806
1998-09-08,1.2524931803698203
1998-09-09,1.2510241212880957
1998-09-10,1.2415952928856446
1998-09-11,1.2393902741182965
1998-09-14,1.25299659392462
1998-09-15,1.2614245877475654
1998-09-16,1.2632590899816594
1998-09-17,1.2458032015063978
1998-09-18,1.24993073276472
1998-09-21,1.2561388669573663
1998-09-22,1.2499293004730294
1998-09-23,1.253990631066719
1998-09-24,1.2382576300561745
1998-09-25,1.2432545330938845
1998-09-28,1.239885621422681
1998-09-29,1.2370121658153441
1998-09-30,1.2459438559219285
1998-10-01,1.2228743974063512
1998-10-02,1.2193944206013074
1998-10-05,1.2152843975569223
1998-10-06,1.2189931218198466
1998-10-07,1.2173955590321575
1998-10-08,1.2023730548735685
1998-10-09,1.2035260244965402
1998-10-12,1.2036977275616958
1998-10-13,1.2209199302781384
1998-10-14,1.2190299945519076
1998-10-15,1.2320515978767066
1998-10-16,1.2181385281597046
1998-10-19,1.2104325116075456
1998-10-20,1.1854090782376459
1998-10-21,1.180371191585421
1998-10-22,1.1756755081182724
1998-10-23,1.1715180313323694
1998-10-26,1.1713204439572582
1998-10-27,1.1747806359209931
1998-10-28,1.178827745188933
1998-10-29,1.1848673085020156
1998-10-30,1.1773212262900035
1998-11-02,1.1715577673845627
1998-11-03,1.1607414967615866
1998-11-04,1.1503308078458978
1998-11-05,1.153633426765633
1998-11-06,1.1508754195458215
1998-11-09,1.1596661776932446
1998-11-10,1.176230876065145
1998-11-11,1.1690354553705773
1998-11-12,1.1636275272205896
1998-11-13,1.1692453444096211
1998-11-16,1.174848028887201
1998-11-17,1.1817821356458855
1998-11-18,1.1947602772106896
1998-11-19,1.1804807257223198
1998-11-20,1.183991605961646
1998-11-23,1.187568520823455
1998-11-24,1.1794890725979148
1998-11-25,1.1847801498496682
1998-11-27,1.1947902519691986
1998-11-30,1.1946008908075616
1998-12-01,1.1984448236533956
1998-12-02,1.215686556799368
1998-12-03,1.2156848922195844
1998-12-04,1.2248730399617807
1998-12-07,1.2209770845114147
1998-12-08,1.2253681429065588
1998-12-09,1.2381825240643212
1998-12-10,1.2470338839169945
1998-12-11,1.2531233645142856
1998-12-14,1.2459228502547988
1998-12-15,1.2685610408654415
1998-12-16,1.2770912399110137
1998-12-17,1.2978130930420693
1998-12-18,1.3046369799531266
1998-12-21,1.320424652094889
1998-12-22,1.3229375918281143
1998-12-23,1.3279225994485624
1998-12-24,1.3192288753680521
1998-12-28,1.338936475267632
1998-12-29,1.339893368721662
1998-12-30,1.3351637806070584
1998-12-31,1.3422579618776582
1999-01-04,1.3190055073580513
1999-01-05,1.3131342357684068
1999-01-06,1.3080112894033404
1999-01-07,1.3135399892651987
1999-01-08,1.3123466859643496
1999-01-11,1.2969351614836775
1999-01-12,1.2929712097447104
1999-01-13,1.2995275934292287
1999-01-14,1.2994345929312283
1999-01-15,1.2929851628700906
1999-01-19,1.3089049042323133
1999-01-20,1.3168779889730766
1999-01-21,1.3222496237856294
1999-01-22,1.3334875750267519
1999-01-25,1.3371840750442952
1999-01-26,1.3547349764673058
1999-01-27,1.3664115936939443
1999-01-28,1.3841353072928577
1999-01-29,1.382068445160687
1999-02-01,1.3829805634697026
1999-02-02,1.3648636363474227
1999-02-03,1.3669952547298982
1999-02-04,1.3445100235824023
1999-02-05,1.3266684041330148
1999-02-08,1.3341554916502916
1999-02-09,1.333653294119015
1999-02-10,1.3279291508995068
1999-02-11,1.3638293035607252
1999-02-12,1.356722336718514
1999-02-16,1.360759141582495
1999-02-17,1.3516074808478014
1999-02-18,1.3421333497771948
1999-02-19,1.3365372361351378
1999-02-22,1.3422555159185094
1999-02-23,1.3511346929326296
1999-02-24,1.3464049741578104
1999-02-25,1.3377049785852597
1999-02-26,1.3369779436153657
1999-03-01,1.3303781660484513
1999-03-02,1.3413548250754266
1999-03-03,1.3487190207241735
1999-03-04,1.3455374882992057
1999-03-05,1.3568881970539326
1999-03-08,1.3636464049384582
1999-03-09,1.3736218875334758
1999-03-10,1.368099027451427
1999-03-11,1.3757991985521145
1999-03-12,1.3829682008747173
1999-03-15,1.3957887297441745
1999-03-16,1.3870409785279627
1999-03-17,1.372790925355779
1999-03-18,1.3822391234679985
1999-03-19,1.369830357493322
1999-03-22,1.3545071828435078
1999-03-23,1.3514461885801978
1999-03-24,1.3486891489547836
1999-03-25,1.366627279771525
1999-03-26,1.3679134244586748
1999-03-29,1.370878391076323
1999-03-30,1.3770582744669284
1999-03-31,1.3878041938813923
1999-04-01,1.3980064174846267
1999-04-05,1.418415433589582
1999-04-06,1.4305374729450981
1999-04-07,1.4442319900488172
1999-04-08,1.4417695791943244
1999-04-09,1.4401963365795027
1999-04-12,1.4467750931191388
1999-04-13,1.4494301016574018
1999-04-14,1.4188868007075779
1999-04-15,1.3648933858754777
1999-04-16,1.3374874223310425
1999-04-19,1.2821909764937691
1999-04-20,1.3150938857586647
1999-04-21,1.344573903187276
1999-04-22,1.3476815457441773
1999-04-23,1.356915683549939
1999-04-26,1.3557002890410266
1999-04-27,1.3336344641246252
1999-04-28,1.30700038070725
1999-04-29,1.2924185896728708
1999-04-30,1.3014480922655656
1999-05-03,1.2943264708264242
1999-05-04,1.2848057905714128
1999-05-05,1.2843985584754127
1999-05-06,1.2815305607804288
1999-05-07,1.281735521782341
1999-05-10,1.2760251776349576
1999-05-11,1.2831972795180027
1999-05-12,1.285944202830021
1999-05-13,1.2763908365686967
1999-05-14,1.2606272688146793
1999-05-17,1.2557464578072868
1999-05-18,1.2519199566520132
1999-05-19,1.2499033492539993
1999-05-20,1.2392170229523307
1999-05-21,1.2314341277330234
1999-05-24,1.226945812253132
1999-05-25,1.2274528336000403
1999-05-26,1.2379929841104986
1999-05-27,1.2405136150226845
1999-05-28,1.238662399005203
1999-06-01,1.2472222957683183
1999-06-02,1.2487437234293453
1999-06-03,1.2463975397819225
1999-06-04,1.246438827717317
1999-06-07,1.246631562388031
1999-06-08,1.2383539152700422
1999-06-09,1.238222333436641
1999-06-10,1.2374740930787735
1999-06-11,1.2358886411802605
1999-06-14,1.2272580729321287
1999-06-15,1.2294971601153883
1999-06-16,1.2442754047709466
1999-06-17,1.2463816202904803
1999-06-18,1.2620350607659814
1999-06-21,1.2739208987012105
1999-06-22,1.271156726256402
1999-06-23,1.2748886936018795
1999-06-24,1.2800630252941951
1999-06-25,1.2774591108955133
1999-06-28,1.289832318387481
1999-06-29,1.297238662773682
1999-06-30,1.2956549110114624
1999-07-01,1.2939036232437167
1999-07-02,1.3008594101792457
1999-07-06,1.3059724587729238
1999-07-07,1.3120950027039668
1999-07-08,1.311927443285846
1999-07-09,1.311382384194231
1999-07-12,1.3066851454515378
1999-07-13,1.3095479689491172
1999-07-14,1.318649970713517
1999-07-15,1.3208710473160914
1999-07-16,1.324274781150784
1999-07-19,1.3295067602462685
1999-07-20,1.3204654858363445
1999-07-21,1.3197818691481162
1999-07-22,1.3056488963637123
1999-07-23,1.309344560916824
1999-07-26,1.3045488699764753
1999-07-27,1.311816436348931
1999-07-28,1.3188072511551348
1999-07-29,1.3198446648578377
1999-07-30,1.3271745445149128
1999-08-02,1.3144412099663831
1999-08-03,1.2997882112017933
1999-08-04,1.2972310344544022
1999-08-05,1.3178740812596166
1999-08-06,1.3169009112477614
1999-08-09,1.307132896730591
1999-08-10,1.3062134840196062
1999-08-11,1.3267566921220664
1999-08-12,1.3266320669230482
1999-08-13,1.3605535080902076
1999-08-16,1.3459882536809036
1999-08-17,1.3515239860590338
1999-08-18,1.3416812324955758
1999-08-19,1.3335294861711808
1999-08-20,1.339745382405418
1999-08-23,1.3524577774969144
1999-08-24,1.3524136087530716
1999-08-25,1.3615477421142739
1999-08-26,1.341857713476136
1999-08-27,1.335294269909141
1999-08-30,1.3406125652165257
1999-08-31,1.3648011663538222
1999-09-01,1.3574800241403775
1999-09-02,1.3495804129841686
1999-09-03,1.3696009423255653
1999-09-07,1.3924601119745996
1999-09-08,1.390748114111632
1999-09-09,1.3929614613341277
1999-09-10,1.3859721387182482
1999-09-13,1.3874418198702017
1999-09-14,1.3838711124954801
1999-09-15,1.3804084469683087
1999-09-16,1.3857769679706593
1999-09-17,1.4074715714813144
1999-09-20,1.41948159098009
1999-09-21,1.4062283620672393
1999-09-22,1.4235783148801284
1999-09-23,1.4152811657327349
1999-09-24,1.41130520997843
1999-09-27,1.4232628868907986
1999-09-28,1.4181133320590102
1999-09-29,1.4340613235465187
1999-09-30,1.4394698226099172
1999-10-01,1.4459329097883902
1999-10-04,1.465161799678429
1999-10-05,1.4815219606310606
1999-10-06,1.5005902258191677
1999-10-07,1.5070550144931496
1999-10-08,1.50456813970476
1999-10-11,1.5126153906425948
1999-10-12,1.4942044567629855
1999-10-13,1.474425153419695
1999-10-14,1.4776572825195162
1999-10-15,1.469881095983857
1999-10-18,1.4542256452565905
1999-10-19,1.4692533211428254
1999-10-20,1.4986607826973828
1999-10-21,1.5272886699511512
1999-10-22,1.5484753228575308
1999-10-25,1.5526335296348999
1999-10-26,1.5495631949331243
1999-10-27,1.5511323494436764
1999-10-28,1.5373768725246542
1999-10-29,1.541621483503488
1999-11-01,1.5382493431551587
1999-11-02,1.5182444781565765
1999-11-03,1.5284633128103249
1999-11-04,1.5404735248872004
1999-11-05,1.5526451480846537
1999-11-08,1.558220128080806
1999-11-09,1.5475906007490061
1999-11-10,1.5416003851860336
1999-11-11,1.5606633155137943
1999-11-12,1.570858763968664
1999-11-15,1.5560593813857753
1999-11-16,1.571497656370463
1999-11-17,1.5634823453849895
1999-11-18,1.5787117683558007
1999-11-19,1.5671586211270891
1999-11-22,1.5721719609968159
1999-11-23,1.5706071707065685
1999-11-24,1.5824316581554108
1999-11-26,1.5927424970719073
1999-11-29,1.5895051754673384
1999-11-30,1.5815857339151649
1999-12-01,1.5812668698996477
1999-12-02,1.5772334702591595
1999-12-03,1.584594662731257
1999-12-06,1.5833863474855356
1999-12-07,1.6006232668427773
1999-12-08,1.6206353248841905
1999-12-09,1.6137691375448147
1999-12-10,1.6243413526363335
1999-12-13,1.6395227053914816
1999-12-14,1.6200023082454176
1999-12-15,1.6335021871142992
1999-12-16,1.654116006164664
1999-12-17,1.6656857004608308
1999-12-20,1.7028594368232308
1999-12-21,1.7226390796485629
1999-12-22,1.730648223166644
1999-12-23,1.7333808393881123
1999-12-27,1.7536905722363711
1999-12-28,1.7653099465902888
1999-12-29,1.7681347538261305
1999-12-30,1.7526708906815096
1999-12-31,1.7584171164334834
2000-01-03,1.759916867365204
2000-01-04,1.7153585956817283
2000-01-05,1.7083844994738766
2000-01-06,1.709481851636174
2000-01-07,1.70335508438147
2000-01-10,1.7043880030664866
2000-01-11,1.7081627342742474
2000-01-12,1.7016154940897412
2000-01-13,1.6989743462505624
2000-01-14,1.7149841097764191
2000-01-18,1.7036569493840903
2000-01-19,1.7149516564198508
2000-01-20,1.7402187540705634
2000-01-21,1.7308862836650825
2000-01-24,1.7074137508799132
2000-01-25,1.7314108801872248
2000-01-26,1.7351834596335354
2000-01-27,1.727358086374562
2000-01-28,1.7142760944005835
2000-01-31,1.732666681919728
2000-02-01,1.7508053198065852
2000-02-02,1.7428513931842575
2000-02-03,1.7565452666276238
2000-02-04,1.761583023459181
2000-02-07,1.7583319702616054
2000-02-08,1.791198662097601
2000-02-09,1.7935923800395936
2000-02-10,1.8341498306491328
2000-02-11,1.8380250882864995
2000-02-14,1.847432287752572
2000-02-15,1.857962838536038
2000-02-16,1.8451408689495252
2000-02-17,1.8301186689732467
2000-02-18,1.822266419131413
2000-02-22,1.824084745916761
2000-02-23,1.834608205057812
2000-02-24,1.8361627659438744
2000-02-25,1.81900647091404
2000-02-28,1.843978964471479
2000-02-29,1.8546888163238764
2000-03-01,1.836986686031125
2000-03-02,1.8443041967645186
2000-03-03,1.8768671553181318
2000-03-06,1.8615388266959796
2000-03-07,1.8557109827288691
2000-03-08,1.8681841262786396
2000-03-09,1.860405436284513
2000-03-10,1.850897668652807
2000-03-13,1.8201292496216828
2000-03-14,1.7929845905689072
2000-03-15,1.75533166657021
2000-03-16,1.7337256864611537
2000-03-17,1.7532762910980753
2000-03-20,1.729553277973517
2000-03-21,1.7338895045093534
2000-03-22,1.732203986381745
2000-03-23,1.739156547543119
2000-03-24,1.7269080467831532
2000-03-27,1.7089988390247537
2000-03-28,1.695205690844297
2000-03-29,1.6625615019683893
2000-03-30,1.6203595676123157
2000-03-31,1.625333185627523
2000-04-03,1.5901671503719774
2000-04-04,1.5794534008679197
2000-04-05,1.5864713498732164
2000-04-06,1.6202023464354853
2000-04-07,1.630959400414167
2000-04-10,1.605516183968742
2000-04-11,1.5838819158552964
2000-04-12,1.5600697188450623
2000-04-13,1.549273833152728
2000-04-14,1.5479246840230878
2000-04-17,1.5629405305674153
2000-04-18,1.612938960058635
2000-04-19,1.6166724485671216
2000-04-20,1.6034291346809104
2000-04-24,1.5560793161094855
2000-04-25,1.5639173836710638
2000-04-26,1.5792696496270382
2000-04-27,1.6174704830325664
2000-04-28,1.6281073087564875
2000-05-01,1.627759164229661
2000-05-02,1.6228682539937707
2000-05-03,1.6140200926011763
2000-05-04,1.6259051080974012
2000-05-05,1.6377536920472628
2000-05-08,1.6232575678008414
2000-05-09,1.6162581630543031
2000-05-10,1.595587431896043
2000-05-11,1.5951068711103378
2000-05-12,1.5919917957330105
2000-05-15,1.5978621526268137
2000-05-16,1.6012779598012197
2000-05-17,1.598403754283527
2000-05-18,1.5862436402326794
2000-05-19,1.574714145677589
2000-05-22,1.5643234403260788
2000-05-23,1.5464000989843274
2000-05-24,1.5245589592335196
2000-05-25,1.5291754586166428
2000-05-26,1.530170772901957
2000-05-30,1.53780596204817
2000-05-31,1.5411255956140355
2000-06-01,1.5612654755559396
2000-06-02,1.5831940616828104
2000-06-05,1.5913819808289125
2000-06-06,1.5938572169620415
2000-06-07,1.5908284176912955
2000-06-08,1.5926558921537413
2000-06-09,1.5935089144823327
2000-06-12,1.5876669918609272
2000-06-13,1.606322238594569
2000-06-14,1.6064878793774633
2000-06-15,1.6269627397521187
2000-06-16,1.6449031017925761
2000-06-19,1.6536942687281344
2000-06-20,1.6606417568255605
2000-06-21,1.6526802574426187
2000-06-22,1.6268599229211815
2000-06-23,1.6198742222932518
2000-06-26,1.6419362979427459
2000-06-27,1.6472457633794457
2000-06-28,1.6553155056614728
2000-06-29,1.623313664419219
2000-06-30,1.672731860510963
2000-07-03,1.6488987109324187
2000-07-05,1.6271079256702488
2000-07-06,1.6298348049636147
2000-07-07,1.6504107073566223
2000-07-10,1.6426195835190447
2000-07-11,1.656174255170138
2000-07-12,1.6560898191677753
2000-07-13,1.6381928193639863
2000-07-14,1.639013246730182
2000-07-17,1.6377845353041764
2000-07-18,1.6430411701480554
2000-07-19,1.6498934569093597
2000-07-20,1.662066877881795
2000-07-21,1.6632634447049475
2000-07-24,1.665144948706335
2000-07-25,1.6690280297580704
2000-07-26,1.6765751952947425
2000-07-27,1.6581649530941478
2000-07-28,1.6548723183913931
2000-07-31,1.6616407464588658
2000-08-01,1.666336611404048
2000-08-02,1.6613160584080806
2000-08-03,1.667311984478391
2000-08-04,1.6808070131470565
2000-08-07,1.6826705846735088
2000-08-08,1.6690357833486777
2000-08-09,1.6635913353774352
2000-08-10,1.6518767787463908
2000-08-11,1.6470736778730355
2000-08-14,1.6582889034687343
2000-08-15,1.650401358175084
2000-08-16,1.6541307956504379
2000-08-17,1.6704417841849453
2000-08-18,1.6645750218456365
2000-08-21,1.6475652257144902
2000-08-22,1.6455105885525203
2000-08-23,1.6717169498921778
2000-08-24,1.6742417212797933
2000-08-25,1.6791611485405977
2000-08-28,1.6822568254373844
2000-08-29,1.6935221457895557
2000-08-30,1.6999232742201678
2000-08-31,1.7062174499053664
2000-09-01,1.720855591199668
2000-09-05,1.688260633276562
2000-09-06,1.6759665733197195
2000-09-07,1.6944702264695954
2000-09-08,1.6734453225323445
2000-09-11,1.6602394341210749
2000-09-12,1.6695533736034787
2000-09-13,1.668763921743716
2000-09-14,1.6778670015817194
2000-09-15,1.6632988867799718
2000-09-18,1.6482580347414917
2000-09-19,1.6652528507138973
2000-09-20,1.6677113116623157
2000-09-21,1.6521751531903321
2000-09-22,1.674836754791016
2000-09-25,1.6883729197535564
2000-09-26,1.693718133091307
2000-09-27,1.7220296821806533
2000-09-28,1.7267467888829273
2000-09-29,1.7371955452396401
2000-10-02,1.7370841263388148
2000-10-03,1.7088400490537503
2000-10-04,1.7075044367633325
2000-10-05,1.7059861894710748
2000-10-06,1.695992667239284
2000-10-09,1.699696579184133
2000-10-10,1.6938001807283207
2000-10-11,1.7054884453915111
2000-10-12,1.6960528114534945
2000-10-13,1.7174834535758883
2000-10-16,1.7439450622261217
2000-10-17,1.7634469458863835
2000-10-18,1.7556328931250325
2000-10-19,1.7465261325628414
2000-10-20,1.7352546584775637
2000-10-23,1.7168393732497502
2000-10-24,1.7318284758755567
2000-10-25,1.7099953875372693
2000-10-26,1.6981589607534275
2000-10-27,1.6955894044578796
2000-10-30,1.6706213100326384
2000-10-31,1.7022182842734204
2000-11-01,1.7021999085392823
2000-11-02,1.699186896477215
2000-11-03,1.6939571242201492
2000-11-06,1.6803569968568284
2000-11-07,1.6862762021908289
2000-11-08,1.6758763055457944
2000-11-09,1.6595638900027176
2000-11-10,1.6475159923158353
2000-11-13,1.636138791932373
2000-11-14,1.6744533248415991
2000-11-15,1.6875544714701407
2000-11-16,1.6679857097513189
2000-11-17,1.6686263396440164
2000-11-20,1.6504401350830453
2000-11-21,1.6430889569785532
2000-11-22,1.6217915771676263
2000-11-24,1.6419017711161166
2000-11-27,1.6455464523432723
2000-11-28,1.6234425983472487
2000-11-29,1.6124812557192785
2000-11-30,1.6004449268827452
2000-12-01,1.6088051442729465
2000-12-04,1.6029431527268927
2000-12-05,1.6220016510571909
2000-12-06,1.6284778066605932
2000-12-07,1.6316114310996022
2000-12-08,1.6499567312889065
2000-12-11,1.6613083935101138
2000-12-12,1.6394781015930973
2000-12-13,1.6466316044307248
2000-12-14,1.6440495446277195
2000-12-15,1.6481593561395782
2000-12-18,1.6590669628238814
2000-12-19,1.6578482578487659
2000-12-20,1.6500895541431215
2000-12-21,1.6568992434547225
2000-12-22,1.6587733290748992
2000-12-26,1.6736852256970067
2000-12-27,1.6724025069448027
2000-12-28,1.6802321655987318
2000-12-29,1.6780234211897822
2001-01-02,1.645176725368152
2001-01-03,1.5747514209924198
2001-01-04,1.5134460168255035
2001-01-05,1.517881908840177
2001-01-08,1.524802209788252
2001-01-09,1.5128313443966843
2001-01-10,1.523904331237966
2001-01-11,1.4891945290550153
2001-01-12,1.489035686071001
2001-01-16,1.479122162259832
2001-01-17,1.4638786723734551
2001-01-18,1.4568600364643147
2001-01-19,1.446420592538993
2001-01-22,1.4484393837336287
2001-01-23,1.459826221902334
2001-01-24,1.4474998284633964
2001-01-25,1.441025882831347
2001-01-26,1.4549199587362953
2001-01-29,1.4429654844578654
2001-01-30,1.4366994920047105
2001-01-31,1.4229663719527343
2001-02-01,1.4136188277428385
2001-02-02,1.4312164882555267
2001-02-05,1.442837986454085
2001-02-06,1.4522694565472662
2001-02-07,1.4563500353535868
2001-02-08,1.4482607542227053
2001-02-09,1.4621350851335444
2001-02-12,1.46667235246415
2001-02-13,1.479815752537004
2001-02-14,1.4884398752462908
2001-02-15,1.4768386801092894
2001-02-16,1.4884065766284709
2001-02-20,1.4884765672217524
2001-02-21,1.4980932744987692
2001-02-22,1.495193993483001
2001-02-23,1.4916948000399988
2001-02-26,1.4925790713162483
2001-02-27,1.4964309011118824
2001-02-28,1.4914829383289026
2001-03-01,1.4847559899121836
2001-03-02,1.494000842470525
2001-03-05,1.4904894284040426
2001-03-06,1.4912749671537857
2001-03-07,1.486452564273261
2001-03-08,1.4957490754492666
2001-03-09,1.5153260535946818
2001-03-12,1.5366789926109257
2001-03-13,1.5256935274643635
2001-03-14,1.531131038299517
2001-03-15,1.5377552841260267
2001-03-16,1.5594227743960272
2001-03-19,1.5390589132689594
2001-03-20,1.5512720863565423
2001-03-21,1.5661478982372168
2001-03-22,1.5546197489889315
2001-03-23,1.5520991691874677
2001-03-26,1.5357539394505968
2001-03-27,1.5294465678179465
2001-03-28,1.549772022245716
2001-03-29,1.5715981503876444
2001-03-30,1.5613921998953764
2001-04-02,1.5758209540841328
2001-04-03,1.621815978781116
2001-04-04,1.6252883035737151
2001-04-05,1.5729211754276171
2001-04-06,1.603749896752776
2001-04-09,1.5974233858718854
2001-04-10,1.5547402107747024
2001-04-11,1.5383426259520876
2001-04-12,1.5110445063538709
2001-04-16,1.528920573514046
2001-04-17,1.5188340260492568
2001-04-18,1.4520073583516913
2001-04-19,1.4272171701751917
2001-04-20,1.4289092872476261
2001-04-23,1.446810484404129
2001-04-24,1.473785952757424
2001-04-25,1.4848084922804468
2001-04-26,1.4758888684177387
2001-04-27,1.460642847111563
2001-04-30,1.4415374347618395
2001-05-01,1.4263538452742708
2001-05-02,1.3956771772685148
2001-05-03,1.4014138247696015
2001-05-04,1.405078440212808
2001-05-07,1.4117099318597204
2001-05-08,1.4211409656798848
2001-05-09,1.4259311355877655
2001-05-10,1.4211034694651024
2001-05-11,1.4204525880730354
2001-05-14,1.4327044938579863
2001-05-15,1.4288441552180013
2001-05-16,1.4194328288545852
2001-05-17,1.4052797671249582
2001-05-18,1.406638752439329
2001-05-21,1.3778906116168443
2001-05-22,1.3694500127373324
2001-05-23,1.3788737890465523
2001-05-24,1.3841398113821421
2001-05-25,1.3801579126280015
2001-05-29,1.3931574209366329
2001-05-30,1.4215545757615773
2001-05-31,1.4145926522333527
2001-06-01,1.4181926875894493
2001-06-04,1.4160881937770553
2001-06-05,1.409560859083628
2001-06-06,1.4024114971519097
2001-06-07,1.3986923713897998
2001-06-08,1.4077339139539125
2001-06-11,1.4117947419271326
2001-06-12,1.4128999430346256
2001-06-13,1.414503606696503
2001-06-14,1.4226416351422133
2001-06-15,1.4379970543750362
2001-06-18,1.4447437950946111
2001-06-19,1.4505831864049417
2001-06-20,1.4476025599007933
2001-06-21,1.4383112796942281
2001-06-22,1.4327389896841194
2001-06-25,1.4286585253614137
2001-06-26,1.430009465760861
2001-06-27,1.434381094832736
2001-06-28,1.426973964992753
2001-06-29,1.424471982904149
2001-07-02,1.41497939653083
2001-07-03,1.4170009041824807
2001-07-05,1.4151742607249376
2001-07-06,1.4256431998055232
2001-07-09,1.4180937635556181
2001-07-10,1.4330825707601496
2001-07-11,1.4449022129275453
2001-07-12,1.4242527942208054
2001-07-13,1.4202095037835816
2001-07-16,1.4320217204489545
2001-07-17,1.4348338698796723
2001-07-18,1.4536242661272825
2001-07-19,1.4509537002263537
2001-07-20,1.4372010606159746
2001-07-23,1.4421359920725612
2001-07-24,1.4455696912530367
2001-07-25,1.445170306318767
2001-07-26,1.4359822778516722
2001-07-27,1.4341319295834005
2001-07-30,1.4364042211666008
2001-07-31,1.4529898220576134
2001-08-01,1.4479564102892766
2001-08-02,1.4328728363634944
2001-08-03,1.4346216818282858
2001-08-06,1.4304249080738907
2001-08-07,1.4326386397184125
2001-08-08,1.4577721531858585
2001-08-09,1.4610064850431193
2001-08-10,1.4705264276389656
2001-08-13,1.4622351798142905
2001-08-14,1.4881585414507725
2001-08-15,1.5056548146424549
2001-08-16,1.5183734771102964
2001-08-17,1.5279529231596296
2001-08-20,1.538353746541678
2001-08-21,1.5448002586585716
2001-08-22,1.5438619572226966
2001-08-23,1.546604599384575
2001-08-24,1.5057208370367918
2001-08-27,1.5005782626337483
2001-08-28,1.5120469677108757
2001-08-29,1.5215664180504958
2001-08-30,1.5530003065683993
2001-08-31,1.5510133391936833
2001-09-04,1.5610769017934947
2001-09-05,1.5855507273644633
2001-09-06,1.5941824094174228
2001-09-07,1.5880020114631948
2001-09-10,1.5818359021833512
2001-09-11,1.5818783779171282
2001-09-17,1.646169374489772
2001-09-18,1.6690058963946484
2001-09-19,1.713511399984161
2001-09-20,1.7138182802651254
2001-09-21,1.6984791063868732
2001-09-24,1.6956139762250975
2001-09-25,1.714564513562053
2001-09-26,1.7632960514030604
2001-09-27,1.7618026953112682
2001-09-28,1.7353778867343834
2001-10-01,1.7473519816650496
2001-10-02,1.7358410507638227
2001-10-03,1.7020189548013984
2001-10-04,1.6931794825061317
2001-10-05,1.692716038370436
2001-10-08,1.6901922811685641
2001-10-09,1.7011358840360848
2001-10-10,1.6896846255896971
2001-10-11,1.6520698644747858
2001-10-12,1.6553102565559823
2001-10-15,1.6591767225213216
2001-10-16,1.6605257649259624
2001-10-17,1.6678851806457948
2001-10-18,1.6800717102122371
2001-10-19,1.6942117318323375
2001-10-22,1.6941884551216577
2001-10-23,1.6854035035788746
2001-10-24,1.6917322465632305
2001-10-25,1.6723465799326798
2001-10-26,1.6714570047942927
2001-10-29,1.688909415397787
2001-10-30,1.6986890994388089
2001-10-31,1.7044454909433255
2001-11-01,1.6993340555631558
2001-11-02,1.7045102912501215
2001-11-05,1.6881621211772044
2001-11-06,1.706088555742677
2001-11-07,1.7056012182400382
2001-11-08,1.6932041006134715
2001-11-09,1.6857479616260487
2001-11-12,1.691305808760127
2001-11-13,1.65990562997313
2001-11-14,1.6343195277756575
2001-11-15,1.6238568075574658
2001-11-16,1.623543313781284
2001-11-19,1.6040271799807873
2001-11-20,1.6178868710840622
2001-11-21,1.620131331402931
2001-11-23,1.6082311608414497
2001-11-26,1.5948589147736847
2001-11-27,1.581037375911055
2001-11-28,1.6018884909656035
2001-11-29,1.6023711224524582
2001-11-30,1.60435241701549
2001-12-03,1.6183304024200762
2001-12-04,1.6039006145430197
2001-12-05,1.582075635267325
2001-12-06,1.577117590579495
2001-12-07,1.5920079047226803
2001-12-10,1.6041901263897633
2001-12-11,1.595081546161599
2001-12-12,1.59745600129193
2001-12-13,1.6141360580566309
2001-12-14,1.6207126447572402
2001-12-17,1.635218850895055
2001-12-18,1.6313904282103882
2001-12-19,1.630624000871119
2001-12-20,1.6309509656368195
2001-12-21,1.6200103222096152
2001-12-24,1.6257367597627972
2001-12-26,1.624644517070578
2001-12-27,1.6175581571420918
2001-12-28,1.6076225791685832
2001-12-31,1.6157466428532303
2002-01-02,1.5945759596769447
2002-01-03,1.547391631093127
2002-01-04,1.527524696313665
2002-01-07,1.5279628166601908
2002-01-08,1.5456373287936458
2002-01-09,1.5428455519768853
2002-01-10,1.5560805101711699
2002-01-11,1.5603279182160397
2002-01-14,1.5795018106690848
2002-01-15,1.5893064697694808
2002-01-16,1.626082588640555
2002-01-17,1.6289658069105286
2002-01-18,1.6490325696146348
2002-01-22,1.6774977253200094
2002-01-23,1.6664740794714996
2002-01-24,1.6401827879041195
2002-01-25,1.6453818662375626
2002-01-28,1.653794837867663
2002-01-29,1.6868615807835792
2002-01-30,1.6933487342917435
2002-01-31,1.6935855577162908
2002-02-01,1.7110345407367258
2002-02-04,1.7298277601277603
2002-02-05,1.764678172446522
2002-02-06,1.7802360642559099
2002-02-07,1.7685233907245368
2002-02-08,1.7629182954465776
2002-02-11,1.7391200178525894
2002-02-12,1.7362178795078291
2002-02-13,1.7327464509073054
2002-02-14,1.7451309517997948
2002-02-15,1.7636079934268005
2002-02-19,1.7964660747949233
2002-02-20,1.8068435360654598
2002-02-21,1.8105639533305382
2002-02-22,1.814473798808953
2002-02-25,1.8007231770384793
2002-02-26,1.7966336377453254
2002-02-27,1.796728722929665
2002-02-28,1.785147150092339
2002-03-01,1.7491224267427243
2002-03-04,1.7060415431784262
2002-03-05,1.690874501380126
2002-03-06,1.6749796418205423
2002-03-07,1.6528996823257358
2002-03-08,1.6298753139532962
2002-03-11,1.6195838534480553
2002-03-12,1.6350310416195117
2002-03-13,1.6436721308148667
2002-03-14,1.6512447236329588
2002-03-15,1.6467714621389913
2002-03-18,1.6503377478291055
2002-03-19,1.6557869232546105
2002-03-20,1.6691402575987078
2002-03-21,1.67532811951007
2002-03-22,1.6755195533751153
2002-03-25,1.6788138921858304
2002-03-26,1.686156095322449
2002-03-27,1.6908544696793917
2002-03-28,1.6858972073610639
2002-04-01,1.6878314296577772
2002-04-02,1.687654567912714
2002-04-03,1.7056662099062292
2002-04-04,1.7032251881557214
2002-04-05,1.7136230573509086
2002-04-08,1.725062270992672
2002-04-09,1.7269824661771969
2002-04-10,1.730439763193203
2002-04-11,1.7451710501705138
2002-04-12,1.739474842840527
2002-04-15,1.737567150544462
2002-04-16,1.7241457011460573
2002-04-17,1.7117148460727711
2002-04-18,1.7267740460414407
2002-04-19,1.7306961617184051
2002-04-22,1.7410076465410529
2002-04-23,1.7413625196616336
2002-04-24,1.7521818403567164
2002-04-25,1.7787681004154976
2002-04-26,1.7934873444402375
2002-04-29,1.8041847301543938
2002-04-30,1.8064243674879226
2002-05-01,1.7995824508357026
2002-05-02,1.813529062636975
2002-05-03,1.827109182204886
2002-05-06,1.8506976769227208
2002-05-07,1.8593702410523303
2002-05-08,1.8183805841985072
2002-05-09,1.8306492152772598
2002-05-10,1.8441131313295047
2002-05-13,1.8611212191055078
2002-05-14,1.8459157090779055
2002-05-15,1.8390031929928803
2002-05-16,1.836412989127183
2002-05-17,1.8399829954136089
2002-05-20,1.8410799842289518
2002-05-21,1.8464653718825381
2002-05-22,1.8456350513803867
2002-05-23,1.838346861403299
2002-05-24,1.83972953375071
2002-05-28,1.8474221997734483
2002-05-29,1.8616405859805927
2002-05-30,1.8772287825403375
2002-05-31,1.8772469571709505
2002-06-03,1.9245515302065037
2002-06-04,1.9031627797188018
2002-06-05,1.9158780922495018
2002-06-06,1.9522080631161662
2002-06-07,1.9849062839861362
2002-06-10,1.9810696701771164
2002-06-11,2.034800900230626
2002-06-12,2.0204242272620587
2002-06-13,2.0008478632068467
2002-06-14,2.029192553910458
2002-06-17,1.9669051706242746
2002-06-18,1.9740841633223076
2002-06-19,2.025080058673308
2002-06-20,2.0647621199620847
2002-06-21,2.099338115374584
2002-06-24,2.0828338544953517
2002-06-25,2.085078212604594
2002-06-26,2.107787414749868
2002-06-27,2.0626630340548844
2002-06-28,2.0454872338242254
2002-07-01,2.061090225744451
2002-07-02,2.0959903528723194
2002-07-03,2.0945896223545835
2002-07-05,2.0677828715729683
2002-07-08,2.0884256714435554
2002-07-09,2.118528318667112
2002-07-10,2.1423383532508002
2002-07-11,2.1140614673898965
2002-07-12,2.1071489582013423
2002-07-15,2.075429990294669
2002-07-16,2.044085350757431
2002-07-17,2.0152108875449333
2002-07-18,2.024647543996485
2002-07-19,2.037488078920452
2002-07-22,2.044202940125332
2002-07-23,2.087597391893604
2002-07-24,2.117322305261371
2002-07-25,2.1375690621112984
2002-07-26,2.1218045263945253
2002-07-29,2.0822786226432233
2002-07-30,2.0760899651872102
2002-07-31,2.0935860104254997
2002-08-01,2.073467998404456
2002-08-02,2.080477455361374
2002-08-05,2.099021542494506
2002-08-06,2.090663855155528
2002-08-07,2.108443984349483
2002-08-08,2.0996294443833423
2002-08-09,2.123901831002125
2002-08-12,2.141800441779675
2002-08-13,2.1473856699528655
2002-08-14,2.1294925976380332
2002-08-15,2.1160959963512087
2002-08-16,2.0983945618523787
2002-08-19,2.062939770941899
2002-08-20,2.0557980308320576
2002-08-21,2.024764243615193
2002-08-22,1.9722207307015123
2002-08-23,1.987029511798129
2002-08-26,1.976508151111984
2002-08-27,1.984189842461917
2002-08-28,2.009435907070317
2002-08-29,2.008306000542008
2002-08-30,2.022335899646734
2002-09-03,2.0508993096934653
2002-09-04,2.046644509761219
2002-09-05,2.057770707695903
2002-09-06,2.046496450065713
2002-09-09,2.042954572979896
2002-09-10,2.035808157599138
2002-09-11,2.022124139507528
2002-09-12,2.0414415995541706
2002-09-13,2.044725889362924
2002-09-16,2.067447485946545
2002-09-17,2.083758854467595
2002-09-18,2.098533632257786
2002-09-19,2.1245346370764624
2002-09-20,2.1175885435089588
2002-09-23,2.1341467767120275
2002-09-24,2.1489767107908433
2002-09-25,2.141157176225897
2002-09-26,2.1430359657027176
2002-09-27,2.1842178155924263
2002-09-30,2.208374085794165
2002-10-01,2.2155377288616522
2002-10-02,2.2533509803374527
2002-10-03,2.276809069367085
2002-10-04,2.317401952408346
2002-10-07,2.3424396187886307
2002-10-08,2.3831659663457034
2002-10-09,2.4215719673272207
2002-10-10,2.4034054785618544
2002-10-11,2.339775667864002
2002-10-14,2.3277882557546183
2002-10-15,2.284150669297257
2002-10-16,2.318516403514023
2002-10-17,2.3328310306098583
2002-10-18,2.3424848261896924
2002-10-21,2.3196993214180424
2002-10-22,2.308620248364872
2002-10-23,2.305806986775609
2002-10-24,2.2557495007673776
2002-10-25,2.2142766568802865
2002-10-28,2.200102911525279
2002-10-29,2.1956395414611642
2002-10-30,2.154974346364239
2002-10-31,2.1367002501711894
2002-11-01,2.1177100397554396
2002-11-04,2.072312560518805
2002-11-05,2.0692158046363693
2002-11-06,2.0398278363174507
2002-11-07,2.0600087786613175
2002-11-08,2.05017492619448
2002-11-11,2.0824391740008164
2002-11-12,2.074410054453743
2002-11-13,2.0768826001202387
2002-11-14,2.0426921474159485
2002-11-15,2.032008393403318
2002-11-18,2.0078088987719465
2002-11-19,1.9970116391431774
2002-11-20,1.973531609717653
2002-11-21,1.9303534121824666
2002-11-22,1.9188090275457053
2002-11-25,1.8917864758838951
2002-11-26,1.9007488414356246
2002-11-27,1.8949811892417396
2002-11-29,1.8804206831842
2002-12-02,1.8667256919613
2002-12-03,1.8993513886443045
2002-12-04,1.9167646369558666
2002-12-05,1.9365717386526602
2002-12-06,1.9499466000309174
2002-12-09,1.9761005324801637
2002-12-10,1.9592298776914274
2002-12-11,1.9493839438947922
2002-12-12,1.949182310679814
2002-12-13,1.9595184189337274
2002-12-16,1.9476814077860676
2002-12-17,1.950642975798545
2002-12-18,1.9615798598165013
2002-12-19,1.97877256955861
2002-12-20,1.9726381440917802
2002-12-23,1.9748720655184617
2002-12-24,1.9837132896899534
2002-12-26,1.977342270159316
2002-12-27,1.984091077481157
2002-12-30,1.9899740524345566
2002-12-31,1.966679489806841
2003-01-02,1.936031924890391
2003-01-03,1.9495697973716968
2003-01-06,1.9377441973168752
2003-01-07,1.9197391664268775
2003-01-08,1.9202885555848515
2003-01-09,1.900201944890406
2003-01-10,1.8872275561220677
2003-01-13,1.877662103837951
2003-01-14,1.8593137957637864
2003-01-15,1.8590157103711782
2003-01-16,1.8703355318781882
2003-01-17,1.8819960597376402
2003-01-21,1.8878918025965254
2003-01-22,1.9042931030059218
2003-01-23,1.9038095727064144
2003-01-24,1.9225133988596055
2003-01-27,1.9277486628624243
2003-01-28,1.9088022175715562
2003-01-29,1.9158585943740283
2003-01-30,1.9322525232512575
2003-01-31,1.9378095601923249
2003-02-03,1.9283379836532555
2003-02-04,1.9535463915139808
2003-02-05,1.9674665357449292
2003-02-06,1.9677431853964398
2003-02-07,1.9658351886915217
2003-02-10,1.962547324407161
2003-02-11,1.9743089071137958
2003-02-12,1.9946034689852858
2003-02-13,2.0156268823645105
2003-02-14,2.004392819564366
2003-02-18,1.9784046539267512
2003-02-19,1.9922832593270112
2003-02-20,1.9794541149897122
2003-02-21,1.975115953002213
2003-02-24,1.9878849184455416
2003-02-25,1.9998133169846593
2003-02-26,2.000314111500461
2003-02-27,1.9844409835381396
2003-02-28,1.9811438640705503
2003-03-03,1.9870839093937287
2003-03-04,2.013499626025449
2003-03-05,2.016432116954667
2003-03-06,2.0288060573690334
2003-03-07,2.0192128222977606
2003-03-10,2.03370518831773
2003-03-11,2.054323554266824
2003-03-12,2.040681807410939
2003-03-13,2.020587651660626
2003-03-14,2.034365720175974
2003-03-17,1.9844808603797839
2003-03-18,1.9655225561826148
2003-03-19,1.9385084625508664
2003-03-20,1.9311196971049889
2003-03-21,1.8957785068810729
2003-03-24,1.9438122383893057
2003-03-25,1.9400187330549252
2003-03-26,1.940821896367329
2003-03-27,1.9456497047685246
2003-03-28,1.9511948330590607
2003-03-31,1.9642237836445098
2003-04-01,1.9497954507759245
2003-04-02,1.8970731119745763
2003-04-03,1.8862402252458226
2003-04-04,1.8733600644388255
2003-04-07,1.8539776383569586
2003-04-08,1.8729579633927347
2003-04-09,1.883454841965437
2003-04-10,1.877346280229959
2003-04-11,1.8771947069992536
2003-04-14,1.8536738661323693
2003-04-15,1.845100082069199
2003-04-16,1.8346627374064985
2003-04-17,1.8208301591279272
2003-04-21,1.7941446623491444
2003-04-22,1.7725214649170515
2003-04-23,1.7531525764584366
2003-04-24,1.7461598879472362
2003-04-25,1.7507527833295518
2003-04-28,1.730042724676222
2003-04-29,1.7250886417743934
2003-04-30,1.7141796445262214
2003-05-01,1.7064687170991708
2003-05-02,1.6786768308154836
2003-05-05,1.676183561066787
2003-05-06,1.6518529434742044
2003-05-07,1.6510190649588337
2003-05-08,1.655923679035203
2003-05-09,1.6346808592850885
2003-05-12,1.623384044126166
2003-05-13,1.625135947345101
2003-05-14,1.6096289939375725
2003-05-15,1.6000355569492875
2003-05-16,1.5912086769186473
2003-05-19,1.5828397151538356
2003-05-20,1.580266300390078
2003-05-21,1.5776299255170503
2003-05-22,1.5727402249352995
2003-05-23,1.5573861421368245
2003-05-27,1.5302363793499738
2003-05-28,1.5103778487250241
2003-05-29,1.5062749041089467
2003-05-30,1.4937879734000667
2003-06-02,1.4822220971013051
2003-06-03,1.4947558220374821
2003-06-04,1.4801147032871251
2003-06-05,1.4683087050107992
2003-06-06,1.4503207507974105
2003-06-09,1.4546081253890426
2003-06-10,1.4409685543656032
2003-06-11,1.4363622077292322
2003-06-12,1.4426954027996475
2003-06-13,1.457269654246726
2003-06-16,1.4506934157658002
2003-06-17,1.445990579775188
2003-06-18,1.447087509669526
2003-06-19,1.444506304558013
2003-06-20,1.4377736630070903
2003-06-23,1.4489685736365723
2003-06-24,1.4481086823985048
2003-06-25,1.4497188486084858
2003-06-26,1.4438367081827514
2003-06-27,1.4471028697313344
2003-06-30,1.4422133041567125
2003-07-01,1.4446218842355274
2003-07-02,1.4569672204483777
2003-07-03,1.4675873189496502
2003-07-07,1.4631105726764992
2003-07-08,1.477781464595587
2003-07-09,1.4758964147524258
2003-07-10,1.4745603173407547
2003-07-11,1.4664311307456448
2003-07-14,1.4887123602921843
2003-07-15,1.4962955895146095
2003-07-16,1.491760898355256
2003-07-17,1.4887210228611942
2003-07-18,1.4693494032047434
2003-07-21,1.4803482642198473
2003-07-22,1.4766129066835918
2003-07-23,1.494154514072496
2003-07-24,1.5024009460467784
2003-07-25,1.4941389184829028
2003-07-28,1.4943358579479706
2003-07-29,1.4935579374721197
2003-07-30,1.4778574787417116
2003-07-31,1.4676226205853697
2003-08-01,1.4576001591686971
2003-08-04,1.4492753157179117
2003-08-05,1.4502802093596783
2003-08-06,1.4432038343564204
2003-08-07,1.4465515506162376
2003-08-08,1.460129056871681
2003-08-11,1.4795112702696611
2003-08-12,1.4813305513141966
2003-08-13,1.4951646746398197
2003-08-14,1.477204769463235
2003-08-15,1.4892241852047996
2003-08-18,1.4944054409321044
2003-08-19,1.5007184837266803
2003-08-20,1.516628819607144
2003-08-21,1.5133690964757003
2003-08-22,1.5114335824540912
2003-08-25,1.499007000339131
2003-08-26,1.5028230773226174
2003-08-27,1.5133215203117272
2003-08-28,1.5156356097568793
2003-08-29,1.524342746430912
2003-09-02,1.5187283427640679
2003-09-03,1.5100555170021035
2003-09-04,1.5121343048095939
2003-09-05,1.5038646244209215
2003-09-08,1.498817923360041
2003-09-09,1.5032667967590678
2003-09-10,1.4931547023701381
2003-09-11,1.4900267726458614
2003-09-12,1.4972803015721488
2003-09-15,1.502665771364545
2003-09-16,1.5088323585091132
2003-09-17,1.5066073989247284
2003-09-18,1.5082510056716818
2003-09-19,1.503439290397684
2003-09-22,1.4969631461708892
2003-09-23,1.5092187147154026
2003-09-24,1.504628049404168
2003-09-25,1.5017333147475662
2003-09-26,1.483652983330113
2003-09-29,1.4879108671867438
2003-09-30,1.48662523870845
2003-10-01,1.4970139921258592
2003-10-02,1.5216030376495286
2003-10-03,1.5535708117025773
2003-10-06,1.5693910128767719
2003-10-07,1.5797392671593722
2003-10-08,1.5922883790121727
2003-10-09,1.6110806302756417
2003-10-10,1.611911960506959
2003-10-13,1.6302689687736602
2003-10-14,1.631529903412025
2003-10-15,1.6094159226929001
2003-10-16,1.623907757387906
2003-10-17,1.5958261691304911
2003-10-20,1.5973195057690281
2003-10-21,1.6137917511471964
2003-10-22,1.5976860517023201
2003-10-23,1.5905393157668914
2003-10-24,1.5900033476085074
2003-10-27,1.6078837185820707
2003-10-28,1.6299802577618228
2003-10-29,1.6213740451874978
2003-10-30,1.6267933121250648
2003-10-31,1.6090073121746056
2003-11-03,1.617863796887222
2003-11-04,1.63014901467749
2003-11-05,1.6174430801686153
2003-11-06,1.6088389573113262
2003-11-07,1.6170993655485615
2003-11-10,1.5941643972939015
2003-11-11,1.587849087096653
2003-11-12,1.6004626876537127
2003-11-13,1.603261999918987
2003-11-14,1.5827376327273377
2003-11-17,1.5650603059446921
2003-11-18,1.570253536282644
2003-11-19,1.563756919833434
2003-11-20,1.5668604082523452
2003-11-21,1.5710182313017693
2003-11-24,1.5896563070974323
2003-11-25,1.5945836105221987
2003-11-26,1.602605427911513
2003-11-28,1.6091864142059789
2003-12-01,1.6159001500694359
2003-12-02,1.6234700038346044
2003-12-03,1.6078970156676975
2003-12-04,1.5852251047232868
2003-12-05,1.5812846213670646
2003-12-08,1.5770867596140354
2003-12-09,1.5589961348987391
2003-12-10,1.5321732146107787
2003-12-11,1.5528653936888732
2003-12-12,1.5504457120514514
2003-12-15,1.5424906584856968
2003-12-16,1.5426392781162501
2003-12-17,1.5459562403983893
2003-12-18,1.551968821013738
2003-12-19,1.5537617208916448
2003-12-22,1.5448655126281732
2003-12-23,1.5529397692280391
2003-12-24,1.550716403087046
2003-12-26,1.553932231656198
2003-12-29,1.5589122393402988
2003-12-30,1.5491741307825415
2003-12-31,1.54242608355787
2004-01-02,1.544744082190867
2004-01-05,1.5582223225101866
2004-01-06,1.5634054698643456
2004-01-07,1.5752418693143007
2004-01-08,1.5743754749693286
2004-01-09,1.5830115219447807
2004-01-12,1.5853857668151978
2004-01-13,1.5876555749485914
2004-01-14,1.5895735701389846
2004-01-15,1.5891642758925741
2004-01-16,1.6065831730147517
2004-01-20,1.6175801784568231
2004-01-21,1.6183955533473477
2004-01-22,1.6206865181828949
2004-01-23,1.612079483140757
2004-01-26,1.6114974826340025
2004-01-27,1.606017608475821
2004-01-28,1.5857905736746052
2004-01-29,1.5715877612332998
2004-01-30,1.5759364401121554
2004-02-02,1.5677054353779036
2004-02-03,1.5563002654204956
2004-02-04,1.5331557309009785
2004-02-05,1.5380279428487793
2004-02-06,1.564444784137028
2004-02-09,1.5734593867751294
2004-02-10,1.5691207688375943
2004-02-11,1.5885305789923643
2004-02-12,1.5871007034051823
2004-02-13,1.5734026196785464
2004-02-17,1.578578720615888
2004-02-18,1.56859606136897
2004-02-19,1.560898829172063
2004-02-20,1.5566392914963367
2004-02-23,1.5377649211841333
2004-02-24,1.5246567752913247
2004-02-25,1.5472761904610746
2004-02-26,1.5562863105796703
2004-02-27,1.5718696069856914
2004-03-01,1.582316766801507
2004-03-02,1.582162987330564
2004-03-03,1.5848187099760984
2004-03-04,1.6047849645132355
2004-03-05,1.6113833479194108
2004-03-08,1.6002037635800737
2004-03-09,1.5891952040629242
2004-03-10,1.5790394117854225
2004-03-11,1.571039826450156
2004-03-12,1.5906907322258714
2004-03-15,1.5633116460848075
2004-03-16,1.5615217595449566
2004-03-17,1.5888215103922827
2004-03-18,1.5868657271195825
2004-03-19,1.594491839553094
2004-03-22,1.5657218808988649
2004-03-23,1.5641125894134664
2004-03-24,1.566048900309904
2004-03-25,1.5866273798443578
2004-03-26,1.6062055870950995
2004-03-29,1.6252127478184013
2004-03-30,1.6357875990344604
2004-03-31,1.6334704829848403
2004-04-01,1.6349938126542098
2004-04-02,1.646935018034914
2004-04-05,1.6496775442476574
2004-04-06,1.6538396821117418
2004-04-07,1.6524151650736503
2004-04-08,1.6565380415993254
2004-04-12,1.6702961727127488
2004-04-13,1.6532904575401621
2004-04-14,1.6440636993730255
2004-04-15,1.6344037568652183
2004-04-16,1.6367125457667115
2004-04-19,1.6412702194081494
2004-04-20,1.613320941617763
2004-04-21,1.615199535763595
2004-04-22,1.6217995580826392
2004-04-23,1.6195304576973357
2004-04-26,1.6117220813516198
2004-04-27,1.5917735619827915
2004-04-28,1.5739903277308753
2004-04-29,1.5583487166888377
2004-04-30,1.5448305584696678
2004-05-03,1.5440422215920655
2004-05-04,1.5542368516608431
2004-05-05,1.5591705410807977
2004-05-06,1.5532132379128314
2004-05-07,1.5458613941231658
2004-05-10,1.520738031100077
2004-05-11,1.5361515393081735
2004-05-12,1.5348860629858954
2004-05-13,1.5300237278499953
2004-05-14,1.5310614872041404
2004-05-17,1.5250822162477722
2004-05-18,1.5341335879028737
2004-05-19,1.5364626644759154
2004-05-20,1.5360823424440384
2004-05-21,1.5392241072739186
2004-05-24,1.550017960256481
2004-05-25,1.5653003381236106
2004-05-26,1.5692080122564056
2004-05-27,1.5748810155186757
2004-05-28,1.5718068590699312
2004-06-01,1.5687431686267355
2004-06-02,1.569253408326486
2004-06-03,1.560991493278495
2004-06-04,1.5624577811256932
2004-06-07,1.5728508193363195
2004-06-08,1.5693757910752681
2004-06-09,1.5623589396539306
2004-06-10,1.5603298264842442
2004-06-14,1.556732122341846
2004-06-15,1.5589886936540227
2004-06-16,1.5643472198968162
2004-06-17,1.5692067809499997
2004-06-18,1.5635038583517704
2004-06-21,1.5737604827481697
2004-06-22,1.5721809706116814
2004-06-23,1.584420080770921
2004-06-24,1.5827838915721548
2004-06-25,1.5983948593131894
2004-06-28,1.5981904250986887
2004-06-29,1.60184480999618
2004-06-30,1.6130131308256104
2004-07-01,1.622300256493318
2004-07-02,1.6173724894348702
2004-07-06,1.62019711127945
2004-07-07,1.6283243247667971
2004-07-08,1.624305244042439
2004-07-09,1.6186963915292907
2004-07-12,1.6101592186348788
2004-07-13,1.6099072539899213
2004-07-14,1.6092692408150624
2004-07-15,1.6096780963913695
2004-07-16,1.6061725345178344
2004-07-19,1.5774013104061897
2004-07-20,1.5870152802804536
2004-07-21,1.575916442195712
2004-07-22,1.555304668780139
2004-07-23,1.5542797664040329
2004-07-26,1.5366890110498064
2004-07-27,1.5601472137741492
2004-07-28,1.5491014429278909
2004-07-29,1.569552265784168
2004-07-30,1.5864278783162058
2004-08-02,1.5854481445306507
2004-08-03,1.5826309123520481
2004-08-04,1.5749720330067902
2004-08-05,1.571835362025295
2004-08-06,1.552669120140108
2004-08-09,1.560678924779932
2004-08-10,1.5762675895389984
2004-08-11,1.5743709196533635
2004-08-12,1.581230712587369
2004-08-13,1.5803608601171264
2004-08-16,1.5668154962109095
2004-08-17,1.5652959724408861
2004-08-18,1.5666737672819602
2004-08-19,1.5762941052107853
2004-08-20,1.5819235492842894
2004-08-23,1.5762117130540614
2004-08-24,1.5710698202132611
2004-08-25,1.567832102642249
2004-08-26,1.5708768139081615
2004-08-27,1.5761617547281777
2004-08-30,1.5618387103669473
2004-08-31,1.5668205261573964
2004-09-01,1.5672162924523578
2004-09-02,1.5685420685818896
2004-09-03,1.5723529520777948
2004-09-07,1.5793044201661548
2004-09-08,1.5825478666939194
2004-09-09,1.5858904969603216
2004-09-10,1.5871076944915012
2004-09-13,1.5918753480637957
2004-09-14,1.6075727003983262
2004-09-15,1.607148977005726
2004-09-16,1.596272942596883
2004-09-17,1.5989566488675138
2004-09-20,1.6067163657488925
2004-09-21,1.6147365951383332
2004-09-22,1.6159502427684926
2004-09-23,1.6173865652492632
2004-09-24,1.6253865468727478
2004-09-27,1.6260883495887668
2004-09-28,1.6303622794069532
2004-09-29,1.6242305273225994
2004-09-30,1.6325898823650011
2004-10-01,1.6188337683020537
2004-10-04,1.624394883902103
2004-10-05,1.623344295703821
2004-10-06,1.6305480987354461
2004-10-07,1.6242822802852601
2004-10-08,1.6209252609926887
2004-10-11,1.624524277028033
2004-10-12,1.6349295767494747
2004-10-13,1.6292658208164355
2004-10-14,1.636059488797436
2004-10-15,1.626541797735947
2004-10-18,1.6257201889294584
2004-10-19,1.6260862507548375
2004-10-20,1.6212514512164709
2004-10-21,1.6378836559358643
2004-10-22,1.6385681642613497
2004-10-25,1.6455182021584636
2004-10-26,1.647476873597636
2004-10-27,1.640012494363729
2004-10-28,1.6351364360818093
2004-10-29,1.63908081512534
2004-11-01,1.6425178829194993
2004-11-02,1.6504914212890243
2004-11-03,1.6606379580194843
2004-11-04,1.6497714162765091
2004-11-05,1.6293180311540483
2004-11-08,1.6525058485416555
2004-11-09,1.6427509315836313
2004-11-10,1.648122200384246
2004-11-11,1.6449398419310923
2004-11-12,1.6442949469888257
2004-11-15,1.6414644296745302
2004-11-16,1.6351061720289353
2004-11-17,1.6303531015934651
2004-11-18,1.6400110772782768
2004-11-19,1.6355793224851476
2004-11-22,1.6365650392229354
2004-11-23,1.6543555908163412
2004-11-24,1.6561095069502358
2004-11-26,1.6555693008612848
2004-11-29,1.6641543301390256
2004-11-30,1.681510574390455
2004-12-01,1.678595994449485
2004-12-02,1.6748993408868103
2004-12-03,1.6901319269141037
2004-12-06,1.6990986148381753
2004-12-07,1.6791302787114002
2004-12-08,1.6862051856428866
2004-12-09,1.6890553952194203
2004-12-10,1.6870936779115184
2004-12-13,1.705014846735966
2004-12-14,1.6608300832504397
2004-12-15,1.6545698509620748
2004-12-16,1.6566959385770115
2004-12-17,1.6607708465070972
2004-12-20,1.656256037658026
2004-12-21,1.658003810229008
2004-12-22,1.6591898584158522
2004-12-23,1.6635845543349699
2004-12-27,1.658920468408575
2004-12-28,1.6628952870541673
2004-12-29,1.6653699806801405
2004-12-30,1.6503943160745544
2004-12-31,1.6418316769738837
2005-01-03,1.6300347081437982
2005-01-04,1.635536889256947
2005-01-05,1.631226760268555
2005-01-06,1.6347675341737091
2005-01-07,1.6303032693645814
2005-01-10,1.6356881615329208
2005-01-11,1.6253514435071805
2005-01-12,1.6217489426640972
2005-01-13,1.6581420644168794
2005-01-14,1.667274913887053
2005-01-18,1.6767039294442065
2005-01-19,1.6785625462226643
2005-01-20,1.6616115836544294
2005-01-21,1.676667838977485
2005-01-24,1.6574121914095992
2005-01-25,1.6442114818563576
2005-01-26,1.662522261609263
2005-01-27,1.6707946797504323
2005-01-28,1.6840446404085123
2005-01-31,1.699617817398609
2005-02-01,1.6944732048266073
2005-02-02,1.6937893841292002
2005-02-03,1.7030756946077157
2005-02-04,1.7009676322181626
2005-02-07,1.6946878051588805
2005-02-08,1.681566487670907
2005-02-09,1.6827170114918057
2005-02-10,1.685155113488331
2005-02-11,1.6863006427639025
2005-02-14,1.688621349517514
2005-02-15,1.6894045031905438
2005-02-16,1.7064081960549617
2005-02-17,1.7189975342782216
2005-02-18,1.7144586189188162
2005-02-22,1.7031121525909543
2005-02-23,1.700506626080933
2005-02-24,1.7158065350249367
2005-02-25,1.7224793180349356
2005-02-28,1.6985417143392885
2005-03-01,1.692207632078241
2005-03-02,1.6923299422208493
2005-03-03,1.6884687325758545
2005-03-04,1.6961893401499593
2005-03-07,1.6937917670523712
2005-03-08,1.6911020940902497
2005-03-09,1.6856607813538191
2005-03-10,1.6787769666848706
2005-03-11,1.7024795138660271
2005-03-14,1.698391297785172
2005-03-15,1.7163071113686807
2005-03-16,1.7148268723904956
2005-03-17,1.7156451145731353
2005-03-18,1.721992515257403
2005-03-21,1.7194526980453118
2005-03-22,1.7058807862188006
2005-03-23,1.6925399479854777
2005-03-24,1.7036877681494318
2005-03-28,1.6931881927034613
2005-03-29,1.676813989920964
2005-03-30,1.6762802092663256
2005-03-31,1.6803935396055238
2005-04-01,1.6929423416386054
2005-04-04,1.6973304991152256
2005-04-05,1.7042188900721522
2005-04-06,1.7069193582624613
2005-04-07,1.7116379829826445
2005-04-08,1.7088195371227661
2005-04-11,1.7097695004037274
2005-04-12,1.7208173374233364
2005-04-13,1.711174772030715
2005-04-14,1.6812442451544412
2005-04-15,1.662201082084908
2005-04-18,1.657899097150575
2005-04-19,1.6801338396410488
2005-04-20,1.666502287603452
2005-04-21,1.6535345185662762
2005-04-22,1.6509602967032069
2005-04-25,1.6653942657217597
2005-04-26,1.6535395074849082
2005-04-27,1.65971529323395
2005-04-28,1.6469957162571942
2005-04-29,1.642215739121734
2005-05-02,1.6382950953753819
2005-05-03,1.6317751845963344
2005-05-04,1.6260066132472246
2005-05-05,1.6328180606064395
2005-05-06,1.6451342674121603
2005-05-09,1.6480025148289688
2005-05-10,1.6470830137112271
2005-05-11,1.6298494768519172
2005-05-12,1.601347612650085
2005-05-13,1.589040866009734
2005-05-16,1.6009074831521157
2005-05-17,1.6063517693038945
2005-05-18,1.6149089677408965
2005-05-19,1.6223920573216912
2005-05-20,1.6255039880028883
2005-05-23,1.6385771776118938
2005-05-24,1.644948136891156
2005-05-25,1.6397463555306138
2005-05-26,1.654391961363008
2005-05-27,1.6564002871301882
2005-05-31,1.6799616180035541
2005-06-01,1.6723858941560692
2005-06-02,1.6760282159397182
2005-06-03,1.6934018686988892
2005-06-06,1.701112678054992
2005-06-07,1.6965833819464653
2005-06-08,1.6893983850215486
2005-06-09,1.6926250590341443
2005-06-10,1.685786759934284
2005-06-13,1.6893719041835569
2005-06-14,1.6919365926043588
2005-06-15,1.6953966123818454
2005-06-16,1.6901100373286464
2005-06-17,1.695098335853606
2005-06-20,1.6914329119659743
2005-06-21,1.694287634627358
2005-06-22,1.6977110933773274
2005-06-23,1.6926260159214372
2005-06-24,1.6870413030607472
2005-06-27,1.7046599294779539
2005-06-28,1.7099971233244113
2005-06-29,1.7222390664328981
2005-06-30,1.7328083128087046
2005-07-01,1.7277697916938037
2005-07-05,1.7314130313942577
2005-07-06,1.7290523236279844
2005-07-07,1.733257925999682
2005-07-08,1.7208567811287045
2005-07-11,1.7127893480457366
2005-07-12,1.715830390116298
2005-07-13,1.7107885952936426
2005-07-14,1.6960986999186838
2005-07-15,1.6963162303683696
2005-07-18,1.7038698796143297
2005-07-19,1.7085075220836319
2005-07-20,1.7048297971995892
2005-07-21,1.664800472920273
2005-07-22,1.6680181619930228
2005-07-25,1.6678945584791052
2005-07-26,1.666926171465061
2005-07-27,1.679677847930129
2005-07-28,1.6884550475552338
2005-07-29,1.6867704179564293
2005-08-01,1.6796923899751874
2005-08-02,1.6759211110959238
2005-08-03,1.682650995214139
2005-08-04,1.6867402296741805
2005-08-05,1.6792079777154372
2005-08-08,1.6752209142882133
2005-08-09,1.6835840100894215
2005-08-10,1.6919386958948066
2005-08-11,1.6948766239083983
2005-08-12,1.7030977969565249
2005-08-15,1.696866766264442
2005-08-16,1.6890354404018681
2005-08-17,1.6841971515837355
2005-08-18,1.6687413808098976
2005-08-19,1.6856204229625171
2005-08-22,1.6924583213950783
2005-08-23,1.7058157244107632
2005-08-24,1.703527884553007
2005-08-25,1.7096901186180866
2005-08-26,1.7036423982515045
2005-08-29,1.6962690274988745
2005-08-30,1.7107955917072415
2005-08-31,1.735548964414365
2005-09-01,1.7292845945583384
2005-09-02,1.7200300165466453
2005-09-06,1.7255411876117164
2005-09-07,1.753453932071165
2005-09-08,1.7600170103393886
2005-09-09,1.7701768211137925
2005-09-12,1.7626042753546802
2005-09-13,1.7692406387966064
2005-09-14,1.7498847900955032
2005-09-15,1.7438802080002551
2005-09-16,1.7409333536668654
2005-09-19,1.7482228372550344
2005-09-20,1.7415787608023308
2005-09-21,1.7463763353136346
2005-09-22,1.7498849927682776
2005-09-23,1.7647463300478072
2005-09-26,1.7767427622053245
2005-09-27,1.790372457333875
2005-09-28,1.7914597345996368
2005-09-29,1.8072703711246367
2005-09-30,1.825639923455419
2005-10-03,1.8486515299364246
2005-10-04,1.833503754413842
2005-10-05,1.8192715893410223
2005-10-06,1.8108422296918463
2005-10-07,1.8201244704788577
2005-10-10,1.8055029631878785
2005-10-11,1.814825918516274
2005-10-12,1.790717220794561
2005-10-13,1.7871258380408188
2005-10-14,1.8001349040453496
2005-10-17,1.8113233684998389
2005-10-18,1.792834939684148
2005-10-19,1.7996681101158385
2005-10-20,1.7921555852665148
2005-10-21,1.8069704225183776
2005-10-24,1.8219626033167131
2005-10-25,1.8207728067689954
2005-10-26,1.822129924157838
2005-10-27,1.8194719893611737
2005-10-28,1.8232486378635437
2005-10-31,1.8463142318124144
2005-11-01,1.848083791603672
2005-11-02,1.8858289729279918
2005-11-03,1.8885571108421746
2005-11-04,1.8702764303524742
2005-11-07,1.8764300395896025
2005-11-08,1.868925982701676
2005-11-09,1.8738651278599954
2005-11-10,1.8733686088931454
2005-11-11,1.8741881008015542
2005-11-14,1.8808126772437215
2005-11-15,1.885837876759024
2005-11-16,1.9001724945148257
2005-11-17,1.9193595374648615
2005-11-18,1.8946976027723585
2005-11-21,1.904213723144547
2005-11-22,1.914522501498928
2005-11-23,1.9024129643326535
2005-11-25,1.909601315035038
2005-11-28,1.8934943639016388
2005-11-29,1.8964523045016637
2005-11-30,1.914968636200968
2005-12-01,1.9208818021725664
2005-12-02,1.9224661407430426
2005-12-05,1.9350413554855173
2005-12-06,1.9311199617338641
2005-12-07,1.9181822123504184
2005-12-08,1.9248117454867155
2005-12-09,1.9216905547373455
2005-12-12,1.923153349150891
2005-12-13,1.919775492209477
2005-12-14,1.9159458411039045
2005-12-15,1.9161973557455352
2005-12-16,1.9173042446776978
2005-12-19,1.9120906262637742
2005-12-20,1.9212776997191459
2005-12-21,1.9286715656149305
2005-12-22,1.9497643404353935
2005-12-23,1.952089962599022
2005-12-27,1.9532266425155738
2005-12-28,1.9549005116519944
2005-12-29,1.9500756844413618
2005-12-30,1.937786036833296
2006-01-03,1.9658046039544346
2006-01-04,1.9744486129686625
2006-01-05,1.9644169405331282
2006-01-06,1.9800523300330939
2006-01-09,1.9773602395235035
2006-01-10,1.9969260305373604
2006-01-11,1.9977266248063057
2006-01-12,1.9979743800410563
2006-01-13,2.0117883229728366
2006-01-17,2.022513577918795
2006-01-18,2.0107003003837214
2006-01-19,2.0226921517585184
2006-01-20,2.0174409877403146
2006-01-23,2.0203780204008996
2006-01-24,2.0506074122231315
2006-01-25,2.0528602200214823
2006-01-26,2.071151898572898
2006-01-27,2.081804386715161
2006-01-30,2.0880637692253936
2006-01-31,2.086821794912242
2006-02-01,2.0812957022889096
2006-02-02,2.0813689506025086
2006-02-03,2.0737720985865744
2006-02-06,2.0663858091610594
2006-02-07,2.0347066113900416
2006-02-08,2.0155154913295266
2006-02-09,2.007015805142843
2006-02-10,1.9999636405191012
2006-02-13,1.9909458010451329
2006-02-14,2.0140889850818
2006-02-15,2.0110136391899016
2006-02-16,2.030578520872521
2006-02-17,2.0105397047320364
2006-02-21,2.020019936330448
2006-02-22,2.016899259381399
2006-02-23,2.024061818150831
2006-02-24,2.0289048290040173
2006-02-27,2.0343069974183643
2006-02-28,2.0200531256171472
2006-03-01,2.030001663209948
2006-03-02,2.051700581165505
2006-03-03,2.0473193644319756
2006-03-06,2.0329381608133468
2006-03-07,1.996704295647181
2006-03-08,1.9956226445736442
2006-03-09,1.9877818943071381
2006-03-10,1.995680075218694
2006-03-13,1.9972862668840579
2006-03-14,2.012434042991613
2006-03-15,2.020185340249023
2006-03-16,2.0391451308277815
2006-03-17,2.0399375286502184
2006-03-20,2.033648794286897
2006-03-21,2.011366651511917
2006-03-22,2.004737907589712
2006-03-23,2.0163534177503823
2006-03-24,2.016370023741185
2006-03-27,2.022085083657283
2006-03-28,2.013911030227648
2006-03-29,2.0358154759412566
2006-03-30,2.0189864821529726
2006-03-31,2.0475496078585236
2006-04-03,2.074540862001424
2006-04-04,2.082797024336997
2006-04-05,2.1026231631182966
2006-04-06,2.1004854620775624
2006-04-07,2.0948749630979573
2006-04-10,2.0958060605922384
2006-04-11,2.089632682243686
2006-04-12,2.1029716942470347
2006-04-13,2.0933711694212205
2006-04-17,2.0953465045757276
2006-04-18,2.11062705311846
2006-04-19,2.1285891678804143
2006-04-20,2.1136824576557034
2006-04-21,2.1085410534553306
2006-04-24,2.1065508861381543
2006-04-25,2.0899689053727464
2006-04-26,2.055762094564974
2006-04-27,2.0383327836230154
2006-04-28,2.0441214499164784
2006-05-01,2.0516048389878074
2006-05-02,2.072752858995901
2006-05-03,2.083635014139723
2006-05-04,2.0783045119347063
2006-05-05,2.07507412256782
2006-05-08,2.072638877549912
2006-05-09,2.0858051333566014
2006-05-10,2.083952024201315
2006-05-11,2.052947655117131
2006-05-12,2.0216591869280345
2006-05-15,1.9968002611424687
2006-05-16,2.006600572480789
2006-05-17,1.9760684486350344
2006-05-18,1.9435867365122514
2006-05-19,1.9572552795816947
2006-05-22,1.9234036904317506
2006-05-23,1.938998292322978
2006-05-24,1.923729267403098
2006-05-25,1.9572635319433809
2006-05-26,1.9684917023936177
2006-05-30,1.9368253734331393
2006-05-31,1.956720897769134
2006-06-01,1.961407297523793
2006-06-02,1.9711453818688265
2006-06-05,1.945359207161861
2006-06-06,1.9410651663468346
2006-06-07,1.9251349950446783
2006-06-08,1.9146296719243003
2006-06-09,1.9152953979688998
2006-06-12,1.8779005564501292
2006-06-13,1.851349284558039
2006-06-14,1.8744559093065434
2006-06-15,1.9163732367957047
2006-06-16,1.906169383609564
2006-06-19,1.8883613602663405
2006-06-20,1.8881762413878207
2006-06-21,1.9113599352261414
2006-06-22,1.9223786053684457
2006-06-23,1.9308042674658008
2006-06-26,1.9326222749399093
2006-06-27,1.9232065744786728
2006-06-28,1.9358080246256395
2006-06-29,1.9767678906965294
2006-06-30,2.006158081995885
2006-07-03,2.014566566595875
2006-07-05,2.006563991683183
2006-07-06,2.0032284257383046
2006-07-07,1.991917962990826
2006-07-10,1.9719975087646466
2006-07-11,1.9814639377690666
2006-07-12,1.9676407295518812
2006-07-13,1.9563474166896448
2006-07-14,1.9543010286515627
2006-07-17,1.9499768697082653
2006-07-18,1.9569513135599819
2006-07-19,1.9819528203477657
2006-07-20,1.9709969304998762
2006-07-21,1.9366484564881485
2006-07-24,1.9591978817641993
2006-07-25,1.94978733137523
2006-07-26,1.9222311911736463
2006-07-27,1.9318747099973121
2006-07-28,1.9489584876428765
2006-07-31,1.9579607777541506
2006-08-01,1.9450267938928232
2006-08-02,1.9496106097295187
2006-08-03,1.954814196793339
2006-08-04,1.9336491286062687
2006-08-07,1.9285956008236707
2006-08-08,1.9152762480869052
2006-08-09,1.9006598594552102
2006-08-10,1.8899686114177692
2006-08-11,1.8790140495644418
2006-08-14,1.8709609730113126
2006-08-15,1.8855990870558506
2006-08-16,1.8836609468304542
2006-08-17,1.872105695763239
2006-08-18,1.8719609810214282
2006-08-21,1.8706950044657602
2006-08-22,1.8656003868803945
2006-08-23,1.8625967819741367
2006-08-24,1.852733939893868
2006-08-25,1.8529123596189083
2006-08-28,1.8482000056040861
2006-08-29,1.8430263026872602
2006-08-30,1.8460826612741437
2006-08-31,1.8481865316172563
2006-09-01,1.8483902905328622
2006-09-05,1.8560429459405177
2006-09-06,1.8429341344104104
2006-09-07,1.8399871419454412
2006-09-08,1.8275670499574015
2006-09-11,1.8204850219281652
2006-09-12,1.8167303107047519
2006-09-13,1.8261503035517095
2006-09-14,1.8188621603001014
2006-09-15,1.8162801058550349
2006-09-18,1.8231945759400505
2006-09-19,1.8138934538572278
2006-09-20,1.8206296741644505
2006-09-21,1.8302670834046495
2006-09-22,1.8247641459110733
2006-09-25,1.8218298514699909
2006-09-26,1.8274036307725368
2006-09-27,1.8307584669348984
2006-09-28,1.8256219741521258
2006-09-29,1.8374595886206648
2006-10-02,1.8360337214964597
2006-10-03,1.8238420954847434
2006-10-04,1.8380093613746187
2006-10-05,1.8488166287476948
2006-10-06,1.8466907833668798
2006-10-09,1.854974612304579
2006-10-10,1.854677953434986
2006-10-11,1.860243951986899
2006-10-12,1.8554468884486763
2006-10-13,1.867149754542525
2006-10-16,1.8696931152280474
2006-10-17,1.8522286800932972
2006-10-18,1.8384855464162786
2006-10-19,1.8559369481430836
2006-10-20,1.8556799044654402
2006-10-23,1.8507563323396796
2006-10-24,1.8463015841576331
2006-10-25,1.8187329721514383
2006-10-26,1.8178303054952583
2006-10-27,1.826077211966982
2006-10-30,1.811727592539402
2006-10-31,1.8156157310222045
2006-11-01,1.775986136244319
2006-11-02,1.7701649002430964
2006-11-03,1.774948478908066
2006-11-06,1.7842965010719396
2006-11-07,1.787958234599275
2006-11-08,1.7910272310237338
2006-11-09,1.775564153306007
2006-11-10,1.7710869556526156
2006-11-13,1.773498150244858
2006-11-14,1.7637623239919198
2006-11-15,1.7562871011849845
2006-11-16,1.757630944044464
2006-11-17,1.7512956138469942
2006-11-20,1.7572707011826214
2006-11-21,1.7590864733353955
2006-11-22,1.7573186939530687
2006-11-24,1.7519612845370534
2006-11-27,1.7517594910302556
2006-11-28,1.755166725930985
2006-11-29,1.7670963992209199
2006-11-30,1.7605456672513298
2006-12-01,1.7596671264014367
2006-12-04,1.7784462307064735
2006-12-05,1.7781450969060566
2006-12-06,1.7671395913900865
2006-12-07,1.7644437501236934
2006-12-08,1.758230647964361
2006-12-11,1.754407382147377
2006-12-12,1.7447001526037806
2006-12-13,1.744768403819213
2006-12-14,1.7370667940091575
2006-12-15,1.7291773122558747
2006-12-18,1.7216825181573918
2006-12-19,1.7223385787754624
2006-12-20,1.7227814580734757
2006-12-21,1.7285659406488172
2006-12-22,1.73148330325754
2006-12-26,1.7360088060718752
2006-12-27,1.749304799121749
2006-12-28,1.7483825128357373
2006-12-29,1.7489468668131471
2007-01-03,1.7518057282300687
2007-01-04,1.7555827356479525
2007-01-05,1.7586695138898634
2007-01-08,1.772268461736874
2007-01-09,1.7754453537950883
2007-01-10,1.8035591164236742
2007-01-11,1.809351112691375
2007-01-12,1.820645863300218
2007-01-16,1.8257598039453602
2007-01-17,1.827143580921432
2007-01-18,1.8117700869044402
2007-01-19,1.8098381818308142
2007-01-22,1.812323373275866
2007-01-23,1.8218845615861947
2007-01-24,1.837519844000064
2007-01-25,1.8145646971831961
2007-01-26,1.8182567104706728
2007-01-29,1.811652903036925
2007-01-30,1.8092860069529462
2007-01-31,1.8081805397819373
2007-02-01,1.8039592193620813
2007-02-02,1.791567700017659
2007-02-05,1.804546722046758
2007-02-06,1.8027879181500956
2007-02-07,1.8135319061093924
2007-02-08,1.8207960586701886
2007-02-09,1.8152521647515758
2007-02-12,1.813641555918993
2007-02-13,1.8244068113052567
2007-02-14,1.8286165809621602
2007-02-15,1.8202915918980922
2007-02-16,1.8255657607507723
2007-02-20,1.8282218340095238
2007-02-21,1.8285890292681608
2007-02-22,1.8202468621605514
2007-02-23,1.8171184108633975
2007-02-26,1.7952600911535443
2007-02-27,1.7831353993041694
2007-02-28,1.7978150774175408
2007-03-01,1.8051191173137242
2007-03-02,1.798040460858475
2007-03-05,1.7964767857395745
2007-03-06,1.8252647585219242
2007-03-07,1.817387419402203
2007-03-08,1.8372869470494315
2007-03-09,1.843979631453269
2007-03-12,1.868544010075532
2007-03-13,1.8648103810438486
2007-03-14,1.8713646997508773
2007-03-15,1.87246858536291
2007-03-16,1.8759997886487354
2007-03-19,1.9042118610896368
2007-03-20,1.907541764758426
2007-03-21,1.9217801519870439
2007-03-22,1.918090263920411
2007-03-23,1.9096810891720544
2007-03-26,1.9046977863875993
2007-03-27,1.896935114245666
2007-03-28,1.884430329954156
2007-03-29,1.892020232897367
2007-03-30,1.9055166351765354
2007-04-02,1.9044233301589728
2007-04-03,1.9036916580174077
2007-04-04,1.903771240571061
2007-04-05,1.9033584590037527
2007-04-09,1.8992995109537247
2007-04-10,1.8827958128460769
2007-04-11,1.8855978496900012
2007-04-12,1.8781921203594443
2007-04-13,1.8807095953975697
2007-04-16,1.8718925979181966
2007-04-17,1.8766778879414245
2007-04-18,1.8696605644985471
2007-04-19,1.8667300084691414
2007-04-20,1.8703309144045819
2007-04-23,1.8978293937053716
2007-04-24,1.8989581668266153
2007-04-25,1.903518259219078
2007-04-26,1.9205949778674003
2007-04-27,1.9345926185965479
2007-04-30,1.9259496894714259
2007-05-01,1.911165319481075
2007-05-02,1.908640904447103
2007-05-03,1.9212656523778942
2007-05-04,1.9407975980715362
2007-05-07,1.9335176448649667
2007-05-08,1.9310336286331302
2007-05-09,1.9244758993315838
2007-05-10,1.9244104073689885
2007-05-11,1.9291976838880085
2007-05-14,1.9222526769211379
2007-05-15,1.9245403190572699
2007-05-16,1.9145032195424894
2007-05-17,1.9091396657684325
2007-05-18,1.911808642946111
2007-05-21,1.9056043987858606
2007-05-22,1.920874615231822
2007-05-23,1.9048607221869907
2007-05-24,1.886099626307957
2007-05-25,1.8918912904834342
2007-05-29,1.9159450625485417
2007-05-30,1.9350718925639045
2007-05-31,1.9327756247303798
2007-06-01,1.9250159836006229
2007-06-04,1.9318798885619353
2007-06-05,1.9440104299065053
2007-06-06,1.9411491565924184
2007-06-07,1.9204121755595085
2007-06-08,1.922534115688021
2007-06-11,1.940113942430608
2007-06-12,1.9481378448684292
2007-06-13,1.9673436011133905
2007-06-14,1.9692165599459908
2007-06-15,1.9835755453384816
2007-06-18,1.9894469745077157
2007-06-19,2.0071035217571915
2007-06-20,1.9897706562683275
2007-06-21,1.9843186414199168
2007-06-22,1.9700643430976787
2007-06-25,1.9687312568149602
2007-06-26,1.960847594300907
2007-06-27,1.9699417759445963
2007-06-28,1.979217088259152
2007-06-29,1.9837587262695362
2007-07-02,2.0002203114893464
2007-07-03,2.0020913509123357
2007-07-05,2.018323477137095
2007-07-06,2.0136310252616716
2007-07-09,2.020025920091115
2007-07-10,2.004100655901768
2007-07-11,2.010391213838603
2007-07-12,2.0252735348772832
2007-07-13,2.0379621676854995
2007-07-16,2.036916971115414
2007-07-17,2.043947688316315
2007-07-18,2.029225558936748
2007-07-19,2.034582641981751
2007-07-20,2.0156531496911523
2007-07-23,2.0258877847794547
2007-07-24,1.9947450262666617
2007-07-25,1.9837430316578988
2007-07-26,1.9916958001984846
2007-07-27,1.990293610174014
2007-07-30,2.0166737961723813
2007-07-31,2.005272724776345
2007-08-01,1.9782257935636811
2007-08-02,2.00212283151451
2007-08-03,1.9932467767217796
2007-08-06,1.9700118332024896
2007-08-07,1.972631553418133
2007-08-08,1.9514142398969356
2007-08-09,1.8961442317642623
2007-08-10,1.915659884403588
2007-08-13,1.9569751739174823
2007-08-14,1.9626933843229177
2007-08-15,1.9518265394829184
2007-08-16,1.8985551747536789
2007-08-17,1.9043749837692057
2007-08-20,1.9238023555306816
2007-08-21,1.9519715350550526
2007-08-22,1.9804646273662192
2007-08-23,1.9797939757967187
2007-08-24,1.999014242663045
2007-08-27,2.0082812479369245
2007-08-28,1.992994129420728
2007-08-29,1.9924966726274027
2007-08-30,1.998355965920434
2007-08-31,2.0286515717393554
2007-09-04,2.0370987078776395
2007-09-05,2.034555591726754
2007-09-06,2.034028396690129
2007-09-07,2.0219737963062774
2007-09-10,2.031512408754217
2007-09-11,2.0352001908463238
2007-09-12,2.0417728539043507
2007-09-13,2.0401326081124393
2007-09-14,2.0375661390016635
2007-09-17,2.0374994727583684
2007-09-18,2.0529165244794854
2007-09-19,2.0603470979678367
2007-09-20,2.080209019040865
2007-09-21,2.0977307984330382
2007-09-24,2.104608505610178
2007-09-25,2.1179917960005894
2007-09-26,2.1297581852095293
2007-09-27,2.129725578996371
2007-09-28,2.1322216617462977
2007-10-01,2.1291064549084466
2007-10-02,2.114038727411733
2007-10-03,2.1045027745058347
2007-10-04,2.1155353967678754
2007-10-05,2.1187872847379827
2007-10-08,2.14007960580361
2007-10-09,2.1488884554473
2007-10-10,2.1548122906018468
2007-10-11,2.135181695455902
2007-10-12,2.153575418499241
2007-10-15,2.1656991073855547
2007-10-16,2.1855856711519603
2007-10-17,2.204542483534939
2007-10-18,2.2234601991966527
2007-10-19,2.217787723164338
2007-10-22,2.2142594132834263
2007-10-23,2.2517258802022924
2007-10-24,2.263084617328371
2007-10-25,2.235242173137739
2007-10-26,2.232126130788427
2007-10-29,2.242909842451534
2007-10-30,2.225959171079044
2007-10-31,2.2344949861469954
2007-11-01,2.232530884896983
2007-11-02,2.2514912660538635
2007-11-05,2.2423865026459193
2007-11-06,2.25304975772305
2007-11-07,2.2583351571901433
2007-11-08,2.2270249803388684
2007-11-09,2.209482642323106
2007-11-12,2.1656303391959106
2007-11-13,2.1807811287339054
2007-11-14,2.1976993295883998
2007-11-15,2.1933327914785963
2007-11-16,2.221138025709739
2007-11-19,2.2199567518211247
2007-11-20,2.244510047485802
2007-11-21,2.249281752642272
2007-11-23,2.2417485301208493
2007-11-26,2.268092307203742
2007-11-27,2.2756957300608613
2007-11-28,2.2984602786029926
2007-11-29,2.3123034212275564
2007-11-30,2.297616130603061
2007-12-03,2.325290962466818
2007-12-04,2.347481867900762
2007-12-05,2.368068753691072
2007-12-06,2.3427831611841743
2007-12-07,2.3468223901876253
2007-12-10,2.3362127406220288
2007-12-11,2.3573871702290687
2007-12-12,2.3873691279441096
2007-12-13,2.3859067517025556
2007-12-14,2.413567007247328
2007-12-17,2.3838992761199265
2007-12-18,2.395234907792814
2007-12-19,2.4248926773307216
2007-12-20,2.445086371891049
2007-12-21,2.4599259258001336
2007-12-24,2.4681508541447688
2007-12-26,2.4886843029408663
2007-12-27,2.489125215895596
2007-12-28,2.506031683466991
2007-12-31,2.491542608600213
2008-01-02,2.5027653897820867
2008-01-03,2.547297057437699
2008-01-04,2.5391957420815574
2008-01-07,2.500989871645263
2008-01-08,2.5182292978062244
2008-01-09,2.517032376040443
2008-01-10,2.495277477058884
2008-01-11,2.4568022367430067
2008-01-14,2.479147448887534
2008-01-15,2.4734098945430167
2008-01-16,2.392499587804031
2008-01-17,2.352515441660758
2008-01-18,2.351689019866291
2008-01-22,2.3148458546156387
2008-01-23,2.227235466157815
2008-01-24,2.245192025825863
2008-01-25,2.2432775900386153
2008-01-28,2.209510856929026
2008-01-29,2.1856686395284615
2008-01-30,2.1822737128312935
2008-01-31,2.180386549895044
2008-02-01,2.172036755874784
2008-02-04,2.191321894792642
2008-02-05,2.186217849624507
2008-02-06,2.183110579636941
2008-02-07,2.176525002370828
2008-02-08,2.2042268499419984
2008-02-11,2.223288047757336
2008-02-12,2.224224001195127
2008-02-13,2.2357891927540647
2008-02-14,2.2457880438782856
2008-02-15,2.250609329091358
2008-02-19,2.245883281697385
2008-02-20,2.2320867610261805
2008-02-21,2.2335266985135585
2008-02-22,2.233340864107644
2008-02-25,2.2240075754585087
2008-02-26,2.210012012800099
2008-02-27,2.2125169669741354
2008-02-28,2.2402295471498466
2008-02-29,2.2391870090708124
2008-03-03,2.243095401652516
2008-03-04,2.2432675241563063
2008-03-05,2.2610203191169096
2008-03-06,2.272622848101094
2008-03-07,2.2518056808928906
2008-03-10,2.240342614765769
2008-03-11,2.2369648924663905
2008-03-12,2.244960903775995
2008-03-13,2.2522074873678286
2008-03-14,2.265061817659914
2008-03-17,2.2676966714014277
2008-03-18,2.2555348769415153
2008-03-19,2.237600865974529
2008-03-20,2.2133901553188826
2008-03-24,2.207713397158723
2008-03-25,2.2238740841123468
2008-03-26,2.2510055444419157
2008-03-27,2.2387611786593493
2008-03-28,2.252078851575653
2008-03-31,2.2328606162157056
2008-04-01,2.2073158159304076
2008-04-02,2.1978912910957824
2008-04-03,2.202679513961408
2008-04-04,2.219973342785872
2008-04-07,2.213150815899357
2008-04-08,2.235775421306374
2008-04-09,2.2481419671847807
2008-04-10,2.252849227724637
2008-04-11,2.2449253579043567
2008-04-14,2.2628682977291183
2008-04-15,2.2553456567096304
2008-04-16,2.258174431900371
2008-04-17,2.24223460227976
2008-04-18,2.2438009001311254
2008-04-21,2.2688727015473464
2008-04-22,2.261173221581777
2008-04-23,2.2742139262477123
2008-04-24,2.249798133121991
2008-04-25,2.2630799345173873
2008-04-28,2.2571372791200086
2008-04-29,2.245527024425754
2008-04-30,2.2545323413430105
2008-05-01,2.2152314179969843
2008-05-02,2.212512702527337
2008-05-05,2.232079995279748
2008-05-06,2.2420011634903854
2008-05-07,2.2459772628735535
2008-05-08,2.265453459094233
2008-05-09,2.2710226124448814
2008-05-12,2.2455275471923257
2008-05-13,2.240680149510377
2008-05-14,2.2021690932045535
2008-05-15,2.1838266627360317
2008-05-16,2.193825795083833
2008-05-19,2.1727942226748844
2008-05-20,2.196198968116222
2008-05-21,2.219388343437451
2008-05-22,2.2303812454683043
2008-05-23,2.2603169721147993
2008-05-27,2.243241838123555
2008-05-28,2.2554150829648982
2008-05-29,2.228303039358271
2008-05-30,2.2447656114591106
2008-06-02,2.2443850710379145
2008-06-03,2.245758310096623
2008-06-04,2.2386313613063114
2008-06-05,2.2665112728586783
2008-06-06,2.284690485454079
2008-06-09,2.314927369405598
2008-06-10,2.302140384943578
2008-06-11,2.3256082277443473
2008-06-12,2.3307736255464597
2008-06-13,2.345792915014931
2008-06-16,2.3583341007865286
2008-06-17,2.3776227853623224
2008-06-18,2.421529186418686
2008-06-19,2.4312260255223435
2008-06-20,2.43179388036657
2008-06-23,2.4806237924192835
2008-06-24,2.4632586914986794
2008-06-25,2.436639952641657
2008-06-26,2.4456381005200387
2008-06-27,2.4617722316849884
2008-06-30,2.4733576347020616
2008-07-01,2.4851524469250643
2008-07-02,2.4780452729171856
2008-07-03,2.497930321252381
2008-07-07,2.509435924160121
2008-07-08,2.4629334803347906
2008-07-09,2.507908771151931
2008-07-10,2.56531429788444
2008-07-11,2.5918241433141156
2008-07-14,2.624894456698158
2008-07-15,2.5994428305036212
2008-07-16,2.5313572608245476
2008-07-17,2.4549641410575505
2008-07-18,2.452288092014743
2008-07-21,2.461893552766494
2008-07-22,2.386878526438912
2008-07-23,2.327694506694077
2008-07-24,2.3832068698060778
2008-07-25,2.374597017537741
2008-07-28,2.4111509793496917
2008-07-29,2.361336549678068
2008-07-30,2.4087803516883195
2008-07-31,2.387913359104558
2008-08-01,2.374392176549097
2008-08-04,2.347893859249611
2008-08-05,2.3184348352105064
2008-08-06,2.310457465933381
2008-08-07,2.308547178847756
2008-08-08,2.2750315373193652
2008-08-11,2.243731975716632
2008-08-12,2.2547827816750945
2008-08-13,2.2769600862108526
2008-08-14,2.2523161219876444
2008-08-15,2.227099987027603
2008-08-18,2.2398018643454187
2008-08-19,2.2673157758587714
2008-08-20,2.272321078208657
2008-08-21,2.2703397500066624
2008-08-22,2.251201547533607
2008-08-25,2.2577013209247534
2008-08-26,2.266334596053203
2008-08-27,2.262978514749396
2008-08-28,2.2461972383580946
2008-08-29,2.2459391053348425
2008-09-02,2.2127917535636765
2008-09-03,2.1969729199207766
2008-09-04,2.2016790360694625
2008-09-05,2.190854307307119
2008-09-08,2.1664811692302943
2008-09-09,2.16495300271729
2008-09-10,2.1891823862220283
2008-09-11,2.1987852688411036
2008-09-12,2.1947407311317035
2008-09-15,2.2182305800907565
2008-09-16,2.2385644115278507
2008-09-17,2.241683492907415
2008-09-18,2.1847193555456363
2008-09-19,2.1560007025036563
2008-09-22,2.1715856804673246
2008-09-23,2.174440051853648
2008-09-24,2.1849192885680586
2008-09-25,2.1743969682482898
2008-09-26,2.174955399419433
2008-09-29,2.2128663005890417
2008-09-30,2.182928806339676
2008-10-01,2.164877529666089
2008-10-02,2.158508274257078
2008-10-03,2.1895270582859125
2008-10-06,2.207130717552924
2008-10-07,2.2284661189975705
2008-10-08,2.2563564961697096
2008-10-09,2.294345480216359
2008-10-10,2.3060880484720445
2008-10-13,2.2729125667004606
2008-10-14,2.245209144280485
2008-10-15,2.2597183460279604
2008-10-16,2.255136459347052
2008-10-17,2.242129856032451
2008-10-20,2.245374901240068
2008-10-21,2.254725531999084
2008-10-22,2.284375502529177
2008-10-23,2.32430819032402
2008-10-24,2.338461352928583
2008-10-27,2.340708035916756
2008-10-28,2.3336531044810727
2008-10-29,2.326606534990167
2008-10-30,2.2914718614524685
2008-10-31,2.2763867033367124
2008-11-03,2.229697986954916
2008-11-04,2.169481224458585
2008-11-05,2.201406820237913
2008-11-06,2.261112993517062
2008-11-07,2.2181073016625
2008-11-10,2.236303480500683
2008-11-11,2.27130204153555
2008-11-12,2.342409609645765
2008-11-13,2.2970353936083394
2008-11-14,2.3053086380467818
2008-11-17,2.3345964692519092
2008-11-18,2.3518821758530266
2008-11-19,2.4067176060708833
2008-11-20,2.471406635089974
2008-11-21,2.4614871730245436
2008-11-24,2.357561707624543
2008-11-25,2.3246534093202054
2008-11-26,2.270291526860737
2008-11-28,2.2603823639474214
2008-12-01,2.305092961760632
2008-12-02,2.2735198244916104
2008-12-03,2.2662129473633703
2008-12-04,2.2738727161113177
2008-12-05,2.2191564435330626
2008-12-08,2.185951825257141
2008-12-09,2.166904549362904
2008-12-10,2.155335623243847
2008-12-11,2.1636120766293927
2008-12-12,2.1503285649866135
2008-12-15,2.1746173372378044
2008-12-16,2.1356052529699134
2008-12-17,2.112622158774631
2008-12-18,2.121072304687156
2008-12-19,2.103737715343193
2008-12-22,2.1315322779480126
2008-12-23,2.133282665013632
2008-12-24,2.135608379907582
2008-12-26,2.1283389781667923
2008-12-29,2.1283907851249655
2008-12-30,2.1134944736480126
2008-12-31,2.1045463021164
2009-01-02,2.0518215940396476
2009-01-05,2.0254149497995266
2009-01-06,1.98358170067896
2009-01-07,2.0104023557753057
2009-01-08,1.9961439335884759
2009-01-09,2.001787938113125
2009-01-12,2.039159923169028
2009-01-13,2.039730835379178
2009-01-14,2.0739474518260312
2009-01-15,2.086308147199225
2009-01-16,2.0769855958285013
2009-01-20,2.1215505564638066
2009-01-21,2.080973405044735
2009-01-22,2.098010170594587
2009-01-23,2.070018164437667
2009-01-26,2.068198794268093
2009-01-27,2.0538419300924478
2009-01-28,2.0229999214663574
2009-01-29,2.0639480378725885
2009-01-30,2.0920786818835104
2009-02-02,2.1011615795623753
2009-02-03,2.112256462781126
2009-02-04,2.09108670708321
2009-02-05,2.0605601759729653
2009-02-06,2.0327212631822267
2009-02-09,2.0165436646896326
2009-02-10,2.048134861110638
2009-02-11,2.0395643638604217
2009-02-12,2.0474956030013463
2009-02-13,2.051562106983571
2009-02-17,2.0912323220963196
2009-02-18,2.099003657034461
2009-02-19,2.1372188647411487
2009-02-20,2.1623539635910203
2009-02-23,2.158041226733088
2009-02-24,2.123467976985579
2009-02-25,2.1279040665650766
2009-02-26,2.110170894914732
2009-02-27,2.1411949595240487
2009-03-02,2.2160889434769047
2009-03-03,2.229668944133902
2009-03-04,2.1973323496236445
2009-03-05,2.2533053878301024
2009-03-06,2.253657422212071
2009-03-09,2.2217622523913936
2009-03-10,2.1335657774045265
2009-03-11,2.114388361109939
2009-03-12,2.0633039300896914
2009-03-13,2.045963023560526
2009-03-16,2.023998829163489
2009-03-17,2.014141199755664
2009-03-18,1.964988172390473
2009-03-19,1.958737777110804
2009-03-20,1.9995642698667402
2009-03-23,1.938948808577349
2009-03-24,1.9433026790522412
2009-03-25,1.9335127085528585
2009-03-26,1.9071350755476193
2009-03-27,1.923695327598645
2009-03-30,1.988522575095158
2009-03-31,1.981119265650697
2009-04-01,1.9582609783160698
2009-04-02,1.905805406072053
2009-04-03,1.8740857013613947
2009-04-06,1.8742452767086921
2009-04-07,1.8993101216067838
2009-04-08,1.8783665757039056
2009-04-09,1.8116343742466392
2009-04-13,1.7841243497226054
2009-04-14,1.7953899936443625
2009-04-15,1.782222813342085
2009-04-16,1.765499835005247
2009-04-17,1.738178776434621
2009-04-20,1.7963225841621655
2009-04-21,1.7671927372208707
2009-04-22,1.7473608008659836
2009-04-23,1.7417328900557332
2009-04-24,1.710161751173528
2009-04-27,1.7426619775031953
2009-04-28,1.7547066926976744
2009-04-29,1.7272683649444518
2009-04-30,1.6925059764397297
2009-05-01,1.6805925732782352
2009-05-04,1.6373170022784107
2009-05-05,1.6287707078560714
2009-05-06,1.6092825180063468
2009-05-07,1.611635923278938
2009-05-08,1.5791271062493768
2009-05-11,1.589288040070694
2009-05-12,1.604677863013464
2009-05-13,1.638751093111579
2009-05-14,1.6157771357073922
2009-05-15,1.6267837130844536
2009-05-18,1.6001614020881791
2009-05-19,1.5948859238663058
2009-05-20,1.595919023311528
2009-05-21,1.6098408807703137
2009-05-22,1.604796058622121
2009-05-26,1.6020624946606048
2009-05-27,1.5950022336436596
2009-05-28,1.5905132313692065
2009-05-29,1.5820067164811846
2009-06-01,1.562884153634415
2009-06-02,1.57516710460721
2009-06-03,1.5931710452782892
2009-06-04,1.5697048921446979
2009-06-05,1.5691690719395668
2009-06-08,1.5758499989819355
2009-06-09,1.5694877270548366
2009-06-10,1.5648295636743705
2009-06-11,1.560955912502129
2009-06-12,1.5601597118044725
2009-06-15,1.5775436356541843
2009-06-16,1.5807735287561866
2009-06-17,1.5994148773249446
2009-06-18,1.6028300891221898
2009-06-19,1.5973477694541978
2009-06-22,1.6236601486441677
2009-06-23,1.6161210197655533
2009-06-24,1.6043071178627886
2009-06-25,1.6022116287615673
2009-06-26,1.5923564339833083
2009-06-29,1.5949692031732108
2009-06-30,1.5990704814338945
2009-07-01,1.5986180187537142
2009-07-02,1.610199639873814
2009-07-06,1.6294761956075579
2009-07-07,1.6455615284948508
2009-07-08,1.6667597007632593
2009-07-09,1.6542985812006104
2009-07-10,1.65308329650541
2009-07-13,1.6416076869171392
2009-07-14,1.6369036822787064
2009-07-15,1.6119430253488918
2009-07-16,1.603909662172091
2009-07-17,1.6108883982958215
2009-07-20,1.594396254005187
2009-07-21,1.5927549059446697
2009-07-22,1.5864938157184987
2009-07-23,1.566931833108689
2009-07-24,1.5539920732130572
2009-07-27,1.5437211060402687
2009-07-28,1.5449671717668096
2009-07-29,1.557168469843471
2009-07-30,1.5352238712740698
2009-07-31,1.5361713158356156
2009-08-03,1.5150287752671694
2009-08-04,1.4973027372339305
2009-08-05,1.4729656319617297
2009-08-06,1.4618338602999714
2009-08-07,1.4496370930533884
2009-08-10,1.4452357455332947
2009-08-11,1.4584178757500075
2009-08-12,1.4399346989962065
2009-08-13,1.422500863032054
2009-08-14,1.4224352476166844
2009-08-17,1.4556245960658856
2009-08-18,1.4411507435151387
2009-08-19,1.4475672336346395
2009-08-20,1.4351895763575377
2009-08-21,1.4207274047678529
2009-08-24,1.4163226876325146
2009-08-25,1.4114543579441166
2009-08-26,1.40879499258643
2009-08-27,1.4017899452023583
2009-08-28,1.393961492395288
2009-08-31,1.4073198788410433
2009-09-01,1.4154939654456793
2009-09-02,1.4136844342189157
2009-09-03,1.4061834017197057
2009-09-04,1.3976874766012037
2009-09-08,1.3830730382843692
2009-09-09,1.3734418775625032
2009-09-10,1.365887285881582
2009-09-11,1.3535389773422142
2009-09-14,1.34077718787022
2009-09-15,1.3243270982324051
2009-09-16,1.3100700854369147
2009-09-17,1.3060670973926338
2009-09-18,1.302842199341414
2009-09-21,1.306910013323738
2009-09-22,1.294356026599874
2009-09-23,1.2987071980804143
2009-09-24,1.3163136654492427
2009-09-25,1.3169410583115533
2009-09-28,1.3102722575075303
2009-09-29,1.3087117872427818
2009-09-30,1.3174749458365138
2009-10-01,1.3286302370360892
2009-10-02,1.3301811630561378
2009-10-05,1.3318691208636706
2009-10-06,1.329812082454829
2009-10-07,1.3301190158873608
2009-10-08,1.3192267839871263
2009-10-09,1.320594687091639
2009-10-12,1.3198956310824081
2009-10-13,1.3240896835582054
2009-10-14,1.3236461783248545
2009-10-15,1.3277063797167292
2009-10-16,1.333398369799822
2009-10-19,1.3339860582186924
2009-10-20,1.3404318987894195
2009-10-21,1.341031896027247
2009-10-22,1.328266136333772
2009-10-23,1.3374623233206702
2009-10-26,1.3465570909205302
2009-10-27,1.3441532060246555
2009-10-28,1.3527609685504864
2009-10-29,1.343791367626596
2009-10-30,1.3438052264533564
2009-11-02,1.3494605026175057
2009-11-03,1.3625908099030128
2009-11-04,1.3665227815517214
2009-11-05,1.3687772839381196
2009-11-06,1.3626924018241422
2009-11-09,1.3663284080600704
2009-11-10,1.3749557725127324
2009-11-11,1.367058886497025
2009-11-12,1.3646357004663947
2009-11-13,1.377964576769532
2009-11-16,1.385350801528424
2009-11-17,1.3878397738361725
2009-11-18,1.3870840653874756
2009-11-19,1.390177230379325
2009-11-20,1.3893077060619896
2009-11-23,1.3909501928937098
2009-11-24,1.383219710014519
2009-11-25,1.3825288074329005
2009-11-27,1.3764254170514973
2009-11-30,1.3712087021440227
2009-12-01,1.3677902572776872
2009-12-02,1.3679795431706103
2009-12-03,1.3555210319228461
2009-12-04,1.3503607950713188
2009-12-07,1.3420492787332539
2009-12-08,1.3482715934922247
2009-12-09,1.3593271198877102
2009-12-10,1.366084614912693
2009-12-11,1.3519003196863129
2009-12-14,1.3706148649903822
2009-12-15,1.3714225070915727
2009-12-16,1.382090622661545
2009-12-17,1.3789541020483502
2009-12-18,1.383306487138407
2009-12-21,1.3909936053542047
2009-12-22,1.4004935231883684
2009-12-23,1.4157877340526424
2009-12-24,1.4140874184290328
2009-12-28,1.4145702507588265
2009-12-29,1.4103147788374228
2009-12-30,1.4100327138643125
2009-12-31,1.4103336994053155
2010-01-04,1.4173008120977826
2010-01-05,1.426934342159413
2010-01-06,1.407526574213623
2010-01-07,1.3935321586600058
2010-01-08,1.4113388685150783
2010-01-11,1.4049631053600187
2010-01-12,1.390749770274618
2010-01-13,1.3836844486375612
2010-01-14,1.3743275261927383
2010-01-15,1.3690131584088914
2010-01-19,1.3738031800692603
2010-01-20,1.3716755934708442
2010-01-21,1.369148749733459
2010-01-22,1.3381166922019825
2010-01-25,1.3455196549588324
2010-01-26,1.3465752399153645
2010-01-27,1.3440819725572632
2010-01-28,1.3393348188718066
2010-01-29,1.3210176391863366
2010-02-01,1.3359835440097654
2010-02-02,1.347021793623941
2010-02-03,1.3424593613224944
2010-02-04,1.3181637538641544
2010-02-05,1.3162108116392113
2010-02-08,1.3192538546534014
2010-02-09,1.334577932739088
2010-02-10,1.3382268518836962
2010-02-11,1.3530840199714746
2010-02-12,1.3504592860003841
2010-02-16,1.3642604814598076
2010-02-17,1.360294166516689
2010-02-18,1.3698381377921165
2010-02-19,1.365297796356087
2010-02-22,1.3646616441289967
2010-02-23,1.360388316634348
2010-02-24,1.3645856100338338
2010-02-25,1.363842464291753
2010-02-26,1.374449403709775
2010-03-01,1.392092858520253
2010-03-02,1.3981645426601335
2010-03-03,1.399248994214345
2010-03-04,1.3980549868555787
2010-03-05,1.4052811584101346
2010-03-08,1.40413184348834
2010-03-09,1.4057056256248983
2010-03-10,1.4120930691396054
2010-03-11,1.419428407697378
2010-03-12,1.422984050751495
2010-03-15,1.4109564897778293
2010-03-16,1.4166570510903895
2010-03-17,1.4207235398861746
2010-03-18,1.41248057944986
2010-03-19,1.3940933457557083
2010-03-22,1.4106865134494166
2010-03-23,1.424294534483297
2010-03-24,1.4241370228473038
2010-03-25,1.4273077140549613
2010-03-26,1.4311888975662252
2010-03-29,1.4378594867691985
2010-03-30,1.4383563894965774
2010-03-31,1.4337901186813056
2010-04-01,1.4386774038094472
2010-04-05,1.4575354789779826
2010-04-06,1.4627312280566134
2010-04-07,1.4568967669536534
2010-04-08,1.4630072891774
2010-04-09,1.4622332513109113
2010-04-12,1.466814422194627
2010-04-13,1.4694668395955355
2010-04-14,1.4808096113216451
2010-04-15,1.4805850939248686
2010-04-16,1.4622817259005887
2010-04-19,1.4518906674903633
2010-04-20,1.4707393252453833
2010-04-21,1.4801328285963622
2010-04-22,1.4921523013600515
2010-04-23,1.4957298381623374
2010-04-26,1.5037929406242894
2010-04-27,1.4801027030166725
2010-04-28,1.481088202009631
2010-04-29,1.4895569555020396
2010-04-30,1.4681480149922779
2010-05-03,1.489437463298883
2010-05-04,1.468927282757377
2010-05-05,1.4556695385622687
2010-05-06,1.4239424831219238
2010-05-07,1.420571473223502
2010-05-10,1.4652989509274548
2010-05-11,1.4643415127950186
2010-05-12,1.4870968130994733
2010-05-13,1.4784698911369016
2010-05-14,1.457508449360863
2010-05-17,1.4454849118548214
2010-05-18,1.4294976694562604
2010-05-19,1.4230975934426346
2010-05-20,1.402269226183288
2010-05-21,1.4320235088324174
2010-05-24,1.4281401360547532
2010-05-25,1.4364992192720516
2010-05-26,1.4399318234189276
2010-05-27,1.4755813023104594
2010-05-28,1.4675316929713562
2010-06-01,1.454364681819999
2010-06-02,1.4673922507638322
2010-06-03,1.471938662535842
2010-06-04,1.4511156943865302
2010-06-07,1.4374937122395617
2010-06-08,1.443041149244717
2010-06-09,1.446192028361792
2010-06-10,1.4564143747889327
2010-06-11,1.468011354868784
2010-06-14,1.4753042070810327
2010-06-15,1.4802499983381643
2010-06-16,1.4846272272269025
2010-06-17,1.4842738136696836
2010-06-18,1.486272897574956
2010-06-21,1.484576517819338
2010-06-22,1.4753771817090222
2010-06-23,1.474577451577178
2010-06-24,1.4683465660902137
2010-06-25,1.470905497830397
2010-06-28,1.471321272082956
2010-06-29,1.4514087330873016
2010-06-30,1.450136736624408
2010-07-01,1.4448003102356237
2010-07-02,1.4356048175331662
2010-07-06,1.4364355370945912
2010-07-07,1.450552431244394
2010-07-08,1.4510265828156454
2010-07-09,1.455035543500728
2010-07-12,1.4519587414700326
2010-07-13,1.4574417933002828
2010-07-14,1.4606900567205627
2010-07-15,1.4557875153904538
2010-07-16,1.4464866543887676
2010-07-19,1.4427645106323923
2010-07-20,1.440973826429957
2010-07-21,1.4390593540166914
2010-07-22,1.4479693411462384
2010-07-23,1.4585440695384433
2010-07-26,1.4663550681098667
2010-07-27,1.4626768629598401
2010-07-28,1.4637808937001822
2010-07-29,1.4751041603370847
2010-07-30,1.47913180110854
2010-08-02,1.4756426143513401
2010-08-03,1.477579270447085
2010-08-04,1.4652630233219213
2010-08-05,1.4568408389146956
2010-08-06,1.4567876058035676
2010-08-09,1.4586923958086797
2010-08-10,1.4610133913268843
2010-08-11,1.45897976304577
2010-08-12,1.4523563845875143
2010-08-13,1.4537232561382305
2010-08-16,1.4556088843578416
2010-08-17,1.452653481085901
2010-08-18,1.4583195705339742
2010-08-19,1.4560449468317904
2010-08-20,1.4613737982100725
2010-08-23,1.4539614787274988
2010-08-24,1.4516545189494612
2010-08-25,1.451838106131939
2010-08-26,1.4588360147967654
2010-08-27,1.4649648137333924
2010-08-30,1.4591952157995378
2010-08-31,1.4633963997552133
2010-09-01,1.4630577342163238
2010-09-02,1.4543002967288112
2010-09-03,1.4603019741592318
2010-09-07,1.4682315016036738
2010-09-08,1.4703523010154245
2010-09-09,1.4572297402184375
2010-09-10,1.4529655091429574
2010-09-13,1.4592093889649058
2010-09-14,1.4669766667016564
2010-09-15,1.4676476804936267
2010-09-16,1.4737113252555536
2010-09-17,1.4760093393382268
2010-09-20,1.4778246884624002
2010-09-21,1.4794178431778588
2010-09-22,1.472163454453077
2010-09-23,1.4758864024542016
2010-09-24,1.4746178454822292
2010-09-27,1.475179124543734
2010-09-28,1.472176316713807
2010-09-29,1.4737825168070413
2010-09-30,1.4668939207656537
2010-10-01,1.4583906885542752
2010-10-04,1.4700739190769732
2010-10-05,1.4736223479930035
2010-10-06,1.4731900863915768
2010-10-07,1.470669315557442
2010-10-08,1.4731450684866663
2010-10-11,1.4695735918325783
2010-10-12,1.4877214429165162
2010-10-13,1.4849857642981166
2010-10-14,1.5022659941587162
2010-10-15,1.4976708764353563
2010-10-18,1.4813733629835257
2010-10-19,1.4846749092081755
2010-10-20,1.496540305229087
2010-10-21,1.5005995572191015
2010-10-22,1.5173910206914225
2010-10-25,1.5245247868640281
2010-10-26,1.5326942438298843
2010-10-27,1.543494749426324
2010-10-28,1.557568866915464
2010-10-29,1.5547807620862097
2010-11-01,1.5453572619429103
2010-11-02,1.535586784770743
2010-11-03,1.5538085291829808
2010-11-04,1.5455215418745494
2010-11-05,1.5209531612080602
2010-11-08,1.517977130183961
2010-11-09,1.5216442505378498
2010-11-10,1.5166251247781262
2010-11-11,1.5190330413010302
2010-11-12,1.522813579623699
2010-11-15,1.5249767933377696
2010-11-16,1.5232403332605358
2010-11-17,1.5192244490036015
2010-11-18,1.5312493866430257
2010-11-19,1.542910069654661
2010-11-22,1.5801054660274503
2010-11-23,1.5900832720055391
2010-11-24,1.595193318636558
2010-11-26,1.6076799824815071
2010-11-29,1.6106372721695548
2010-11-30,1.60942041879975
2010-12-01,1.5995681961556425
2010-12-02,1.5823461296988723
2010-12-03,1.5845278202143818
2010-12-06,1.5883521475713824
2010-12-07,1.580371524380695
2010-12-08,1.563920625865232
2010-12-09,1.5750098135919224
2010-12-10,1.5689576181153717
2010-12-13,1.5477406083566292
2010-12-14,1.5452492657666264
2010-12-15,1.5472849014549
2010-12-16,1.550869207806621
2010-12-17,1.551416610565236
2010-12-20,1.5537538584605133
2010-12-21,1.5668471334602776
2010-12-22,1.558292539666466
2010-12-23,1.5563061034182437
2010-12-27,1.5545336990854484
2010-12-28,1.550043007925178
2010-12-29,1.5517458071589654
2010-12-30,1.5525014243350148
2010-12-31,1.547562372509937
2011-01-03,1.548631967414735
2011-01-04,1.555434650778984
2011-01-05,1.5488904783796669
2011-01-06,1.5352512892042398
2011-01-07,1.537294130343861
2011-01-10,1.5396687626209469
2011-01-11,1.5333081414133367
2011-01-12,1.5274620285575824
2011-01-13,1.5268281450746697
2011-01-14,1.5237415378767112
2011-01-18,1.5209463476497687
2011-01-19,1.5195276522097547
2011-01-20,1.4920372447287389
2011-01-21,1.4929628399465023
2011-01-24,1.482012994412116
2011-01-25,1.4885780660385532
2011-01-26,1.5054107893212256
2011-01-27,1.5136705903122152
2011-01-28,1.5144289252229588
2011-01-31,1.5182229162677627
2011-02-01,1.5243533979873338
2011-02-02,1.5143152765827683
2011-02-03,1.5238372704129663
2011-02-04,1.523068268664068
2011-02-07,1.524310546461627
2011-02-08,1.5236184455033757
2011-02-09,1.5263730992985949
2011-02-10,1.5315333223587162
2011-02-11,1.5515350811351327
2011-02-14,1.5603050828672602
2011-02-15,1.560430565426063
2011-02-16,1.5642325259040082
2011-02-17,1.5573701392333903
2011-02-18,1.5477578230004823
2011-02-22,1.5373780985248398
2011-02-23,1.5347681261977903
2011-02-24,1.548687189477923
2011-02-25,1.550119256649228
2011-02-28,1.5396403084933368
2011-03-01,1.5293701877229717
2011-03-02,1.5362730345104216
2011-03-03,1.5490510600228844
2011-03-04,1.5638145491576716
2011-03-07,1.5390039652091805
2011-03-08,1.5259638573821583
2011-03-09,1.5190037203981661
2011-03-10,1.5098812467651828
2011-03-11,1.5195800689772743
2011-03-14,1.5283064201379715
2011-03-15,1.5275820101158875
2011-03-16,1.5321669913289324
2011-03-17,1.5362840209919526
2011-03-18,1.5206314954060804
2011-03-21,1.5466815193191326
2011-03-22,1.537423410619604
2011-03-23,1.5360762117103246
2011-03-24,1.5396411287164673
2011-03-25,1.5471462575969244
2011-03-28,1.549126897123084
2011-03-29,1.5658750448355891
2011-03-30,1.5683268470993699
2011-03-31,1.575673846175239
2011-04-01,1.573773523472389
2011-04-04,1.5801044135106268
2011-04-05,1.579738335943487
2011-04-06,1.5536443629014725
2011-04-07,1.549851695719915
2011-04-08,1.5424449106719555
2011-04-11,1.5378260486834374
2011-04-12,1.5270574842118232
2011-04-13,1.5500880013798228
2011-04-14,1.5521809269276505
2011-04-15,1.5586878435353406
2011-04-18,1.5506683126013676
2011-04-19,1.5553785511812963
2011-04-20,1.5684797620623427
2011-04-21,1.5842673102367748
2011-04-25,1.5682919002911708
2011-04-26,1.5599560117642564
2011-04-27,1.5694818951364162
2011-04-28,1.565083800114154
2011-04-29,1.5645739965905925
2011-05-02,1.557128072229348
2011-05-03,1.5440070528117422
2011-05-04,1.5269817916865098
2011-05-05,1.5271164013750298
2011-05-06,1.5305221088483674
2011-05-09,1.5462594121677782
2011-05-10,1.548269476613369
2011-05-11,1.541334206490015
2011-05-12,1.5402640497909783
2011-05-13,1.5381859258503627
2011-05-16,1.5303442511835634
2011-05-17,1.5211923287865794
2011-05-18,1.5417197699256664
2011-05-19,1.5397059377645932
2011-05-20,1.533864765802241
2011-05-23,1.5309281272482695
2011-05-24,1.5284682734391317
2011-05-25,1.5465289853069033
2011-05-26,1.5502833016295106
2011-05-27,1.544992087574537
2011-05-31,1.5431866607268308
2011-06-01,1.5416279613329276
2011-06-02,1.5490800672167246
2011-06-03,1.5457378402120143
2011-06-06,1.543774994953449
2011-06-07,1.5539100886331694
2011-06-08,1.5545120741211573
2011-06-09,1.563557277870806
2011-06-10,1.5545784491354993
2011-06-13,1.5433836909611112
2011-06-14,1.5550703095573137
2011-06-15,1.548641213816694
2011-06-16,1.5309172612039512
2011-06-17,1.5220834931931984
2011-06-20,1.5283612652138219
2011-06-21,1.5518613849261607
2011-06-22,1.5514984489679986
2011-06-23,1.5557613887530575
2011-06-24,1.5608343907363889
2011-06-27,1.5633353288072875
2011-06-28,1.58198167600079
2011-06-29,1.5835648237078577
2011-06-30,1.5866451640601142
2011-07-01,1.5931872270700493
2011-07-05,1.6061532301562342
2011-07-06,1.6124739552846126
2011-07-07,1.6109491546536179
2011-07-08,1.6206760117946295
2011-07-11,1.6148306576680878
2011-07-12,1.6024255419973212
2011-07-13,1.6049441243733327
2011-07-14,1.5985690094506793
2011-07-15,1.605113833619347
2011-07-18,1.6104792325416086
2011-07-19,1.6271211016958893
2011-07-20,1.6168652453600434
2011-07-21,1.6106250138050147
2011-07-22,1.614473046025693
2011-07-25,1.6125235608963515
2011-07-26,1.600672413373342
2011-07-27,1.5890953680456572
2011-07-28,1.5943624111655348
2011-07-29,1.5931156606704715
2011-08-01,1.608693203736889
2011-08-02,1.5992883814969283
2011-08-03,1.597228742843769
2011-08-04,1.5782016324924173
2011-08-05,1.5745572630413207
2011-08-08,1.5359043169138937
2011-08-09,1.5832955777868223
2011-08-10,1.6138230563969684
2011-08-11,1.6336516039689895
2011-08-12,1.6600457349876079
2011-08-15,1.6392684808545197
2011-08-16,1.623380113871173
2011-08-17,1.617953586788633
2011-08-18,1.5914735281635317
2011-08-19,1.5823916694854703
2011-08-22,1.5881998484857338
2011-08-23,1.6254181240660142
2011-08-24,1.6156302619088552
2011-08-25,1.6043479982185762
2011-08-26,1.6288010017015537
2011-08-29,1.623671366362692
2011-08-30,1.6353042382006593
2011-08-31,1.6239737203415396
2011-09-01,1.6309199139973405
2011-09-02,1.6416296144679312
2011-09-06,1.6561679919956784
2011-09-07,1.6456113863174913
2011-09-08,1.658957129235182
2011-09-09,1.6553764637586523
2011-09-12,1.6556132081037072
2011-09-13,1.6607723229885611
2011-09-14,1.6642340301291971
2011-09-15,1.6553955959400029
2011-09-16,1.6559070058077987
2011-09-19,1.6802311311731515
2011-09-20,1.668573009376463
2011-09-21,1.674658442024976
2011-09-22,1.6719604658459306
2011-09-23,1.6568638829338918
2011-09-26,1.6569463557867619
2011-09-27,1.6531525059519734
2011-09-28,1.6522826323672202
2011-09-29,1.6275472584676483
2011-09-30,1.6386708077427294
2011-10-03,1.6446190648393746
2011-10-04,1.6305558975594219
2011-10-05,1.6241762938762638
2011-10-06,1.6123618555274717
2011-10-07,1.6186572079555963
2011-10-10,1.6204611230420154
2011-10-11,1.6126713360005382
2011-10-12,1.6028328174444029
2011-10-13,1.6113435741579187
2011-10-14,1.6140861081790328
2011-10-17,1.6317169625708123
2011-10-18,1.6036769669793742
2011-10-19,1.6061320343904268
2011-10-20,1.6015616041685956
2011-10-21,1.6024722156011333
2011-10-24,1.6007635980052606
2011-10-25,1.6094232420373482
2011-10-26,1.607261905746777
2011-10-27,1.5859411284071865
2011-10-28,1.566680466104976
2011-10-31,1.5920985849048075
2011-11-01,1.608755872811282
2011-11-02,1.6045054539060026
2011-11-03,1.5998052666628144
2011-11-04,1.6044980810360767
2011-11-07,1.6000481235097346
2011-11-08,1.5939261284126196
2011-11-09,1.6152836239054533
2011-11-10,1.6204401569763849
2011-11-11,1.611731493905931
2011-11-14,1.615501090067358
2011-11-15,1.6173589741418795
2011-11-16,1.6148431826702592
2011-11-17,1.6317865570126202
2011-11-18,1.6241242196735486
2011-11-21,1.6377623405980632
2011-11-22,1.6512723732581172
2011-11-23,1.660125145620887
2011-11-25,1.6604479985322937
2011-11-28,1.64623552047341
2011-11-29,1.6458480440271142
2011-11-30,1.623578272050898
2011-12-01,1.6113094807631576
2011-12-02,1.6082337994374079
2011-12-05,1.5858737491172215
2011-12-06,1.5839109228686843
2011-12-07,1.5731321118957557
2011-12-08,1.6030759650177129
2011-12-09,1.5999186308234215
2011-12-12,1.6003415306545792
2011-12-13,1.6139149022938295
2011-12-14,1.6205363377339521
2011-12-15,1.6141956588267816
2011-12-16,1.6212277777359112
2011-12-19,1.6448244704795214
2011-12-20,1.6284980031114422
2011-12-21,1.623276136148326
2011-12-22,1.593510209588648
2011-12-23,1.607789942323164
2011-12-27,1.6205006360294305
2011-12-28,1.6292213972432812
2011-12-29,1.6219562527266875
2011-12-30,1.609464930316467
2012-01-03,1.5743826562531007
2012-01-04,1.5785187584762783
2012-01-05,1.5842299543475493
2012-01-06,1.58510615140184
2012-01-09,1.569736371845094
2012-01-10,1.5507975221168666
2012-01-11,1.530886126614757
2012-01-12,1.5321918714166909
2012-01-13,1.5464678672058496
2012-01-17,1.5547691321253856
2012-01-18,1.5397381098617773
2012-01-19,1.5197955064265296
2012-01-20,1.512970098701009
2012-01-23,1.5094521460952302
2012-01-24,1.5083598496944344
2012-01-25,1.5048347731116587
2012-01-26,1.5023749147708947
2012-01-27,1.4924330471183713
2012-01-30,1.4972408461380189
2012-01-31,1.5009053718393055
2012-02-01,1.4905940488906364
2012-02-02,1.4869621223639302
2012-02-03,1.4668049844716753
2012-02-06,1.465070298903963
2012-02-07,1.4706311969518118
2012-02-08,1.4655446941998709
2012-02-09,1.465711301082378
2012-02-10,1.4793857752720811
2012-02-13,1.4821666590806821
2012-02-14,1.4833333119649013
2012-02-15,1.4771716872829619
2012-02-16,1.4531861754243334
2012-02-17,1.4581615672438744
2012-02-21,1.4649275970562097
2012-02-22,1.4769804301283782
2012-02-23,1.477846359757841
2012-02-24,1.483718466169417
2012-02-27,1.4841521392903703
2012-02-28,1.4823655621462795
2012-02-29,1.4903869167360086
2012-03-01,1.4935121952827477
2012-03-02,1.489706750160793
2012-03-05,1.5024365413566176
2012-03-06,1.5172896587417726
2012-03-07,1.5173845832915025
2012-03-08,1.5164036170536548
2012-03-09,1.5187338791712885
2012-03-12,1.5266787196219636
2012-03-13,1.5134469095062049
2012-03-14,1.5178668435242084
2012-03-15,1.50090575617362
2012-03-16,1.4883682517425758
2012-03-19,1.4901346946954803
2012-03-20,1.4952280202804527
2012-03-21,1.5026915311487268
2012-03-22,1.5197032979158163
2012-03-23,1.5160590129298244
2012-03-26,1.517702700958852
2012-03-27,1.5189608499915335
2012-03-28,1.5257788783010209
2012-03-29,1.5356204313913786
2012-03-30,1.5346887926173682
2012-04-02,1.5382199083628547
2012-04-03,1.5535482582707942
2012-04-04,1.5621367814382903
2012-04-05,1.584919496112053
2012-04-09,1.590612999335119
2012-04-10,1.588079416168057
2012-04-11,1.5915389439560081
2012-04-12,1.5763138362902738
2012-04-13,1.6081915569534966
2012-04-16,1.6100270855516674
2012-04-17,1.5992192167174066
2012-04-18,1.615925611214085
2012-04-19,1.6033906061169012
2012-04-20,1.630489119286047
2012-04-23,1.6328426554574462
2012-04-24,1.604496158653628
2012-04-25,1.6169474636491736
2012-04-26,1.627527526845794
2012-04-27,1.6404414988064309
2012-04-30,1.6346781745601775
2012-05-01,1.6192554643078623
2012-05-02,1.640015315551865
2012-05-03,1.6490247612824611
2012-05-04,1.654219640764897
2012-05-07,1.6381998825969066
2012-05-08,1.6373059136769406
2012-05-09,1.6283514139442508
2012-05-10,1.6440595313317676
2012-05-11,1.6460553946049148
2012-05-14,1.6418360929980806
2012-05-15,1.6615053619610212
2012-05-16,1.6772328069122537
2012-05-17,1.6620865652005392
2012-05-18,1.6692158688750294
2012-05-21,1.6680260861121425
2012-05-22,1.6745365877595388
2012-05-23,1.6706010270323688
2012-05-24,1.675457427185204
2012-05-25,1.664673790992068
2012-05-29,1.6577773236699436
2012-05-30,1.6784434724183992
2012-05-31,1.6828246202632757
2012-06-01,1.6681875363441225
2012-06-04,1.6817508379211288
2012-06-05,1.6644262990204217
2012-06-06,1.6559191770980384
2012-06-07,1.6594901296323212
2012-06-08,1.6611313893590305
2012-06-11,1.6663373412476559
2012-06-12,1.663483401046036
2012-06-13,1.6600885918176476
2012-06-14,1.6621614411616419
2012-06-15,1.6604709265543791
2012-06-18,1.678593783008291
2012-06-19,1.666230456602162
2012-06-20,1.6600163412405575
2012-06-21,1.671915468756635
2012-06-22,1.6819974368667794
2012-06-25,1.6953295012966065
2012-06-26,1.7017294575029207
2012-06-27,1.6779675393551756
2012-06-28,1.652203778048637
2012-06-29,1.6523692491427262
2012-07-02,1.6644239696461043
2012-07-03,1.6506693080997896
2012-07-05,1.6583332267895512
2012-07-06,1.6703098996765018
2012-07-09,1.6844280956398343
2012-07-10,1.682097019304865
2012-07-11,1.6725403603176592
2012-07-12,1.6921959132097255
2012-07-13,1.690773471528471
2012-07-16,1.6952586997860029
2012-07-17,1.6968824716210984
2012-07-18,1.6844114125678464
2012-07-19,1.6763225649146076
2012-07-20,1.6845233806345765
2012-07-23,1.6873420439365374
2012-07-24,1.687546564048935
2012-07-25,1.6990480875186766
2012-07-26,1.6826006880897098
2012-07-27,1.6790702058708247
2012-07-30,1.6792460471113564
2012-07-31,1.6770082820572856
2012-08-01,1.6658751094422128
2012-08-02,1.6819742926495602
2012-08-03,1.6685757654090962
2012-08-06,1.649446051695068
2012-08-07,1.6334889083955406
2012-08-08,1.6268141905727544
2012-08-09,1.6104053786743109
2012-08-10,1.6004980239073794
2012-08-13,1.6093377848064119
2012-08-14,1.6234150218421686
2012-08-15,1.6209462348272572
2012-08-16,1.6148592221919895
2012-08-17,1.617412593207136
2012-08-20,1.6052596673399693
2012-08-21,1.5963283379830977
2012-08-22,1.6115576709757586
2012-08-23,1.6209743203612985
2012-08-24,1.6259765622592557
2012-08-27,1.6309603104781274
2012-08-28,1.6319892209975129
2012-08-29,1.6288017603843594
2012-08-30,1.6379434956748908
2012-08-31,1.6326776262026395
2012-09-04,1.6464763815500372
2012-09-05,1.6421617194407891
2012-09-06,1.6392685696350437
2012-09-07,1.6111341256511884
2012-09-10,1.6083879044644684
2012-09-11,1.5927233983045226
2012-09-12,1.5934889805453325
2012-09-13,1.5973548419629513
2012-09-14,1.5845258050597941
2012-09-17,1.5952284966698775
2012-09-18,1.6051342673327733
2012-09-19,1.612679000725573
2012-09-20,1.627373544062841
2012-09-21,1.6391561505028962
2012-09-24,1.636638820634811
2012-09-25,1.6474072320571322
2012-09-26,1.6349906655571502
2012-09-27,1.6376167407290683
2012-09-28,1.6395909745745294
2012-10-01,1.6303841096763332
2012-10-02,1.6292782182855263
2012-10-03,1.6511205242403268
2012-10-04,1.6490023464062284
2012-10-05,1.6534766354741859
2012-10-08,1.6427916814991328
2012-10-09,1.626877346057279
2012-10-10,1.6295351078359452
2012-10-11,1.6129679036833129
2012-10-12,1.6136514827997104
2012-10-15,1.6202994165708366
2012-10-16,1.6163870241903096
2012-10-17,1.613817436874408
2012-10-18,1.596177667619168
2012-10-19,1.6058106057659425
2012-10-22,1.6098974834577757
2012-10-23,1.6052965620189885
2012-10-24,1.6274690907627973
2012-10-25,1.6191120363152416
2012-10-26,1.6286242363277685
2012-10-31,1.6163627774964286
2012-11-01,1.612090862498821
2012-11-02,1.6051620052857762
2012-11-05,1.6078254180184393
2012-11-06,1.5990276380171444
2012-11-07,1.6147961039225536
2012-11-08,1.6180755397459532
2012-11-09,1.6172763566279562
2012-11-12,1.6145757234427514
2012-11-13,1.624266937921671
2012-11-14,1.6257745934962449
2012-11-15,1.618668622494564
2012-11-16,1.6461500930267274
2012-11-19,1.6378692871816156
2012-11-20,1.6607656315174377
2012-11-21,1.658288346378813
2012-11-23,1.65417984977543
2012-11-26,1.6428927287327295
2012-11-27,1.6369985775314038
2012-11-28,1.6214786116909645
2012-11-29,1.6271168219054957
2012-11-30,1.6263607494635068
2012-12-03,1.628927527104605
2012-12-04,1.6235274897780103
2012-12-05,1.6130166918501125
2012-12-06,1.6105300116709822
2012-12-07,1.6081343515222446
2012-12-10,1.609617964625734
2012-12-11,1.6079190140021462
2012-12-12,1.6047789335141824
2012-12-13,1.596389734027033
2012-12-14,1.597292428600267
2012-12-17,1.6137472888724114
2012-12-18,1.6174627377305073
2012-12-19,1.622672444477744
2012-12-20,1.623795291085455
2012-12-21,1.6214570559980122
2012-12-24,1.6290041972474099
2012-12-26,1.6253382411863355
2012-12-27,1.6294818771231658
2012-12-28,1.6325006201910195
2012-12-31,1.635861805826558
2013-01-02,1.6568512952968983
2013-01-03,1.6423381673575663
2013-01-04,1.6430097651414626
2013-01-07,1.646475055275971
2013-01-08,1.6528002889483164
2013-01-09,1.6536633622956163
2013-01-10,1.6481919227065038
2013-01-11,1.6439096144876109
2013-01-14,1.6370473367887297
2013-01-15,1.634454025268186
2013-01-16,1.6442692449449599
2013-01-17,1.651925527058392
2013-01-18,1.6501795821106697
2013-01-22,1.6476629618369785
2013-01-23,1.6611903454183772
2013-01-24,1.6533547748742552
2013-01-25,1.658101380845074
2013-01-28,1.6473840169916898
2013-01-29,1.6547286271100168
2013-01-30,1.657383362000175
2013-01-31,1.6540632892025233
2013-02-01,1.653094849730607
2013-02-04,1.6476294236919384
2013-02-05,1.6485643934747896
2013-02-06,1.6291266599384961
2013-02-07,1.632418959542751
2013-02-08,1.6375075769976715
2013-02-11,1.6309887694909957
2013-02-12,1.622839270733316
2013-02-13,1.6299460422737155
2013-02-14,1.6351794237794748
2013-02-15,1.642358523182759
2013-02-19,1.6327680776844067
2013-02-20,1.6314470783634571
2013-02-21,1.631934904880213
2013-02-22,1.6492267312645608
2013-02-25,1.641283419653343
2013-02-26,1.667547211954848
2013-02-27,1.670125999793717
2013-02-28,1.6764879687552827
2013-03-01,1.6784028104150424
2013-03-04,1.7043110202685712
2013-03-05,1.7092501130411613
2013-03-06,1.7003298287652995
2013-03-07,1.6844054846998875
2013-03-08,1.6800080581635268
2013-03-11,1.6727152472361
2013-03-12,1.677038118382051
2013-03-13,1.6781529716424302
2013-03-14,1.6796205530248878
2013-03-15,1.6686299896336017
2013-03-18,1.674107229945455
2013-03-19,1.6761721009830237
2013-03-20,1.6859679044285392
2013-03-21,1.683286563260483
2013-03-22,1.697547636933803
2013-03-25,1.6926813395470406
2013-03-26,1.7069638286898852
2013-03-27,1.7046400859469228
2013-03-28,1.7017591549748239
2013-04-01,1.699483072568297
2013-04-02,1.6878713544788757
2013-04-03,1.6686865336068304
2013-04-04,1.6598521775357034
2013-04-05,1.676633929148367
2013-04-08,1.6818576915205858
2013-04-09,1.6704358769611367
2013-04-10,1.6656660854539682
2013-04-11,1.6649566892808532
2013-04-12,1.6636830161597982
2013-04-15,1.655635235198482
2013-04-16,1.681406458749496
2013-04-17,1.6845496030919707
2013-04-18,1.6887734785840716
2013-04-19,1.7054152357181767
2013-04-22,1.7116045212376658
2013-04-23,1.7230269452308196
2013-04-24,1.693816867867025
2013-04-25,1.6916243026264748
2013-04-26,1.7006364670770984
2013-04-29,1.6927313060066698
2013-04-30,1.6872220965056572
2013-05-01,1.671247194767422
2013-05-02,1.6866433062553552
2013-05-03,1.704094281694126
2013-05-06,1.7089759563120466
2013-05-07,1.7002136410825561
2013-05-08,1.6907357966073082
2013-05-09,1.6863147587041516
2013-05-10,1.678001668335524
2013-05-13,1.6903195909352509
2013-05-14,1.7026866454752558
2013-05-15,1.7061143496558746
2013-05-16,1.703836885390806
2013-05-17,1.7080181638119234
2013-05-20,1.694190640416152
2013-05-21,1.6873562554831374
2013-05-22,1.681808421831172
2013-05-23,1.6815697071549085
2013-05-24,1.686549379895543
2013-05-28,1.6997822226473482
2013-05-29,1.6824603889547578
2013-05-30,1.6853315532559952
2013-05-31,1.684724322713664
2013-06-03,1.669272318069039
2013-06-04,1.6620545446212414
2013-06-05,1.6513397473874702
2013-06-06,1.666672656076989
2013-06-07,1.6866387330256516
2013-06-10,1.6836111949548003
2013-06-11,1.6780721103123335
2013-06-12,1.6639049353351372
2013-06-13,1.6640967432655762
2013-06-14,1.6734109772002963
2013-06-17,1.6759095846656915
2013-06-18,1.6803724770409265
2013-06-19,1.6767624953392617
2013-06-20,1.6521856830714987
2013-06-21,1.6384783130529275
2013-06-24,1.6293259311448764
2013-06-25,1.6410012874539317
2013-06-26,1.6485123159753663
2013-06-27,1.6625756809884782
2013-06-28,1.6524256861780353
2013-07-01,1.6621576796015565
2013-07-02,1.6615102229899479
2013-07-03,1.6551721748613706
2013-07-05,1.6601499606248196
2013-07-08,1.6649539856484756
2013-07-09,1.6740138645702465
2013-07-10,1.6677829198801797
2013-07-11,1.6686952921488636
2013-07-12,1.6862994395882267
2013-07-15,1.6828658022141725
2013-07-16,1.6734040260886607
2013-07-17,1.6815657887420186
2013-07-18,1.6814274220549958
2013-07-19,1.6860657163510602
2013-07-22,1.6848295951891405
2013-07-23,1.6790573091859218
2013-07-24,1.684680569818518
2013-07-25,1.6743433561529204
2013-07-26,1.6732629861379045
2013-07-29,1.6655644991779546
2013-07-30,1.676815419531762
2013-07-31,1.6844969066254831
2013-08-01,1.6793846120177864
2013-08-02,1.6775305571124348
2013-08-05,1.681260402073376
2013-08-06,1.6764058924349614
2013-08-07,1.6590585104972337
2013-08-08,1.6702325435345442
2013-08-09,1.671570380384023
2013-08-12,1.6634799333366364
2013-08-13,1.666312432933804
2013-08-14,1.6716875224345225
2013-08-15,1.6603908848793538
2013-08-16,1.6758820308860085
2013-08-19,1.6717261717453655
2013-08-20,1.69094321432582
2013-08-21,1.676225926275479
2013-08-22,1.6836716594982146
2013-08-23,1.6789979469130454
2013-08-26,1.676667638656622
2013-08-27,1.6669997455469154
2013-08-28,1.673319110680374
2013-08-29,1.690196969532067
2013-08-30,1.6802877102460032
2013-09-03,1.701959980869218
2013-09-04,1.7025998243362443
2013-09-05,1.7126022930807123
2013-09-06,1.7067438261896157
2013-09-09,1.7149771126059625
2013-09-10,1.7305483301152238
2013-09-11,1.734319204211732
2013-09-12,1.7311318216569216
2013-09-13,1.7345847883250356
2013-09-16,1.7422605359180183
2013-09-17,1.7456092612918266
2013-09-18,1.7470171284392648
2013-09-19,1.748828845774
2013-09-20,1.7501664940456476
2013-09-23,1.7456259037295478
2013-09-24,1.7568011102341299
2013-09-25,1.759697439521966
2013-09-26,1.7689727609269987
2013-09-27,1.7663001987274327
2013-09-30,1.7691243175823361
2013-10-01,1.7774861221813267
2013-10-02,1.7622805888311035
2013-10-03,1.7640914093408775
2013-10-04,1.7754409564896378
2013-10-07,1.7627224628054758
2013-10-08,1.7377659452279186
2013-10-09,1.7260885507164048
2013-10-10,1.7625154335526223
2013-10-11,1.7691070027067044
2013-10-14,1.7820505638541584
2013-10-15,1.7912370172505132
2013-10-16,1.8105458138734585
2013-10-17,1.8215912319771972
2013-10-18,1.8313115844143149
2013-10-21,1.8204660659204723
2013-10-22,1.81393960085448
2013-10-23,1.802952220750469
2013-10-24,1.8193949588513987
2013-10-25,1.8462278725261745
2013-10-28,1.8291040111756043
2013-10-29,1.8291770780353491
2013-10-30,1.8334679685955158
2013-10-31,1.8388455552472671
2013-11-01,1.84514850093607
2013-11-04,1.8505238411608997
2013-11-05,1.863120836258309
2013-11-06,1.8339499837657667
2013-11-07,1.8180466949441485
2013-11-08,1.8390926949010715
2013-11-11,1.845109312046687
2013-11-12,1.8538561303594816
2013-11-13,1.8702611859908964
2013-11-14,1.8697423242749098
2013-11-15,1.8641519360404744
2013-11-18,1.8499421297488725
2013-11-19,1.8457685162589177
2013-11-20,1.8516325524896997
2013-11-21,1.8723595940559377
2013-11-22,1.8878852146307679
2013-11-25,1.8804858521379209
2013-11-26,1.8849140391299843
2013-11-27,1.8935537494203973
2013-11-29,1.8959390950709414
2013-12-02,1.9110766342360113
2013-12-03,1.9124403358295101
2013-12-04,1.9048668501617012
2013-12-05,1.9030708810707648
2013-12-06,1.9084250577727124
2013-12-09,1.9006012302724284
2013-12-10,1.9073859303112157
2013-12-11,1.8970325249069084
2013-12-12,1.9128864616890398
2013-12-13,1.9190914497825138
2013-12-16,1.9219280985382348
2013-12-17,1.9273619932446946
2013-12-18,1.9197609238589781
2013-12-19,1.919522524578058
2013-12-20,1.9272511566752528
2013-12-23,1.913828840166813
2013-12-24,1.9142407240278236
2013-12-26,1.9162078764250794
2013-12-27,1.897772515731005
2013-12-30,1.8948465454524592
2013-12-31,1.8995993725619829
2014-01-02,1.9009726683292456
2014-01-03,1.9108178524057668
2014-01-06,1.9086670449867713
2014-01-07,1.9027138706756905
2014-01-08,1.9200825805084
2014-01-09,1.924988204718994
2014-01-10,1.9234960174274758
2014-01-13,1.9117788056960285
2014-01-14,1.9289975768632492
2014-01-15,1.921304341038762
2014-01-16,1.9001240988586945
2014-01-17,1.9010168319675607
2014-01-21,1.9109516062017804
2014-01-22,1.926553573538484
2014-01-23,1.9226001803918156
2014-01-24,1.9049169551613294
2014-01-27,1.890918009704298
2014-01-28,1.9105017618478555
2014-01-29,1.9072000214092688
2014-01-30,1.9308899964739221
2014-01-31,1.9554564081922226
2014-02-03,1.9446663053961148
2014-02-04,1.9503095339515375
2014-02-05,1.9618880503347191
2014-02-06,1.9486646366797997
2014-02-07,1.9638346069688568
2014-02-10,1.9632848577529391
2014-02-11,1.966056066803334
2014-02-12,1.9810105179567425
2014-02-13,1.9934492570282327
2014-02-14,1.990806267307514
2014-02-18,2.007520658089592
2014-02-19,1.9960970061160768
2014-02-20,2.0098598109313763
2014-02-21,2.0216007011224018
2014-02-24,2.039764573432962
2014-02-25,2.0463888624240645
2014-02-26,2.0284796612138365
2014-02-27,2.030427127667768
2014-02-28,2.0223427453359726
2014-03-03,2.0105604274365976
2014-03-04,2.0579653088986682
2014-03-05,2.0589761630362937
2014-03-06,2.0516140631939317
2014-03-07,2.0476229354577997
2014-03-10,2.044075832055333
2014-03-11,2.0236738200720366
2014-03-12,2.0311080710226066
2014-03-13,2.0201690716696614
2014-03-14,2.0192662487760358
2014-03-17,2.0163360751378674
2014-03-18,2.0216948331464306
2014-03-19,2.0185560717053246
2014-03-20,2.0232304936439767
2014-03-21,2.0004011773411383
2014-03-24,1.9834250104345752
2014-03-25,1.9796997125864118
2014-03-26,1.9582764578842153
2014-03-27,1.9456817712120955
2014-03-28,1.928317005756918
2014-03-31,1.9441873893668575
2014-04-01,1.9561980309498461
2014-04-02,1.9514274236738176
2014-04-03,1.925968314388252
2014-04-04,1.8863386323350402
2014-04-07,1.856072988649655
2014-04-08,1.8547322884121313
2014-04-09,1.8924208326903464
2014-04-10,1.8503975369437018
2014-04-11,1.849410435297119
2014-04-14,1.8391575490133332
2014-04-15,1.8392514102989659
2014-04-16,1.8675340234499018
2014-04-17,1.885005713892021
2014-04-21,1.9003880379799682
2014-04-22,1.918107918449853
2014-04-23,1.915175116092968
2014-04-24,1.8973260814608204
2014-04-25,1.870808266290399
2014-04-28,1.8409687342085814
2014-04-29,1.8680321212118571
2014-04-30,1.8748088498120754
2014-05-01,1.8650080559007853
2014-05-02,1.873403785729277
2014-05-05,1.8790069746413287
2014-05-06,1.8768870919793421
2014-05-07,1.868881941697315
2014-05-08,1.854393057579239
2014-05-09,1.856757796022662
2014-05-12,1.8734673104277177
2014-05-13,1.8699201220986337
2014-05-14,1.8628948531655636
2014-05-15,1.8518785713324295
2014-05-16,1.8509518972686607
2014-05-19,1.8575331525023882
2014-05-20,1.856171561618471
2014-05-21,1.8641360565132234
2014-05-22,1.865121804894093
2014-05-23,1.870939816419853
2014-05-27,1.882991067109915
2014-05-28,1.889631417983753
2014-05-29,1.8942540519320183
2014-05-30,1.890416355168733
2014-06-02,1.8930733979752479
2014-06-03,1.8959890529324452
2014-06-04,1.9006495396345549
2014-06-05,1.8993181983944976
2014-06-06,1.896228359463543
2014-06-09,1.8917074024283451
2014-06-10,1.892084124042935
2014-06-11,1.8988081604997817
2014-06-12,1.8875124861113735
2014-06-13,1.889214763168026
2014-06-16,1.8918754176601502
2014-06-17,1.8990545220063155
2014-06-18,1.9023004712643172
2014-06-19,1.9163060281693227
2014-06-20,1.9204208830827496
2014-06-23,1.9179481100291644
2014-06-24,1.9093657986187926
2014-06-25,1.9189793594731883
2014-06-26,1.9184508487835772
2014-06-27,1.912741429306939
2014-06-30,1.912132147487128
2014-07-01,1.9197129900228502
2014-07-02,1.9135229680156476
2014-07-03,1.9161888396869522
2014-07-07,1.9001113491859665
2014-07-08,1.8880892103453324
2014-07-09,1.8916237294961622
2014-07-10,1.8930639437326318
2014-07-11,1.8962037654265058
2014-07-14,1.9027763262427126
2014-07-15,1.8946049494865098
2014-07-16,1.8829240344917615
2014-07-17,1.873884784140088
2014-07-18,1.897385507862125
2014-07-21,1.8978867942996525
2014-07-22,1.9015212151237104
2014-07-23,1.9009839211746262
2014-07-24,1.9003531991180196
2014-07-25,1.8963278319995063
2014-07-28,1.8962254550631157
2014-07-29,1.8965380538411023
2014-07-30,1.8973999192499051
2014-07-31,1.8877207857116687
2014-08-01,1.8995144694734958
2014-08-04,1.904305875155573
2014-08-05,1.8919302788680525
2014-08-06,1.8888419384848631
2014-08-07,1.8918822229701493
2014-08-08,1.8829916635824187
2014-08-11,1.8890761987556355
2014-08-12,1.8918814901155487
2014-08-13,1.9120795989196266
2014-08-14,1.9083620565867674
2014-08-15,1.9265653259035558
2014-08-18,1.9272424400118597
2014-08-19,1.9350570182659699
2014-08-20,1.9336829743350514
2014-08-21,1.9199944997231304
2014-08-22,1.926600450121047
2014-08-25,1.9344055193798915
2014-08-26,1.9247563807064776
2014-08-27,1.925988801159047
2014-08-28,1.926488884255961
2014-08-29,1.9341493793549647
2014-09-02,1.9506302080359856
2014-09-03,1.94472052476394
2014-09-04,1.93971271732726
2014-09-05,1.9438452196246536
2014-09-08,1.9573058770446434
2014-09-09,1.9564494780331252
2014-09-10,1.9618759748558479
2014-09-11,1.948386659634277
2014-09-12,1.9384249818250638
2014-09-15,1.9264009439150356
2014-09-16,1.945419945595823
2014-09-17,1.950023217578309
2014-09-18,1.9583725170072113
2014-09-19,1.963536958230083
2014-09-22,1.9576310836079818
2014-09-23,1.9631392204819942
2014-09-24,1.9764642515003443
2014-09-25,1.9646763429221366
2014-09-26,1.9760381614314921
2014-09-29,1.9835597868517238
2014-09-30,1.9862659242125467
2014-10-01,1.953038421235613
2014-10-02,1.9545222580747492
2014-10-03,1.9893261571324068
2014-10-06,1.9738856757250112
2014-10-07,1.9586259907078436
2014-10-08,1.9561627668312962
2014-10-09,1.9433821415992476
2014-10-10,1.9132458819193758
2014-10-13,1.8599670462276305
2014-10-14,1.870163835895396
2014-10-15,1.864813161591797
2014-10-16,1.895389270972348
2014-10-17,1.912129563632082
2014-10-20,1.933697560928242
2014-10-21,1.9512902090947544
2014-10-22,1.9578273064365954
2014-10-23,1.9446244440095295
2014-10-24,1.9444606618109583
2014-10-27,1.94546396779048
2014-10-28,1.949319584431596
2014-10-29,1.9600409560799887
2014-10-30,1.9490756330039356
2014-10-31,1.9620269848371756
2014-11-03,1.9606657589933463
2014-11-04,1.959965323367269
2014-11-05,1.9521156823562575
2014-11-06,1.9674760379797342
2014-11-07,1.9534064954248138
2014-11-10,1.9626105276526926
2014-11-11,1.9617699154429062
2014-11-12,1.956682552739843
2014-11-13,1.965204292813763
2014-11-14,1.963859928275031
2014-11-17,1.9718675762421678
2014-11-18,1.9730694397654724
2014-11-19,1.9698056777072852
2014-11-20,1.9585498560293928
2014-11-21,1.9495048471709255
2014-11-24,1.9515336598967135
2014-11-25,1.9556325974929307
2014-11-26,1.958638759429732
2014-11-28,1.9697369777353064
2014-12-01,1.9575468914999026
2014-12-02,1.9624848662182548
2014-12-03,1.9616873006501994
2014-12-04,1.9748420377320113
2014-12-05,1.97656646547468
2014-12-08,1.980849156898077
2014-12-09,1.971978519804296
2014-12-10,1.9797334303562115
2014-12-11,1.9806106015636364
2014-12-12,1.9828602943364413
2014-12-15,1.9876466063232394
2014-12-16,1.9746045830072605
2014-12-17,1.9759516199425002
2014-12-18,1.98226670172152
2014-12-19,1.9716714457187963
2014-12-22,1.9642718699800767
2014-12-23,1.949583010764322
2014-12-24,1.9616498560577849
2014-12-26,1.9584366152534511
2014-12-29,1.9578165666082437
2014-12-30,1.947987998606518
2014-12-31,1.944552983321182
2015-01-02,1.9488881570984822
2015-01-05,1.966486259900979
2015-01-06,1.9664432637129703
2015-01-07,1.9802987114193116
2015-01-08,1.986190145537173
2015-01-09,1.9798539000757465
2015-01-12,1.9782490155967194
2015-01-13,1.9778566259034722
2015-01-14,1.9902572470309454
2015-01-15,2.0023252746870304
2015-01-16,2.0142018835426985
2015-01-20,2.0391816715981412
2015-01-21,2.030161200407369
2015-01-22,2.035494094686792
2015-01-23,2.049370855874094
2015-01-26,2.0395898032964337
2015-01-27,2.0324029024530934
2015-01-28,2.0597612594822103
2015-01-29,2.0746788969555454
2015-01-30,2.05653177942939
2015-02-02,2.0148263820194017
2015-02-03,1.9702964450794334
2015-02-04,1.998027396643513
2015-02-05,1.9800981162402733
2015-02-06,1.970208433688292
2015-02-09,1.9387756325036423
2015-02-10,1.9669108284480972
2015-02-11,1.9805961754674184
2015-02-12,1.9703696902755046
2015-02-13,1.9372111596168473
2015-02-17,1.948421242254432
2015-02-18,1.953867543198478
2015-02-19,1.9448419749613965
2015-02-20,1.9476545721518612
2015-02-23,1.9780946311572813
2015-02-24,1.970940194551002
2015-02-25,1.9555991321465596
2015-02-26,1.9657972895423401
2015-02-27,1.9664486998998594
2015-03-02,1.9658719740278578
2015-03-03,1.9661645770072977
2015-03-04,1.9717705872178375
2015-03-05,1.9724817912539012
2015-03-06,1.968964035918808
2015-03-09,1.9834438448816425
2015-03-10,1.98646133280831
2015-03-11,1.9927653559532383
2015-03-12,1.99430464459815
2015-03-13,2.0058920975762726
2015-03-16,2.0207232450185444
2015-03-17,2.0169241006195624
2015-03-18,2.0052052455871423
2015-03-19,2.019242542641734
2015-03-20,2.0057018786885092
2015-03-23,1.9998635338606778
2015-03-24,2.0019522773988356
2015-03-25,1.9888450353379687
2015-03-26,1.9877658666690068
2015-03-27,2.0016224521183585
2015-03-30,2.004246903931518
2015-03-31,1.9964775152874212
2015-04-01,1.9914297254347348
2015-04-02,1.9784302259506341
2015-04-06,1.9666592043715636
2015-04-07,1.964586690916185
2015-04-08,1.978451812151623
2015-04-09,1.962433897419664
2015-04-10,1.963034508724083
2015-04-13,1.9411562910644016
2015-04-14,1.9265392654634892
2015-04-15,1.9013380690674664
2015-04-16,1.9061554855452192
2015-04-17,1.907551451008939
2015-04-20,1.9102785345416287
2015-04-21,1.930445866295151
2015-04-22,1.9286266265528857
2015-04-23,1.9328134187860493
2015-04-24,1.9364853544854173
2015-04-27,1.9150899228614122
2015-04-28,1.9054946545293103
2015-04-29,1.891489643007395
2015-04-30,1.8818151691195257
2015-05-01,1.9024615402331557
2015-05-04,1.9016390378610548
2015-05-05,1.8886514586321224
2015-05-06,1.9044493119745332
2015-05-07,1.9238349809466597
2015-05-08,1.9215811772080007
2015-05-11,1.9297582582565436
2015-05-12,1.9359712767198696
2015-05-13,1.9330831152390138
2015-05-14,1.9444425770497493
2015-05-15,1.9476028072265739
2015-05-18,1.9608005786391378
2015-05-19,1.9674165900723042
2015-05-20,1.9489399555580382
2015-05-21,1.9468061516239197
2015-05-22,1.9524810090794837
2015-05-26,1.9671547166018686
2015-05-27,1.9794466808455198
2015-05-28,1.9827745674817001
2015-05-29,1.9920979446652838
2015-06-01,1.9986999683959825
2015-06-02,1.9754763407289595
2015-06-03,1.9729922921890648
2015-06-04,1.9702702762567088
2015-06-05,1.9756164711691724
2015-06-08,1.9784168067485077
2015-06-09,1.9750494579766547
2015-06-10,1.9740870808567208
2015-06-11,1.9811615195092775
2015-06-12,1.9859690515747364
2015-06-15,1.9961854815974187
2015-06-16,2.0022385767216964
2015-06-17,2.0107013934899376
2015-06-18,2.014138740728669
2015-06-19,2.0182931665321857
2015-06-22,2.0245256769936537
2015-06-23,2.0218560027658254
2015-06-24,2.0070773452457957
2015-06-25,2.0240548629496584
2015-06-26,2.0245600622624162
2015-06-29,2.0240385145332342
2015-06-30,2.0277055496418135
2015-07-01,2.0459872375964037
2015-07-02,2.0389322232083544
2015-07-06,2.060031395187132
2015-07-07,2.0523708866761705
2015-07-08,2.0635667881886124
2015-07-09,2.065461373104783
2015-07-10,2.0982385082675576
2015-07-13,2.0896170166273604
2015-07-14,2.0887257458110473
2015-07-15,2.10229548427249
2015-07-16,2.123650827954114
2015-07-17,2.143035368921679
2015-07-20,2.153698345188354
2015-07-21,2.1459837661913017
2015-07-22,2.1492925611229587
2015-07-23,2.177081600205853
2015-07-24,2.1891659076071126
2015-07-27,2.1702102001118737
2015-07-28,2.1522218070882033
2015-07-29,2.143593791525569
2015-07-30,2.1325232445735463
2015-07-31,2.147120328638232
2015-08-03,2.151808173311652
2015-08-04,2.1652456372045563
2015-08-05,2.1921563426060304
2015-08-06,2.1764051751259093
2015-08-07,2.1824850152709176
2015-08-10,2.15700252525191
2015-08-11,2.19066673122784
2015-08-12,2.170749155723531
2015-08-13,2.1955642597647755
2015-08-14,2.1899754066219
2015-08-17,2.2128772489396193
2015-08-18,2.2170569261223263
2015-08-19,2.2298484336191122
2015-08-20,2.209460182952487
2015-08-21,2.200784440507203
2015-08-24,2.19930293189921
2015-08-25,2.240573478401888
2015-08-26,2.259775640767054
2015-08-27,2.2195236505280898
2015-08-28,2.2141860123995247
2015-08-31,2.2035136316308725
2015-09-01,2.202882730191062
2015-09-02,2.2217194783565235
2015-09-03,2.2183730477502404
2015-09-04,2.2379576909015393
2015-09-08,2.2470051166288902
2015-09-09,2.260502378490455
2015-09-10,2.2730288380839383
2015-09-11,2.288360534121251
2015-09-14,2.29431617534823
2015-09-15,2.2883822643885696
2015-09-16,2.2597845292907506
2015-09-17,2.276925198638354
2015-09-18,2.303192222516692
2015-09-21,2.3256002897516677
2015-09-22,2.3335474084559054
2015-09-23,2.3732219350198602
2015-09-24,2.3618024194973666
2015-09-25,2.36139129909864
2015-09-28,2.3432829491922704
2015-09-29,2.3302004185806178
2015-09-30,2.333119960322591
2015-10-01,2.3551236033387815
2015-10-02,2.3296935146509394
2015-10-05,2.293321986569002
2015-10-06,2.250075150353296
2015-10-07,2.239347845222976
2015-10-08,2.22311171785572
2015-10-09,2.2353876348367825
2015-10-12,2.262133767689412
2015-10-13,2.2499035595676995
2015-10-14,2.2280384647626934
2015-10-15,2.2509729963679077
2015-10-16,2.2717301841904334
2015-10-19,2.288299096841922
2015-10-20,2.2742285024377287
2015-10-21,2.273412454199216
2015-10-22,2.2621353292328457
2015-10-23,2.250027250189756
2015-10-26,2.275098129058863
2015-10-27,2.2938526581631375
2015-10-28,2.290439956341669
2015-10-29,2.2801344525318488
2015-10-30,2.2616488963499575
2015-11-02,2.240764436942623
2015-11-03,2.226299268630051
2015-11-04,2.2377906916968815
2015-11-05,2.2505670758340424
2015-11-06,2.251080689055659
2015-11-09,2.254366626344348
2015-11-10,2.2713722589514127
2015-11-11,2.2899077032447788
2015-11-12,2.3085931294218427
2015-11-13,2.2900804449174825
2015-11-16,2.283973478925986
2015-11-17,2.3094384905422642
2015-11-18,2.3018418283771545
2015-11-19,2.3039209112944583
2015-11-20,2.319621836940441
2015-11-23,2.322707941635226
2015-11-24,2.307213211199079
2015-11-25,2.3156088998775117
2015-11-27,2.3341883726444843
2015-11-30,2.316462591619628
2015-12-01,2.325249349757317
2015-12-02,2.342761683425192
2015-12-03,2.3431248100367927
2015-12-04,2.3903058739293503
2015-12-07,2.400379502497064
2015-12-08,2.4289714314083497
2015-12-09,2.393650821431896
2015-12-10,2.3841291022885
2015-12-11,2.40090093181586
2015-12-14,2.4414639923440062
2015-12-15,2.4192713241322616
2015-12-16,2.411471550000887
2015-12-17,2.4289617922503144
2015-12-18,2.4182942897392308
2015-12-21,2.4037671029880645
2015-12-22,2.377238301086964
2015-12-23,2.3373044019923115
2015-12-24,2.340718121423648
2015-12-28,2.3613185153350664
2015-12-29,2.357071028371862
2015-12-30,2.3651850237591896
2015-12-31,2.3541291656724015
2016-01-04,2.3231724442308086
2016-01-05,2.330706335434172
2016-01-06,2.3600777851613244
2016-01-07,2.380780581019806
2016-01-08,2.380561857896718
2016-01-11,2.4076022347190755
2016-01-12,2.4168921129885206
2016-01-13,2.4137761260605477
2016-01-14,2.409858221898641
2016-01-15,2.4081656709487764
2016-01-19,2.432251017040824
2016-01-20,2.4242322600346213
2016-01-21,2.394134115193344
2016-01-22,2.420813562882714
2016-01-25,2.44561313405228
2016-01-26,2.4109194272492096
2016-01-27,2.389260943128499
2016-01-28,2.404240386322741
2016-01-29,2.3835475490138887
2016-02-01,2.3865881479891016
2016-02-02,2.4015756725181236
2016-02-03,2.3540992753242667
2016-02-04,2.320964915646365
2016-02-05,2.264800435390353
2016-02-08,2.262394737840781
2016-02-09,2.28707463280973
2016-02-10,2.3014513500626554
2016-02-11,2.328938135443092
2016-02-12,2.3067771851891674
2016-02-16,2.291022984605905
2016-02-17,2.2839654640341007
2016-02-18,2.252757863410753
2016-02-19,2.2846553628636688
2016-02-22,2.2708082928613655
2016-02-23,2.288810922398238
2016-02-24,2.2984674052914356
2016-02-25,2.3091070491939036
2016-02-26,2.2935195350619737
2016-02-29,2.27766816111406
2016-03-01,2.2717645030817004
2016-03-02,2.260574300998613
2016-03-03,2.2379061421076005
2016-03-04,2.2259643118474672
2016-03-07,2.1914768982518735
2016-03-08,2.2295333979960192
2016-03-09,2.2349902661899343
2016-03-10,2.2378315588226956
2016-03-11,2.221287384419825
2016-03-14,2.229434846259472
2016-03-15,2.2556188467232676
2016-03-16,2.2457472293901444
2016-03-17,2.227672851258179
2016-03-18,2.209798143818958
2016-03-21,2.2039891791515767
2016-03-22,2.209328401913208
2016-03-23,2.243352607567966
2016-03-24,2.2460911474020224
2016-03-28,2.25217128041335
2016-03-29,2.2527517979316616
2016-03-30,2.2550969669364633
2016-03-31,2.248825687841934
2016-04-01,2.2595684528867603
2016-04-04,2.2758573132772075
2016-04-05,2.28193366873842
2016-04-06,2.278979156745764
2016-04-07,2.2923856496106265
2016-04-08,2.2923633423670338
2016-04-11,2.2822413954168637
2016-04-12,2.2655138341743855
2016-04-13,2.2303107749372146
2016-04-14,2.232128026689009
2016-04-15,2.237602929824958
2016-04-18,2.2416132858693425
2016-04-19,2.2177565095572636
2016-04-20,2.2066792468642182
2016-04-21,2.1900792598022134
2016-04-22,2.17224492680232
2016-04-25,2.196867270691342
2016-04-26,2.17601500399896
2016-04-27,2.1715581314449683
2016-04-28,2.1771515907197045
2016-04-29,2.199548386446815
2016-05-02,2.2109220972394112
2016-05-03,2.232688170896268
2016-05-04,2.250046907675023
2016-05-05,2.2601893081689117
2016-05-06,2.2675641888721514
2016-05-09,2.285265007723962
2016-05-10,2.285906248510501
2016-05-11,2.29528033751057
2016-05-12,2.3195105874809774
2016-05-13,2.343334384603859
2016-05-16,2.334713761825141
2016-05-17,2.2983999826169517
2016-05-18,2.293359864618805
2016-05-19,2.293066431062655
2016-05-20,2.2702549381937525
2016-05-23,2.2630905857685
2016-05-24,2.271011998592564
2016-05-25,2.239402759154911
2016-05-26,2.253067571670829
2016-05-27,2.252218256383839
2016-05-31,2.2384325582632507
2016-06-01,2.233995313456382
2016-06-02,2.2221204206747407
2016-06-03,2.226520646987246
2016-06-06,2.1994167877021815
2016-06-07,2.205800938999591
2016-06-08,2.2230122825711573
2016-06-09,2.252026531755681
2016-06-10,2.2827853215907945
2016-06-13,2.292102777323906
2016-06-14,2.3166599058219215
2016-06-15,2.300993596807138
2016-06-16,2.3164346194701797
2016-06-17,2.2891408733692646
2016-06-20,2.277214463845144
2016-06-21,2.287566041914811
2016-06-22,2.286015982450576
2016-06-23,2.2600389305265147
2016-06-24,2.3311547519535565
2016-06-27,2.4019145087436207
2016-06-28,2.3826895100323533
2016-06-29,2.3512651603068955
2016-06-30,2.360555109530868
2016-07-01,2.3636130584237
2016-07-05,2.4029880053721464
2016-07-06,2.399066251221967
2016-07-07,2.3876215605545354
2016-07-08,2.363154311344625
2016-07-11,2.3516077299058455
2016-07-12,2.321860315569501
2016-07-13,2.319333242663897
2016-07-14,2.306417169437427
2016-07-15,2.299979063114968
2016-07-18,2.2858853718325536
2016-07-19,2.300179031302385
2016-07-20,2.2867567202127046
2016-07-21,2.27051788002598
2016-07-22,2.27732155202491
2016-07-25,2.280846804852654
2016-07-26,2.2740945040896645
2016-07-27,2.2783264817228672
2016-07-28,2.280001469030924
2016-07-29,2.280697051516016
2016-08-01,2.2876206211101673
2016-08-02,2.3036663913375057
2016-08-03,2.2790163585631804
2016-08-04,2.29566969710507
2016-08-05,2.2734046590157946
2016-08-08,2.2620164536876004
2016-08-09,2.2731812940403646
2016-08-10,2.2774780374537076
2016-08-11,2.2622230572895066
2016-08-12,2.265024679662327
2016-08-15,2.2493501202992605
2016-08-16,2.233002328630032
2016-08-17,2.241222645660629
2016-08-18,2.2398230350418857
2016-08-19,2.2448892476847395
2016-08-22,2.244948567029135
2016-08-23,2.2275146486294157
2016-08-24,2.231985052101575
2016-08-25,2.234234221106655
2016-08-26,2.229633132716963
2016-08-29,2.2297526252734654
2016-08-30,2.2123521020086265
2016-08-31,2.218649273779963
2016-09-01,2.2316105340276335
2016-09-02,2.2326266554592333
2016-09-06,2.234014908321
2016-09-07,2.215147325966283
2016-09-08,2.210019274070515
2016-09-09,2.2010168324398482
2016-09-12,2.20285686828433
2016-09-13,2.2062605136467024
2016-09-14,2.213922436520388
2016-09-15,2.21926149227066
2016-09-16,2.216242675257428
2016-09-19,2.2184471351318464
2016-09-20,2.220231850584375
2016-09-21,2.2273150379450466
2016-09-22,2.226315940390426
2016-09-23,2.2247624887077815
2016-09-26,2.2401928743436446
2016-09-27,2.2414506219306802
2016-09-28,2.2381950673959556
2016-09-29,2.237629351923794
2016-09-30,2.226116916564614
2016-10-03,2.2031155762801484
2016-10-04,2.184280984826799
2016-10-05,2.174179155439906
2016-10-06,2.193217083917484
2016-10-07,2.1994474060989413
2016-10-10,2.202320669754676
2016-10-11,2.2037980409223588
2016-10-12,2.236177610358061
2016-10-13,2.244522701558859
2016-10-14,2.259794389772732
2016-10-17,2.2777244553770104
2016-10-18,2.254395592849973
2016-10-19,2.231723073521516
2016-10-20,2.2073595593814854
2016-10-21,2.188797613290365
2016-10-24,2.2039168706123067
2016-10-25,2.1994991916926128
2016-10-26,2.1667082125446537
2016-10-27,2.1521427544701646
2016-10-28,2.1463175923293227
2016-10-31,2.1691241078558647
2016-11-01,2.1410727747805174
2016-11-02,2.1135102658211937
2016-11-03,2.1232451223318916
2016-11-04,2.117790276196327
2016-11-07,2.1145524702620246
2016-11-08,2.1183391946983225
2016-11-09,2.0439116978445466
2016-11-10,1.9810525712823597
2016-11-11,1.9898801635914496
2016-11-14,1.9307240660605751
2016-11-15,1.9562753361161394
2016-11-16,1.977742625313899
2016-11-17,1.9793374377991946
2016-11-18,1.975134620696577
2016-11-21,1.9703357884711727
2016-11-22,1.980190001268614
2016-11-23,1.985972113581382
2016-11-25,1.9839688251698195
2016-11-28,1.9840032654390976
2016-11-29,1.9978708704943644
2016-11-30,1.9764299431717074
2016-12-01,1.9559760666194577
2016-12-02,1.9666057746872736
2016-12-05,1.9603549089019554
2016-12-06,1.9564180470494044
2016-12-07,1.9533776437103318
2016-12-08,1.93468341083295
2016-12-09,1.9256361077273465
2016-12-12,1.9347831162437776
2016-12-13,1.937615645116572
2016-12-14,1.941693812406491
2016-12-15,1.9384168541154057
2016-12-16,1.9339843774022087
2016-12-19,1.9372225158684635
2016-12-20,1.9370132235759796
2016-12-21,1.9407517390713793
2016-12-22,1.947449334412426
2016-12-23,1.9464407933989232
2016-12-27,1.94274135014555
2016-12-28,1.9468918999011284
2016-12-29,1.9546073681572989
2016-12-30,1.9487826111413638
2017-01-03,1.9332920541604912
2017-01-04,1.9271261348434088
2017-01-05,1.92040082517668
2017-01-06,1.9187163287613986
2017-01-09,1.91750984819513
2017-01-10,1.9280190096566707
2017-01-11,1.9281561096436028
2017-01-12,1.9216545257330258
2017-01-13,1.9244883727879964
2017-01-17,1.914595147925649
2017-01-18,1.9243693556584829
2017-01-19,1.9208474949391832
2017-01-20,1.9214353069572958
2017-01-23,1.9230594522077444
2017-01-24,1.9294825602328491
2017-01-25,1.9256430097582309
2017-01-26,1.92878933755769
2017-01-27,1.9315262762591494
2017-01-30,1.9303196083754248
2017-01-31,1.9316100485754617
2017-02-01,1.941249246714858
2017-02-02,1.9487788020940795
2017-02-03,1.9560256881281053
2017-02-06,1.9555729978682468
2017-02-07,1.9543596329858575
2017-02-08,1.95104150172816
2017-02-09,1.943454288054465
2017-02-10,1.935888745433404
2017-02-13,1.9367755281134074
2017-02-14,1.9400517150361147
2017-02-15,1.9367836539819332
2017-02-16,1.9332369670505523
2017-02-17,1.9243590185193156
2017-02-21,1.9271404360814484
2017-02-22,1.928232127777789
2017-02-23,1.9166765696527543
2017-02-24,1.9146676339710311
2017-02-27,1.9267975062613076
2017-02-28,1.9304793787752785
2017-03-01,1.9563757689776997
2017-03-02,1.9418851182797456
2017-03-03,1.9617177203342444
2017-03-06,1.9668926997487512
2017-03-07,1.9742906899494688
2017-03-08,1.9574383424102872
2017-03-09,1.966047855958156
2017-03-10,1.962807664106871
2017-03-13,1.9759561309172884
2017-03-14,1.9673658537296732
2017-03-15,1.9707820047939528
2017-03-16,1.9654672062355594
2017-03-17,1.9657592964875388
2017-03-20,1.9659542198324491
2017-03-21,1.92430632754417
2017-03-22,1.9408557798855026
2017-03-23,1.944838879467533
2017-03-24,1.9542451830303735
2017-03-27,1.9466924248053419
2017-03-28,1.9571135252590965
2017-03-29,1.9660372553435397
2017-03-30,1.9829748434340495
2017-03-31,1.984572295156561
2017-04-03,1.9937078425865475
2017-04-04,1.9943474056756758
2017-04-05,1.9808551082337307
2017-04-06,1.987741717016614
2017-04-07,1.9861382041531277
2017-04-10,1.9669228774897476
2017-04-11,1.966057384767681
2017-04-12,1.9629304564042882
2017-04-13,1.9531986790559979
2017-04-17,1.9586578267935792
2017-04-18,1.9712608788549073
2017-04-19,1.9763183607870012
2017-04-20,1.9852932853638177
2017-04-21,1.9848571677252271
2017-04-24,2.0030195783362625
2017-04-25,2.007736887199454
2017-04-26,2.0030403348165637
2017-04-27,2.0214430727348462
2017-04-28,2.0391687331862562
2017-05-01,2.0517445293520944
2017-05-02,2.0300117363978747
2017-05-03,2.014399398944643
2017-05-04,2.001371905462211
2017-05-05,2.0006492609373026
2017-05-08,2.001811771922699
2017-05-09,2.0040905042579182
2017-05-10,2.019247913028671
2017-05-11,2.031230120108914
2017-05-12,2.0447616043579466
2017-05-15,2.048770112364061
2017-05-16,2.0717010756876153
2017-05-17,2.0379423868995294
2017-05-18,2.0509673787472433
2017-05-19,2.0388570793449703
2017-05-22,2.0499856835240915
2017-05-23,2.078066291577698
2017-05-24,2.083220563652524
2017-05-25,2.107924260659375
2017-05-26,2.1058564716748203
2017-05-30,2.097745771822671
2017-05-31,2.0975489642577183
2017-06-01,2.077304131697719
2017-06-02,2.0828284146900606
2017-06-05,2.079900170111236
2017-06-06,2.093921900601766
2017-06-07,2.0990195164717926
2017-06-08,2.110189615449412
2017-06-09,2.0747725753021404
2017-06-12,2.0569833472990546
2017-06-13,2.069203530677375
2017-06-14,2.0605954854166693
2017-06-15,2.0660372667945963
2017-06-16,2.073456118160023
2017-06-19,2.0965285437255665
2017-06-20,2.101540335767908
2017-06-21,2.1089965779911752
2017-06-22,2.1017967877440764
2017-06-23,2.0919063969897627
2017-06-26,2.079596660331384
2017-06-27,2.065831725672712
2017-06-28,2.076996284314402
2017-06-29,2.06167348817693
2017-06-30,2.058986126289665
2017-07-03,2.042622692411052
2017-07-05,2.0819460171121404
2017-07-06,2.099007848383152
2017-07-07,2.109931543298946
2017-07-10,2.116315973971168
2017-07-11,2.119866571830171
2017-07-12,2.1256543723129675
2017-07-13,2.1134936635041974
2017-07-14,2.109388899306448
2017-07-17,2.102592869248305
2017-07-18,2.1097735444995926
2017-07-19,2.120064831492725
2017-07-20,2.105349322521171
2017-07-21,2.1031174083793247
2017-07-24,2.118852633414805
2017-07-25,2.089315593509072
2017-07-26,2.0909997528335245
2017-07-27,2.064915648948748
2017-07-28,2.057944479555933
2017-07-31,2.048446165073572
2017-08-01,2.0427545131403457
2017-08-02,2.049493978286984
2017-08-03,2.069239067335528
2017-08-04,2.082725030259668
2017-08-07,2.0966462637441166
2017-08-08,2.095959496547305
2017-08-09,2.0952813981411285
2017-08-10,2.086209479385757
2017-08-11,2.094259691964881
2017-08-14,2.111742695032775
2017-08-15,2.128409170991876
2017-08-16,2.122120665362599
2017-08-17,2.102574849097547
2017-08-18,2.11086981418837
2017-08-21,2.1023218571550064
2017-08-22,2.114879425686011
2017-08-23,2.118340929785695
2017-08-24,2.120948317761708
2017-08-25,2.1084106379849734
2017-08-28,2.1132971223834653
2017-08-29,2.108984600910249
2017-08-30,2.1226927810734186
2017-08-31,2.1255518593579104
2017-09-01,2.112584693425956
2017-09-05,2.101619068774814
2017-09-06,2.087268334930882
2017-09-07,2.0971247745019865
2017-09-08,2.093174265361968
2017-09-11,2.1066880831132795
2017-09-12,2.098000264655898
2017-09-13,2.092990862953082
2017-09-14,2.0948721596621653
2017-09-15,2.097130438767059
2017-09-18,2.1100435527679338
2017-09-19,2.1258781998728935
2017-09-20,2.1254942132934818
2017-09-21,2.125734112163475
2017-09-22,2.113480255182605
2017-09-25,2.0782350846113533
2017-09-26,2.0779141916015784
2017-09-27,2.0954942410671724
2017-09-28,2.1220769983790277
2017-09-29,2.1249449950757966
2017-10-02,2.1068256367633995
2017-10-03,2.1156087996748445
2017-10-04,2.1170054010491968
2017-10-05,2.1245904801035658
2017-10-06,2.15254886725012
2017-10-09,2.1690569221245184
2017-10-10,2.1665440776435196
2017-10-11,2.177813485459077
2017-10-12,2.1851948244285464
2017-10-13,2.1780932482165
2017-10-16,2.1800408706473693
2017-10-17,2.1651428971727276
2017-10-18,2.16023353036895
2017-10-19,2.1635533151827167
2017-10-20,2.177919211580171
2017-10-23,2.168327927717596
2017-10-24,2.1869253870823058
2017-10-25,2.1787549986800467
2017-10-26,2.1968098717730857
2017-10-27,2.2487948870562526
2017-10-30,2.2452268190069335
2017-10-31,2.2697675063270437
2017-11-01,2.256585419064351
2017-11-02,2.23223805835177
2017-11-03,2.2584476295697042
2017-11-06,2.2671828508949385
2017-11-07,2.2713788135052133
2017-11-08,2.26910695942187
2017-11-09,2.2443900452777164
2017-11-10,2.255002688981753
2017-11-13,2.262437871998682
2017-11-14,2.261578095883222
2017-11-15,2.2579270247491854
2017-11-16,2.2700200033880336
2017-11-17,2.2533753479208185
2017-11-20,2.2748300388536666
2017-11-21,2.286641253610941
2017-11-22,2.2734217443231044
2017-11-24,2.28106376356212
2017-11-27,2.2712871012635327
2017-11-28,2.252433721309095
2017-11-29,2.1929926063828287
2017-11-30,2.20352821648546
2017-12-01,2.1843907035960552
2017-12-04,2.12840396960626
2017-12-05,2.141320875070391
2017-12-06,2.150988600766087
2017-12-07,2.168083123568723
2017-12-08,2.165966758635947
2017-12-11,2.169771485327388
2017-12-12,2.151172893253057
2017-12-13,2.1587395178733635
2017-12-14,2.1677973545169222
2017-12-15,2.163706261285843
2017-12-18,2.1541330259088607
2017-12-19,2.151590439229377
2017-12-20,2.156713845646661
2017-12-21,2.1491565436612494
2017-12-22,2.1501420858039584
2017-12-26,2.1458816626656265
2017-12-27,2.1515850888866312
2017-12-28,2.1507573964134314
2017-12-29,2.1523787204061184
2018-01-02,2.1346540473827664
2018-01-03,2.148350690803091
2018-01-04,2.1367395209022284
2018-01-05,2.1500994955081203
2018-01-08,2.1727367885869415
2018-01-09,2.1819860894832384
2018-01-10,2.1622433829582826
2018-01-11,2.160149814547824
2018-01-12,2.1561981449742316
2018-01-16,2.147590978375708
2018-01-17,2.1692328887620764
2018-01-18,2.1718311797809875
2018-01-19,2.177946497650788
2018-01-22,2.180504078837505
2018-01-23,2.179989129966257
2018-01-24,2.172878637285246
2018-01-25,2.1797579036795187
2018-01-26,2.1762196992665346
2018-01-29,2.15319295736852
2018-01-30,2.162434041858488
2018-01-31,2.1759957405277457
2018-02-01,2.1777881630692493
2018-02-02,2.1815826953574997
2018-02-05,2.1732534398480436
2018-02-06,2.180467498617102
2018-02-07,2.175477395320526
2018-02-08,2.1502523809516734
2018-02-09,2.158618644274763
2018-02-12,2.17766930458282
2018-02-13,2.1960921118388765
2018-02-14,2.2031689383543926
2018-02-15,2.2097097390012963
2018-02-16,2.1976675878370204
2018-02-20,2.207557633308458
2018-02-21,2.2133422402432172
2018-02-22,2.223788787003222
2018-02-23,2.2246270699826467
2018-02-26,2.23352174567526
2018-02-27,2.245068158680454
2018-02-28,2.229157943807954
2018-03-01,2.2152542250409857
2018-03-02,2.2192960570208533
2018-03-05,2.2124445707956526
2018-03-06,2.2279000846562416
2018-03-07,2.239321928259701
2018-03-08,2.2523532245375444
2018-03-09,2.2732069191738895
2018-03-12,2.261523593423682
2018-03-13,2.2498654029822758
2018-03-14,2.2658380206924216
2018-03-15,2.2630782621243193
2018-03-16,2.2477920109011635
2018-03-19,2.247419086132211
2018-03-20,2.299757564166857
2018-03-21,2.2970362785896876
2018-03-22,2.27414304912986
2018-03-23,2.2602244746896236
2018-03-26,2.298199447422105
2018-03-27,2.248896195097857
2018-03-28,2.207914648988096
2018-03-29,2.239723022547127
2018-04-02,2.242873831236552
2018-04-03,2.2434809678137335
2018-04-04,2.23764013445585
2018-04-05,2.245425606910849
2018-04-06,2.2399729773946473
2018-04-09,2.2570898349142667
2018-04-10,2.269264499153987
2018-04-11,2.2701099666547067
2018-04-12,2.2813063438883865
2018-04-13,2.267314954332748
2018-04-16,2.2653897646602488
2018-04-17,2.29298781968224
2018-04-18,2.3097173194612752
2018-04-19,2.3060669714639666
2018-04-20,2.305612562282425
2018-04-23,2.2932655530807975
2018-04-24,2.260214156451585
2018-04-25,2.248496098323095
2018-04-26,2.2465483801631017
2018-04-27,2.2244736882772913
2018-04-30,2.2379733164098483
2018-05-01,2.22870910084004
2018-05-02,2.246216347232605
2018-05-03,2.2882660845036926
2018-05-04,2.2644475444411594
2018-05-07,2.275724767960493
2018-05-08,2.2939163107834077
2018-05-09,2.3204895547405786
2018-05-10,2.3237737168154786
2018-05-11,2.3374604263322225
2018-05-14,2.3248228475378845
2018-05-15,2.3190551118030744
2018-05-16,2.3112812516417387
2018-05-17,2.3240747383687625
2018-05-18,2.3432754014012573
2018-05-21,2.360016143594043
2018-05-22,2.345016979960344
2018-05-23,2.36410694762025
2018-05-24,2.3906719004621864
2018-05-25,2.3866991286872223
2018-05-29,2.402568353402858
2018-05-30,2.4038093116887773
2018-05-31,2.4086688353062677
2018-06-01,2.417145438737827
2018-06-04,2.4162707455224783
2018-06-05,2.425630314118157
2018-06-06,2.418104672001439
2018-06-07,2.38981141952289
2018-06-08,2.395088954194906
2018-06-11,2.386790503033938
2018-06-12,2.3988412264314527
2018-06-13,2.405401584436421
2018-06-14,2.3955504247215464
2018-06-15,2.387717399888864
2018-06-18,2.4038141050562074
2018-06-19,2.391495343775561
2018-06-20,2.387068821563693
2018-06-21,2.381404544341992
2018-06-22,2.35356889166522
2018-06-25,2.3246320556016418
2018-06-26,2.3382636208809267
2018-06-27,2.321420790284158
2018-06-28,2.3324487373161977
2018-06-29,2.330453085026462
2018-07-02,2.3353949553788063
2018-07-03,2.307475571100853
2018-07-05,2.298592194485623
2018-07-06,2.29931992670986
2018-07-09,2.2975097088516927
2018-07-10,2.305533780110035
2018-07-11,2.3076116164773333
2018-07-12,2.3250798069222136
2018-07-13,2.3248167833803275
2018-07-16,2.329572773483768
2018-07-17,2.3411456647143356
2018-07-18,2.3516162517660697
2018-07-19,2.3401491780032506
2018-07-20,2.35401765259523
2018-07-23,2.3517207367331254
2018-07-24,2.3343034670298075
2018-07-25,2.350319163190577
2018-07-26,2.3304531011023104
2018-07-27,2.29512334453476
2018-07-30,2.247705549322106
2018-07-31,2.253793884979637
2018-08-01,2.292353370277404
2018-08-02,2.3384390278181884
2018-08-03,2.312451801476553
2018-08-06,2.331399673472695
2018-08-07,2.347988730302867
2018-08-08,2.358782347090233
2018-08-09,2.3569757483610116
2018-08-10,2.379690477492355
2018-08-13,2.372074085407994
2018-08-14,2.3824276008166865
2018-08-15,2.345062319559383
2018-08-16,2.339251048069429
2018-08-17,2.332051311330527
2018-08-20,2.3463670873542584
2018-08-21,2.3428416904452245
2018-08-22,2.37583351886509
2018-08-23,2.3900741045778915
2018-08-24,2.4085923163358847
2018-08-27,2.4013690521837505
2018-08-28,2.398792712089862
2018-08-29,2.406325310704869
2018-08-30,2.4214986535473595
2018-08-31,2.4394205032793104
2018-09-04,2.462778371943417
2018-09-05,2.4227548737007525
2018-09-06,2.433317301927363
2018-09-07,2.4343215090036425
2018-09-10,2.444860892989457
2018-09-11,2.4684380447860317
2018-09-12,2.4630432021360393
2018-09-13,2.459311968324562
2018-09-14,2.449378135687238
2018-09-17,2.4152802694498763
2018-09-18,2.426406502359222
2018-09-19,2.3845632499102836
2018-09-20,2.3783931479718614
2018-09-21,2.37257178126433
2018-09-24,2.4113208841357503
2018-09-25,2.4546717692581574
2018-09-26,2.465933952866559
2018-09-27,2.466941077217468
2018-09-28,2.4732739830469206
2018-10-01,2.4601232558881168
2018-10-02,2.4322603127080864
2018-10-03,2.438456697113282
2018-10-04,2.4180520825531837
2018-10-05,2.4180594841696164
2018-10-08,2.3754012179263295
2018-10-09,2.389279276191033
2018-10-10,2.342117788248002
2018-10-11,2.3618248600866116
2018-10-12,2.402639816662356
2018-10-15,2.3760271015786345
2018-10-16,2.4005286471593927
2018-10-17,2.392711287153377
2018-10-18,2.3925704492643693
2018-10-19,2.370172533212389
2018-10-22,2.4077425982651075
2018-10-23,2.3935488551161015
2018-10-24,2.3823796453017985
2018-10-25,2.383572916200325
2018-10-26,2.3867867970080754
2018-10-29,2.370021319988581
2018-10-30,2.3647380023439943
2018-10-31,2.397858290816007
2018-11-01,2.3640967307819833
2018-11-02,2.3591801899622435
2018-11-05,2.348727457886465
2018-11-06,2.344555251129909
2018-11-07,2.3806198273913957
2018-11-08,2.372082233137535
2018-11-09,2.377098913441487
2018-11-12,2.3764519483617836
2018-11-13,2.364237127573787
2018-11-14,2.3517828490203176
2018-11-15,2.3643014031159706
2018-11-16,2.350970715978431
2018-11-19,2.298236093300477
2018-11-20,2.2762252568550005
2018-11-21,2.289402645675625
2018-11-23,2.284977522204216
2018-11-26,2.2924493277673474
2018-11-27,2.285234650173491
2018-11-28,2.318184130554553
2018-11-29,2.328867441362046
2018-11-30,2.330115575873339
2018-12-03,2.3290344228033906
2018-12-04,2.3504222612500225
2018-12-06,2.3624488963241106
2018-12-07,2.35006534480173
2018-12-10,2.369536533709852
2018-12-11,2.378858101070279
2018-12-12,2.380679171754714
2018-12-13,2.3766446668326093
2018-12-14,2.374601175530639
2018-12-17,2.3505964017920418
2018-12-18,2.3546338509266427
2018-12-19,2.3533106034835765
2018-12-20,2.3391421661789145
2018-12-21,2.342097994017394
2018-12-24,2.337927127012458
2018-12-26,2.3588101126445133
2018-12-27,2.3618158197061945
2018-12-28,2.3646193473990755
2018-12-31,2.3745541103782504
2019-01-02,2.3177158680996066
2019-01-03,2.306760084095528
2019-01-04,2.2972240617216855
2019-01-07,2.302869261510697
2019-01-08,2.3169085619117316
2019-01-09,2.3120013250616345
2019-01-10,2.308210935981657
2019-01-11,2.298202397889357
2019-01-14,2.3177519130269766
2019-01-15,2.3509968882826735
2019-01-16,2.3462218183375687
2019-01-17,2.3522683408899083
2019-01-18,2.34604098171583
2019-01-22,2.362338316018105
2019-01-23,2.365606840987795
2019-01-24,2.312821322999463
2019-01-25,2.303238040326397
2019-01-28,2.292316182598498
2019-01-29,2.283828965422893
2019-01-30,2.2940732999366
2019-01-31,2.3012438809499995
2019-02-01,2.3108125592770463
2019-02-04,2.312752254319748
2019-02-05,2.311964309639687
2019-02-06,2.319810113663055
2019-02-07,2.3377896790723214
2019-02-08,2.3551126301122935
2019-02-11,2.349987065706608
2019-02-12,2.3204769894739448
2019-02-13,2.3167321674736723
2019-02-14,2.3279684547050934
2019-02-15,2.30092485320563
2019-02-19,2.2869357672116957
2019-02-20,2.2654961986205198
2019-02-21,2.276701802617905
2019-02-22,2.3049894538319555
2019-02-25,2.299060294243221
2019-02-26,2.307394665973694
2019-02-27,2.321295420835147
2019-02-28,2.326210277928961
2019-03-01,2.314548221079896
2019-03-04,2.294533752544459
2019-03-05,2.3152607555043274
2019-03-06,2.326848809519124
2019-03-07,2.3432342373708055
2019-03-08,2.343436365042583
2019-03-11,2.3315450679696634
2019-03-12,2.336908988017114
2019-03-13,2.33150176978681
2019-03-14,2.3400372318392932
2019-03-15,2.340082346378906
2019-03-18,2.325135597892504
2019-03-19,2.3331887279320522
2019-03-20,2.3485427587339256
2019-03-21,2.3546534085673696
2019-03-22,2.3788706919954614
2019-03-25,2.399640370211128
2019-03-26,2.3887667617521453
2019-03-27,2.383729743267417
2019-03-28,2.3939124521825055
2019-03-29,2.3860858605749464
2019-04-01,2.3498178760575876
2019-04-02,2.3497471391693976
2019-04-03,2.3334538736633195
2019-04-04,2.2926878658941447
2019-04-05,2.2842031605592195
2019-04-08,2.2784689473887645
2019-04-09,2.3113219938237246
2019-04-10,2.311263126537975
2019-04-11,2.303800651773847
2019-04-12,2.2738414849959034
2019-04-15,2.282433746141752
2019-04-16,2.2547562093030153
2019-04-17,2.2479749773893523
2019-04-18,2.25372134674877
2019-04-22,2.2666538354007613
2019-04-23,2.2671065668800368
2019-04-24,2.2689989085982103
2019-04-25,2.2913351519911833
2019-04-26,2.2936241625347793
2019-04-29,2.275937586009707
2019-04-30,2.291745479870954
2019-05-01,2.2656136494781975
2019-05-02,2.274244916096349
2019-05-03,2.264596552799409
2019-05-06,2.2761801018921046
2019-05-07,2.2923713714900904
2019-05-08,2.3065892513235755
2019-05-09,2.3068297821689847
2019-05-10,2.328061912534972
2019-05-13,2.362271598559446
2019-05-14,2.363263944149895
2019-05-15,2.375573449257451
2019-05-16,2.3919747286825808
2019-05-17,2.4051937064468563
2019-05-20,2.3986405431055524
2019-05-21,2.3929170169065688
2019-05-22,2.4186638251948653
2019-05-23,2.429164584991814
2019-05-24,2.4403243597489364
2019-05-28,2.4729158096480996
2019-05-29,2.4633365483554743
2019-05-30,2.508808930434041
2019-05-31,2.5426455949978592
2019-06-03,2.507894846661512
2019-06-04,2.470300549502061
2019-06-05,2.5080949184504666
2019-06-06,2.5189931342302883
2019-06-07,2.5309658690384023
2019-06-10,2.510813581471621
2019-06-11,2.4937264285006773
2019-06-12,2.532264714144612
2019-06-13,2.497984164632011
2019-06-14,2.5156668784664538
2019-06-17,2.512228832101557
2019-06-18,2.4825957844483866
2019-06-19,2.4979936744942584
2019-06-20,2.483759887170196
2019-06-21,2.4689647354784263
2019-06-24,2.4806336519547516
2019-06-25,2.4752736322603184
2019-06-26,2.433798004849389
2019-06-27,2.4243928309856706
2019-06-28,2.4138324059565903
2019-07-01,2.4089189001805686
2019-07-02,2.4412088279609696
2019-07-03,2.451236190111114
2019-07-05,2.4488300851028257
2019-07-08,2.4716589850225383
2019-07-09,2.476772397130006
2019-07-10,2.484534492057525
2019-07-11,2.4775241917430866
2019-07-12,2.4617586815239876
2019-07-15,2.47134942836066
2019-07-16,2.4661700738822536
2019-07-17,2.4833066172195633
2019-07-18,2.488444217818225
2019-07-19,2.4528959888726547
2019-07-22,2.448612984903743
2019-07-23,2.4154604185092583
2019-07-24,2.3940549690893063
2019-07-25,2.4129688088547243
2019-07-26,2.4239645929334466
2019-07-29,2.4271823075782346
2019-07-30,2.4088682667581893
2019-07-31,2.402290571878097
2019-08-01,2.4248903457525053
2019-08-02,2.4321724796844713
2019-08-05,2.4446552713064698
2019-08-06,2.4739971834874965
2019-08-07,2.4861340020515206
2019-08-08,2.5051428699214506
2019-08-09,2.5440652965803334
2019-08-12,2.552450040252225
2019-08-13,2.5469895893467163
2019-08-14,2.560233759273306
2019-08-15,2.614279169587174
2019-08-16,2.5826712535995187
2019-08-19,2.5691636818824466
2019-08-20,2.5834546796673163
2019-08-21,2.5954305577569623
2019-08-22,2.5989975454897345
2019-08-23,2.617812011135405
2019-08-26,2.6227685743115607
2019-08-27,2.6549669618066765
2019-08-28,2.6389379565662425
2019-08-29,2.6268382529480596
2019-08-30,2.6113315937692847
2019-09-03,2.6230277413466982
2019-09-04,2.6109696677517213
2019-09-05,2.559910203030077
2019-09-06,2.55401626405773
2019-09-09,2.4540162121261306
2019-09-10,2.3608340332469977
2019-09-11,2.339960777725769
2019-09-12,2.361726088481713
2019-09-13,2.336125042716867
2019-09-16,2.324137221121866
2019-09-17,2.371022658629029
2019-09-18,2.388486449117342
2019-09-19,2.3906692567278713
2019-09-20,2.394744702068568
2019-09-23,2.3990241480593997
2019-09-24,2.417526414299469
2019-09-25,2.3976892710626725
2019-09-26,2.4154191840524932
2019-09-27,2.3833167858694155
2019-09-30,2.390872126661117
2019-10-01,2.409559887373972
2019-10-02,2.419581916735446
2019-10-03,2.424525754538218
2019-10-04,2.4393418947285084
2019-10-07,2.4351934720587085
2019-10-08,2.446605618494885
2019-10-09,2.454796274555254
2019-10-10,2.4500591343614606
2019-10-11,2.4182909057448416
2019-10-14,2.414583568673839
2019-10-15,2.399757449774608
2019-10-16,2.3946087615112823
2019-10-17,2.393574519989517
2019-10-18,2.3999265398942526
2019-10-21,2.3879733001254047
2019-10-22,2.3418301304954396
2019-10-23,2.334990604858649
2019-10-24,2.342035719824922
2019-10-25,2.3250922887390306
2019-10-28,2.321362852836639
2019-10-29,2.3255273993589
2019-10-30,2.3308671043664364
2019-10-31,2.3357787255521334
2019-11-01,2.303334360261743
2019-11-04,2.2530996319209953
2019-11-05,2.2400645631533993
2019-11-06,2.2581936218918988
2019-11-07,2.226114911947124
2019-11-08,2.228443214114814
2019-11-11,2.2449963383076117
2019-11-12,2.2539986235668157
2019-11-13,2.277341491588351
2019-11-14,2.2830643066677667
2019-11-15,2.2715213504341154
2019-11-18,2.279791974982771
2019-11-19,2.288889479919363
2019-11-20,2.299574277615127
2019-11-21,2.2875729331287395
2019-11-22,2.2735911309279
2019-11-25,2.266845666499192
2019-11-26,2.2895452968493593
2019-11-27,2.2872423141948204
2019-11-29,2.2848359238906704
2019-12-02,2.2717340549450147
2019-12-03,2.2831339831559565
2019-12-04,2.279140938465077
2019-12-05,2.2866808043982383
2019-12-06,2.2740957993786797
2019-12-09,2.267999052903945
2019-12-10,2.273994759838536
2019-12-11,2.2806616881811363
2019-12-12,2.256048117801512
2019-12-13,2.274600290276351
2019-12-16,2.27507727284653
2019-12-17,2.2754744386454977
2019-12-18,2.2738142841243696
2019-12-19,2.264096852473275
2019-12-20,2.2681976798099277
2019-12-23,2.255139285027219
2019-12-24,2.259886417309077
2019-12-26,2.260735298355758
2019-12-27,2.2636262242633434
2019-12-30,2.2621181714711507
2019-12-31,2.2568108225102588
2020-01-02,2.262851270198028
2020-01-03,2.2690077643702167
2020-01-06,2.2664187577013104
2020-01-07,2.270353381537531
2020-01-08,2.2754907422287913
2020-01-09,2.282725932278016
2020-01-10,2.285955360490461
2020-01-13,2.295223046855309
2020-01-14,2.2681077085602044
2020-01-15,2.2704772798133774
2020-01-16,2.276005497416241
2020-01-17,2.2933654886430777
2020-01-21,2.318037925066561
2020-01-22,2.3390193313336267
2020-01-23,2.347034865953471
2020-01-24,2.3473052349634136
2020-01-27,2.354443425121899
2020-01-28,2.385965541546896
2020-01-29,2.3912453441838917
2020-01-30,2.3867454555740335
2020-01-31,2.3882776887505335
2020-02-03,2.383246788835534
2020-02-04,2.3720697511985205
2020-02-05,2.3142393397266554
2020-02-06,2.2979116834016464
2020-02-07,2.307303902437439
2020-02-10,2.3411150609433924
2020-02-11,2.3401723407114066
2020-02-12,2.347827827427962
2020-02-13,2.390951133181447
2020-02-14,2.415508781463072
2020-02-18,2.406155162540217
2020-02-19,2.410166961234136
2020-02-20,2.3694391115825124
2020-02-21,2.3385584851591514
2020-02-24,2.3549223643713413
2020-02-25,2.3643238266302316
2020-02-26,2.364971038428492
2020-02-27,2.350177556612837
2020-02-28,2.367289546621088
2020-03-02,2.411321841805936
2020-03-03,2.435775166213783
2020-03-04,2.477919677606752
2020-03-05,2.4903615677188684
2020-03-06,2.4676428419526664
2020-03-09,2.4754183243828267
2020-03-10,2.4580073822930046
2020-03-11,2.4918135055713626
2020-03-12,2.528756065482635
2020-03-13,2.444439696499145
2020-03-16,2.4116048188482844
2020-03-17,2.4403297288552523
2020-03-18,2.4211222041506004
2020-03-19,2.4231405438346956
2020-03-20,2.3687286664513594
2020-03-23,2.364150768192578
2020-03-24,2.416264662908093
2020-03-25,2.431118965240971
2020-03-26,2.468238527820272
2020-03-27,2.4815073202244533
2020-03-30,2.4984867539032027
2020-03-31,2.4706064821411937
2020-04-01,2.479280584600394
2020-04-02,2.4883081452021685
2020-04-03,2.473219601339105
2020-04-06,2.4617075685015166
2020-04-07,2.4256353977053116
2020-04-08,2.4180928274287874
2020-04-09,2.4225205277295307
2020-04-13,2.4403178333196167
2020-04-14,2.464406172872855
2020-04-15,2.4947509144418136
2020-04-16,2.521269039126676
2020-04-17,2.504029205290207
2020-04-20,2.5091688948540427
2020-04-21,2.494003113339767
2020-04-22,2.5253492491860183
2020-04-23,2.5093183220826933
2020-04-24,2.505731055531616
2020-04-27,2.4822489733717337
2020-04-28,2.4440513989413963
2020-04-29,2.4220459581493015
2020-04-30,2.4316861398667675
2020-05-01,2.482589474748638
2020-05-04,2.50046755590329
2020-05-05,2.5394816104061784
2020-05-06,2.5567146724097394
2020-05-07,2.532179713097885
2020-05-08,2.490199295072575
2020-05-11,2.5492789519703587
2020-05-12,2.573280123110304
2020-05-13,2.6217662977055123
2020-05-14,2.5900057559655423
2020-05-15,2.605605233871982
2020-05-18,2.497899314597699
2020-05-19,2.506308071381137
2020-05-20,2.482836922425828
2020-05-21,2.4681397440954522
2020-05-22,2.4890299331761017
2020-05-26,2.3989717415016076
2020-05-27,2.369128264297385
2020-05-28,2.4108008791216253
2020-05-29,2.453331778987582
2020-06-01,2.430724061048625
2020-06-02,2.4115501549011737
2020-06-03,2.3640038282736384
2020-06-04,2.328786449657738
2020-06-05,2.278411510048525
2020-06-08,2.229673941614004
2020-06-09,2.2774044170906698
2020-06-10,2.336460856262457
2020-06-11,2.383107268085675
2020-06-12,2.3396403581678236
2020-06-15,2.345423451358612
2020-06-16,2.3335003267293044
2020-06-17,2.3636067900155284
2020-06-18,2.3603200526953714
2020-06-19,2.3907645755335123
2020-06-22,2.3997041896151603
2020-06-23,2.3899835127569378
2020-06-24,2.4176347094374604
2020-06-25,2.4151505885961946
2020-06-26,2.422580219002806
2020-06-29,2.394856850968441
2020-06-30,2.4131344453397845
2020-07-01,2.4262532601486995
2020-07-02,2.4217840450794506
2020-07-06,2.4110609637904394
2020-07-07,2.4447004452900383
2020-07-08,2.4512991183487527
2020-07-09,2.4935140431550873
2020-07-10,2.4514182921683627
2020-07-13,2.4264026525433366
2020-07-14,2.429964259000687
2020-07-15,2.390210433420348
2020-07-16,2.3968360738070382
2020-07-17,2.4135678862448833
2020-07-20,2.4488686539390683
2020-07-21,2.4216063340650793
2020-07-22,2.419586867335184
2020-07-23,2.4013456680201877
2020-07-24,2.4114404969055934
2020-07-27,2.425978432520889
2020-07-28,2.4211964935065673
2020-07-29,2.418522713824172
2020-07-30,2.4324912092500615
2020-07-31,2.4462974920873513
2020-08-03,2.460091930355245
2020-08-04,2.4560775501882532
2020-08-05,2.4489146440105936
2020-08-06,2.4411656122269636
2020-08-07,2.4211187746256067
2020-08-10,2.3685572478386234
2020-08-11,2.345357103265154
2020-08-12,2.376335749253082
2020-08-13,2.3960826932119836
2020-08-14,2.38846596516898
2020-08-17,2.422779081553154
2020-08-18,2.4300476383288454
2020-08-19,2.4266435410438296
2020-08-20,2.441566793061866
2020-08-21,2.447851856235317
2020-08-24,2.403254215516381
2020-08-25,2.4141333506706943
2020-08-26,2.4356104080142464
2020-08-27,2.407815145904343
2020-08-28,2.389614161067156
2020-08-31,2.4175742607129322
2020-09-01,2.431825570832728
2020-09-02,2.4229540267100016
2020-09-03,2.371079356002074
2020-09-04,2.33083760999208
2020-09-08,2.317190985692597
2020-09-09,2.352587444665498
2020-09-10,2.34732879714414
2020-09-11,2.334138714688289
2020-09-14,2.3209603472961158
2020-09-15,2.348047325762001
2020-09-16,2.30206542059049
2020-09-17,2.2907057967125235
2020-09-18,2.3092077968210263
2020-09-21,2.3746909761432655
2020-09-22,2.3926999699165155
2020-09-23,2.3899040059935737
2020-09-24,2.401908457717987
2020-09-25,2.4022209180549736
2020-09-28,2.397534438675421
2020-09-29,2.411051872451317
2020-09-30,2.40789345439347
2020-10-01,2.423027444825901
2020-10-02,2.384217706692262
2020-10-05,2.3916785175745523
2020-10-06,2.382283072213245
2020-10-07,2.3772182660231613
2020-10-08,2.348007762481213
2020-10-09,2.3686552160777734
2020-10-12,2.384879029023109
2020-10-13,2.422813482739321
2020-10-14,2.4098890440880316
2020-10-15,2.403507558527369
2020-10-16,2.4048665140987384
2020-10-19,2.397375058427679
2020-10-20,2.3877670278512215
2020-10-21,2.37032200863995
2020-10-22,2.3258752798728133
2020-10-23,2.332509666743815
2020-10-26,2.3655180374223264
2020-10-27,2.394127221923329
2020-10-28,2.403398696837714
2020-10-29,2.391364932576679
2020-10-30,2.3518101694103435
2020-11-02,2.3312831859863405
2020-11-03,2.3160306368766728
2020-11-04,2.39193284410052
2020-11-05,2.3819281503316105
2020-11-06,2.4189788033265036
2020-11-09,2.152010402175406
2020-11-10,2.1213496498918993
2020-11-11,2.1797830572327146
2020-11-12,2.2107996645131576
2020-11-13,2.164559480678772
2020-11-16,2.1213780581516573
2020-11-17,2.1282385106626664
2020-11-18,2.1400848601758864
2020-11-19,2.1399765438996234
2020-11-20,2.1571718929943065
2020-11-23,2.1249111106249132
2020-11-24,2.059696198379746
2020-11-25,2.0856077610300696
2020-11-27,2.106770021895665
2020-11-30,2.142931001992096
2020-12-01,2.133897505434407
2020-12-02,2.1155223935152154
2020-12-03,2.103249552473618
2020-12-04,2.091568022174683
2020-12-07,2.102097835171539
2020-12-08,2.1016488192839007
2020-12-09,2.0882064362550055
2020-12-10,2.088455605866041
2020-12-11,2.0963379384162923
2020-12-14,2.107253170381531
2020-12-15,2.103000807131924
2020-12-16,2.1066721582529992
2020-12-17,2.116434975268153
2020-12-18,2.124879719016904
2020-12-21,2.1318196366811
2020-12-22,2.144505536654318
2020-12-23,2.1288286037516304
2020-12-24,2.1314274937797264
2020-12-28,2.1211193354183666
2020-12-29,2.119875283379685
2020-12-30,2.1165446067961384
2020-12-31,2.1133861747422653
2021-01-04,2.1199172529516583
2021-01-05,2.1166093792133545
2021-01-06,2.096621479230601
2021-01-07,2.111766737257681
2021-01-08,2.1222904673852336
2021-01-11,2.1148812139906212
2021-01-12,2.1067631633964234
2021-01-13,2.107673544474818
2021-01-14,2.093111763722708
2021-01-15,2.1001708950951365
2021-01-19,2.1026816278396763
2021-01-20,2.1153639020800292
2021-01-21,2.119359301958794
2021-01-22,2.121941314538157
2021-01-25,2.12501242176862
2021-01-26,2.119355111103168
2021-01-27,2.109455214531925
2021-01-28,2.114681652147494
2021-01-29,2.12040887111571
2021-02-01,2.1264066747293406
2021-02-02,2.1315850589372975
2021-02-03,2.1190207572764144
2021-02-04,2.1162066462088935
2021-02-05,2.1219093740553836
2021-02-08,2.1205195046269307
2021-02-09,2.1210484421228504
2021-02-10,2.1175362055030837
2021-02-11,2.1241705211023065
2021-02-12,2.1286914372349908
2021-02-16,2.1171419328901964
2021-02-17,2.110490599596699
2021-02-18,2.104167531370322
2021-02-19,2.099419583146068
2021-02-22,2.0720280386084498
2021-02-23,2.0594215810976393
2021-02-24,2.046844150585516
2021-02-25,2.0467119133364124
2021-02-26,2.062039746806157
2021-03-01,2.0874593369002854
2021-03-02,2.0458281624953005
2021-03-03,1.958425439990634
2021-03-04,1.9213113922150264
2021-03-05,1.9027036177654488
2021-03-08,1.8367203103185572
2021-03-09,1.9272792904611307
2021-03-10,1.9227392586077485
2021-03-11,1.9786269968987846
2021-03-12,1.9488325457477098
2021-03-15,1.9394524671959135
2021-03-16,1.946574743694673
2021-03-17,1.931917804648382
2021-03-18,1.9092151151281305
2021-03-19,1.9490692027342236
2021-03-22,1.9770341789918207
2021-03-23,1.9840567693014837
2021-03-24,1.9381330204124922
2021-03-25,1.9212927183556914
2021-03-26,1.9429618022454276
2021-03-29,1.918109169957337
2021-03-30,1.934664786057114
2021-03-31,1.9727321546557974
2021-04-01,1.9764490458351558
2021-04-05,1.9720491205915336
2021-04-06,1.9790334494415944
2021-04-07,1.9748285613073688
2021-04-08,1.9847874132086187
2021-04-09,1.991086824677303
2021-04-12,1.9917202477461762
2021-04-13,1.991936406376276
2021-04-14,1.998911413724936
2021-04-15,1.9950787167917992
2021-04-16,1.994806015753373
2021-04-19,1.9867016001358244
2021-04-20,1.9603272831904313
2021-04-21,1.9742797109462802
2021-04-22,1.9732430813341824
2021-04-23,1.9901413486803692
2021-04-26,2.0076946754295126
2021-04-27,2.0103333838326023
2021-04-28,2.0146142193830734
2021-04-29,2.006300692099946
2021-04-30,1.994495663801198
2021-05-03,1.9882799238661268
2021-05-04,1.9861952277221306
2021-05-05,1.9929276687768702
2021-05-06,1.9878940932434694
2021-05-07,2.0116808548620115
2021-05-10,1.987934030771633
2021-05-11,1.98528297741362
2021-05-12,1.9623601023548995
2021-05-13,1.9618902264631162
2021-05-14,1.9789403514923305
2021-05-17,1.976394586599626
2021-05-18,1.9720160054653606
2021-05-19,1.9684025148412654
2021-05-20,1.97142706224086
2021-05-21,1.9738714104230055
2021-05-24,1.9847818940586004
2021-05-25,1.9852552675091846
2021-05-26,1.9951850070268533
2021-05-27,2.002389574747563
2021-05-28,2.000888459140456
2021-06-01,2.010907072694006
2021-06-02,1.9919772674287213
2021-06-03,1.9853294055224933
2021-06-04,1.978311208766163
2021-06-07,1.9696790842517975
2021-06-08,1.9755627909574534
2021-06-09,1.9640443492893853
2021-06-10,1.9512293012114708
2021-06-11,1.9618137489151346
2021-06-14,1.9510551397993718
2021-06-15,1.9565426056521151
2021-06-16,1.9601929288215953
2021-06-17,1.9423423644812836
2021-06-18,1.9368117155949847
2021-06-21,1.9521606533301439
2021-06-22,1.9566382026525038
2021-06-23,1.970087544166862
2021-06-24,1.980056028310609
2021-06-25,1.9744051369720952
2021-06-28,1.972182571438328
2021-06-29,1.9740860560219808
2021-06-30,1.9748154665104733
2021-07-01,1.9751081181263932
2021-07-02,1.9519607678539466
2021-07-06,1.914151705574358
2021-07-07,1.893742504063406
2021-07-08,1.8833643549049046
2021-07-09,1.9322347153139434
2021-07-12,1.9639830509417457
2021-07-13,1.9351192817877785
2021-07-14,1.9102512751444718
2021-07-15,1.8898332691411293
2021-07-16,1.8416231371783522
2021-07-19,1.8212041845650688
2021-07-20,1.8762251657051328
2021-07-21,1.9238885388469056
2021-07-22,1.889246560592104
2021-07-23,1.8876806580060985
2021-07-26,1.9122849007709364
2021-07-27,1.8922693172758078
2021-07-28,1.908402830165379
2021-07-29,1.9322994716178516
2021-07-30,1.9271111433688606
2021-08-02,1.923430041799215
2021-08-03,1.943615199640402
2021-08-04,1.9478961274429465
2021-08-05,1.9615486371246136
2021-08-06,1.9680926055189734
2021-08-09,1.9741181045744145
2021-08-10,1.986288372337417
2021-08-11,1.9852895132805868
2021-08-12,1.991942112099613
2021-08-13,1.9776855539353873
2021-08-16,1.9662551262554104
2021-08-17,1.9398878061539282
2021-08-18,1.9476857557845797
2021-08-19,1.9291178583715285
2021-08-20,1.936308565281648
2021-08-23,1.9521591049343583
2021-08-24,1.963011788204104
2021-08-25,1.9789110786960562
2021-08-26,1.9756472149395647
2021-08-27,1.9892189269867693
2021-08-30,1.977448327717905
2021-08-31,1.9685501793692115
2021-09-01,1.9555568249782347
2021-09-02,1.9556694325960036
2021-09-03,1.9530657408018428
2021-09-07,1.9514671331838789
2021-09-08,1.939709635632542
2021-09-09,1.9512612274157448
2021-09-10,1.9535140637012365
2021-09-13,1.9536694859011858
2021-09-14,1.9538933764233388
2021-09-15,1.9676507211450613
2021-09-16,1.9715989987319131
2021-09-17,1.9656468745231044
2021-09-20,1.9485493953127673
2021-09-21,1.950495587355049
2021-09-22,1.9665181472705056
2021-09-23,1.983160867451849
2021-09-24,1.9781653648718698
2021-09-27,1.978674951391447
2021-09-28,1.9643435197488064
2021-09-29,1.9525327615325392
2021-09-30,1.9413573136103117
2021-10-01,1.9427110710143973
2021-10-04,1.9323568455199416
2021-10-05,1.9459715663532071
2021-10-06,1.9311570259534927
2021-10-07,1.9363338290606873
2021-10-08,1.9271006214953474
2021-10-11,1.9324686522889831
2021-10-12,1.9374816100892183
2021-10-13,1.9366222604004395
2021-10-14,1.942045739823111
2021-10-15,1.9422869355896408
2021-10-18,1.9579711122895425
2021-10-19,1.948437106183511
2021-10-20,1.9489626916951392
2021-10-21,1.947777354548057
2021-10-22,1.9530487769707945
2021-10-25,1.9570703935276876
2021-10-26,1.9577396359322858
2021-10-27,1.9680001058201746
2021-10-28,1.9871232903422122
2021-10-29,1.9875774377643314
2021-11-01,1.98945455701448
2021-11-02,2.008678991803076
2021-11-03,1.9968442931128556
2021-11-04,1.9729471424107685
2021-11-05,2.0004988840092732
2021-11-08,1.987445114022942
2021-11-09,1.9725952579063593
2021-11-10,1.9457242612121004
2021-11-11,1.965316022217308
2021-11-12,1.9532672511679163
2021-11-15,1.9507105025819376
2021-11-16,1.9434233880532135
2021-11-17,1.9365044851348978
2021-11-18,1.9503283029112166
2021-11-19,1.930831884272457
2021-11-22,1.9400541636236375
2021-11-23,1.9478373429036175
2021-11-24,1.9527547650109693
2021-11-26,1.9012669027227886
2021-11-29,1.9120592906508238
2021-11-30,1.9016913863859617
2021-12-01,1.896567748693019
2021-12-02,1.8926968727581865
2021-12-03,1.8647801335921712
2021-12-06,1.8335680911222065
2021-12-07,1.86998041700463
2021-12-08,1.8594257082265897
2021-12-09,1.8523029937100364
2021-12-10,1.8615707839913234
2021-12-13,1.845683897833585
2021-12-14,1.837050873763986
2021-12-15,1.856845990243681
2021-12-16,1.8367525909484175
2021-12-17,1.824838229191699
2021-12-20,1.8139941813995604
2021-12-21,1.8236605411466413
2021-12-22,1.840496585088275
2021-12-23,1.8429571797013649
2021-12-27,1.8604679280407197
2021-12-28,1.8430531060465278
2021-12-29,1.8447325584917376
2021-12-30,1.838104860925135
2021-12-31,1.8433742353460847
2022-01-03,1.8030721772449538
2022-01-04,1.8059109784921188
2022-01-05,1.7840426177537747
2022-01-06,1.7904860035650205
2022-01-07,1.7626662613572341
2022-01-10,1.7752800204176882
2022-01-11,1.7662515702789927
2022-01-12,1.7786481353996746
2022-01-13,1.754263383653158
2022-01-14,1.7360392511159972
2022-01-18,1.7296330494118997
2022-01-19,1.7126075388305737
2022-01-20,1.701793504644574
2022-01-21,1.6953461318214536
2022-01-24,1.7102703906025611
2022-01-25,1.7000405691606835
2022-01-26,1.709118209325807
2022-01-27,1.7131022901926405
2022-01-28,1.708981708476586
2022-01-31,1.7127742409404838
2022-02-01,1.7145328769039498
2022-02-02,1.7465058927352575
2022-02-03,1.7465678762427603
2022-02-04,1.7431647817940987
2022-02-07,1.7366755293608036
2022-02-08,1.7414838892782907
2022-02-09,1.7379586469640693
2022-02-10,1.7333376934014963
2022-02-11,1.7252339787881674
2022-02-14,1.7178840331107041
2022-02-15,1.7219091323643818
2022-02-16,1.729426270515573
2022-02-17,1.7197346844158294
2022-02-18,1.725036735285804
2022-02-22,1.7225997803093407
2022-02-23,1.7208680163253913
2022-02-24,1.7248380249955644
2022-02-25,1.7356073503637282
2022-02-28,1.738142418853302
2022-03-01,1.7532174799707103
2022-03-02,1.7629920855650782
2022-03-03,1.7923016867979054
2022-03-04,1.8256364043791524
2022-03-07,1.854977423386878
2022-03-08,1.8306495381413972
2022-03-09,1.8183479848280868
2022-03-10,1.8315553854253728
2022-03-11,1.8495564441807082
2022-03-14,1.8743903150415597
2022-03-15,1.8652608445364636
2022-03-16,1.8212693791757124
2022-03-17,1.814710451636911
2022-03-18,1.797910762957696
2022-03-21,1.815592340211294
2022-03-22,1.7965502551552859
2022-03-23,1.8055231198106232
2022-03-24,1.7958833347937537
2022-03-25,1.8015498908207677
2022-03-28,1.7948435341650963
2022-03-29,1.7712006549587704
2022-03-30,1.771081725850179
2022-03-31,1.762089561866363
2022-04-01,1.7524142005675734
2022-04-04,1.7409000297210038
2022-04-05,1.7521146303013742
2022-04-06,1.7720990217914452
2022-04-07,1.7908353267068444
2022-04-08,1.7934039169347082
2022-04-11,1.7836676612002735
2022-04-12,1.7904234944791366
2022-04-13,1.7815617941992339
2022-04-14,1.784601219518329
2022-04-18,1.7937658643451913
2022-04-19,1.7722116804919812
2022-04-20,1.7978650834261245
2022-04-21,1.7865786115078595
2022-04-22,1.7741724694360677
2022-04-25,1.7705312249843106
2022-04-26,1.7902477025807546
2022-04-27,1.7939083289251487
2022-04-28,1.767224696242519
2022-04-29,1.7563881465574012
2022-05-02,1.7400769543257004
2022-05-03,1.736467203786746
2022-05-04,1.7263921101713333
2022-05-05,1.7385892014324429
2022-05-06,1.7522013518283521
2022-05-09,1.7420591584068115
2022-05-10,1.7678938733158285
2022-05-11,1.7884667520319004
2022-05-12,1.779778674284246
2022-05-13,1.7615310151588397
2022-05-16,1.7759120652214295
2022-05-17,1.7482518052798208
2022-05-18,1.737660859088516
2022-05-19,1.7254108920722926
2022-05-20,1.7204343037229004
2022-05-23,1.7342129171995664
2022-05-24,1.7542134473060969
2022-05-25,1.7491614052944493
2022-05-26,1.7423340648984835
2022-05-27,1.7376860167923487
2022-05-31,1.7315266569096806
2022-06-01,1.7385333286688982
2022-06-02,1.7169996061395807
2022-06-03,1.7310601088751432
2022-06-06,1.723330046814863
2022-06-07,1.7277399707936103
2022-06-08,1.7175816215417445
2022-06-09,1.7316480162535213
2022-06-10,1.7523016764782646
2022-06-13,1.778567736370622
2022-06-14,1.7840379360371756
2022-06-15,1.7681202263579594
2022-06-16,1.7871837001222128
2022-06-17,1.7659858496594623
2022-06-21,1.77833895249229
2022-06-22,1.7701052964450257
2022-06-23,1.7506761607111256
2022-06-24,1.731598291887613
2022-06-27,1.7478827269827284
2022-06-28,1.7503588531092749
2022-06-29,1.76678894158387
2022-06-30,1.7895755893177823
2022-07-01,1.7661233206442601
2022-07-05,1.720022338966108
2022-07-06,1.7343657739717524
2022-07-07,1.7199571468287316
2022-07-08,1.7318097382056346
2022-07-11,1.7551080362149756
2022-07-12,1.7474266645742282
2022-07-13,1.7512936536687258
2022-07-14,1.751353020781697
2022-07-15,1.740862832277474
2022-07-18,1.7349333554369757
2022-07-19,1.7158588534750159
2022-07-20,1.6864903680783625
2022-07-21,1.6708380868025468
2022-07-22,1.6846345425690088
2022-07-25,1.709764399776053
2022-07-26,1.7217253769999747
2022-07-27,1.6936666383878263
2022-07-28,1.681787366733201
2022-07-29,1.6869076870202016
2022-08-01,1.6748862256596169
2022-08-02,1.6728551687084923
2022-08-03,1.6518932673542366
2022-08-04,1.6409649401880695
2022-08-05,1.6502370175349974
2022-08-08,1.6491709001782378
2022-08-09,1.6774998553889338
2022-08-10,1.644492271670433
2022-08-11,1.6522194135122308
2022-08-12,1.6479873881888096
2022-08-15,1.6511266101985373
2022-08-16,1.6559967294735527
2022-08-17,1.6792486509950524
2022-08-18,1.6844720646957987
2022-08-19,1.713247000985392
2022-08-22,1.7323094783039168
2022-08-23,1.7362510939843085
2022-08-24,1.73118501555332
2022-08-25,1.7174927776795748
2022-08-26,1.7395334065460506
2022-08-29,1.7430458437407568
2022-08-30,1.735815673837006
2022-08-31,1.7327691276906154
2022-09-01,1.7320885598908133
2022-09-02,1.7359952357994775
2022-09-06,1.736985632692586
2022-09-07,1.7239535277514209
2022-09-08,1.7158898749962743
2022-09-09,1.7010392530970282
2022-09-12,1.6883268919048804
2022-09-13,1.7104779390727147
2022-09-14,1.7098717606943081
2022-09-15,1.7124390733382748
2022-09-16,1.7276342106153355
2022-09-19,1.733329000529211
2022-09-20,1.7482723233743955
2022-09-21,1.752722839497149
2022-09-22,1.7656746845395954
2022-09-23,1.7605315434952962
2022-09-26,1.769009358809897
2022-09-27,1.7726485516312063
2022-09-28,1.747136184044311
2022-09-29,1.7588966531436014
2022-09-30,1.7743645174338143
2022-10-03,1.7735362208625038
2022-10-04,1.745039037689176
2022-10-05,1.746726267517665
2022-10-06,1.7410858360192545
2022-10-07,1.7667377376575248
2022-10-10,1.784138269907846
2022-10-11,1.7991821593254926
2022-10-12,1.7750348081275331
2022-10-13,1.7812580653910333
2022-10-14,1.7845587787569692
2022-10-17,1.7643278681929342
2022-10-18,1.7658813943100984
2022-10-19,1.7816914945763567
2022-10-20,1.7844514471432644
2022-10-21,1.7794959072408691
2022-10-24,1.783114592522532
2022-10-25,1.745795917254534
2022-10-26,1.7478328798998757
2022-10-27,1.7767906858654676
2022-10-28,1.7798022735740475
2022-10-31,1.7917837350082235
2022-11-01,1.7900534617283035
2022-11-02,1.8085529797040019
2022-11-03,1.8051423391151205
2022-11-04,1.7823547191509077
2022-11-07,1.7750485238208995
2022-11-08,1.7807640630976813
2022-11-09,1.8000285407202359
2022-11-10,1.701190173945368
2022-11-11,1.6281373975867204
2022-11-14,1.6555962615581152
2022-11-15,1.6337810290319186
2022-11-16,1.6738475232677128
2022-11-17,1.697288920204825
2022-11-18,1.7118641399134336
2022-11-21,1.7336400729074757
2022-11-22,1.7310880323688411
2022-11-23,1.7149916415078539
2022-11-25,1.7263684722771366
2022-11-28,1.7385326963223995
2022-11-29,1.7388259185302006
2022-11-30,1.7148118216862729
2022-12-01,1.7040668265318968
2022-12-02,1.7125258048642324
2022-12-05,1.7264919036468063
2022-12-06,1.73650221657516
2022-12-07,1.740675647598775
2022-12-08,1.7310015930799318
2022-12-09,1.725183266734257
2022-12-12,1.7235610777717687
2022-12-13,1.695749926236462
2022-12-14,1.6997867135627616
2022-12-15,1.7129436892829946
2022-12-16,1.726010655220918
2022-12-19,1.7365240010601062
2022-12-20,1.7387272303335426
2022-12-21,1.7276537923852735
2022-12-22,1.7329185593032
2022-12-23,1.7325135250453554
2022-12-27,1.742458728759808
2022-12-28,1.7409374915158449
2022-12-29,1.7160358975634853
2022-12-30,1.7183628632044705
2023-01-03,1.7031350116746902
2023-01-04,1.6824967740351402
2023-01-05,1.697965957839658
2023-01-06,1.6947110210585419
2023-01-09,1.6765960241792517
2023-01-10,1.6691449598589407
2023-01-11,1.6533451030054214
2023-01-12,1.65017704456511
2023-01-13,1.6466015490925336
2023-01-17,1.6386450497966825
2023-01-18,1.636318076072164
2023-01-19,1.6416007130499861
2023-01-20,1.6203282760476905
2023-01-23,1.603371653982974
2023-01-24,1.61572727249487
2023-01-25,1.6187966845382165
2023-01-26,1.6190409429316037
2023-01-27,1.6001473040960255
2023-01-30,1.614032180383988
2023-01-31,1.5982243647200793
2023-02-01,1.5815176903684862
2023-02-02,1.5369399586528774
2023-02-03,1.5549015497555327
2023-02-06,1.5674146423478121
2023-02-07,1.567268861035239
2023-02-08,1.5751028914238256
2023-02-09,1.5856667327290797
2023-02-10,1.5970081534071088
2023-02-13,1.5952515520561643
2023-02-14,1.5876375046293947
2023-02-15,1.5766938704416018
2023-02-16,1.5835355997252796
2023-02-17,1.5951810353757148
2023-02-21,1.6091533479600948
2023-02-22,1.6055733621301929
2023-02-23,1.6086492666738195
2023-02-24,1.6197897164214918
2023-02-27,1.6212058297792207
2023-02-28,1.6153100835079433
2023-03-01,1.6276482482219685
2023-03-02,1.6180004135912374
2023-03-03,1.6140077362688063
2023-03-06,1.6259211242990623
2023-03-07,1.6386741755367353
2023-03-08,1.6308325039235396
2023-03-09,1.643841784055088
2023-03-10,1.6562020255482135
2023-03-13,1.6560061040848404
2023-03-14,1.6592684961215347
2023-03-15,1.635370986739342
2023-03-16,1.634746754617865
2023-03-17,1.6301496287534407
2023-03-20,1.6449475714417736
2023-03-21,1.6405928579873985
2023-03-22,1.6510693239791374
2023-03-23,1.662932253922506
2023-03-24,1.6577814192028744
2023-03-27,1.6590739850661056
2023-03-28,1.6583178153754201
2023-03-29,1.6448363792457337
2023-03-30,1.6416513211975412
2023-03-31,1.633710119877838
2023-04-03,1.647120086762038
2023-04-04,1.6328448272533447
2023-04-05,1.6420809694708682
2023-04-06,1.6324586894433555
2023-04-10,1.6412437498327586
2023-04-11,1.63306540027503
2023-04-12,1.647459133134157
2023-04-13,1.6334774937909815
2023-04-14,1.6374437348207855
2023-04-17,1.634186702212998
2023-04-18,1.6455555085846119
2023-04-19,1.632354641811134
2023-04-20,1.6533852491020906
2023-04-21,1.6457917903585602
2023-04-24,1.6499167157247336
2023-04-25,1.669248176877187
2023-04-26,1.6684392529193826
2023-04-27,1.6622795861949529
2023-04-28,1.6466567395064637
2023-05-01,1.65341829661962
2023-05-02,1.6657819586301
2023-05-03,1.6643053540615182
2023-05-04,1.6568475585893792
2023-05-05,1.6438561779190068
2023-05-08,1.6614798633626386
2023-05-09,1.6638868548916577
2023-05-10,1.665676869574608
2023-05-11,1.6701855202188147
2023-05-12,1.6853252467958402
2023-05-15,1.665125060108047
2023-05-16,1.6739622497189766
2023-05-17,1.6520056982682116
2023-05-18,1.6515332595908243
2023-05-19,1.6562472500941767
2023-05-22,1.6376559086320903
2023-05-23,1.6209909955478665
2023-05-24,1.63212726985181
2023-05-25,1.659948460429343
2023-05-26,1.6618226922267085
2023-05-30,1.6658914186259401
2023-05-31,1.6598781571834609
2023-06-01,1.6499952643640325
2023-06-02,1.6371504584734593
2023-06-05,1.6459060431967671
2023-06-06,1.6283102977217225
2023-06-07,1.6068617981851565
2023-06-08,1.6144071919303873
2023-06-09,1.620713555014738
2023-06-12,1.616586608747996
2023-06-13,1.6017728490852847
2023-06-14,1.613117484636709
2023-06-15,1.6070930580114382
2023-06-16,1.6038230950915957
2023-06-20,1.6029218368241045
2023-06-21,1.6210060952729877
2023-06-22,1.6275829142664573
2023-06-23,1.626953894768342
2023-06-26,1.6242483323345305
2023-06-27,1.6175594872392138
2023-06-28,1.6156304797667507
2023-06-29,1.6136616594422388
2023-06-30,1.6143352888865397
2023-07-03,1.594557080773907
2023-07-05,1.5938717897083758
2023-07-06,1.5911332889507377
2023-07-07,1.5858382930340962
2023-07-10,1.6011361468351524
2023-07-11,1.5875989940004425
2023-07-12,1.5840913592110126
2023-07-13,1.5834766787332442
2023-07-14,1.6004369919811865
2023-07-17,1.624581208255136
2023-07-18,1.612673819500466
2023-07-19,1.5766020562817546
2023-07-20,1.5818677224929463
2023-07-21,1.5737441918718713
2023-07-24,1.5612446589948863
2023-07-25,1.5720420775465955
2023-07-26,1.5431613799207793
2023-07-27,1.546940395279641
2023-07-28,1.5496556177627037
2023-07-31,1.5542384677922567
2023-08-01,1.5517398506396756
2023-08-02,1.5528823980067006
2023-08-03,1.553939655469628
2023-08-04,1.549153342744819
2023-08-07,1.5605691529087051
2023-08-08,1.5627003366825236
2023-08-09,1.5558803488119302
2023-08-10,1.5528716679047774
2023-08-11,1.5468663969446903
2023-08-14,1.563647629325227
2023-08-15,1.5710715053264503
2023-08-16,1.5679072136992982
2023-08-17,1.5509613457762856
2023-08-18,1.5561160899802744
2023-08-21,1.5611802105864063
2023-08-22,1.5691118940163808
2023-08-23,1.5775616680883044
2023-08-24,1.5709546197587159
2023-08-25,1.5710852915798668
2023-08-28,1.5657463924183181
2023-08-29,1.5704148263662034
2023-08-30,1.5711518523098336
2023-08-31,1.5780168570010513
2023-09-01,1.5815271174475387
2023-09-05,1.577974878724338
2023-09-06,1.5986339752027192
2023-09-07,1.609796063107003
2023-09-08,1.610298742256438
2023-09-11,1.619691139712288
2023-09-12,1.6091593934223876
2023-09-13,1.6026700729261532
2023-09-14,1.596273545577462
2023-09-15,1.5807667977287734
2023-09-18,1.5959150918573672
2023-09-19,1.5942792457963468
2023-09-20,1.595625666361321
2023-09-21,1.588643410087973
2023-09-22,1.5994417141815245
2023-09-25,1.600421252512905
2023-09-26,1.6000453369380119
2023-09-27,1.6132233329646346
2023-09-28,1.6273989193911336
2023-09-29,1.609139925267878
2023-10-02,1.621799938272714
2023-10-03,1.6158232738288159
2023-10-04,1.6346812040831422
2023-10-05,1.6415533139834224
2023-10-06,1.64795248110988
2023-10-09,1.6359406221744803
2023-10-10,1.6315962742282895
2023-10-11,1.640845209379767
2023-10-12,1.6427518729597654
2023-10-13,1.6356468050143331
2023-10-16,1.626138578201848
2023-10-17,1.6280698577230388
2023-10-18,1.6261390242175922
2023-10-19,1.6274556436477703
2023-10-20,1.628998458384811
2023-10-23,1.645882125525472
2023-10-24,1.6482185779568865
2023-10-25,1.6341022667822616
2023-10-26,1.613840217342314
2023-10-27,1.6287517475587105
2023-10-30,1.6353759721337808
2023-10-31,1.6180112835580516
2023-11-01,1.6740228419785668
2023-11-02,1.6506785785638158
2023-11-03,1.6225266199193262
2023-11-06,1.6377186036405753
2023-11-07,1.634050727106501
2023-11-08,1.6424462404625448
2023-11-09,1.6546920662621631
2023-11-10,1.667536734315795
2023-11-13,1.6738185010483382
2023-11-14,1.640229265658422
2023-11-15,1.5975698847575703
2023-11-16,1.6059852386598843
2023-11-17,1.6009663083312655
2023-11-20,1.602908056618808
2023-11-21,1.611793933955502
2023-11-22,1.6097170334268416
2023-11-24,1.6050098908524508
2023-11-27,1.6124931976131032
2023-11-28,1.5889606173690478
2023-11-29,1.5585698803221224
2023-11-30,1.5659486495316486
2023-12-01,1.5414651162991988
2023-12-04,1.5339969228161274
2023-12-05,1.5460749218420622
2023-12-06,1.5248425444646971
2023-12-07,1.520275971308272
2023-12-08,1.5268555729504885
2023-12-11,1.5289920532246513
2023-12-12,1.5420376680337076
2023-12-13,1.5187902065272791
2023-12-14,1.4721259026521443
2023-12-15,1.4762228948754228
2023-12-18,1.489996102477753
2023-12-19,1.4825568525150512
2023-12-20,1.4830685064964213
2023-12-21,1.4783658876357433
2023-12-22,1.4758781989885208
2023-12-26,1.469960299978003
2023-12-27,1.4729211358396122
2023-12-28,1.4715843837718254
2023-12-29,1.4762642668054786
2024-01-02,1.4552259295386032
2024-01-03,1.4662781342102607
2024-01-04,1.4677299555953098
2024-01-05,1.4649445171874391
2024-01-08,1.470643734903375
2024-01-09,1.4801454587968488
2024-01-10,1.491972090566763
2024-01-11,1.4989877346429707
2024-01-12,1.5042617298620193
2024-01-16,1.5139062695489716
2024-01-17,1.5187444426477412
2024-01-18,1.5225881787081712
2024-01-19,1.5263266945565057
2024-01-22,1.5296162432203284
2024-01-23,1.5251667430543951
2024-01-24,1.5310042761529166
2024-01-25,1.5374649267362221
2024-01-26,1.5372742848214322
2024-01-29,1.5403439002879638
2024-01-30,1.546118441753089
2024-01-31,1.552813587213092
2024-02-01,1.5629554249756608
2024-02-02,1.5796462562798712
2024-02-05,1.5903710456135034
2024-02-06,1.5874817723921135
2024-02-07,1.6048932707177677
2024-02-08,1.6048367217724127
2024-02-09,1.6110361613379076
2024-02-12,1.5947831875823988
2024-02-13,1.6162866368294937
2024-02-14,1.6253199760138888
2024-02-15,1.6095646430350883
2024-02-16,1.6073000037467795
2024-02-20,1.604578700018621
2024-02-21,1.6037870512271886
2024-02-22,1.624317337957974
2024-02-23,1.628977831076227
2024-02-26,1.6453306877958012
2024-02-27,1.6500892588374776
2024-02-28,1.6612911844849299
2024-02-29,1.6614223588321733
2024-03-01,1.6785374820269825
2024-03-04,1.6893948572289474
2024-03-05,1.6803030409344155
2024-03-06,1.683345311194531
2024-03-07,1.684233611728068
2024-03-08,1.6709469587489323
2024-03-11,1.6429879336349047
2024-03-12,1.6676903482675582
2024-03-13,1.6647467717532938
2024-03-14,1.6777065565040725
2024-03-15,1.6751168031081332
2024-03-18,1.6811802591272536
2024-03-19,1.685297873174217
2024-03-20,1.6803394157582976
2024-03-21,1.6828568933372734
2024-03-22,1.690034148730402
2024-03-25,1.6869578465351653
2024-03-26,1.6962673691001755
2024-03-27,1.6646687500085757
2024-03-28,1.654066563354045
2024-04-01,1.6502780907674004
2024-04-02,1.6532007146499956
2024-04-03,1.673520340800371
2024-04-04,1.6569225702149106
2024-04-05,1.6824055360132775
2024-04-08,1.6718539852943382
2024-04-09,1.6309745629287926
2024-04-10,1.6517263813419163
2024-04-11,1.6653918612043084
2024-04-12,1.6751908273012737
2024-04-15,1.6637093753956018
2024-04-16,1.6743305016964787
2024-04-17,1.6611274196928323
2024-04-18,1.639516817633283
2024-04-19,1.6130984422878267
2024-04-22,1.620179121574947
2024-04-23,1.6559621116695422
2024-04-24,1.6458947907292794
2024-04-25,1.6508080912454515
2024-04-26,1.664201695734619
2024-04-29,1.6502372004537755
2024-04-30,1.6442527029230567
2024-05-01,1.6413167866319802
2024-05-02,1.637008602665197
2024-05-03,1.6397633677855887
2024-05-06,1.6544523103845121
2024-05-07,1.642941656930378
2024-05-08,1.642741168681708
2024-05-09,1.6548062881842964
2024-05-10,1.6520981828698225
2024-05-13,1.6348336863907642
2024-05-14,1.6369013863331172
2024-05-15,1.6504917778494657
2024-05-16,1.6290066803755938
2024-05-17,1.633473766391421
2024-05-20,1.6350278060009442
2024-05-21,1.6377801748460459
2024-05-22,1.623940390700587
2024-05-23,1.6458513731584985
2024-05-24,1.661912477419854
2024-05-28,1.6656708961418487
2024-05-29,1.672350420460697
2024-05-30,1.6664427852024841
2024-05-31,1.6451409964593893
2024-06-03,1.6330931124381503
2024-06-04,1.629859345707307
2024-06-05,1.6456374159300629
2024-06-06,1.645043960540753
2024-06-07,1.645156358125949
2024-06-10,1.6586790441424437
2024-06-11,1.6591057218373146
2024-06-12,1.6644999833775098
2024-06-13,1.6733391920340897
2024-06-14,1.6752317066391251
2024-06-17,1.685505978631324
2024-06-18,1.6999433021252772
2024-06-20,1.6863054086060068
2024-06-21,1.6754549023819247
2024-06-24,1.6694172075873615
2024-06-25,1.6837520423670589
2024-06-26,1.676830460668636
2024-06-27,1.6771912734216061
2024-06-28,1.6766929712088312
2024-07-01,1.687425713874941
2024-07-02,1.6839026410670679
2024-07-03,1.6904284199191384
2024-07-05,1.68965873193582
2024-07-08,1.6962465442577115
2024-07-09,1.6984485519499057
2024-07-10,1.699124340035383
2024-07-11,1.6700785078412899
2024-07-12,1.6606836327795347
2024-07-15,1.658965528922645
2024-07-16,1.6391711695857891
2024-07-17,1.6105942166720013
2024-07-18,1.6117751675213305
2024-07-19,1.6196705077131186
2024-07-22,1.6310265911748907
2024-07-23,1.64521165518811
2024-07-24,1.6381686091474064
2024-07-25,1.62819192661439
2024-07-26,1.621073151335592
2024-07-29,1.6227376256508366
2024-07-30,1.6082960468839138
2024-07-31,1.6190950623276728
2024-08-01,1.6262172593967412
2024-08-02,1.616004331125888
2024-08-05,1.6211181533608607
2024-08-06,1.6445519612135522
2024-08-07,1.6358368652620292
2024-08-08,1.655144858456351
2024-08-09,1.678334688337393
2024-08-12,1.6939973465536171
2024-08-13,1.6753204063193214
2024-08-14,1.6929850076564972
2024-08-15,1.6812806457384253
2024-08-16,1.6693832514533309
2024-08-19,1.669244583333959
2024-08-20,1.6762717109533458
2024-08-21,1.6836265264641017
2024-08-22,1.6872041984614805
2024-08-23,1.6803574128241767
2024-08-26,1.671384021982402
2024-08-27,1.6826427264798662
2024-08-28,1.6824350145081655
2024-08-29,1.6812174800870003
2024-08-30,1.6927044896674666
2024-09-03,1.668729037376132
2024-09-04,1.670608677230662
2024-09-05,1.6681736196558101
2024-09-06,1.6656219420436043
2024-09-09,1.6796044033276134
2024-09-10,1.6861811710478376
2024-09-11,1.6979000652354375
2024-09-12,1.709977751335514
2024-09-13,1.7111675740840284
2024-09-16,1.7154240690365996
2024-09-17,1.7098969874019312
2024-09-18,1.7096968251801588
2024-09-19,1.7112048454623439
2024-09-20,1.7387202583035586
2024-09-23,1.7412712086677695
2024-09-24,1.736922695035239
2024-09-25,1.7592744352879772
2024-09-26,1.7159694258209155
2024-09-27,1.6973820917162676
2024-09-30,1.714244805582483
2024-10-01,1.7136162879319656
2024-10-02,1.721720914113844
2024-10-03,1.7257373711530455
2024-10-04,1.7240567952129062
2024-10-07,1.728858045334296
2024-10-08,1.7409629845479078
2024-10-09,1.7424987844776822
2024-10-10,1.7344929246196916
2024-10-11,1.7427023866859288
2024-10-14,1.7447502213546036
2024-10-15,1.7533812283157348
2024-10-16,1.752289634710192
2024-10-17,1.7494481748757107
2024-10-18,1.7533536776767993
2024-10-21,1.7594688028268637
2024-10-22,1.754483785862892
2024-10-23,1.7614111064477989
2024-10-24,1.746854954889887
2024-10-25,1.7326874161480574
2024-10-28,1.7321610546615769
2024-10-29,1.7442318567486064
2024-10-30,1.7336397614374526
2024-10-31,1.7273709730906284
2024-11-01,1.7019628985485236
2024-11-04,1.7037663232494944
2024-11-05,1.724977359731194
2024-11-06,1.7285448369870016
2024-11-07,1.7587312210843205
2024-11-08,1.8118359403779039
2024-11-11,1.8166218496571078
2024-11-12,1.813462305515854
2024-11-13,1.7968279518520756
2024-11-14,1.7957730358330106
2024-11-15,1.8105392518108776
2024-11-18,1.8138566459770835
2024-11-19,1.8491205032249325
2024-11-20,1.8525994740825167
2024-11-21,1.852980227141559
2024-11-22,1.8521709195773874
2024-11-25,1.8174094792941498
2024-11-26,1.8482489196652616
2024-11-27,1.8238899739540704
2024-11-29,1.8303188686727307
2024-12-02,1.8137796524003111
2024-12-03,1.8255014637729237
2024-12-04,1.8380287102986368
2024-12-05,1.8459484285869925
2024-12-06,1.8534090827178102
2024-12-09,1.8088035184500506
2024-12-10,1.8029126161537015
2024-12-11,1.812738479127608
2024-12-12,1.810746735816317
2024-12-13,1.8308552320259877
2024-12-16,1.8502245325252489
2024-12-17,1.8507930061416908
2024-12-18,1.833216635854449
2024-12-19,1.8403146655949563
2024-12-20,1.8444114266093325
2024-12-23,1.8447128726993296
2024-12-24,1.8532093929662703
2024-12-26,1.8487344860133759
2024-12-27,1.83833628979294
2024-12-30,1.8374191192217137
2024-12-31,1.8225037814844458
2025-01-02,1.841512156021041
2025-01-03,1.856211023848581
2025-01-06,1.860232230286169
2025-01-07,1.8477279154417752
2025-01-08,1.867329313600936
2025-01-10,1.8860557728583331
2025-01-13,1.8670431601305781
2025-01-14,1.8792249621318313
2025-01-15,1.8902534630919554
2025-01-16,1.8961766768095054
2025-01-17,1.9030144920955725
2025-01-21,1.910843726666233
2025-01-22,1.9264954768935347
2025-01-23,1.9268720751575932
2025-01-24,1.9299088374239872
2025-01-27,1.8558125577386038
2025-01-28,1.882380336143603
2025-01-29,1.9001625729789262
2025-01-30,1.9190113088710592
2025-01-31,1.906724358832353
2025-02-03,1.9182319329454398
2025-02-04,1.9162182850001768
2025-02-05,1.9340234595567851
2025-02-06,1.9538257776248409
2025-02-07,1.9576667738898266
2025-02-10,1.949809754577922
2025-02-11,1.9399477446434767
2025-02-12,1.9487234168587615
2025-02-13,1.9394368617645814
2025-02-14,1.9352963571453363
2025-02-18,1.9171360551844445
2025-02-19,1.9081981750584576
2025-02-20,1.878828053394907
2025-02-21,1.867766480895285
2025-02-24,1.8567546264404127
2025-02-25,1.8489398038466134
2025-02-26,1.8741534010984766
2025-02-27,1.864896270836666
2025-02-28,1.8736582725541326
2025-03-03,1.869473736713345
2025-03-04,1.8507339451374374
2025-03-05,1.8373990064279888
2025-03-06,1.7880117874541928
2025-03-07,1.7631331446325444
2025-03-10,1.7261975074544647
2025-03-11,1.7596082287235628
2025-03-12,1.789310557604187
2025-03-13,1.773231309873053
2025-03-14,1.779033500336392
2025-03-17,1.7807260658456596
2025-03-18,1.7707262371799322
2025-03-19,1.7926623622322835
2025-03-20,1.8001952637292105
2025-03-21,1.8006016854593676
2025-03-24,1.8204418483412812
2025-03-25,1.832466075757746
2025-03-26,1.8097558969959626
2025-03-27,1.7914886050423722
2025-03-28,1.7931758242425526
2025-03-31,1.7990233259383297
2025-04-01,1.80597179102654
2025-04-02,1.8057429441935362
2025-04-03,1.8184010496072633
2025-04-04,1.8005286670306442
2025-04-07,1.8225075695176594
2025-04-08,1.847782376433587
2025-04-09,1.8210351763075245
2025-04-10,1.8506658976767008
2025-04-11,1.8428864556388938
2025-04-14,1.841600247094921
2025-04-15,1.8570751570056272
2025-04-16,1.8633790065837936
2025-04-17,1.851558689162682
2025-04-21,1.8422794684811603
2025-04-22,1.8403128921263836
2025-04-23,1.8503294263109304
2025-04-24,1.8425643417501814
2025-04-25,1.8508220973435006
2025-04-28,1.8513192579759068
2025-04-29,1.8527984461139082
2025-04-30,1.8601388862126162
2025-05-01,1.859394986056322
2025-05-02,1.858810809240018
2025-05-05,1.8661213174361955
2025-05-06,1.8731833697692346
2025-05-07,1.8686711487650363
2025-05-08,1.8380725576125008
2025-05-09,1.8359832640483926
2025-05-12,1.7956144349141263
2025-05-13,1.7864658956096595
2025-05-14,1.7869639908613517
2025-05-15,1.802335988174678
2025-05-16,1.8031087056940103
2025-05-19,1.8151072355921967
2025-05-20,1.817354223339088
2025-05-21,1.8375147164742192
2025-05-22,1.8299195061749691
2025-05-23,1.8441654522121929
2025-05-27,1.8281683861551608
2025-05-28,1.8390685446129367
2025-05-29,1.8293981959069818
2025-05-30,1.8466607383993876
2025-06-02,1.8586584455916348
2025-06-03,1.8269431504059028
2025-06-04,1.8153940253322198
2025-06-05,1.8215701185097084
2025-06-06,1.8112487573272062
2025-06-09,1.7895061949501767
2025-06-10,1.7636964621900915
2025-06-11,1.77501784636664
2025-06-12,1.7864134859828948
2025-06-13,1.80244458884743
2025-06-16,1.7844755816991344
2025-06-17,1.802732365162124
2025-06-18,1.8026927236626513
2025-06-20,1.8009123839875651
2025-06-23,1.8124939702836635
2025-06-24,1.7974124947397656
2025-06-25,1.7910554964311411
2025-06-26,1.7842872268167422
2025-06-27,1.7869108926618897
2025-06-30,1.8026536394800425
2025-07-01,1.732227763337563
2025-07-02,1.7174696482847427
2025-07-03,1.7336158360283107
2025-07-07,1.7607986591552198
2025-07-08,1.7202171180102583
2025-07-09,1.7207351158547939
2025-07-10,1.7016271249900565
2025-07-11,1.707509319739497
2025-07-14,1.7360246361976597
2025-07-15,1.7517097542072892
2025-07-16,1.7429899421360489
2025-07-17,1.7411602598014941
2025-07-18,1.7575575632277034
2025-07-21,1.7562081686333875
2025-07-22,1.7062836265555235
2025-07-23,1.704000867783225
2025-07-24,1.7283247909128994
2025-07-25,1.7286972806029008
2025-07-28,1.7373855181297646
2025-07-29,1.7635780954895783
2025-07-30,1.7819272261090857
2025-07-31,1.7947568946848957
2025-08-01,1.790833871772254
2025-08-04,1.7995869480306075
2025-08-05,1.7829551122569802
2025-08-06,1.7899083863554204
2025-08-07,1.7881752571220872
2025-08-08,1.797823952096994
2025-08-11,1.8079210497939315
2025-08-12,1.7967323305545833
2025-08-13,1.7598794685475476
2025-08-14,1.7595489109064175
2025-08-15,1.7524956716647917
2025-08-18,1.7523135250034774
2025-08-19,1.7327145830733692
2025-08-20,1.7446192833321155
2025-08-21,1.7463408046462514
2025-08-22,1.7167387686043094
2025-08-25,1.7239259990319409
2025-08-26,1.7427998735006363
2025-08-27,1.736280607149481
2025-08-28,1.7476371278102476
2025-08-29,1.7353939363363844
2025-09-02,1.7425429903225538
2025-09-03,1.745155426035359
2025-09-04,1.7531844629965696
2025-09-05,1.7413225821997418
2025-09-08,1.7555228173659119
2025-09-09,1.7653294601973066
2025-09-10,1.7897651902797493
2025-09-11,1.775606106563074
2025-09-12,1.7879507472660068
2025-09-15,1.8012131556311526
2025-09-16,1.7904802608632608
2025-09-17,1.7909254030110608
2025-09-18,1.7982705887738324
2025-09-19,1.8119677323018382
