,AES US Equity,NTRS US Equity,PSA US Equity,EFX US Equity,NOC US Equity,BA US Equity,HST US Equity,NKE US Equity,ATO US Equity,MOS US Equity,ALL US Equity,PNW US Equity,DVN US Equity,WMB US Equity,KR US Equity,MO US Equity,KMB US Equity,NVR US Equity,ROST US Equity,LIN US Equity,PAYX US Equity,TROW US Equity,HOLX US Equity,GILD US Equity,BSX US Equity,FAST US Equity,JKHY US Equity,CDNS US Equity,IT US Equity,EA US Equity,BIIB US Equity,INTU US Equity,ADBE US Equity,OMC US Equity,ETR US Equity,ESS US Equity,NEM US Equity,CSCO US Equity,CPRT US Equity,DE US Equity,WM US Equity,AEP US Equity,C US Equity,JPM US Equity,CB US Equity,PEP US Equity,REGN US Equity,IDXX US Equity,TPL US Equity,AVB US Equity,ALB US Equity,PTC US Equity,RTX US Equity,LUV US Equity,HAL US Equity,TJX US Equity,DLTR US Equity,PPL US Equity,UHS US Equity,CLX US Equity,FITB US Equity,SWK US Equity,USB US Equity,HSY US Equity,INCY US Equity,EME US Equity,JBL US Equity,AVY US Equity,BAC US Equity,COF US Equity,BKR US Equity,VRTX US Equity,TECH US Equity,REG US Equity,FICO US Equity,GE US Equity,EOG US Equity,MNST US Equity,WELL US Equity,FCX US Equity,JCI US Equity,COR US Equity,CPB US Equity,KO US Equity,CMS US Equity,WDC US Equity,HON US Equity,COO US Equity,EG US Equity,SLB US Equity,DVA US Equity,ERIE US Equity,WAT US Equity,EIX US Equity,MSFT US Equity,EXPD US Equity,PGR US Equity,INTC US Equity,CAH US Equity,HSIC US Equity,TGT US Equity,SBUX US Equity,CVS US Equity,OKE US Equity,RMD US Equity,WSM US Equity,IRM US Equity,APD US Equity,MCHP US Equity,STT US Equity,POOL US Equity,TSN US Equity,DIS US Equity,MMM US Equity,CNP US Equity,MHK US Equity,BMY US Equity,AMD US Equity,ECL US Equity,PCAR US Equity,AOS US Equity,LLY US Equity,CAG US Equity,HIG US Equity,BK US Equity,XOM US Equity,COST US Equity,EQR US Equity,SHW US Equity,FDX US Equity,MCK US Equity,ABT US Equity,CMI US Equity,EVRG US Equity,RJF US Equity,PG US Equity,TER US Equity,CMCSA US Equity,IVZ US Equity,VTR US Equity,PH US Equity,WAB US Equity,PCG US Equity,CL US Equity,BEN US Equity,AMAT US Equity,LEN US Equity,MS US Equity,KLAC US Equity,ODFL US Equity,IPG US Equity,MLM US Equity,DHI US Equity,STZ US Equity,SCHW US Equity,TAP US Equity,ED US Equity,TXN US Equity,BALL US Equity,BBY US Equity,RCL US Equity,SWKS US Equity,TYL US Equity,VMC US Equity,PFE US Equity,TRMB US Equity,TFC US Equity,CINF US Equity,STE US Equity,DRI US Equity,BRO US Equity,JBHT US Equity,ES US Equity,SPG US Equity,NTAP US Equity,CTAS US Equity,PEG US Equity,ARE US Equity,APH US Equity,VTRS US Equity,AMZN US Equity,AAPL US Equity,BXP US Equity,BRK/B US Equity,WMT US Equity,ADP US Equity,BDX US Equity,LOW US Equity,EXC US Equity,KIM US Equity,FI US Equity,AMGN US Equity,CVX US Equity,PLD US Equity,GD US Equity,DTE US Equity,F US Equity,AFL US Equity,WY US Equity,J US Equity,HD US Equity,ORCL US Equity,FDS US Equity,SPGI US Equity,PWR US Equity,TTWO US Equity,VRSN US Equity,YUM US Equity,AMT US Equity,DHR US Equity,QCOM US Equity,TT US Equity,EL US Equity,SYK US Equity,DD US Equity,ROK US Equity,CHRW US Equity,CSGP US Equity,APA US Equity,EQT US Equity,CHD US Equity,STLD US Equity,LH US Equity,AXP US Equity,MMC US Equity,LRCX US Equity,CCI US Equity,MGM US Equity,EBAY US Equity,HRL US Equity,D US Equity,DGX US Equity,SYY US Equity,DECK US Equity,ADI US Equity,DOV US Equity,LNT US Equity,OXY US Equity,LHX US Equity,AJG US Equity,GS US Equity,VLO US Equity,NVDA US Equity,SBAC US Equity,DUK US Equity,CTSH US Equity,GLW US Equity,RSG US Equity,BLK US Equity,LMT US Equity,PHM US Equity,TDY US Equity,T US Equity,KMX US Equity,NEE US Equity,CTRA US Equity,WRB US Equity,NI US Equity,ROP US Equity,L US Equity,TRV US Equity,SNPS US Equity,TKO US Equity,PKG US Equity,SJM US Equity,ADM US Equity,DOC US Equity,MET US Equity,CSX US Equity,ROL US Equity,MTB US Equity,CAT US Equity,RL US Equity,GEN US Equity,UDR US Equity,SO US Equity,ORLY US Equity,ADSK US Equity,SRE US Equity,AZO US Equity,MCO US Equity,GL US Equity,NUE US Equity,VZ US Equity,FE US Equity,IFF US Equity,GWW US Equity,MKC US Equity,TSCO US Equity,ACGL US Equity,URI US Equity,PNR US Equity,ISRG US Equity,EW US Equity,BKNG US Equity,GIS US Equity,GPN US Equity,FFIV US Equity,HBAN US Equity,WEC US Equity,COP US Equity,FRT US Equity,HUM US Equity,ZBRA US Equity,UNH US Equity,AME US Equity,LII US Equity,FIS US Equity,WTW US Equity,AXON US Equity,O US Equity,AEE US Equity,ZBH US Equity,BG US Equity,ALGN US Equity,ELV US Equity,WFC US Equity,TPR US Equity,HUBB US Equity,PFG US Equity,K US Equity,CNC US Equity,GRMN US Equity,PRU US Equity,NFLX US Equity,BF/B US Equity,AKAM US Equity,RVTY US Equity,XEL US Equity,A US Equity,ON US Equity,WST US Equity,CME US Equity,EQIX US Equity,TXT US Equity,MSI US Equity,WYNN US Equity,NDSN US Equity,NSC US Equity,CI US Equity,AON US Equity,MOH US Equity,NRG US Equity,AIZ US Equity,EMN US Equity,NDAQ US Equity,CBRE US Equity,DPZ US Equity,GOOGL US Equity,LKQ US Equity,HPQ US Equity,DLR US Equity,CRM US Equity,MPWR US Equity,DXCM US Equity,LVS US Equity,CPT US Equity,MRK US Equity,MDLZ US Equity,STX US Equity,ICE US Equity,MTD US Equity,TMO US Equity,LYV US Equity,AMP US Equity,CF US Equity,UAL US Equity,SNA US Equity,BAX US Equity,TDG US Equity,ACN US Equity,HAS US Equity,EXPE US Equity,MA US Equity,CMG US Equity,FSLR US Equity,CRL US Equity,UNP US Equity,MCD US Equity,IBKR US Equity,PODD US Equity,LDOS US Equity,PNC US Equity,SMCI US Equity,IBM US Equity,TMUS US Equity,BR US Equity,V US Equity,DAL US Equity,AWK US Equity,KDP US Equity,MU US Equity,ULTA US Equity,BLDR US Equity,MSCI US Equity,BX US Equity,IP US Equity,LULU US Equity,MAS US Equity,EXR US Equity,RF US Equity,AIG US Equity,KEY US Equity,ETN US Equity
1996-01-31,0.03440832219154105,0.03440832219154105,0.03440832219154105,0.03440832219154105,0.03440832219154105,0.03440832219154105,0.03440832219154105,0.03440832219154105,0.03440832219154105,0.03440832219154105,0.03440832219154105,0.03440832219154105,0.03440832219154105,0.03440832219154105,0.03440832219154105,0.03440832219154105,0.03440832219154105,0.03440832219154105,0.03440832219154105,0.03440832219154105,0.03411387888785606,0.03129342193090976,0.027057616102083484,0.026433419083143228,0.025559813142772246,0.02384223423732323,0.023462474128707323,0.02327612881376571,0.02187628828023271,0.021443723652400225,0.021073753546222446,0.01795545524590188,0.014445349117860686,,,,,,,,,,,,,,,,,,,,,,,,,,,,,,,,,,,,,,,,,,,,,,,,,,,,,,,,,,,,,,,,,,,,,,,,,,,,,,,,,,,,,,,,,,,,,,,,,,,,,,,,,,,,,,,,,,,,,,,,,,,,,,,,,,,,,,,,,,,,,,,,,,,,,,,,,,,,,,,,,,,,,,,,,,,,,,,,,,,,,,,,,,,,,,,,,,,,,,,,,,,,,,,,,,,,,,,,,,,,,,,,,,,,,,,,,,,,,,,,,,,,,,,,,,,,,,,,,,,,,,,,,,,,,,,,,,,,,,,,,,,,,,,,,,,,,,,,,,,,,,,,,,,,,,,,,,,,,,,,,,,,,,,,,,,,,,,,,,,,,,,,,,,,,,,,,,,,,,,,,,,,,,,,,,,
1996-04-30,0.03194888027399644,,,,,0.03194888027399644,,0.03194888027399644,,,,0.03194888027399644,,0.03194888027399644,0.03194888027399644,,,,0.01925327850128156,0.03194888027399644,0.03194888027399644,,0.01935214043438449,,,,0.030183724237665834,0.03194888027399644,0.03194888027399644,,0.020165987893202356,,,0.03194888027399644,,0.03194888027399644,,0.03138212617227418,,0.03194888027399644,0.03194888027399644,,,0.03194888027399644,0.03194888027399644,,0.029710661074608718,,,0.03194888027399644,0.028066860573428647,0.023163214263243005,0.03194888027399644,,0.03194888027399644,0.03194888027399644,0.03194888027399644,0.03194888027399644,0.03194888027399644,0.03194888027399644,0.03194888027399644,,,,,,,,,,,,,,,,,,,,,,,,,,,,,,,,,,,,,,,,,,,,,,,,,,,,,,,,,,,,,,,,,,,,,,,,,,,,,,,,,,,,,,,,,,,,,,,,,,,,,,,,,,,,,,,,,,,,,,,,,,,,,,,,,,,,,,,,,,,,,,,,,,,,,,,,,,,,,,,,,,,,,,,,,,,,,,,,,,,,,,,,,,,,,,,,,,,,,,,,,,,,,,,,,,,,,,,,,,,,,,,,,,,,,,,,,,,,,,,,,,,,,,,,,,,,,,,,,,,,,,,,,,,,,,,,,,,,,,,,,,,,,,,,,,,,,,,,,,,,,,,,,,,,,,,,,,,,,,,,,,,,,,,,,,,,,,,,,,,,,,,
1996-05-31,0.026211842014657042,,,0.03382150612115395,,,0.03382150612115395,0.03382150612115395,0.03382150612115395,0.02969989839680285,,,,0.03382150612115395,0.03382150612115395,,,,0.027018382608722476,0.03382150612115395,0.03382150612115395,,0.016603322187876066,,,,0.03382150612115395,0.03382150612115395,0.02481453291577624,,0.0278575894461699,,,0.03382150612115395,,,,0.03382150612115395,,,0.03382150612115395,,,,0.03382150612115395,,0.013315671036292647,,,0.03382150612115395,,,,,0.03382150612115395,0.03382150612115395,0.023180396612059957,0.03382150612115395,,,0.03382150612115395,0.03382150612115395,0.03382150612115395,0.03382150612115395,0.02611582197750283,0.021261681875533678,0.01984772626321947,,,,,,,,,,,,,,,,,,,,,,,,,,,,,,,,,,,,,,,,,,,,,,,,,,,,,,,,,,,,,,,,,,,,,,,,,,,,,,,,,,,,,,,,,,,,,,,,,,,,,,,,,,,,,,,,,,,,,,,,,,,,,,,,,,,,,,,,,,,,,,,,,,,,,,,,,,,,,,,,,,,,,,,,,,,,,,,,,,,,,,,,,,,,,,,,,,,,,,,,,,,,,,,,,,,,,,,,,,,,,,,,,,,,,,,,,,,,,,,,,,,,,,,,,,,,,,,,,,,,,,,,,,,,,,,,,,,,,,,,,,,,,,,,,,,,,,,,,,,,,,,,,,,,,,,,,,,,,,,,,,,,,,,,,,,,,,,,,
1996-06-28,0.0317468881293875,,,,,,0.0317468881293875,0.0317468881293875,0.0317468881293875,,,,,,0.0317468881293875,,,,0.024894018254479632,0.0317468881293875,0.0317468881293875,,0.02263491585142447,,,0.0317468881293875,0.030902800065455864,0.02543093059658359,0.022656815405661803,,0.02981976173596737,,,0.0317468881293875,,,,0.0317468881293875,,,0.0317468881293875,,,,0.0317468881293875,0.0317468881293875,,,,0.0317468881293875,,0.0317468881293875,,,0.0317468881293875,0.0317468881293875,0.029248460231348167,0.0317468881293875,,,,0.0317468881293875,,,,0.0317468881293875,,0.0317468881293875,0.0317468881293875,0.0317468881293875,0.0317468881293875,0.029482498305717773,0.023004484448061146,,,,,,,,,,,,,,,,,,,,,,,,,,,,,,,,,,,,,,,,,,,,,,,,,,,,,,,,,,,,,,,,,,,,,,,,,,,,,,,,,,,,,,,,,,,,,,,,,,,,,,,,,,,,,,,,,,,,,,,,,,,,,,,,,,,,,,,,,,,,,,,,,,,,,,,,,,,,,,,,,,,,,,,,,,,,,,,,,,,,,,,,,,,,,,,,,,,,,,,,,,,,,,,,,,,,,,,,,,,,,,,,,,,,,,,,,,,,,,,,,,,,,,,,,,,,,,,,,,,,,,,,,,,,,,,,,,,,,,,,,,,,,,,,,,,,,,,,,,,,,,,,,,,,,,,,,,,,,,,,,,,,,,,,,,,
1996-07-31,0.03320685091681714,,,,,,,0.03320685091681714,0.03320685091681714,,0.03320685091681714,,,,,,,,0.03320685091681714,0.03320685091681714,0.03320685091681714,,0.019577993531508395,,,,0.026370850944789855,0.01644936546481247,0.022919459139346655,,0.01800284051010075,,,0.03320685091681714,,,,0.03320685091681714,,,0.03320685091681714,,,,0.03320685091681714,0.03320685091681714,,,,0.03320685091681714,,,,,,0.03308183533558668,0.03320685091681714,0.03320685091681714,,,,0.03320685091681714,,,0.030424755069541752,0.03320685091681714,,0.03320685091681714,0.03320685091681714,,0.03320685091681714,0.02133756971185687,,0.03320685091681714,0.03320685091681714,0.03320685091681714,0.03320685091681714,0.014870908288845176,,,,,,,,,,,,,,,,,,,,,,,,,,,,,,,,,,,,,,,,,,,,,,,,,,,,,,,,,,,,,,,,,,,,,,,,,,,,,,,,,,,,,,,,,,,,,,,,,,,,,,,,,,,,,,,,,,,,,,,,,,,,,,,,,,,,,,,,,,,,,,,,,,,,,,,,,,,,,,,,,,,,,,,,,,,,,,,,,,,,,,,,,,,,,,,,,,,,,,,,,,,,,,,,,,,,,,,,,,,,,,,,,,,,,,,,,,,,,,,,,,,,,,,,,,,,,,,,,,,,,,,,,,,,,,,,,,,,,,,,,,,,,,,,,,,,,,,,,,,,,,,,,,,,,,,,,,,,,,,,,,,,,,
1996-08-30,0.0330154266110556,,,,,0.0330154266110556,,0.0330154266110556,,,,,,0.0330154266110556,,,,,0.018751916562649077,0.0330154266110556,0.0330154266110556,,0.02675952679551399,,,,0.03190567971195621,0.018366281559867033,0.0330154266110556,,0.017957967686842848,,,0.0330154266110556,,0.0330154266110556,,0.0330154266110556,,,,0.0330154266110556,,,0.0330154266110556,,,,,,,0.02430969317032177,,,,0.027606308994999097,0.02042421818936908,,,,,,0.0330154266110556,,0.021548168663146437,0.0330154266110556,,,0.0330154266110556,,0.0330154266110556,,,,,0.0330154266110556,,,0.0330154266110556,0.0330154266110556,0.0330154266110556,0.0330154266110556,0.0330154266110556,0.0330154266110556,0.0330154266110556,,,,,,,,,,,,,,,,,,,,,,,,,,,,,,,,,,,,,,,,,,,,,,,,,,,,,,,,,,,,,,,,,,,,,,,,,,,,,,,,,,,,,,,,,,,,,,,,,,,,,,,,,,,,,,,,,,,,,,,,,,,,,,,,,,,,,,,,,,,,,,,,,,,,,,,,,,,,,,,,,,,,,,,,,,,,,,,,,,,,,,,,,,,,,,,,,,,,,,,,,,,,,,,,,,,,,,,,,,,,,,,,,,,,,,,,,,,,,,,,,,,,,,,,,,,,,,,,,,,,,,,,,,,,,,,,,,,,,,,,,,,,,,,,,,,,,,,,,,,,,,,,,,,,,,,,,,,,,,,
1996-09-30,0.029483653734372457,0.03266863992574481,,,,,,0.03266863992574481,0.03266863992574481,0.03266863992574481,,,,,,,,,0.029418263792986586,0.03266863992574481,0.03266863992574481,,0.021045344794618275,,,,0.024100477975571757,0.020004037069768287,0.016699346616348726,,0.016869687030965152,,,0.03266863992574481,,0.03266863992574481,,0.03266863992574481,,0.03266863992574481,0.03266863992574481,0.03266863992574481,,,,,,,,,,,,,0.03266863992574481,0.03266863992574481,0.026338667462793845,,,,0.03266863992574481,,0.03266863992574481,,0.022564831633532623,0.03266863992574481,,,,,0.03266863992574481,,,,,,,0.009428331671166574,0.03266863992574481,,,,,0.03266863992574481,,0.03266863992574481,0.03266863992574481,0.03266863992574481,0.03266863992574481,,,,,,,,,,,,,,,,,,,,,,,,,,,,,,,,,,,,,,,,,,,,,,,,,,,,,,,,,,,,,,,,,,,,,,,,,,,,,,,,,,,,,,,,,,,,,,,,,,,,,,,,,,,,,,,,,,,,,,,,,,,,,,,,,,,,,,,,,,,,,,,,,,,,,,,,,,,,,,,,,,,,,,,,,,,,,,,,,,,,,,,,,,,,,,,,,,,,,,,,,,,,,,,,,,,,,,,,,,,,,,,,,,,,,,,,,,,,,,,,,,,,,,,,,,,,,,,,,,,,,,,,,,,,,,,,,,,,,,,,,,,,,,,,,,,,,,,,,,,,,,,,,,,,,,,,,,,
1996-10-31,0.032019290655868955,,,0.032019290655868955,,,,0.032019290655868955,0.032019290655868955,,,,,,,,,,0.02976688775104625,0.032019290655868955,0.027759713812563994,,0.01674126269957441,,,,0.022394470435787166,0.02683722902538159,0.02584951443640013,,,,,0.032019290655868955,,0.032019290655868955,,0.029078803022839505,,,0.032019290655868955,,0.032019290655868955,,0.032019290655868955,,,,,0.032019290655868955,,,,,,0.028579964827038225,0.025182202819547646,,,,,,0.032019290655868955,0.032019290655868955,0.020506849837466316,0.032019290655868955,,,,,0.032019290655868955,,,,,,,,,0.032019290655868955,,,0.032019290655868955,,0.032019290655868955,0.02523349779753506,0.032019290655868955,0.032019290655868955,,0.032019290655868955,0.02826504409534082,0.021399455666230784,,,,,,,,,,,,,,,,,,,,,,,,,,,,,,,,,,,,,,,,,,,,,,,,,,,,,,,,,,,,,,,,,,,,,,,,,,,,,,,,,,,,,,,,,,,,,,,,,,,,,,,,,,,,,,,,,,,,,,,,,,,,,,,,,,,,,,,,,,,,,,,,,,,,,,,,,,,,,,,,,,,,,,,,,,,,,,,,,,,,,,,,,,,,,,,,,,,,,,,,,,,,,,,,,,,,,,,,,,,,,,,,,,,,,,,,,,,,,,,,,,,,,,,,,,,,,,,,,,,,,,,,,,,,,,,,,,,,,,,,,,,,,,,,,,,,,,,,,,,,,,,,,,,,,,,,
1996-11-29,0.03147145244429006,,,,,,,0.025168045236809208,,,,,,,,,,,0.02352542203721397,0.03147145244429006,0.03147145244429006,,,,,,0.02568585696017071,0.02262767136840873,,,,,,0.03147145244429006,,0.03147145244429006,,,,,0.03147145244429006,,,,0.03147145244429006,,0.02598919658856241,,,,,,,,,0.03147145244429006,0.022330843942562115,,,,,,0.03147145244429006,0.03147145244429006,0.026039390339704035,0.03147145244429006,,0.03147145244429006,,,0.03147145244429006,,,,,,,,0.03147145244429006,,0.03147145244429006,,0.03147145244429006,,0.03147145244429006,0.03147145244429006,,0.03147145244429006,,0.03147145244429006,,0.01186367168757106,0.03147145244429006,0.03147145244429006,0.03147145244429006,0.03147145244429006,0.03147145244429006,0.0299835907317462,,,,,,,,,,,,,,,,,,,,,,,,,,,,,,,,,,,,,,,,,,,,,,,,,,,,,,,,,,,,,,,,,,,,,,,,,,,,,,,,,,,,,,,,,,,,,,,,,,,,,,,,,,,,,,,,,,,,,,,,,,,,,,,,,,,,,,,,,,,,,,,,,,,,,,,,,,,,,,,,,,,,,,,,,,,,,,,,,,,,,,,,,,,,,,,,,,,,,,,,,,,,,,,,,,,,,,,,,,,,,,,,,,,,,,,,,,,,,,,,,,,,,,,,,,,,,,,,,,,,,,,,,,,,,,,,,,,,,,,,,,,,,,,,,,,,,,,,,,,,,,,,,,
1996-12-31,0.03180547602294086,,,0.03180547602294086,,,,,0.03180547602294086,,,,,,,,,,0.03180547602294086,0.03180547602294086,0.03180547602294086,,,,,,0.025093005478282162,,,,,,,0.03180547602294086,,0.03180547602294086,,0.03180547602294086,,,0.03180547602294086,,,0.03180547602294086,,,,,,,,,,,,0.03180547602294086,0.029769101058185865,,,,,,0.03180547602294086,,,,0.013078654682613834,0.03180547602294086,0.03180547602294086,,0.03180547602294086,,,0.03180547602294086,,,,0.007590834615807552,,,0.03180547602294086,,,,,0.027367957341210548,,0.03180547602294086,,0.03180547602294086,,0.012627003830523644,0.03180547602294086,0.03180547602294086,,0.029942957126518326,,0.030764378737743767,0.03180547602294086,0.03180547602294086,0.03180547602294086,0.028629206555592764,,,,,,,,,,,,,,,,,,,,,,,,,,,,,,,,,,,,,,,,,,,,,,,,,,,,,,,,,,,,,,,,,,,,,,,,,,,,,,,,,,,,,,,,,,,,,,,,,,,,,,,,,,,,,,,,,,,,,,,,,,,,,,,,,,,,,,,,,,,,,,,,,,,,,,,,,,,,,,,,,,,,,,,,,,,,,,,,,,,,,,,,,,,,,,,,,,,,,,,,,,,,,,,,,,,,,,,,,,,,,,,,,,,,,,,,,,,,,,,,,,,,,,,,,,,,,,,,,,,,,,,,,,,,,,,,,,,,,,,,,,,,,,,,,,,,,,,,,,,,,,
1997-01-31,0.03150128720145753,,,0.03150128720145753,,,,,0.03150128720145753,,,,0.03150128720145753,,,,,,0.025425901794288573,0.03150128720145753,0.029106114946471025,0.03150128720145753,,,,,0.030800848464915744,,,0.026537619716147234,,,,,,,,,,,0.03150128720145753,,,,,,,,,0.03150128720145753,,,,,,0.03150128720145753,0.03150128720145753,,,,,,0.03150128720145753,,,,0.026545147919212985,0.03150128720145753,0.03150128720145753,,,,,0.03150128720145753,,,,0.013253649762161491,,,0.03150128720145753,,,,,0.025879200974228543,,0.03150128720145753,,,,0.013957445811567711,0.03150128720145753,0.03150128720145753,0.03150128720145753,0.03150128720145753,,0.03150128720145753,,,0.03150128720145753,,0.03150128720145753,0.03150128720145753,0.0281864556051251,0.024276722170900975,,,,,,,,,,,,,,,,,,,,,,,,,,,,,,,,,,,,,,,,,,,,,,,,,,,,,,,,,,,,,,,,,,,,,,,,,,,,,,,,,,,,,,,,,,,,,,,,,,,,,,,,,,,,,,,,,,,,,,,,,,,,,,,,,,,,,,,,,,,,,,,,,,,,,,,,,,,,,,,,,,,,,,,,,,,,,,,,,,,,,,,,,,,,,,,,,,,,,,,,,,,,,,,,,,,,,,,,,,,,,,,,,,,,,,,,,,,,,,,,,,,,,,,,,,,,,,,,,,,,,,,,,,,,,,,,,,,,,,,,,,,,,,,,,,,,,,,,,,
1997-02-28,0.030558794014793746,0.03121175937345564,,0.03121175937345564,,,,0.03121175937345564,,,,0.03121175937345564,0.03121175937345564,,,,,,,,,0.027594252187878945,,,,,0.030210143503339882,,,0.031148942610551254,,,,,,,,,,,0.03121175937345564,,,,,,,,,,,,,,,,0.03121175937345564,,,,,,0.03121175937345564,,0.022103880179263305,0.03121175937345564,0.016052332268292595,0.03121175937345564,,,,,,0.03121175937345564,,,,0.014241568578064386,,,0.03121175937345564,0.03121175937345564,,,,0.0229123500050533,,0.030871469031810542,,0.03121175937345564,,,,0.03121175937345564,,0.02522404265801656,,0.03121175937345564,,,,0.03121175937345564,,,0.03121175937345564,,0.03121175937345564,0.03121175937345564,0.03121175937345564,0.03121175937345564,0.03121175937345564,0.03121175937345564,,,,,,,,,,,,,,,,,,,,,,,,,,,,,,,,,,,,,,,,,,,,,,,,,,,,,,,,,,,,,,,,,,,,,,,,,,,,,,,,,,,,,,,,,,,,,,,,,,,,,,,,,,,,,,,,,,,,,,,,,,,,,,,,,,,,,,,,,,,,,,,,,,,,,,,,,,,,,,,,,,,,,,,,,,,,,,,,,,,,,,,,,,,,,,,,,,,,,,,,,,,,,,,,,,,,,,,,,,,,,,,,,,,,,,,,,,,,,,,,,,,,,,,,,,,,,,,,,,,,,,,,,,,,,,,,,,,,,,,,,,,,,,,,,,,,
1997-03-31,0.03128225476497359,0.03128225476497359,,0.03128225476497359,,,,0.03128225476497359,,,,,0.03128225476497359,0.03128225476497359,,0.03128225476497359,,,0.024275680728658905,,,0.029497313858862485,,,,,,,,,,,,,,,,,,,,,0.03128225476497359,,,,,,,,,,,,,,,,,,,,0.03128225476497359,,0.02129997239306823,0.03128225476497359,0.020167951687032212,0.03128225476497359,,,,0.026942664164656276,,0.03128225476497359,,,,,,,0.03128225476497359,,0.03128225476497359,0.03128225476497359,,0.019131259167471163,,0.03128225476497359,,,,,,0.03128225476497359,,0.03128225476497359,,0.03128225476497359,,,,,,,,,0.03128225476497359,0.03128225476497359,,0.03128225476497359,,,0.03128225476497359,0.03128225476497359,0.03128225476497359,0.028463715940665185,0.02831220531896873,0.01985286761627713,,,,,,,,,,,,,,,,,,,,,,,,,,,,,,,,,,,,,,,,,,,,,,,,,,,,,,,,,,,,,,,,,,,,,,,,,,,,,,,,,,,,,,,,,,,,,,,,,,,,,,,,,,,,,,,,,,,,,,,,,,,,,,,,,,,,,,,,,,,,,,,,,,,,,,,,,,,,,,,,,,,,,,,,,,,,,,,,,,,,,,,,,,,,,,,,,,,,,,,,,,,,,,,,,,,,,,,,,,,,,,,,,,,,,,,,,,,,,,,,,,,,,,,,,,,,,,,,,,,,,,,,,,,,,,,,,,,,,,,,,,,,,,
1997-04-30,0.030879366912378834,,,,,,,0.027106806743104877,,,0.030879366912378834,0.030879366912378834,,0.030879366912378834,,,,0.030879366912378834,,,,,,,,,,,,,,,,,,,,,,,,,0.02816098731659168,,,,,,,,,,0.030879366912378834,,,,,,,,,,0.030879366912378834,,0.026614279892920232,,0.016916678590996298,0.030879366912378834,,,,,,0.030879366912378834,,,,,,,0.030879366912378834,,0.030879366912378834,,,0.024860233861450493,,0.030879366912378834,,,,,,0.030879366912378834,,0.022728328771118606,,0.030879366912378834,,,,,,,,,0.030879366912378834,,,,0.030879366912378834,,0.030879366912378834,,,,0.030879366912378834,0.01986977818958926,0.030879366912378834,0.030879366912378834,0.030879366912378834,0.030879366912378834,0.030879366912378834,0.030879366912378834,0.030879366912378834,0.030879366912378834,0.030879366912378834,,,,,,,,,,,,,,,,,,,,,,,,,,,,,,,,,,,,,,,,,,,,,,,,,,,,,,,,,,,,,,,,,,,,,,,,,,,,,,,,,,,,,,,,,,,,,,,,,,,,,,,,,,,,,,,,,,,,,,,,,,,,,,,,,,,,,,,,,,,,,,,,,,,,,,,,,,,,,,,,,,,,,,,,,,,,,,,,,,,,,,,,,,,,,,,,,,,,,,,,,,,,,,,,,,,,,,,,,,,,,,,,,,,,,,,,,,,,,,,,,,,,,,,,,,,,,,,,,,,,,,,,,,,,,,,,,,,,,
1997-05-30,0.031518024522679815,0.031518024522679815,,,,,,,,,,,,,,,,,0.02169041981688124,,,0.027371506445173246,,,,,,,,,,,,,,0.031518024522679815,,,,,,,0.031518024522679815,,,,,,,,,,0.031518024522679815,,,0.031518024522679815,,,0.031518024522679815,0.031518024522679815,,,0.031518024522679815,0.031518024522679815,,,0.017010260623196723,0.031518024522679815,,,,,,,,,,,,,0.031518024522679815,,0.031518024522679815,,0.031518024522679815,0.014025901680667122,,,,0.031518024522679815,,,,0.031518024522679815,0.031518024522679815,0.02700248951681345,0.031518024522679815,,,,,,,,,,,,,,,,0.031518024522679815,,,0.024074808681474547,0.031518024522679815,0.024214529005475608,,0.025141446640642953,,,,,,0.031518024522679815,,0.031518024522679815,0.031518024522679815,0.031518024522679815,0.031518024522679815,0.031518024522679815,,,,,,,,,,,,,,,,,,,,,,,,,,,,,,,,,,,,,,,,,,,,,,,,,,,,,,,,,,,,,,,,,,,,,,,,,,,,,,,,,,,,,,,,,,,,,,,,,,,,,,,,,,,,,,,,,,,,,,,,,,,,,,,,,,,,,,,,,,,,,,,,,,,,,,,,,,,,,,,,,,,,,,,,,,,,,,,,,,,,,,,,,,,,,,,,,,,,,,,,,,,,,,,,,,,,,,,,,,,,,,,,,,,,,,,,,,,,,,,,,,,,,,,,,,,,,,,,,,,,,,,,,,,,,,,,
1997-06-30,0.031116699633477227,0.031116699633477227,,,,,,,,,,,0.031116699633477227,,,,,0.031116699633477227,0.031116699633477227,,,,,,,,,,,,,,,,,,,,,,,,,,,,,,,,,,,,0.031116699633477227,,,,,,,,0.031116699633477227,0.031116699633477227,0.031116699633477227,,0.014915694246437865,0.031116699633477227,,,,,,,,,,,,,0.031116699633477227,,,,,0.022319431112100895,,0.031116699633477227,,,,,,0.031116699633477227,,0.031116699633477227,,,,,,,,,,0.029384516104799446,0.031116699633477227,0.031116699633477227,,0.031116699633477227,,,0.031116699633477227,,,,0.02374542469078486,0.027694807929676737,,0.02281098404828081,0.031116699633477227,,,,0.031116699633477227,,0.031116699633477227,0.031116699633477227,,,0.031116699633477227,,0.031116699633477227,0.031116699633477227,0.031116699633477227,0.031116699633477227,0.01897825176403424,,,,,,,,,,,,,,,,,,,,,,,,,,,,,,,,,,,,,,,,,,,,,,,,,,,,,,,,,,,,,,,,,,,,,,,,,,,,,,,,,,,,,,,,,,,,,,,,,,,,,,,,,,,,,,,,,,,,,,,,,,,,,,,,,,,,,,,,,,,,,,,,,,,,,,,,,,,,,,,,,,,,,,,,,,,,,,,,,,,,,,,,,,,,,,,,,,,,,,,,,,,,,,,,,,,,,,,,,,,,,,,,,,,,,,,,,,,,,,,,,,,,,,,,,,,,,,,,,,,,,,,,,,,
1997-07-31,0.03087421994034299,,,,,,,,,,,,,,,,,,0.020884543739811606,,,,,,,,,,,,,,,,,,,,,,,,0.03087421994034299,,,,,,,0.03087421994034299,,,,,,0.03087421994034299,0.03087421994034299,,,,,,,,,,0.02584665057910321,0.03087421994034299,,,,,,,,,,,,,,,,,,,,0.025921762612329945,,0.03087421994034299,,,,0.03087421994034299,,0.02181593752851059,,,,,0.03087421994034299,,,,,0.027663101747345372,,0.03087421994034299,,0.03087421994034299,,,,,,,0.03087421994034299,0.028733302396824385,,0.02611646783957407,,0.03087421994034299,,,,0.03087421994034299,,,,,0.03087421994034299,,0.03087421994034299,,0.03087421994034299,,0.020488280142337417,0.03087421994034299,0.03087421994034299,0.03087421994034299,0.03087421994034299,0.03087421994034299,0.03087421994034299,0.03087421994034299,0.03087421994034299,0.03067445490558868,,,,,,,,,,,,,,,,,,,,,,,,,,,,,,,,,,,,,,,,,,,,,,,,,,,,,,,,,,,,,,,,,,,,,,,,,,,,,,,,,,,,,,,,,,,,,,,,,,,,,,,,,,,,,,,,,,,,,,,,,,,,,,,,,,,,,,,,,,,,,,,,,,,,,,,,,,,,,,,,,,,,,,,,,,,,,,,,,,,,,,,,,,,,,,,,,,,,,,,,,,,,,,,,,,,,,,,,,,,,,,,,,,,,,,,,,,,,,,,,,,,,,,,,,,,,,,,,,,
1997-08-29,0.030401004145350654,,,,,,,,,,,,,,,,,0.030401004145350654,,,,,,,,,,,,,,,,0.030401004145350654,,0.030401004145350654,,,,,,,0.030401004145350654,,,,,,,,,,,,0.030401004145350654,0.030401004145350654,0.030401004145350654,,,,,,,,,,0.027047363841276737,0.030401004145350654,,,,,,,,,,,,,0.030401004145350654,,,,0.030401004145350654,,,0.030401004145350654,,0.030401004145350654,,,,0.030401004145350654,,0.030401004145350654,0.030401004145350654,,,,,,,,,,,0.030401004145350654,,0.02807461020170516,,,,,,,0.030401004145350654,,,0.027058919044074925,,0.030401004145350654,,,,,0.030401004145350654,0.030401004145350654,,,0.030401004145350654,,0.030401004145350654,,,,0.02431036607135699,,,,,,,0.030401004145350654,0.030401004145350654,0.02411150352000066,0.030401004145350654,0.030401004145350654,0.024301077826029287,0.024269047571088533,,,,,,,,,,,,,,,,,,,,,,,,,,,,,,,,,,,,,,,,,,,,,,,,,,,,,,,,,,,,,,,,,,,,,,,,,,,,,,,,,,,,,,,,,,,,,,,,,,,,,,,,,,,,,,,,,,,,,,,,,,,,,,,,,,,,,,,,,,,,,,,,,,,,,,,,,,,,,,,,,,,,,,,,,,,,,,,,,,,,,,,,,,,,,,,,,,,,,,,,,,,,,,,,,,,,,,,,,,,,,,,,,,,,,,,,,,,,,,,,,,,,,,,,,,,,,,
1997-09-30,0.030280131907654734,,,,,,,,,,,,,,,,,0.0255167818688227,,,,,,,,,,,,,,,,,,,,,,,,,,,,,,,,,,,,,0.030280131907654734,,,,0.030280131907654734,,,,,,,,0.027329789096195576,0.030280131907654734,,,,,,,,,,,,,0.030280131907654734,,,,0.030280131907654734,,,0.030280131907654734,,0.030280131907654734,,,,0.030280131907654734,,0.030280131907654734,,,,,0.030280131907654734,,,,,,,,,0.030280131907654734,,,,,,,,,,0.030280131907654734,,0.030280131907654734,,,,,,0.030280131907654734,,,0.030280131907654734,,0.030280131907654734,,0.030280131907654734,,0.0259460250091159,,,0.030280131907654734,,,,,0.030280131907654734,0.030280131907654734,0.030280131907654734,0.030280131907654734,0.02825784549703014,0.02951407687767046,0.030280131907654734,0.030280131907654734,0.030280131907654734,0.030280131907654734,0.030280131907654734,0.015591788236832533,,,,,,,,,,,,,,,,,,,,,,,,,,,,,,,,,,,,,,,,,,,,,,,,,,,,,,,,,,,,,,,,,,,,,,,,,,,,,,,,,,,,,,,,,,,,,,,,,,,,,,,,,,,,,,,,,,,,,,,,,,,,,,,,,,,,,,,,,,,,,,,,,,,,,,,,,,,,,,,,,,,,,,,,,,,,,,,,,,,,,,,,,,,,,,,,,,,,,,,,,,,,,,,,,,,,,,,,,,,,,,,,,,,,,,,,,,,,,,,,,,,,,,,,
1997-10-31,0.031029410051546562,,,,,,,,,,,,,,,,,0.031029410051546562,,,,0.030309951094611747,,,,,,,,,0.024319109998771963,,,,,0.031029410051546562,,,,,,,,,,,,,0.031029410051546562,,0.031029410051546562,,,,0.029829092159184816,,,,,,,,,,0.031029410051546562,,0.0243286580516124,,,,,,,,,,,,,,,,,,,,,0.031029410051546562,,,,,,0.031029410051546562,,0.023774923920321604,,,,,,,,,,,,,,0.031029410051546562,,,,,,,,,,0.031029410051546562,,,,,,,0.031029410051546562,0.031029410051546562,,0.031029410051546562,0.031029410051546562,,0.031029410051546562,,0.031029410051546562,,0.018809083066953673,0.031029410051546562,,,,0.031029410051546562,,,0.031029410051546562,0.021215074996813937,0.031029410051546562,,,,,0.031029410051546562,0.031029410051546562,0.031029410051546562,0.026764583510336202,0.031029410051546562,0.031029410051546562,0.024914271912729515,,,,,,,,,,,,,,,,,,,,,,,,,,,,,,,,,,,,,,,,,,,,,,,,,,,,,,,,,,,,,,,,,,,,,,,,,,,,,,,,,,,,,,,,,,,,,,,,,,,,,,,,,,,,,,,,,,,,,,,,,,,,,,,,,,,,,,,,,,,,,,,,,,,,,,,,,,,,,,,,,,,,,,,,,,,,,,,,,,,,,,,,,,,,,,,,,,,,,,,,,,,,,,,,,,,,,,,,,,,,,,,,,,,,,,,,,,,,,,,,,,,,,,
1997-11-28,0.03143385670162778,,,,,,0.03143385670162778,,,,,,,,,,,0.03143385670162778,,,,0.03143385670162778,,,,,,,,,,,,,,,,,,,,,,,0.03143385670162778,,,,,,,,,,0.02609189601567462,,,,,,,,,,0.03143385670162778,,0.01587097321124456,,,,,,,,,,,,,,,,,,,,,0.03143385670162778,,0.03143385670162778,,,,0.03143385670162778,,0.023420785598814053,,,,,,,,,,,,,,0.03143385670162778,,,,,,,,,,,,0.03143385670162778,,,,,0.03143385670162778,0.03143385670162778,,0.03143385670162778,0.03143385670162778,,,,,,,0.03143385670162778,,,0.03143385670162778,0.03143385670162778,,,0.03143385670162778,,,,,0.023327965416728554,,0.03143385670162778,,0.03143385670162778,0.025860223804474194,0.03143385670162778,0.03143385670162778,0.018695496991796887,0.03143385670162778,0.03143385670162778,0.03143385670162778,0.026106566616233038,0.023345818102711722,,,,,,,,,,,,,,,,,,,,,,,,,,,,,,,,,,,,,,,,,,,,,,,,,,,,,,,,,,,,,,,,,,,,,,,,,,,,,,,,,,,,,,,,,,,,,,,,,,,,,,,,,,,,,,,,,,,,,,,,,,,,,,,,,,,,,,,,,,,,,,,,,,,,,,,,,,,,,,,,,,,,,,,,,,,,,,,,,,,,,,,,,,,,,,,,,,,,,,,,,,,,,,,,,,,,,,,,,,,,,,,,,,,,,,,,,,,,,,,,,
1997-12-31,0.024907424035242955,,,,,,0.030678382525517706,,,,,,,,,,,,,,,,,,,,,,,,,,,0.030678382525517706,,0.030678382525517706,,,,,,,,,,,,,,,,,,,0.028242976151234386,,,,,,,,0.030678382525517706,,,,0.012214510069719329,,,,,,,,,,,,,,,,,,,,,0.030678382525517706,,0.030678382525517706,,,,0.030678382525517706,,0.030578728895060935,,,,,0.026410195379834207,,,,,,,,,0.030678382525517706,,,,,,,0.030678382525517706,,,0.03036882436865686,,0.030678382525517706,,,,,0.030678382525517706,,,,0.030678382525517706,,,,0.030678382525517706,,,,,,0.030678382525517706,0.030678382525517706,0.030678382525517706,,0.030678382525517706,,0.030678382525517706,,,0.019441875142837677,,,,,0.030678382525517706,0.030678382525517706,,,0.030678382525517706,0.01713814264784342,0.030678382525517706,0.01983407917764387,0.030678382525517706,0.030678382525517706,0.030678382525517706,0.02390368099398362,,,,,,,,,,,,,,,,,,,,,,,,,,,,,,,,,,,,,,,,,,,,,,,,,,,,,,,,,,,,,,,,,,,,,,,,,,,,,,,,,,,,,,,,,,,,,,,,,,,,,,,,,,,,,,,,,,,,,,,,,,,,,,,,,,,,,,,,,,,,,,,,,,,,,,,,,,,,,,,,,,,,,,,,,,,,,,,,,,,,,,,,,,,,,,,,,,,,,,,,,,,,,,,,,,,,,,,,,,,,,,,,,,,,,,,,,,,,,,
1998-01-30,0.031456712886463366,,,,,,,,,,,,,,,,,,,,0.025231226747848907,,,,,,,,,,,,,,,0.031456712886463366,,,,,,,,,,,,,0.031456712886463366,,,,,,,,,,0.031456712886463366,,,,,,,,0.014929646120774069,,,,,,,,,,,,,,,,,,,,,0.031456712886463366,,0.02018793230541281,,,,,,0.031456712886463366,0.031456712886463366,,,,0.031456712886463366,,,,,,,,,,,,,,,,,,0.031456712886463366,0.031456712886463366,,,,,,,,0.031456712886463366,,,0.031456712886463366,,,0.031456712886463366,0.027228051765460445,,,0.030410935392535428,0.031456712886463366,,0.022431857592495514,0.031456712886463366,,,,,0.031456712886463366,,,,,,,0.028336015543742186,,0.025263142654552928,0.031456712886463366,,,0.023604433276174733,0.031456712886463366,0.016874827958953027,0.027291324716847313,0.031456712886463366,0.031456712886463366,0.019503750898135778,0.031456712886463366,0.031456712886463366,0.02665917152487271,,,,,,,,,,,,,,,,,,,,,,,,,,,,,,,,,,,,,,,,,,,,,,,,,,,,,,,,,,,,,,,,,,,,,,,,,,,,,,,,,,,,,,,,,,,,,,,,,,,,,,,,,,,,,,,,,,,,,,,,,,,,,,,,,,,,,,,,,,,,,,,,,,,,,,,,,,,,,,,,,,,,,,,,,,,,,,,,,,,,,,,,,,,,,,,,,,,,,,,,,,,,,,,,,,,,,,,,,,,,,,,,,,,,,,,,,,,
1998-03-31,0.03050287205749653,0.03050287205749653,,,,,,,,,,,,0.03050287205749653,,,,0.03050287205749653,,,0.03050287205749653,,,,,,,0.03050287205749653,,,0.03050287205749653,,,,,,,,,,,,,,,,,,0.03050287205749653,,,,,0.03050287205749653,,,,,,,,,,,,,0.014487845092838326,,,,,,,,,,,0.017846444863178972,0.03050287205749653,,,,,,,,,0.03050287205749653,,,,,,,,,,,,,0.03050287205749653,,,,0.02483860661138703,,0.0262141464468943,,,,,,,,,,,,0.03050287205749653,0.03050287205749653,,,,,,,,,,,,,,,0.03050287205749653,,,0.03050287205749653,,,,0.03050287205749653,,,0.03050287205749653,,0.03050287205749653,,,,,,,0.03050287205749653,,,0.03050287205749653,,,0.02487983165081098,,0.017080970238156343,0.021277121342729882,0.03050287205749653,0.03050287205749653,,,0.03050287205749653,0.03050287205749653,,0.03050287205749653,0.029797488201597822,0.03050287205749653,,,,,,,,,,,,,,,,,,,,,,,,,,,,,,,,,,,,,,,,,,,,,,,,,,,,,,,,,,,,,,,,,,,,,,,,,,,,,,,,,,,,,,,,,,,,,,,,,,,,,,,,,,,,,,,,,,,,,,,,,,,,,,,,,,,,,,,,,,,,,,,,,,,,,,,,,,,,,,,,,,,,,,,,,,,,,,,,,,,,,,,,,,,,,,,,,,,,,,,,,,,,,,,,,,,,,,,,,,,,,,,,,,,,,,,
1998-05-29,0.029936963794422018,,,,,,,,,,,,,,,,,,,,,,,,,,,0.029936963794422018,,,,,,,,,,,,,,,,,,,,,0.029936963794422018,,,,,0.029936963794422018,0.029936963794422018,,0.029936963794422018,,,,,,,,,,,,,0.029936963794422018,,,,,,,,0.012200639382705126,,,0.029936963794422018,,,,,,,0.029936963794422018,,,,,,,,,,,,,0.029936963794422018,,,,0.029936963794422018,,0.029936963794422018,,,,,,,,,,,,,,,,,,,,,,,,0.029936963794422018,,,,0.029936963794422018,,,0.029936963794422018,0.029936963794422018,,,0.029936963794422018,,,,,0.027487680476069264,0.029936963794422018,,,,0.029936963794422018,,,,,0.029936963794422018,,,0.029412217871930366,,0.0226354048200075,0.01602651332447539,0.029936963794422018,0.029936963794422018,,,,,,0.029936963794422018,0.029936963794422018,0.029936963794422018,,,0.029936963794422018,,0.029936963794422018,0.029936963794422018,0.02868688607947129,0.025315671801524383,,,,,,,,,,,,,,,,,,,,,,,,,,,,,,,,,,,,,,,,,,,,,,,,,,,,,,,,,,,,,,,,,,,,,,,,,,,,,,,,,,,,,,,,,,,,,,,,,,,,,,,,,,,,,,,,,,,,,,,,,,,,,,,,,,,,,,,,,,,,,,,,,,,,,,,,,,,,,,,,,,,,,,,,,,,,,,,,,,,,,,,,,,,,,,,,,,,,,,,,,,,,,,,,,,,,,,,,,,,,,,,
1999-07-30,0.029654871434675652,,,,,,,,,,,,,,,,,,,,,,,0.017172558590739927,,,,,,,0.019527566363651244,,,,,0.029654871434675652,,,0.019360265049518027,,,,,,,,,,,,,,0.029654871434675652,,,,,0.029654871434675652,,,,,,,,,,,,0.029654871434675652,,,0.01976697699693727,,,,,,,,,,,,,,,,,,,,0.026395513505595197,,,,,,,,,0.024671118889889095,,,,,,,,,0.029654871434675652,,,,,,,,0.029654871434675652,,,,,,,,,,,0.029654871434675652,,,,,,,0.019301161802130196,0.029356822023640587,,,,,,,,,,,,,,,,,0.02608780045516444,,,,,0.02488627406732634,,0.01999516119510643,,,,,,,,,,,,,,,,,,,0.013674302164853542,,,,0.029654871434675652,,,,0.029654871434675652,,,0.01954361340558375,,,,,,0.029654871434675652,0.029654871434675652,,,,0.022964737988274163,0.029654871434675652,0.029654871434675652,,0.015234084504049632,,,,0.029654871434675652,,0.029654871434675652,,0.029654871434675652,0.029654871434675652,0.029654871434675652,0.029654871434675652,0.029654871434675652,0.029654871434675652,0.029654871434675652,,,,,,,,,,,,,,,,,,,,,,,,,,,,,,,,,,,,,,,,,,,,,,,,,,,,,,,,,,,,,,,,,,,,,,,,,,,,,,,,,,,,,,,,,,,,,,,,,,,,,,,,,,,,,,,,,,,,,,,,,,,,,,,,,,,,,,,,,,,,,,,,,,,,,,,,,,,,,,,,,,,,,,,,,,,,,,,,,,,,,,,
1999-08-31,0.028537603129687686,,,,,,,,,,,,,,,,0.028537603129687686,,,,,,,0.028537603129687686,,0.028537603129687686,,,,,0.02499731591117285,,,,,,,,0.028537603129687686,,,,,,,,,,,,,,,,,,,0.028537603129687686,,,,,,,,,,,,,0.028537603129687686,,0.028537603129687686,,,,,,,,,,,,,,0.028537603129687686,,,,,,,,,0.028537603129687686,,,,,0.028537603129687686,,,,,,,,,,0.02750484371807807,,,,,,,,,,,,,,,,,,,,,,,,,,,0.028537603129687686,,,,,,,,,,,,,,,,,0.018371844729528804,,,,,0.023139461197263105,0.028537603129687686,0.027025886834012663,,,,,,,,,,,0.028537603129687686,,,,,,,,0.015188365617298418,,,,,,,,,,,0.028537603129687686,,,,,,0.028537603129687686,0.028537603129687686,,,,0.028537603129687686,,0.0192494526902866,,0.014484978549362891,,,,0.02787797217775999,,,,0.028537603129687686,0.028537603129687686,,0.018904909379739546,0.028537603129687686,,0.028537603129687686,0.028537603129687686,0.028537603129687686,0.028537603129687686,0.028537603129687686,0.021719166891193714,0.019558120932423515,,,,,,,,,,,,,,,,,,,,,,,,,,,,,,,,,,,,,,,,,,,,,,,,,,,,,,,,,,,,,,,,,,,,,,,,,,,,,,,,,,,,,,,,,,,,,,,,,,,,,,,,,,,,,,,,,,,,,,,,,,,,,,,,,,,,,,,,,,,,,,,,,,,,,,,,,,,,,,,,,,,,,,,,,,,,,,,,,
1999-09-30,0.028343241509522357,,,,,,,,,,,,,,,,,,,0.028343241509522357,,,,0.018187858729276623,,0.028343241509522357,,,,,0.015398627339794609,,,0.028343241509522357,,,,,0.028343241509522357,,,,0.028343241509522357,0.028343241509522357,,,,,,,,,,,,,,0.028343241509522357,,,,,,,,,,,,,0.028277826962163032,,0.028343241509522357,,,,,,,,,,,,,,,,,,,,0.028343241509522357,,,0.02358040555982062,,,,,0.028343241509522357,,,,,,,,,,,,,,,,,,,,,,,,,,,,,0.026675950465787548,,,0.028343241509522357,,,,,,,,,,,,,,,0.028343241509522357,,,,,,,0.028343241509522357,,,,,0.019616975691714614,,0.028343241509522357,,,,,,,,,,,,,,,,,,,0.015901929522755383,,0.028343241509522357,,0.028343241509522357,,,,0.028343241509522357,,,0.028343241509522357,,,,,,,0.028343241509522357,,,,0.028343241509522357,,,,0.028343241509522357,,,,0.02507722596345647,,0.028343241509522357,,,0.028343241509522357,,,0.024004369806493786,,,0.028343241509522357,,,,0.019599958583174506,0.028343241509522357,0.028343241509522357,0.018411350618458906,,,,,,,,,,,,,,,,,,,,,,,,,,,,,,,,,,,,,,,,,,,,,,,,,,,,,,,,,,,,,,,,,,,,,,,,,,,,,,,,,,,,,,,,,,,,,,,,,,,,,,,,,,,,,,,,,,,,,,,,,,,,,,,,,,,,,,,,,,,,,,,,,,,,,,,,,,,,,,,,,,,,,,,,,,,,,,,
1999-10-29,0.02773984284807485,,,,,,,,,,,,,,,,,,,,,,,0.026264286070077768,,,,,,,0.020768237834345095,,,,,,,,0.02773984284807485,,,,0.02773984284807485,,,,,,,,,,,,,,,,,,,,,,,,,0.02773984284807485,,,,,0.026999979668413582,,,,,,,,0.02360730589406283,,,,,,0.02773984284807485,,,,,,0.02773984284807485,,,0.02773984284807485,,,,,0.02773984284807485,,,,,,,,,,,,,,,,,,,,,,,,,,,,,,,,,,,,,,,,,,,,,,,0.02773984284807485,,,,,,,0.019216343901634715,,,,,0.02773984284807485,,0.02471531876051423,,,,,,,,,,,0.02773984284807485,,,,0.02773984284807485,,,,0.0263717799510948,,,,0.02773984284807485,,,,,,,0.02773984284807485,,,,,,,0.02773984284807485,,,,0.02773984284807485,,0.02773984284807485,0.023806915993713394,0.022345870869040805,,,,0.02773984284807485,,,,0.02773984284807485,0.02773984284807485,,0.012966052939294946,0.02773984284807485,0.02773984284807485,0.02773984284807485,,,0.02773984284807485,,0.02773984284807485,0.02773984284807485,0.02773984284807485,0.023962151219786742,,,,,,,,,,,,,,,,,,,,,,,,,,,,,,,,,,,,,,,,,,,,,,,,,,,,,,,,,,,,,,,,,,,,,,,,,,,,,,,,,,,,,,,,,,,,,,,,,,,,,,,,,,,,,,,,,,,,,,,,,,,,,,,,,,,,,,,,,,,,,,,,,,,,,,,,,,,,,,,,,,,,,,,,,,,,,,,
1999-11-30,0.029392146586047923,,,,,,,,,,,,,,,,,,,,,,,0.016284617081229375,,,,,,0.01942348782393833,0.027464978138035973,,,,,,,,0.017406249638046566,,,,0.029392146586047923,,,,,,,,,,,,,,,,,,,,,,,,,0.029392146586047923,,,0.02640736987380151,,0.029392146586047923,,,0.029392146586047923,,,,0.029392146586047923,,,,,,,,,,,,,,0.029392146586047923,,0.029392146586047923,,,,,,,,,,,,,,,,,,,,,,,,,,,,,,,,,,,,,0.029392146586047923,,,,,,,,,,,,,,,0.029392146586047923,,,,,,,0.017721820578009362,,,,,0.02061616924656947,,0.028626050235105383,,,,,,,,,,,0.029392146586047923,,,,,,,,0.016918892796870002,,,,0.029392146586047923,,,,,,,0.029392146586047923,,,,,,,0.029392146586047923,,,,0.029392146586047923,,0.027668134147649653,,0.01810763374194459,,,,0.018999839322837775,,,,,,0.027066720886059974,0.029392146586047923,0.029250533099685932,,0.029392146586047923,,0.029392146586047923,0.029392146586047923,,0.028224994461208717,0.01831674818955185,0.02873678736154716,0.024916041656949772,0.029392146586047923,,,,,,,,,,,,,,,,,,,,,,,,,,,,,,,,,,,,,,,,,,,,,,,,,,,,,,,,,,,,,,,,,,,,,,,,,,,,,,,,,,,,,,,,,,,,,,,,,,,,,,,,,,,,,,,,,,,,,,,,,,,,,,,,,,,,,,,,,,,,,,,,,,,,,,,,,,,,,,,,,,,,,,,,,,,,,,
1999-12-31,0.03011444334983595,,,,,,,,,,,,,,,,,,,,,,,,,,,,,0.01593363866024746,0.015150730511704277,,0.024285204048118857,,,0.03011444334983595,,,0.019105202900444325,,,,0.03011444334983595,,,,,,,,,,,,,,,,,,,,,,,,,,,,0.018589285066457153,,0.03011444334983595,,,,,,,0.027275185987312125,,,,,,,0.03011444334983595,,,,,,,,,0.03011444334983595,,,,,,,,,,,,,,,,,,0.03011444334983595,,,,,,,,,,,,,,,,,,,,,,,,,,,0.03011444334983595,,,,,,,0.03011444334983595,,,,,,,,,,,,0.018689569349575788,,,,,,,,,,,,,0.03011444334983595,,,,,,,,,,,,0.03011444334983595,,,,,,,0.025672204974163605,,,,,,,0.03011444334983595,,,,0.03011444334983595,,,,0.01248111353929443,,,,0.013910469483719757,,,,0.03011444334983595,,0.03011444334983595,0.0186639626051104,0.029575585603059232,,0.03011444334983595,,0.03011444334983595,0.03011444334983595,0.03011444334983595,0.019142435854475528,,0.03011444334983595,0.02500391618942207,,0.03011444334983595,0.03011444334983595,0.03011444334983595,0.023889298180667946,,,,,,,,,,,,,,,,,,,,,,,,,,,,,,,,,,,,,,,,,,,,,,,,,,,,,,,,,,,,,,,,,,,,,,,,,,,,,,,,,,,,,,,,,,,,,,,,,,,,,,,,,,,,,,,,,,,,,,,,,,,,,,,,,,,,,,,,,,,,,,,,,,,,,,,,,,,,,,,,,,,,,,,,,,
2000-01-31,0.029282321215331242,,,,,,,,,,,,,,,,,,,0.029282321215331242,,,,,,,,,,0.014333215665528825,0.015378999244135768,,,,,,,,0.022220559361954467,,,,0.029282321215331242,,,,,,,,,,,,,,,,,,,,,,0.00819521995480397,,,,,,,,0.028473692499149786,,,0.029282321215331242,,,,0.029282321215331242,,,,,,,0.029282321215331242,0.029282321215331242,,,,,,,,0.029282321215331242,,,,,,,,,,,,,,,0.029282321215331242,,,,,,,,,,,,,,,,,,,,,,,,,,,,,,0.029282321215331242,,,0.029282321215331242,,,,0.029282321215331242,,,,,,,,,,,,,,,,,,,,,,,,,0.029282321215331242,,0.012715667320487465,,,,,,,,,,0.029282321215331242,,,,,,,,,,,,,,0.029282321215331242,,0.029282321215331242,,0.029282321215331242,,,,0.020010241300539657,,,,0.016406093513222482,,,,,,,0.02171849784753285,0.029282321215331242,,,,0.029282321215331242,0.029282321215331242,0.029282321215331242,,0.029282321215331242,0.029282321215331242,0.02064281926336989,,,,0.029282321215331242,,0.029282321215331242,0.029282321215331242,0.029282321215331242,0.029282321215331242,,,,,,,,,,,,,,,,,,,,,,,,,,,,,,,,,,,,,,,,,,,,,,,,,,,,,,,,,,,,,,,,,,,,,,,,,,,,,,,,,,,,,,,,,,,,,,,,,,,,,,,,,,,,,,,,,,,,,,,,,,,,,,,,,,,,,,,,,,,,,,,,,,,,,,,,,,,,,,,,,,,,,,
2000-02-29,0.028248822805447233,,,,,,,,,,,,0.028248822805447233,,,,0.028248822805447233,,,,0.028248822805447233,,,,,,0.028248822805447233,,,0.0213280207736799,0.017124547823322556,,,,,,,,0.028248822805447233,0.028248822805447233,,,0.028248822805447233,,,,,,,,,,,,,,,,,,,,,,0.012263785563431967,,,0.028248822805447233,,,,,0.028248822805447233,,,0.028248822805447233,,,,0.028248822805447233,,,,,,,,0.028248822805447233,,,,,,,,0.02553755494552087,,,,,,,,,,,,,,,0.028248822805447233,,,,,,,,,,,,,,,,,,,,,,,,,,,,,,,,,0.028248822805447233,,,,0.028248822805447233,,,,,,,,,,,,,0.028248822805447233,0.01766031256440803,,,,,,,,,,,0.028248822805447233,,0.020141442968339897,,,,,,,,,,0.027033582152013482,,,,0.028248822805447233,,,,,,,,,,,,0.028248822805447233,,0.028248822805447233,,,,0.025508773890436834,,0.028248822805447233,,0.024894900026320457,,,,,,0.028248822805447233,0.028248822805447233,0.028248822805447233,,,,0.027791176356973927,0.028248822805447233,,,0.023419893479755576,,0.022826616514168317,,,,,,,,,,,,,,,,,,,,,,,,,,,,,,,,,,,,,,,,,,,,,,,,,,,,,,,,,,,,,,,,,,,,,,,,,,,,,,,,,,,,,,,,,,,,,,,,,,,,,,,,,,,,,,,,,,,,,,,,,,,,,,,,,,,,,,,,,,,,,,,,,,,,,,,,,,,,,,,,,,,,,,,,,,,,,,,
2000-03-31,0.030373245942672256,0.022397884251756373,,,,,,,,,,,,,,,,,,,0.030373245942672256,,,,,,0.030373245942672256,,,0.02722379553563356,0.015563147561247895,,,,,0.030373245942672256,0.030373245942672256,,0.030373245942672256,,,,0.030373245942672256,,,,0.012611548706896894,,,,,,,,,,,,,,,,,,0.013463011880255928,,,,,,,0.0169792344297336,,,,,,,,0.030373245942672256,,,,,,,,,,0.030373245942672256,,,,0.018389841481415713,,0.030373245942672256,,,,,,,,,0.021426428374701607,,,,,,0.030373245942672256,,,,,,,,,,,,,,,,0.026540184860886405,,,,,,,,,,,,,,,,,0.024237547136980717,,,,0.030373245942672256,,,,,,,,,,,,,,0.017864707729623713,,,,,,,,,,,0.030373245942672256,,0.018737583115126043,,,,,,,,,,,,,,,,,,,,,,,,,,0.030373245942672256,,0.029569197250391036,,0.030373245942672256,,0.018166146560610132,,0.025756913277586262,,0.030373245942672256,,,,,,0.030373245942672256,,,0.030373245942672256,,,,,,,0.030373245942672256,0.030373245942672256,,,,,0.029882689540127294,0.023351973510909233,,,,,0.030373245942672256,,,,,,,,,,,,,,,,,,,,,,,,,,,,,,,,,,,,,,,,,,,,,,,,,,,,,,,,,,,,,,,,,,,,,,,,,,,,,,,,,,,,,,,,,,,,,,,,,,,,,,,,,,,,,,,,,,,,,,,,,,,,,,,,,,,,,,,,,,,,,,,,,,,,,,,,,,,,,,,,,,,,,
2000-04-28,0.030576619284269115,0.02842143258753553,,,,,,,,,,,,,,,,,,,0.030576619284269115,,,,,,0.023918473149370602,,,,0.018273177653342514,,,,,,0.030576619284269115,,0.030576619284269115,,,,,,,,0.012058363125285841,,,,,,,,,,0.030576619284269115,,,,,,,,0.01649664205503469,,,,,,,0.019063160583269567,,,,0.030576619284269115,,,,,,,,,,,,,,,,,,,,0.02657596539961645,,,,,,,,,0.01879487342483364,,0.030576619284269115,,,,0.030576619284269115,,,,,,,,,,,,,,,,0.030576619284269115,,,,,,,,,,,,,,,,,,,,,0.030576619284269115,,,,,,,,,,,,0.030030146577001707,,,,0.030576619284269115,,,,,,,,,0.030576619284269115,,0.012852392537343584,,,,,,,,,,0.030576619284269115,,,,,,,,,,,,,,,,0.030576619284269115,0.023247278658910818,,,0.02701456400796191,0.023896031719384817,0.0117375317168215,,0.030576619284269115,,0.022908942394559886,,,,,,0.028320397689265916,,0.030576619284269115,0.030576619284269115,,,,,0.030576619284269115,,0.0249407973632364,,,,,,,0.019917443671842307,,,0.030576619284269115,,,0.030576619284269115,,,,,,,,,,,,,,,,,,,,,,,,,,,,,,,,,,,,,,,,,,,,,,,,,,,,,,,,,,,,,,,,,,,,,,,,,,,,,,,,,,,,,,,,,,,,,,,,,,,,,,,,,,,,,,,,,,,,,,,,,,,,,,,,,,,,,,,,,,,,,,,,,,,,,,,,,,,,,,,,,,,,
2000-05-31,0.029453561447742083,,,,,,,,,,,,,,,,,,,,0.029453561447742083,,,,,,0.026802328740024965,,,,,,,,,0.029453561447742083,0.029453561447742083,,0.029453561447742083,,,,,,,,0.024442547175595606,,,,,,,,,,0.029453561447742083,,,,,,,,0.016840316726906245,,,0.029453561447742083,,,,0.019510186906078156,0.02182962452090863,,,0.029453561447742083,,,,,,,,,,,,,,,,,,,,0.028406389438247658,,,,,,,,,0.0185591808637482,,,,,,0.029453561447742083,,0.029453561447742083,,,,,0.02049321666984808,,,,,,,,,0.01960062686715376,,,,,,,,,,,,0.029453561447742083,,,,,,,,,0.02898976865642964,,,,,,,,,,,,0.02423950959333098,,,,,,,,,,,,,0.029453561447742083,,0.015391028681463753,,,,,,,,,,0.029453561447742083,,,,,,,,,,,,,,,,0.029453561447742083,0.02394791684386522,,,0.02131486117357606,,,,0.029453561447742083,,,,,,,,0.029453561447742083,,,0.029453561447742083,,,,,,,0.022702725151984283,0.029453561447742083,,,0.029453561447742083,,,,,,,,,0.029453561447742083,0.029453561447742083,0.029453561447742083,0.018951420140512723,,,,,,,,,,,,,,,,,,,,,,,,,,,,,,,,,,,,,,,,,,,,,,,,,,,,,,,,,,,,,,,,,,,,,,,,,,,,,,,,,,,,,,,,,,,,,,,,,,,,,,,,,,,,,,,,,,,,,,,,,,,,,,,,,,,,,,,,,,,,,,,,,,,,,,,,,,,,,,,,,
2000-06-30,0.022265159528463276,,,,,,,,,,,,0.0280411664036068,,,,,,,,0.023493849788912412,,,,,,0.02548225043988742,,,,,,,,,,0.0280411664036068,,0.0280411664036068,,,,,,,,0.012220515418972972,,,,0.0280411664036068,,,,,,0.0280411664036068,,,,,,,,,,,,,,,0.014844201999559941,0.01794973691784278,,,0.0280411664036068,0.0280411664036068,,,,,,,,,,,,,,,,,,,0.024828187949930722,,,,,,0.0280411664036068,,,,,,,,,0.027651476605063664,,0.0280411664036068,,,,,0.02622446759344499,,,,,,,,,,,,,,,,,,,,,0.0280411664036068,,,,,,,,,0.0280411664036068,,,,,,,,,,,,,,,,,,,,,,,,,0.0280411664036068,,0.016876029236705052,,,,,,,,,,0.0280411664036068,,,,,,0.027046086445321554,,,,,,,,,,0.0280411664036068,0.0280411664036068,,,0.0280411664036068,,,,0.0280411664036068,,,,,,,,,,,,,,0.0280411664036068,,,,0.024193071786616702,0.0280411664036068,,,,0.0280411664036068,0.0280411664036068,,,0.0280411664036068,,,,0.0280411664036068,,,0.012897445509571106,0.0280411664036068,0.0280411664036068,0.02299836068953726,,,,,,,,,,,,,,,,,,,,,,,,,,,,,,,,,,,,,,,,,,,,,,,,,,,,,,,,,,,,,,,,,,,,,,,,,,,,,,,,,,,,,,,,,,,,,,,,,,,,,,,,,,,,,,,,,,,,,,,,,,,,,,,,,,,,,,,,,,,,,,,,,,,,,,,,,,,,,,
2000-07-31,0.027992407038305595,,,,,,,,,,,,0.0249954931094546,,,,,,,,0.027992407038305595,,,,,,0.027992407038305595,,,,,,,,,,0.027992407038305595,,0.027044016755469844,,,,,,,,0.01757357772860331,,,,0.027992407038305595,,,,,,0.02387136698814818,,,,,,,,0.01994833767235454,,,,,,,0.02359030455436111,0.019848225009157196,,,0.027992407038305595,0.02569792395884367,,,,,,,,,,,,,,,,,,,0.027992407038305595,,,,,,0.027992407038305595,,,,,,,,,0.027992407038305595,,0.027992407038305595,,,,,0.02193870879934808,,,,,,,,,,,,,,,,,,,,,0.027992407038305595,,,,,,,,,0.027992407038305595,,,,,,,,,,,,,,,,,,,,,,,,,0.027992407038305595,,0.019354319510560932,,,,,,,,,,0.027992407038305595,0.027992407038305595,,,,,0.02337871728501263,,,,,,,,,,0.027992407038305595,0.027992407038305595,,,0.021453349943849006,,0.021223414819381083,,0.027992407038305595,,,,,,,,,,,,,,,,,,0.023051812085186203,0.027992407038305595,,,,0.02675158051209719,0.027992407038305595,,,,,,,0.027992407038305595,,,0.017109409941869675,0.027336486483579673,0.027992407038305595,,,,,,,,,,,,,,,,,,,,,,,,,,,,,,,,,,,,,,,,,,,,,,,,,,,,,,,,,,,,,,,,,,,,,,,,,,,,,,,,,,,,,,,,,,,,,,,,,,,,,,,,,,,,,,,,,,,,,,,,,,,,,,,,,,,,,,,,,,,,,,,,,,,,,,,,,,,,,,,
2000-08-31,0.024373181073373093,0.028491417639072432,,,,,,,,,,,,,,,,,,,0.028491417639072432,,,,,,0.02267698376999083,,,,,,,,,,,,,,,,,,,0.028491417639072432,0.020553989319937505,,,,0.028491417639072432,,,0.028491417639072432,,,0.028491417639072432,,,,,,,,,,,,,,,0.016528489639667677,0.011948367588332396,,,,0.028491417639072432,,,,,,,,,,,,,,,,,,,0.028491417639072432,,,,,,0.028491417639072432,,,,,,,,,0.028491417639072432,,0.028491417639072432,,0.028491417639072432,,,,,,,,,,,,,,,,,,,,,,,,0.028491417639072432,,,,,,,,,0.028491417639072432,,,,,,,,,,,,,,,,0.028491417639072432,,0.01258682870736734,,,,,,,0.028491417639072432,,0.021064711480630716,,,,,,,,,,,,,,,,,,,,,,,,,,0.02389101187131943,0.028491417639072432,,,0.014849584655002175,,,,0.02418780649229391,,,,,,,,0.028491417639072432,,,0.028491417639072432,,,0.028491417639072432,,,,0.02758485419677253,0.028491417639072432,,,,0.025027470474952677,0.028491417639072432,,,,,,,0.028491417639072432,,,0.019565422826930245,0.028491417639072432,,,0.027473042673439273,0.023894231892251754,,,,,,,,,,,,,,,,,,,,,,,,,,,,,,,,,,,,,,,,,,,,,,,,,,,,,,,,,,,,,,,,,,,,,,,,,,,,,,,,,,,,,,,,,,,,,,,,,,,,,,,,,,,,,,,,,,,,,,,,,,,,,,,,,,,,,,,,,,,,,,,,,,,,,,,,,,,,
2000-09-29,0.028350712142010695,,,,,,,,,,,,,,,,,,,,0.028350712142010695,,,,,,0.028350712142010695,,,,,,,,,,,,0.015932098297081348,,,,,,0.028350712142010695,0.028350712142010695,0.019078743872572006,,,,0.028350712142010695,,,0.028350712142010695,,,0.028350712142010695,,,,,,,,0.018925283278597636,,,,,,,0.01892702832793739,,,,0.028350712142010695,0.028350712142010695,,,,,,,,,,,,,,,,,,,,,,,,,,,,,,,0.028350712142010695,,,0.028350712142010695,,0.028350712142010695,,0.028350712142010695,,,0.015205912626728234,,,,,,,,,,,,,,,,,,,,,0.028350712142010695,,,,,,,,0.028350712142010695,0.028350712142010695,,,,,0.028350712142010695,,,,,,,,,,,,,,,,,,,,,,0.016711416824270926,,,,,,,,,,,,,,,,,,,,,,,,,,,0.028350712142010695,,,0.019070942402378416,,,,0.027422137147425325,,,,,,,,0.028350712142010695,,,,,,0.027653604146982837,,,,0.0221887865662665,,,,,0.021224126553163778,0.028350712142010695,0.019117978516081244,,,,,,,,0.028350712142010695,0.025636453685394796,0.028350712142010695,0.028350712142010695,,0.02413768420485198,,0.028350712142010695,,,,,,,,,,,,,,,,,,,,,,,,,,,,,,,,,,,,,,,,,,,,,,,,,,,,,,,,,,,,,,,,,,,,,,,,,,,,,,,,,,,,,,,,,,,,,,,,,,,,,,,,,,,,,,,,,,,,,,,,,,,,,,,,,,,,,,,,,,,,,,,,,,,,,,,,,,,
2000-10-31,0.028948327244283926,,,,0.029044508094578297,,,,,,,,,,,0.029044508094578297,,0.029044508094578297,,,0.029044508094578297,,,,,0.028475339154707093,0.029044508094578297,,,,,,,,,0.029044508094578297,,,,,,,,,0.029044508094578297,0.029044508094578297,0.015444176658461645,,,,,,,0.029044508094578297,,,0.019181841509770776,0.029044508094578297,,,,,,,0.01711177268452426,,,,,,,0.019244885497588623,,,,,0.029044508094578297,,,,,,,,,,,,,,,,,,,,,,,,,,,,,,,0.029044508094578297,,,0.029044508094578297,,0.029044508094578297,,0.029044508094578297,,,,0.029044508094578297,,,,,,,,,,,,,,,,,,,,0.029044508094578297,,,,,,,,0.029044508094578297,,,,,,,,,,,,,,,,,,,,,,,,,,,,0.01797751427568597,,,,,,,,,,,,,,,,,,,,,,,,,,,0.02491669643274183,,,,,,,0.021492643366500506,,,,,,,,0.024592729422496375,,,,,,0.02466083810336456,,,,,,,,,0.017682038647232685,,0.029044508094578297,0.01417402257902242,,,,,0.029044508094578297,,0.029044508094578297,0.020741464154249205,0.02188192224485192,,,0.015450101849217192,,0.029044508094578297,0.029044508094578297,,,,,,,,,,,,,,,,,,,,,,,,,,,,,,,,,,,,,,,,,,,,,,,,,,,,,,,,,,,,,,,,,,,,,,,,,,,,,,,,,,,,,,,,,,,,,,,,,,,,,,,,,,,,,,,,,,,,,,,,,,,,,,,,,,,,,,,,,,,,,,,,,,,,,,,,,,
2000-11-30,0.028956636652210675,,,,,0.028956636652210675,,,,,,,,,,0.028956636652210675,,0.026606499882296897,,,0.028956636652210675,,,,,,0.02645191163600022,,,,0.016473278022839936,,0.017546900506507215,,,0.028956636652210675,,,,,,,,,0.028956636652210675,0.028956636652210675,0.014884411392730437,,,,0.028956636652210675,,,0.028956636652210675,,,,0.028956636652210675,,,,,,,,,,,,,,0.011637853238011541,,,,,0.028956636652210675,,,,,0.028956636652210675,,,,,,,0.028956636652210675,,,,,,,,,,,,,,,,,,,0.028956636652210675,,,,,0.025848858365032343,,,,,,,,,,,,,,,,,,,,,,,,,,,,,,,,,,0.028956636652210675,,,,,,,,,,,,,,,,,,,,,,,,,,,,0.012222930598790734,,,,,,,,,,,,,,0.028956636652210675,,,,,,,,,,,,,,,,0.02240958766037062,,,,0.024447183533205866,,,,,,,,0.028956636652210675,,,0.028956636652210675,,,0.028535545680260208,,,,,,,,,,0.028956636652210675,0.02797821193044505,,,,,,0.028956636652210675,,,0.013170282275866491,0.019703759249069308,,,0.017858540417027606,,0.028956636652210675,0.028956636652210675,0.028956636652210675,0.028221602610699892,,,,,,,,,,,,,,,,,,,,,,,,,,,,,,,,,,,,,,,,,,,,,,,,,,,,,,,,,,,,,,,,,,,,,,,,,,,,,,,,,,,,,,,,,,,,,,,,,,,,,,,,,,,,,,,,,,,,,,,,,,,,,,,,,,,,,,,,,,,,,,,,,,,,,,,,
2003-06-30,0.017427482042683184,,,,,,,,,,,,,0.01998510624819799,,,,,,,,,,0.021361156583123955,0.021571722520887775,,,,,,,,,,,,,,,,,,,,0.02876244729210633,,,,,,,,,,0.02876244729210633,,,0.02876244729210633,,,,,,0.02876244729210633,,,,,,,,,,,,,,,,0.02876244729210633,0.02876244729210633,,,,,0.02006029135969714,,0.025819234910157363,0.02876244729210633,,,,,,,,0.02876244729210633,,,,,,,,,,,,,,,,,,,,,,,0.02876244729210633,,,,,,,,,,,,,,,,,,,,,,,,0.02876244729210633,,,,,,0.019457515396853486,,,,,,,,,0.02876244729210633,,,,,,,,,,,,,0.02876244729210633,,,,,,,,,0.02876244729210633,,,,,,,,,,,0.02876244729210633,,,,,,,,,,,0.022012617717279515,,,,0.018620792184989094,,0.017750029272822824,,,,,,,,,,,,,,,,,,0.022494086626285176,,0.02876244729210633,,,,,,,,,,,,,,,0.014921172328341843,,,0.01917716613967375,0.02876244729210633,,,,,,,,,0.02876244729210633,,,,,,,,,,,,,0.023099578199452925,,,,,,,,,0.02876244729210633,,,,,,,,,,,0.02876244729210633,,,,,,,,0.021583119574107336,,,,,,,,,,,,,,,,0.02876244729210633,0.018062864785113632,,,0.02876244729210633,,,,,0.021396891952674815,,0.012339888134129841,0.02876244729210633,0.010085443597189053,,,,,,,,,,,,,,,,,,,,,,,,,,,,,,,,,,,,,,,,,,,,,,,,,,,,,,,,,,,,,,,,,,,,,,,,,,,,,
2003-07-31,0.02833808882911635,,,,,,,,,,,,,0.027619737122363812,,,,,,,,0.02833808882911635,,0.02317755995260612,0.02833808882911635,,,,,,,,,,,,0.02833808882911635,,,,,,,0.02833808882911635,,,,,,,,,,,0.02833808882911635,,,,,,,,,,,,,,,0.020058500649194143,,,,,,,,,,0.02833808882911635,0.02833808882911635,,,,,0.016883943117037805,,,,,,,,,,,0.02833808882911635,,,,,,,,,,,,,,,,,,,,,,,0.02833808882911635,,,,,,,,,,,,,,,,,,,,,,,0.02833808882911635,,,,,,,0.02489829839220229,,,,,,,,,,,,0.014979363374786841,,,,,,,,,,0.02833808882911635,,,,,,,,,0.018425093292374805,,,,,,,,,,,,,,,,,,,,,,0.02833808882911635,,0.02580289968674211,,0.02044785422587629,,0.025066559825637588,,,,,,,,,,,,0.02833808882911635,,,,,,0.026577806252298528,,,,,,,,,,,,,,,,,0.01676955601794266,,,0.01870251502573127,,,,,,,,,,0.02833808882911635,,,,,,,,0.02833808882911635,,,,,,,,,,,,,,,,,,,,,,,,,,,,,,0.009676944416056163,,,,,,,,,,,,,,,0.015687086658388406,,,,0.02833808882911635,0.015240346138356089,,,0.02833808882911635,,,,0.02833808882911635,0.01704798466764549,,0.021913788883517638,0.02833808882911635,0.01758620806068216,0.02833808882911635,0.02833808882911635,,,,,,,,,,,,,,,,,,,,,,,,,,,,,,,,,,,,,,,,,,,,,,,,,,,,,,,,,,,,,,,,,,,,,,,,,,,
2003-08-29,0.028646764246048007,,,,,,,,,,,,,0.01968667233111917,,,,,,,,0.02954043028335259,,0.028517907903370714,0.02954043028335259,,,,,,,,,,,,,,,,,,0.02954043028335259,0.02954043028335259,,,,,,,,,,,0.02954043028335259,,0.02954043028335259,,,,,,,,,,,,,,,,,,,,,0.015803113147730804,,0.02125102856070866,,,,,,0.0110082287860214,,,0.02954043028335259,,,,,,,,,,,,,,,,,,,,,,,,,,,,,,,0.02954043028335259,,,,,,,,,,,,,0.02954043028335259,,,,,,,,,,0.02954043028335259,,,,,,,0.02954043028335259,,,,,,,,,,,,,,,,0.02954043028335259,,,,,,0.02954043028335259,,,,,,,,,0.029077903298757597,,,,,,,,,,,,,,,,,,,,,,0.02954043028335259,,0.005907525588636923,,,,0.02571987915813684,,,,0.02954043028335259,,,,,,,,,0.02954043028335259,,,,,0.023837671653571816,,,,,,,,,,,,,,,,0.01109907446331618,0.00941918344797684,,,0.0274159540972973,,,,,,,0.02954043028335259,,,0.02954043028335259,,,,,,,,,,,,,,,,,,,,,,,,,,,,,,,,,,,,,,0.0161253837937872,,,,,,,,,,,,,,,0.009524025729226044,,,,0.02954043028335259,0.02013416632111617,,,0.02954043028335259,,,,0.027175220167545405,,,0.016162191254805728,,0.011283587115604659,0.021855482984818174,0.02954043028335259,,,,,,,,,,,,,,,,,,,,,,,,,,,,,,,,,,,,,,,,,,,,,,,,,,,,,,,,,,,,,,,,,,,,,,,,,,,
2003-09-30,0.024619354527655596,,,,,,,,,,,,,0.027141752596076586,0.027141752596076586,,,,,,,0.027141752596076586,,0.027141752596076586,0.027141752596076586,,0.027141752596076586,,,,,,,,,,0.027141752596076586,,,,,,,0.027141752596076586,,,,,,,,,,,0.027141752596076586,,0.027141752596076586,,,,,,,,,,,,,0.027141752596076586,,,,,,,,0.02637165733542749,,0.027141752596076586,,,,,,,,,,,,,,0.027141752596076586,,,,,,,0.027141752596076586,,,,,,,,,,,,,,,,,,,0.027141752596076586,,,,,,,,,,,,,0.027141752596076586,,,,,,0.02106662038786667,,,,0.027141752596076586,,,,,,,0.027141752596076586,,,,,,,,,,0.027141752596076586,,,,,,,,,,,,0.027141752596076586,,,0.02168803371106466,,,,,,0.027141752596076586,,,,,,,,,,,,,,,,,,,,,,0.027141752596076586,,0.015721205697035095,,0.021142906345443777,,0.027141752596076586,,,,,,,,,,,,,,,,,,0.027141752596076586,,,,,,,,,,,,,,,,,0.023169832959980284,,,0.022110249880146652,,,,,,,0.0241501138989314,,,,,,,,,,,,,,,,,,,,,,,,,,,,,,,,,,,,,,,,,0.01653110960743985,,,,,,,,,,,,,,,0.010071421792071846,,,,,0.019767304750932854,,,,,,,,,,0.021193205516700044,,0.0158313212049608,0.026630507349146824,,0.027141752596076586,0.011391340133281412,,,,,,,,,,,,,,,,,,,,,,,,,,,,,,,,,,,,,,,,,,,,,,,,,,,,,,,,,,,,,,,,,,,,,,,,,
2003-10-31,0.022337712241772757,,,,,,,,,,,,,0.02841714075552736,,,,,,,,0.02841714075552736,,,0.02841714075552736,,0.02841714075552736,,,,,,,,,,0.02841714075552736,,,,,,,0.02841714075552736,,,,,,,,,,,0.02841714075552736,,0.02841714075552736,,,,,,,,,,,,,0.027595007333828594,,,,,,,,0.024038181129993164,,0.02841714075552736,,,0.02841714075552736,,,0.014649620826500773,,,,,,,,0.02841714075552736,,,,,,,,,,,,,,,,,,0.02841714075552736,,,,,,,,,,,,,,,,,,,,,0.02841714075552736,,,,,,,,,,0.02841714075552736,,,,,,,0.020635241434090273,,,,,,,,,,0.02841714075552736,,,,,,,,,,,,0.02715298384480919,,,0.025389922429335705,,,,,0.02841714075552736,0.02402594595228713,,,,,,,,,,,,,,,,,,,,,,0.02841714075552736,,0.014761695385408464,,,,0.026826685780667024,,,,,,,,,,,,,,,,,,0.025202141718262423,,,,,,,0.017586076636031855,,,,,,,,,,0.019558662310913244,,,0.02841714075552736,,,,,,,,,,,,,,,,,,,,,,,,,,,,,,,,,,,,,,,,,,,,0.027566891428332723,,,,0.020560265051468643,,,,,,,,,,,,,0.02841714075552736,,0.012123064766083071,,,,,0.014678748500656667,,,,,,,,,,0.014278868323742864,,0.007552497483531558,0.02841714075552736,,,0.016719831556209205,0.02841714075552736,,,,,,,,,,,,,,,,,,,,,,,,,,,,,,,,,,,,,,,,,,,,,,,,,,,,,,,,,,,,,,,,,,,,,,,,
2003-11-28,0.027946671489451437,,,,,,,,,,,,,0.027946671489451437,,0.027946671489451437,,,,,,,,,,,0.027946671489451437,,,,,,,,,,0.027946671489451437,,,,,,,0.027946671489451437,,,,,,,,,,,,,0.024025489453089858,,,,,,,,,,,,,0.027946671489451437,,,,,,,,0.011086874498266614,,0.024521006997309747,,,,,,,,,0.027946671489451437,,,,,,,,,,,,,,,,,,,,,,,,,,,,,,,0.027946671489451437,,,,,,,,,,,,,,0.027946671489451437,,,,,,,,,0.027946671489451437,,,,,,,0.027946671489451437,,,,,,,,,,,,,,,,0.027474460040548702,,,,,,0.027946671489451437,,,0.01862400670589996,,,,,0.025604051987517307,0.023149892976972657,,,,,,,,,,,,,,,,,,,,,,0.027946671489451437,,0.02329682247990167,,,,0.022883800212510783,,,,0.027946671489451437,,,,,,0.027946671489451437,,,,,,,,0.027276441316810233,,,,,,,0.025396505935068047,,,,,,,,,,0.02231170365298724,,,0.027124889367918587,,,,,,,,,,,,,,,,,,,,,,,,,,,,,,,,,,,,,,,,,,,,0.027946671489451437,,,,0.010945244692655794,,0.027946671489451437,,,,,,0.02642893702420387,,,,,,,0.013103812904904527,,,0.027946671489451437,,0.017776511859058337,,,,,,,,0.02638824967875998,,0.015404096867817178,,0.011384685806276742,0.027946671489451437,,,0.016859085752493407,,,,,,,,,,,,,,,,,,,,,,,,,,,,,,,,,,,,,,,,,,,,,,,,,,,,,,,,,,,,,,,,,,,,,,,,,
2003-12-31,0.023078231444027878,,,,,,,,,,,,,0.028887047284076702,,,,,,,,0.028887047284076702,,0.028887047284076702,,,0.028887047284076702,,,,,,,,,,,,,,,,,0.028887047284076702,,,,,0.028887047284076702,,,,,,,,,,,,,,,,,,,,,0.028887047284076702,,,,,,,,0.028887047284076702,,0.019714062089756592,,,,,,,,0.028887047284076702,,,,,,,,,0.028887047284076702,,,,,,,,,,,,,,,,,,,,,0.019945242377349542,,0.028887047284076702,,,,,,,,,,,,,0.028887047284076702,0.028887047284076702,,,,,,,,,0.028887047284076702,,,,,,,,,,0.021877559877294152,0.028887047284076702,,,,,,0.021535708115431356,,,,,,,,,,,,0.028887047284076702,,,,,,,,,0.02371577648389343,,,,,,,,,,,,,,,,,,,,,,,,0.02250060324802453,,,,,,,,0.028887047284076702,,,,,,,,,0.024669614886296393,,,,0.021258372579121602,0.028887047284076702,,,,,,,0.012663969419471201,,,,,,,,,,0.019323900285163186,,,0.020353502439630328,,,,,,,,,,,,,,,,,,,,,,,,,,,,,,,,,,,,,,,,,,,,0.028887047284076702,,,,,,,,,,,,0.028887047284076702,,,,,,,0.013057979271102665,,,,,0.02122499194468411,,,,,,,,,,0.013720887422935542,0.028887047284076702,0.013655953119102322,0.02329148524942494,,,0.012618866201888361,,0.028887047284076702,0.016278253295714366,,,,,,,,,,,,,,,,,,,,,,,,,,,,,,,,,,,,,,,,,,,,,,,,,,,,,,,,,,,,,,,,,,,,,,
2004-01-30,0.027108843334208994,,,,,,,,,,,,,0.025093367334709276,,0.029519190897228525,,,,,,0.029519190897228525,,,,,0.029519190897228525,,,,,,,,,,,,,,,,,,,,,,,,,,,,,,,,,,,,,,,,,,,0.02892363272199818,,,,,,,,0.018199617158871438,,0.018332882308334412,,,,,,,,0.029519190897228525,0.029519190897228525,,,,,,,,0.029519190897228525,,,,,,,,,,,,,,,,,,,,,0.019533463235683324,,0.029519190897228525,,,,,,,,,,,,,0.029519190897228525,0.029519190897228525,,,,,,,,,0.029519190897228525,,,,,,,,,,0.02544769106712207,,,,,,,,,,0.029519190897228525,,,,,,,,,0.026147212279786853,,,,,,,,,0.02327974796234277,,,,,,,,,,,,,,,,,,,,,,,,0.021573688656141315,,,,,,,,,,,,,,,,0.029519190897228525,0.029519190897228525,,,,0.01892167061548476,0.027457904773568728,,,,,,,0.01382549839866783,,,,0.029519190897228525,,,,,,0.014986333154268887,,,,,,,,,,,,,,,,,,,,,,,,,,,,0.029519190897228525,,,,,,,,,,,,,,,,,,,,,,,0.016803682681047167,,0.029519190897228525,,,,,,0.026029033523301454,,,,,,,0.012112182859887282,,,,,0.015633187998918628,,,,,,,,,,0.013750639033239398,0.029519190897228525,0.017067496261094085,0.029519190897228525,,,0.01780832461022644,0.028248363538020294,,0.012370100342962799,,,,,,,,,,,,,,,,,,,,,,,,,,,,,,,,,,,,,,,,,,,,,,,,,,,,,,,,,,,,,,,,,,,,,,
2004-02-27,0.026709919773503742,,,,,,,,,,,,,0.02611311037767286,,0.028666133806548613,,,,,,0.028666133806548613,0.02695761958943918,,,,,,,,,,,,,,,,0.017005989392937838,,,,,0.028666133806548613,,,,,,,,,,,,,0.028666133806548613,,,,,,,,0.01777774884857823,,,,,0.028666133806548613,,,,,,,,0.016237508447262867,,0.026493915365665168,,,,,,,,,,,,,,,,,,,,,,,,,,,,,,,,0.028666133806548613,,,0.028666133806548613,,,0.026095343124104886,,,,,,,,,,,,,,,0.028666133806548613,,,,,,0.028666133806548613,,,,0.028666133806548613,,0.028666133806548613,,,,,,,,,,,,,,,,0.028666133806548613,,0.02167060939511363,,,,,,,,,0.028666133806548613,,,,,,,,,,,,,,,,,,,,,,,,,,,,,,,,,0.028666133806548613,,,,,,,,,,,,,,,,,0.024299533418368546,,,,,0.02683413119533671,,,,,,,0.021892420291801877,,,,0.028666133806548613,,,,,,0.017324015193667122,,,0.027282563090786957,,,,,,,,,,,,,,,,,,,,,,,,,,,,,,,,,,,,,,,,,,0.028666133806548613,,0.014756262252389692,,,,0.014632983060542257,,,,,,,,,,,,,,,0.010067644842063324,,,,,0.022751238021490972,,,,,,,,,,0.016664042767455114,,0.009917839359050358,0.028666133806548613,,0.028666133806548613,0.02079809880901287,,0.028666133806548613,0.02306092105933222,,,,,,,,,,,,,,,,,,,,,,,,,,,,,,,,,,,,,,,,,,,,,,,,,,,,,,,,,,,,,,,,,,,,,,
2004-03-31,0.02692481047610147,,,,,,,,,,,,,0.02692481047610147,,0.02692481047610147,,,,,,0.02692481047610147,,,,,,,,,,,,,,,,,0.02692481047610147,,,,,0.02692481047610147,,,,,,,,,,,,,,,,,,,,,0.015750226690536048,,,,,0.02692481047610147,,,,,,,,0.011915174761111185,,0.02692481047610147,0.02692481047610147,,,,0.02692481047610147,,,,,0.02692481047610147,,,,,,,,,,,,,,,,,,,,,,0.02692481047610147,,,,,,0.02692481047610147,,,,,,0.02692481047610147,,,,,,,,,0.02692481047610147,,,,,,0.02473151846258087,0.02692481047610147,,,0.02692481047610147,,,,,,,,,,0.02692481047610147,,,,,,,,0.02692481047610147,,0.023810840449307986,,,,,,,,,0.02692481047610147,,,,,,,,,,,,,,,,,,,,,,,,,,,,,,,,,0.02671614412308057,,,,,,,,,,,,,,,,,0.02692481047610147,,,,,,,,,,,,0.02692481047610147,,,,,,,,,,0.020630788216711184,,,,,,,,,,,,,,,,,,,,,,0.02692481047610147,,,,,,,,,,,,,,,,,,,,,,,0.02692481047610147,,,,,,,,,0.01788852179874856,,,,,0.02692481047610147,,,,,,,0.012055776473030931,,,,,0.02692481047610147,,,,,,,,,,0.015745147905613453,,0.01738056290946792,0.02692481047610147,,0.022979579010561267,0.016682786846551757,,0.02692481047610147,0.019818239021857108,,,,,,,,,,,,,,,,,,,,,,,,,,,,,,,,,,,,,,,,,,,,,,,,,,,,,,,,,,,,,,,,,,,,,,
2004-06-30,0.027032526556004317,,,,,,,,,0.027032526556004317,,,,0.027032526556004317,,,,,,,,,,,,,,,,,0.027032526556004317,,,,,,,,0.026739125632937812,,,,,,,,,0.027032526556004317,,,,,,,,,,,,,,,,,,,,,,0.027032526556004317,,,,,,,,0.010256809468592,,,0.027032526556004317,,,,,,,,,,0.027032526556004317,,,0.027032526556004317,,,,,,,,,,,,,,,,,0.027032526556004317,0.027032526556004317,,,0.027032526556004317,,,0.017019239385780902,,,,,,0.027032526556004317,,,,,,,,,0.027032526556004317,,,,,,,0.02578737592313072,,,,,,,,,,0.024709917466949557,,,,,,,,,,,,,,,,,,,,,,0.026454252040752708,,,,,,,,,,,,,,,,,,,,,,,,,,,,,,,,,,,,,,,,,0.027032526556004317,,,,,,,,0.027032526556004317,0.027032526556004317,,,,,0.015439086941044457,,,,,,,0.024106715828384508,,,,,,,,0.025851466019857466,,,,,,,0.027032526556004317,,,,,,,,,,,,,,,,,,,,,,,,,,,,,0.027032526556004317,,,,0.027032526556004317,,,,,,,,,,,,,,,,,,,,,,,,,,0.027032526556004317,,0.007026399417382644,,,0.027032526556004317,,,,,0.027032526556004317,,,,,,,0.017517100966364746,,0.016301231536743746,,,,0.016066885686947453,0.027032526556004317,0.027032526556004317,0.02386284924116334,,0.022536465039784213,0.02451191550407577,,,,,,,,,,,,,,,,,,,,,,,,,,,,,,,,,,,,,,,,,,,,,,,,,,,,,,,,,,,,,,,,,,,
2004-07-30,0.026411544805181486,,,,,,,,,0.020099154733534186,,,,0.026411544805181486,,,,,,,,,0.026411544805181486,,,,,,,,0.026411544805181486,,,,,,,,0.026411544805181486,,,,,,,,,,,,,,,,,,,,,,,0.026411544805181486,,,,,,,,0.026411544805181486,,,,,,,,0.012867871461391758,,,0.026411544805181486,,,,,,,0.026411544805181486,,,0.026411544805181486,,,0.026411544805181486,,,,,,,,,,,,,,,,,0.026411544805181486,0.026411544805181486,,,0.026411544805181486,,,0.019615560339820027,,,,,,0.026411544805181486,,,,,,,,,,,,,,,,,,,,,,,,,,,,,,,,0.026411544805181486,,,,,,,,,,,,,,,0.026411544805181486,,,,,,,,,,,,,,,,,,,,,,,,,,,,,,,,,,,,,,0.026084851838812387,,0.026411544805181486,,,,,,,0.026411544805181486,,,0.026411544805181486,0.023199386526209703,,,,,,,0.026411544805181486,,,,,0.019734827245592147,,,,,,,,0.026411544805181486,,,,,,,0.026411544805181486,,,,,,,,,,,,,,,,,,,,,,,,,,,,,0.026411544805181486,,,,,,,,,,,,,,0.026411544805181486,,,,,,,,,,,,,,,,0.026411544805181486,,0.008657327114867911,,,0.02421932693453352,,,,,,,,,,,,0.00812904122852316,,0.014056060467237733,,,,,0.026411544805181486,0.022731594112988644,0.015405261172821132,,0.01926493747340459,0.026411544805181486,0.026411544805181486,,,,,,,,,,,,,,,,,,,,,,,,,,,,,,,,,,,,,,,,,,,,,,,,,,,,,,,,,,,,,,,,,,
2004-08-31,0.026569577654487576,,,,,,,,,0.022387688717818623,0.026569577654487576,,,,,,,,,,,,,,,0.026569577654487576,,,,,0.026569577654487576,,,,,,,,0.023839269599188015,,,,,,,,,,,,,,,,,,,,,,,,,0.026569577654487576,0.01282967064586092,,,,,,,,,,,,,0.011502945352577136,,,0.026569577654487576,,,,,,,0.026569577654487576,,,0.026569577654487576,,,0.026569577654487576,,,,,,,,0.026569577654487576,,,,,,,,,,0.022339765569555397,,,0.026569577654487576,,,,,,,,,,,,,,,,,,,,,,,,,0.026569577654487576,,,,,,,,,,,,,,,,,,,,,,,,,,,,,,,0.026569577654487576,0.026314697986694325,,,,,,,,,,,,,,,,,,,,,,,,,,,,,,,,,,,,,,,0.026569577654487576,,,,,,,,,,,0.019165127874792926,,,,,,,,0.026569577654487576,,,,0.01633399267522122,,,,,,,,0.0209309611583455,,0.019849172404298676,,0.026569577654487576,,,0.026569577654487576,,0.026569577654487576,,,,,0.026569577654487576,,,,0.026569577654487576,,,0.026569577654487576,,,,,,,,,,,0.026569577654487576,,,,0.015276455903501037,,,0.026569577654487576,,,,,,,,,,,,0.01976034891548601,,,,,,,,,,,,,,,,,0.02091934076824822,,,,,0.022379517720291522,,,,,,,,,,,,0.0202084435379298,,,,,,0.023851904341515205,0.026190979823778632,,,0.026569577654487576,0.018249853297195074,,,,,,,,,,,,,,,,,,,,,,,,,,,,,,,,,,,,,,,,,,,,,,,,,,,,,,,,,,,,,,,,,,
2004-09-30,0.022058806989275377,,,,,,,,,0.02776991413929637,0.02776991413929637,,,,,,,,,,,,,,,0.02776991413929637,,,,,0.02776991413929637,,,,,,,,0.013572241896413522,,,,,,,,,,0.02495139467436811,,,,,,,,,,,,,,,0.02776991413929637,0.01447831347943829,,,,,,,,,,,,,0.011643901607004696,,,,,,,,,,,,,,,0.02776991413929637,0.02776991413929637,,,,,,,,,,,,,,,,,,,,,,,,,,,,,,,,,0.02776991413929637,,,,,,,,,,,,,0.02776991413929637,,,,,,,,,,,,,,,,,,,,,,,,,,0.01718912624625837,,,,,0.02776991413929637,,,,,,,,,,,,,,,,,,,,,,,,,,,,,,,,,,,,,,,,0.02738948874802141,,,,,,,,,,,0.01897689237520711,0.02776991413929637,,,,,,0.02776991413929637,,,,,0.011405002603043403,,,,,,,,0.02177617467017601,,0.012681603944880134,0.02776991413929637,,,,0.02776991413929637,,0.02669225527339182,,,,,,,,,0.02776991413929637,,,,,,,,0.02776991413929637,,,,,,,,,,0.02776991413929637,,,,,,0.02776991413929637,,,,,,,,0.02776991413929637,0.017537726992011164,,,,,,,,,,,0.02776991413929637,,,,,,0.0062897469281689745,,,,0.02776991413929637,,,,,,,,,,,,,0.016157185916369526,,,,,,0.023553525986227803,0.02776991413929637,0.02776991413929637,,0.019398758187334893,,0.02776991413929637,0.02776991413929637,,,,,,,,,,,,,,,,,,,,,,,,,,,,,,,,,,,,,,,,,,,,,,,,,,,,,,,,,,,,,,,,
2005-01-31,0.02676279274435913,,,,,,,,,,,,,,,,,0.02676279274435913,,,,,0.011606345138918055,,,,,,,0.022031944711151434,0.02676279274435913,,0.02676279274435913,,,,,,,,,,,,,,,,0.019966845116350256,0.02676279274435913,,,,,,,,,,,,,,0.02676279274435913,,,,,,,,,,,,,,0.02077481037780622,,,,,,,,,,,,,0.02676279274435913,,,0.02676279274435913,,,,,,,,,,,,,,,,,,,,,,,,,,,,,,,,,,,,,,,0.02676279274435913,,,,,,,,,,,,,,,,,0.02676279274435913,,,,,,,,,,,,,,,,,,,,,,0.02676279274435913,,,,,,,,,,0.021095645894199842,,,,,,,,,,,,,,,,,,,,,0.02676279274435913,,,,0.015510295338668207,,0.02676279274435913,,,,,,,,,,,,,0.02314681459854851,,,,,,0.02570876432775903,,,,,,0.016847897249806912,,,,,,,,0.02676279274435913,,0.019587751032853165,,0.02676279274435913,,,0.02676279274435913,,,,,,,,,,,0.02676279274435913,,,,,,0.02676279274435913,,,,,,,,,,,,0.015801606174400434,,,0.02676279274435913,,0.02676279274435913,,,,,,,,,0.02676279274435913,0.01866903097764896,,,,,,,,,,,,,,,,,0.005164013247817991,,,,0.02676279274435913,,,,,,,,0.023369650044175762,,0.02676279274435913,,,,,,,,,0.020603923289607487,,,,0.02428205112695025,,0.02676279274435913,,,0.02676279274435913,0.02676279274435913,,,,,,,,,,,,,,,,,,,,,,,,,,,,,,,,,,,,,,,,,,,,,,,,,,,,,,,,,,,,,
2005-02-28,0.025869708762435623,,,,,,,,,,,,,0.025869708762435623,,,,0.025869708762435623,,,,,0.025869708762435623,,,,,,,0.025869708762435623,,,0.02582696194121194,,,,,,,,,,,,,,,,0.021888358673192387,,,,,,,,,,,,,,,0.025869708762435623,,,,,,,,,,,,,,0.01022103818499653,,,,,,,,,,0.025869708762435623,,,,,,0.025869708762435623,,,,,,,,,,,,,,,,,,,,,,,,,,,,,,,,,,,,,,,0.022240159401416743,,,,,,,,,,,,,,,,,,,,,0.025869708762435623,,,,,,,,,,,,0.025869708762435623,,,,,,0.025869708762435623,,,,,,,,,,0.023811452700712814,,,,,,,,,,,,,,,,,,,,,0.025869708762435623,,,,,,0.025869708762435623,,,,,,,0.025869708762435623,,,,,,0.017577791985502612,,,,,,0.025869708762435623,,,,,,0.025869708762435623,,,,,,,,,,0.020030249841543574,,0.012748866429793296,,,0.025869708762435623,,,,,,,,,,,,,,,,,,,,,,,,,,,,,0.02074407050076364,,,0.025869708762435623,,0.02410984039629159,,,,,,,,,0.025869708762435623,0.013928224574811599,,,,0.025869708762435623,,,,,,0.025869708762435623,,,0.025869708762435623,,,,,,,,0.024066438056720346,,,,,,,,0.022788702624286485,,,,,,,,,,,0.01765433412587113,0.025869708762435623,,,0.025869708762435623,,0.025869708762435623,,,0.023881373977123428,0.025869708762435623,0.025869708762435623,,,,,,,,,,,,,,,,,,,,,,,,,,,,,,,,,,,,,,,,,,,,,,,,,,,,,,,,,,,,
2005-03-31,0.02381242637542817,,,,,,,,,,,,,,,,,0.026422976539845034,,,,,0.020947552554178746,,,,,,,0.012188828768143995,,,,,,,,,,,,,,,,,,,0.025209522762619306,0.026422976539845034,,,,,,,,,,,,,,0.026422976539845034,,,,,,,,,,,,,,0.006713726828908453,,,,,,,,,,0.026422976539845034,,,,,,0.026422976539845034,,,,,,,,,,,,,,,,,,,,,,,,,,,,,,,,,,,,,,,,,,,,,,,,,,,0.026422976539845034,,,,,0.014808825108020946,,,,0.026422976539845034,,,,,,,,,,,,,,,,,,0.026422976539845034,,,,,,,,,,0.020957031790206436,,,,,,,,,,,,,,,,,,,,,,,,,0.02455867831089899,,0.026422976539845034,,,,,,,0.02447375864935855,,,,,,0.015432115133972467,,,,,,0.024881118308034973,,,,,,0.026422976539845034,,,,,,,,0.0199578928445086,,0.016563567939825944,,0.026422976539845034,,,0.026422976539845034,,,0.025692516876057194,,,,,0.026422976539845034,,,,,,,,,0.026422976539845034,,,,,,,,,,,,0.026422976539845034,,,,,0.015095190726308591,,,,,,,,,,0.026422976539845034,,,,,,,,,,0.026422976539845034,,,0.026422976539845034,,,,,,,,,,,,,,,,0.024201463774740823,,0.026422976539845034,,,,,,,,,0.026422976539845034,,0.026422976539845034,,0.023931369752661903,,0.026422976539845034,0.026422976539845034,,,0.026422976539845034,0.026422976539845034,,,,,,,,,,,,,,,,,,,,,,,,,,,,,,,,,,,,,,,,,,,,,,,,,,,,,,,,,,,,
2005-04-29,0.026808767463435794,,,,,0.026808767463435794,,,,,,,,,,,,0.026808767463435794,,,,,0.018389440779524233,,,,,,,,,,,,,,,,,,,,,,,,,,0.02516454070707074,0.026808767463435794,,,,,,,,,,,,,,,,,,,,,,,,,,,,0.015883370298137026,,,,,,,0.026808767463435794,,,,,,,,,,,,,,,,,,,,,,,,,,,,,,,,,,,,,,,,,,,,,,,,,,,,,,,,,,,,0.026808767463435794,,,,,,,,,0.026808767463435794,,,,,,,,,,,,,,,,,,0.026808767463435794,,,,,,,,,,0.018963609135301554,,,,,,,,,,,,,,,,,,,,,,,,0.026808767463435794,0.017534431992524652,,0.026808767463435794,,,,,,,0.017137527844608196,,,,,,,,,,,,0.026808767463435794,,,,,,,,,,,0.025949984240785786,,,0.02136935934956757,,0.026808767463435794,,0.02450802484464335,,,,,0.025773689430684307,,,,,,,,,,,,,,,0.014434945817081827,,,,,,,,,,,,0.026808767463435794,,,,,0.02341347576883933,,,,,,,,,,0.011601295335022844,,,,0.026808767463435794,0.026808767463435794,,,,,0.026808767463435794,,0.026808767463435794,0.026808767463435794,,,,,,,,0.026808767463435794,,,,,,,,0.017820869935294144,,0.026808767463435794,,,,,,,,,0.026630308283604208,,,,0.0253089363610814,,0.025904494881222425,,,0.024503839554240202,0.026808767463435794,0.026808767463435794,0.01877586149716958,0.011139109748008988,,,,,,,,,,,,,,,,,,,,,,,,,,,,,,,,,,,,,,,,,,,,,,,,,,,,,,,,,,
2005-05-31,0.021597910902066548,,,0.026440161172070785,,0.026440161172070785,,,,,,,,,,,,0.026440161172070785,,,,,0.026440161172070785,,,,,,,,,,,,,,,,,,,,,,,,,,0.013425789546211084,,,,,,,,,,,,,,,0.026440161172070785,,,,,,,,,,,,,,0.014800999026556608,,,,,,,,,,,,,,,,0.026440161172070785,,,,,,,,,,,,,,,,,,,,,,,,,,,,,,,,,,,,,,,,,,,,,,,,,,,0.026440161172070785,,,,,,,0.026440161172070785,0.022079176622906035,0.022534936793317778,,,,,,,,,,,,,,,,,,,,,,,,,,,,0.01995566810949743,0.026440161172070785,,,,,,0.026440161172070785,,,,,,,,,,,,,,,,0.01718661747311288,0.026394798302946144,0.026440161172070785,,,,,,,,,0.026440161172070785,,,,,,,,,,,,0.02271314036820814,,,,,,,,,,,,,,0.017381554497798445,,0.014808665771553604,,0.026440161172070785,,,,,,0.02441626311479936,,,,,,,,,,,,,,,,,,,,,,,,,,0.026440161172070785,,,,,0.01796374061580265,,,,,,,,,,0.020138384921462787,,,,0.026440161172070785,,,,,0.026440161172070785,0.026440161172070785,,0.026440161172070785,0.026440161172070785,,,,,,,,0.026440161172070785,,0.026440161172070785,,,,,,0.026440161172070785,,0.026440161172070785,,,,,,,,,0.026440161172070785,,0.026440161172070785,,0.0172129554819584,,,,,,,0.026440161172070785,,0.019945207977961694,,,,,,,,,,,,,,,,,,,,,,,,,,,,,,,,,,,,,,,,,,,,,,,,,,,,,,,,,,
2005-06-30,0.024870711024999242,,,0.02691157316492648,,,,,,,,,,,,,,0.02691157316492648,,,,,0.01959879477276177,,,,,,,,,,,,,,,,,,,,,,,,,,0.02691157316492648,,,,,,,,,,,,,,,0.02691157316492648,,,,,,,,,,,,,,0.01696438370583695,,,,,,,0.02691157316492648,0.01266590957669604,,,,,0.02691157316492648,,,,,,,,,,,,,,,,,,,,,,,,,,,,,,,,,,,,,,,,,,,,,,,,,,,,,,0.02691157316492648,,,,,,,0.02691157316492648,0.02226474381019364,0.02212960486692747,,,,,,,,,,,,,,,,0.02691157316492648,,,,0.02691157316492648,,,,,,,,0.018670072111788942,,,,,,,0.02691157316492648,,,,,,,,,,,0.02691157316492648,,,,,0.022666805214483436,0.0199713012083267,,,,,,,,,,0.02691157316492648,,,,,,,,,,,,0.02039586141389492,,,,,,,,,,,,,,0.023850248009440928,,0.016532327259807748,,0.02691157316492648,,,,,,,,,,,,,,,,,,,,,,,,0.025048971891770053,,,,,,,,0.02481210243352664,,,,,0.020121434411307586,,,,,,,,,,0.024591965698670632,,,,0.02691157316492648,0.01826855881734577,,,,,0.02691157316492648,,0.02691157316492648,,,,,,,,,0.02691157316492648,,,,,,,,0.02567944602283143,,0.02691157316492648,,,,,,,,,0.011246731995816737,,0.02691157316492648,,,,,,,,,0.02691157316492648,,0.017595416125190645,0.02691157316492648,,,,,,,,,,,,,,,,,,,,,,,,,,,,,,,,,,,,,,,,,,,,,,,,,,,,,,,,,
2005-07-29,0.026704082874984676,,,0.026704082874984676,,,,,,,,,,,,0.026704082874984676,,0.026704082874984676,,,,,0.010642752362249788,,,,,,,,,,,,,,,,,,,,,,,,,,0.026704082874984676,,,,,,,,,,,,,,,,,,,,,,,0.020816287927798063,,,,,,0.014187554954000618,,,,,,,0.026704082874984676,0.02655768850947821,,,,,,,,,,,,,,,,,,,,,,,,,,,,,,,,,,,,,,,,,,,,,,,,,,,,,,,,,,,0.026704082874984676,,,,,,,0.026704082874984676,0.025200127833126904,0.026704082874984676,,,,,,,,,,0.026704082874984676,,,,,,,,,,0.026704082874984676,,,0.026704082874984676,,,,,0.02468476353803733,,,,,,,,,,,,,,,,,,0.026704082874984676,,,,,0.026704082874984676,0.017661962876764237,,,,,,,,,,,0.026704082874984676,,,,,,,,,,,0.026704082874984676,,,,,,,,,,,,,,0.023403856718151157,0.026704082874984676,0.02101747443025675,,0.02551928997100578,,,,,,,,,,,,,,,,,,,,,,,0.026704082874984676,,,,,,,,,,,,,,,,,,,,,,,0.02335939915356323,0.007789459124421682,,,,0.026704082874984676,0.011543053343251444,,,,,0.025084688800497232,,,,,,,,,,,0.026704082874984676,,,,,,,,0.010928358105557914,,0.026704082874984676,,,,,,,,,0.026704082874984676,,,,,,,0.026704082874984676,,,,0.026704082874984676,,0.018534232681684068,0.02546697779553862,0.026704082874984676,,,,,,,,,,,,,,,,,,,,,,,,,,,,,,,,,,,,,,,,,,,,,,,,,,,,,,,,
2005-08-31,0.02540890228201496,,,0.02540890228201496,,,,,,,,,,,,0.02540890228201496,,0.02540890228201496,,,,,0.024077856641399744,,,,,,,,,,,,,,,,,,,,,,,,,,,0.02540890228201496,,,,,,,,,,,,,,,,,,,,,,0.011673304260765058,,,,,0.02540890228201496,0.013737074985520936,,,,,,,0.02540890228201496,0.02540890228201496,,,,,,,,,,,,,,,,,,,,,,,,,,,,,,,,,,,,,,,,,,,,,,,,,,,,,,,,,,,0.02540890228201496,,,,,,,0.02180473586711776,0.019910991815278018,0.02540890228201496,0.02540890228201496,,,,,,,,,0.02018017357805007,,,,,,,,,,,,,0.02540890228201496,,,,,0.02540890228201496,,,,,,,,,,,,,,,,,,0.02540890228201496,,,,,0.016313444886317387,,,,,,,,,,,,,,,,,,,,,,,0.023925512204536436,,,,,,,,,,,0.02540890228201496,,,0.015838710992053764,0.02361702578133507,0.02540890228201496,,,0.02540890228201496,,,,,,,,,,,,,0.02540890228201496,,,,,,,,,,,,0.02540890228201496,,,,,,,,,,,,,,,,,,,,,0.018717844124349695,,,,0.02540890228201496,,,,,,0.02540890228201496,,,,0.02540890228201496,,,,,,,0.02540890228201496,,0.02540890228201496,,,,,,,,,0.023076986766184502,,,,,,0.020490018318598185,,0.02484321928335379,,,,,,,0.02540890228201496,,,,,,0.02540890228201496,0.0180094862079329,,0.02540890228201496,0.01774325267280269,,,,,,,,,,,,,,,,,,,,,,,,,,,,,,,,,,,,,,,,,,,,,,,,,,,,,,
2006-07-31,0.02725053273067294,,,,,,,,,,,,,,,,,,,,,,0.025902809961786892,,,,,,0.02725053273067294,,,,,,,,,,,,,,,,,,,,,,,,,,,,,,,,,,,,,0.021073844292770316,,,,,,0.024438885217395304,,,,,,0.01618958477463555,,,,,,,,,,,,0.024701724140081493,,,,,,0.017158162670908698,,,,,,0.02725053273067294,,,0.02725053273067294,,,,,,,,,,,,,,,,0.02725053273067294,,,,,,,,,,,,,,0.02725053273067294,,,,,,,,,,,,,,,0.019368935510323333,,,,,,,,,,,,,0.02725053273067294,,,,,,,,,,,,,,,,,,,,,,,,,,,,,,,,,,,,,,,,,,,,,,,,,,,,,,0.021581561463765886,,,,,0.02725053273067294,,,,0.016901911341074084,0.02725053273067294,,,0.02725053273067294,,,,0.014809273287152709,,,0.02725053273067294,,,,0.02725053273067294,0.02725053273067294,0.014482226580242155,0.02725053273067294,,,,,0.02725053273067294,,,,,,,,,,,,,,0.02725053273067294,,,0.02725053273067294,,,,,,,,,,,,,,,,,0.02086682715665509,,,,,,,,0.02725053273067294,,0.017080770986391946,,,,0.018576394660399745,,,,,,0.023936188978665982,,,,,,,,,,,,,,,,,,,,0.021744295843386958,,0.013271245572812616,0.02725053273067294,0.010576667329965908,,,,,,0.02725053273067294,,,,,,,,0.02725053273067294,0.019000543238126732,0.02725053273067294,,,,0.02066211177357534,,,,,,,,,0.01816431514507863,,,,,,,,,,,,,,,,,,,,,,,,,,,,,,,,,,,,,,,,,,,,,,,,
2006-08-31,0.015402819054423934,,,,,,,,,,,,,,,,,,,,,,0.022537888683500297,0.025734296435082536,,,,,,,,,,,,,,,,,,,,0.025734296435082536,,,0.023790385216627925,0.025734296435082536,,,0.025734296435082536,,,,,,,,,,,,,,,0.02225343414839381,,,,,0.025734296435082536,0.01693293784394506,,,,,,0.007466417829227342,,,,,0.025734296435082536,,,,,,,0.025734296435082536,,,,,,0.0192877382970668,,,,,,,,,,,,,,,,,,,,,,,,,0.025734296435082536,,,,,,,,,,,,,,0.025734296435082536,,,,0.025734296435082536,,,,,,,,,,,0.01574875842532555,,,,,,,,,,,,,0.025734296435082536,,,,,,,,,,,,,,,,,,,0.02549310551718813,,,,,,,,,,,,,,,,,,,,,,,,,,,,,,,,,,,0.01810707045090646,,,,,0.02004909644766486,,,,,,,,,,,,0.025734296435082536,,,0.025734296435082536,,,,,,0.014225805298820839,0.022030758132310032,,0.024687134899345826,,,0.025734296435082536,,,,0.025734296435082536,,,,0.025734296435082536,,,,,,0.01704218041738014,,,0.025734296435082536,,,,,,,,,,,,,,,,,0.021396867769773804,,,,,,,,0.009558730211687426,,,,,,,,,,,,,,,,,,,,,,,,,,,,,,,,0.024267280139171874,,,0.025734296435082536,0.019944630018866184,,,,,,0.025651943565732638,,,,0.02501943529825518,,,,,,0.025734296435082536,,,,,,,,,0.025734296435082536,,,,0.02295106076256988,0.025734296435082536,0.025734296435082536,,,,,,,,,,,,,,,,,,,,,,,,,,,,,,,,,,,,,,,,,,,,,,
2006-09-29,0.02608896809092439,,,,,,,,,,,,,,,,,,,,,0.02608896809092439,0.019510968090856878,,,,,,,,,,,,,,,,,,,,,0.02608896809092439,,,0.018689642247430072,,,,0.02608896809092439,,,,,,0.02608896809092439,,,,,,,,,0.022785070684887786,,,,,0.016799293094457726,0.02025925301656569,,,,,,0.010563238144951295,,,,,,,,,,,,0.016622822448358054,,,,,,0.019123801151214027,,,,,,,,,,,,,,,,,,,,,,,,,0.024284940056053587,,,,,,,,,,,,,,,,,,0.025092901908310504,,,,,,,,,,,0.01870881845333948,,,,,,,,,,,,,0.02608896809092439,,,,,,,,,,,,,,,,,,,,0.02608896809092439,,,,,,,,,,,,,,,,,,,,,,0.02608896809092439,,,,,,,,,,,,0.02326320469229489,,,,,0.015415558368810705,0.02608896809092439,,,,,,,,,,,0.025014545792532268,,,0.02608896809092439,,,,,,0.01729810109386396,0.02401266563757477,,0.02608896809092439,,,0.02608896809092439,,,,0.02608896809092439,,,,0.02608896809092439,,,,,,0.02608896809092439,,,0.02361597899965157,,,,,,,,,,,,,,,,,0.01675181075703838,,,,,,,,,,,,0.014573173274359684,,,,,,,,,,,,,,,,,,,,,,,,,,,,,,,0.02608896809092439,0.016759238685012872,,,,,,,,,,0.02397380564324041,,,,,0.02608896809092439,0.02608896809092439,0.02608896809092439,,,,,,,,0.02608896809092439,0.017003186202165448,,,0.022009651647617774,,0.02608896809092439,,,,,,,,,,,,,,,,,,,,,,,,,,,,,,,,,,,,,,,,,,,,,,
2006-10-31,0.027042401466022225,,,,,,,,,,,,,,,,,,,,,0.027042401466022225,0.02258685779869017,,,,,,,,,,,,,,,,,,,,,,,,,,,,0.01964369503037792,,,,,,0.027042401466022225,,,,,,,,,0.01894037030165931,,,,,,0.009851400365863343,,,,,,0.02065716763885291,,,,,,,,,,,,0.0200897882161839,,,,,,0.018847801550701843,,,,,,,,0.027042401466022225,,,,,,,,,,,,,,,,,,,,,,,,,,,,,0.018658957858497388,,,,,,0.022010489614744094,,,,,,,,,0.027042401466022225,,,,,,,,,,,,,,,,,,0.013120574942776552,,,,,,,0.027042401466022225,,,,,,,,,,,,,,,,,,,,,,,,,,,,,,0.027042401466022225,,0.02475288311883326,,,,,,,,,,,,,,,,,0.017418782141883964,,,,,,,,,,,,0.01959271328738205,,,0.027042401466022225,,,,,,0.01228214662434914,0.02454755183601315,,0.027042401466022225,,,0.026541516414210334,0.027042401466022225,,,0.027042401466022225,,,,,,,,,,0.027042401466022225,,,0.022865591009831224,,,0.026758258868643397,,,,,,,,,,,,,,0.013167969048142603,,,,,,,,,,,,0.027042401466022225,,,,,,,,,,,,,,,,,,,,0.01334658829240661,,,,,,,,0.02276019663760868,,,,0.016366241450991234,,,,,0.027042401466022225,,0.02436927491134509,,,,,,,,0.020172741514521662,,0.027042401466022225,,,,,,,,0.027042401466022225,,,,0.02559897906813098,,0.027042401466022225,0.027042401466022225,0.01828823606895905,,,,,,,,,,,,,,,,,,,,,,,,,,,,,,,,,,,,,,,,,,,,
2006-11-30,0.025960543038991094,,,,,,,,,,,,,,,,,,,,,,,,,,,,,,,,,,,,,,,,,,,,,,0.01054394781283477,,,,0.025960543038991094,,,,,,0.025960543038991094,,,,,,,,,0.0241909335280702,,,,,,0.02148337801007789,,,,,,0.009511705608511145,,,,,0.025960543038991094,,,,,,,0.022062012251975103,,,,,,0.025023337350659054,,,,,,,,0.025960543038991094,,,,,,,,,,,,,,,,,,,,,,,,,,,,,0.025960543038991094,,,,,0.025960543038991094,0.024083943222793388,,,,,,,,,0.025960543038991094,,,,,,,,,,,,,,,0.025960543038991094,,,,,,,,,,0.025960543038991094,,,,,,0.025960543038991094,,,,,,,,,,,,,,,,,,,,,,,,,,,,,,,,,,,,,,,,,,,0.01738899403898791,,,,,,,,,,,,0.025960543038991094,,,0.025960543038991094,,,,0.025960543038991094,,0.021318797572550754,,,0.025960543038991094,,,0.025960543038991094,0.025960543038991094,,,0.025960543038991094,,,,,,,,,,,,,0.016271368677832344,,,0.025960543038991094,,,,,,,,,,,,,,0.017639237053347148,,,,,,,,,,,,0.025960543038991094,,,,,,,,,,,,,,,0.025016101490560726,,,,,0.025960543038991094,,,,,,,,0.023800984407532588,,,,0.015705235470038045,,,,,0.015076069634642503,0.025960543038991094,0.025960543038991094,,,,,,,,0.014192358945904829,,,,,0.022008182664625474,,,,,0.025350012783145828,,,,0.014467489495583151,,0.025960543038991094,,,0.011812877044540725,,,,,,,,,,,,,,,,,,,,,,,,,,,,,,,,,,,,,,,,,,,
2006-12-29,0.025959670092105685,,,,,,,,,,,,,,,,,,,,,,,,,,,,,,,,,,,,,0.025959670092105685,,0.025566805590911394,,,,,,,,,,,0.025959670092105685,,,,,,,,,,,,,,,0.021301335618588036,,,,,,0.023204795022086173,,,,,,0.01329671200731801,,,,,,,,,,,,0.023318853709450426,,,,,,,,,,,,,,0.025959670092105685,,,,,,,,,,,,,,,,0.025959670092105685,,,0.025959670092105685,,,,,,,,,,,,,,,0.025959670092105685,0.021143781159354315,,,,,,,,,0.025959670092105685,,,,,,,,,,,,,,,0.025959670092105685,,,,,,,,,,0.025959670092105685,,,,,,,,,,,,,,,,,,,,,,,,,,,,,,,,0.022677002562138112,,,,,,,,,,,,,,,,0.025959670092105685,0.012568851298821501,,,,,,,,,,,,0.025959670092105685,,,0.025959670092105685,,,,0.02590289540417331,,0.019337858863801804,,,0.025959670092105685,,,0.025959670092105685,0.025959670092105685,,,,,,,,,,,,,,,,0.025959670092105685,,,0.01664079981221781,,,,,,,,,,,,,,0.01207079038426685,,,,,,,,,,,,0.025484226497213568,,,,,,,,,,,,,,,,,,,,0.01673683443649679,,,,,,,,,,,,0.01562793909882857,,,,,0.025959670092105685,0.025959670092105685,0.018454472836604015,,,0.018826305148049886,,,,,,,,,,0.025959670092105685,,,,,0.025959670092105685,,,,0.018283407706403305,,0.025959670092105685,,,0.012145117011090084,0.025959670092105685,0.025959670092105685,0.014379133621649508,,,,,,,,,,,,,,,,,,,,,,,,,,,,,,,,,,,,,,,,
2009-09-30,0.016141291543924727,,,,,,,,,,,,,,,,,,,,,,,,,,0.02368637306102615,,,,,,,,,,,,,,,,,,,,,,,,,,,,,,0.02237299728849622,,,,,,,,,,,,,,,,,,,,,0.021171788137059368,,0.01615327879366116,,0.02368637306102615,,,,0.01866412969757818,,,,,,,,,,,,,,,,,0.02368637306102615,,,,0.02368637306102615,,,,,,,,,,,,,,,,0.02368637306102615,,,,,,,,,,,,,,,,,,,,0.02368637306102615,,,,,0.017404940170490085,,0.020422434021943894,,,,,,,,,0.02368637306102615,,,0.010976988230077964,,,,,,,,,,,,,,,,,,0.018148586213066427,,0.02368637306102615,,,,,,,,,,,,,,,0.014667949214222485,,,,,,,,,,,,,,,,,,,0.02368637306102615,0.02368637306102615,,,0.02342765783876439,,,,,,,,,,,,,,,,,,0.022064675182284665,,,0.02368637306102615,,,,,0.02368637306102615,,,,,,,,,0.02368637306102615,,,,,,,,,,,0.021542820147399788,,,,,,,,,,,0.02368637306102615,,,,,,0.022108913681068175,,,,,,,,,,,,0.02368637306102615,,,0.020384041306535525,,,,,,,,,,0.02368637306102615,,,0.016075214003887717,,,,0.02368637306102615,0.016577650037687172,,,0.02368637306102615,,,,,,0.01864456785222925,,,,,,,,,0.02368637306102615,,,,,,,,,,,,,,,0.02368637306102615,,,,,,0.02117963814155148,,,,,,0.017235743696765983,,,,,,,,,0.02368637306102615,,,0.018489248144766005,,0.02368637306102615,,,,,,,,,,,,0.02368637306102615,0.02368637306102615,,,,0.013074998001253576,,0.007600271913330035,0.01699722327732805,,,,,,,,,
2009-10-30,0.018065536493640618,,,,,,,,,,,,,,,,,,,,,,,,,,,,,,,,,,,,0.02274149859005401,,,,,,,,,,,,,,,,,,0.021407975296769216,,,,,,,,,,,,,,,,,,,,,,,0.024330497311544613,,0.017331236679729595,0.024330497311544613,,,,0.024330497311544613,0.022207369375951594,,0.024330497311544613,,,,,,,,,,,,,,,,,,0.0188022709545028,,,,,,0.024330497311544613,,,,,,,,,,,,0.012103775556864744,,,,,,,,,0.020171057211728745,,,,0.0153056622622048,,,,,,,,,,0.013785756981475892,0.018719068382122093,,,0.018783592617683476,,,,,,,,0.024330497311544613,,,,,,,,,,,,,,,,0.023927951688973007,,,,,0.024330497311544613,,,,,,,,,,,,,,,,,0.01973833617438806,,,,,,0.024330497311544613,,,,,,,,,0.024330497311544613,,,,0.024330497311544613,,,,,,,,,,,0.024330497311544613,,,,,,,,,,,0.024330497311544613,,,0.02395036897020903,,,,,0.024330497311544613,,,,,,,,,,,,,,,,,,,,0.024330497311544613,,,,,,,,,,,,,0.024330497311544613,,,,,,,,,,,,,,,,0.024330497311544613,,,,,,,,,,,,,,,,,,,0.024330497311544613,0.013646670402433477,,,,,,,,,0.015108874619326392,0.017441729183753845,,,,,,,,,0.024330497311544613,,,,0.024330497311544613,,0.018081042965627056,,,,,,,0.014598747064669012,,,,,,0.023425246428640058,,0.01868834356399992,,,,,0.018835245520379445,,,,,0.021003030962399596,,,,,0.024330497311544613,,,0.0198301452923034,,,,,,,,0.009373764086787877,,,,,,0.024330497311544613,,,,,,,,,0.011985259130945338,,,,,,,,
2009-11-30,0.019587022410797274,,,,,,,,0.02329752713853379,,,,,,,,,,,,,,,,,,,,,,,,,,,,,,,,,,,,,,,,,,,,,,0.021846104278464857,,,,,,,,,,,0.021881429354252836,0.021966388551018796,,,,,,,,,,,,,0.02329752713853379,0.02329752713853379,,,,0.02329752713853379,0.02329752713853379,,0.02329752713853379,,,,,,,,,,,,,0.02329752713853379,,,,,0.01891231147098394,,,,,,0.02329752713853379,,,,,,,,,,,0.02329752713853379,0.015983768202189483,,,,,,,,,0.02329752713853379,,,,0.02329752713853379,,,,,,,,,,,0.020660749446856117,,,,,,,,,,,,,,,,,,,,,,,,,,,,,,,,,0.02329752713853379,,,,,,,,,,,,,,,,,,,,,,,,,,,,,,,0.02329752713853379,,,,,,,,,,,,,,,0.022611248885444784,,,,,,,,,,,0.02329752713853379,,,0.02329752713853379,,,,,,,,,,,,,0.02329752713853379,,,,,,,,,,,,,,,,,,,,,,,,,,,,,,,,,,,,,,,0.02329752713853379,,,,,,,,,,,,,,,,,,,,,,0.017314607222285203,,,,,0.021212080279740395,,,,0.016920440957579077,0.02329752713853379,,,,,,0.017062702106666522,,,0.02329752713853379,,,,0.019937121692630712,,0.019683430846016457,,,,,0.02329752713853379,,0.015719325135702157,,0.02329752713853379,,,,,,0.017547554496353396,0.011528973572107838,,,,0.01924218278569961,,,,,0.02329752713853379,,,,,,,,0.019128900125598133,,,,,,,,0.02046370259101383,,,,,,0.02329752713853379,,,,0.02329752713853379,0.014844316288126366,,0.008472388835713333,,0.015035072001414067,0.02329752713853379,,,,,,,
2009-12-31,0.01971461151145915,,,,,,,,,,,,,,,,,,,,,,,,,,,,,,,,,,,,,,,,,,,,,,,,,,,,,,0.01996820636385677,,,,,,,,,,0.014596115217688605,,,,,,,,,,,,,,,0.01612556887533052,0.023794443886060293,,,,0.023794443886060293,0.023186664283005528,,0.01716320831282263,,0.023794443886060293,,,,,,,,,,,,,,,,0.023794443886060293,,,,,,,,,,,,0.010945858441483726,,,,,0.023794443886060293,,,,,,,,,,0.023794443886060293,,,,,,,,,,,,0.023794443886060293,,,0.023794443886060293,,,,,,,,,,,,,,,,,,,,,,,,,,,,,,,,,,,,,,,,,,,,,,,,,0.023794443886060293,,,,,,,,,,,,,,,0.023794443886060293,0.023794443886060293,,,,,,,,,,,0.021886383554757104,,,0.023794443886060293,,,,,,,,,,,,,,0.023794443886060293,,,0.023794443886060293,,0.023794443886060293,,,0.023794443886060293,,,,,,,,,0.023794443886060293,,,,,,,0.023794443886060293,,,,0.02045762817011487,,,,,,,,,,,,,,,,,,,,,,,,0.023794443886060293,,0.022075724506255286,,,,,,,,,,,,,,,,,,,,0.019538008569666396,,,,,,,,,,0.0171078640470935,,,,,,0.018115467455023102,,,,,,,0.01268527125327695,,0.015666770092149566,,,,,0.023794443886060293,,0.01708766700375743,,0.023794443886060293,,,,,,0.01687752896316835,,,,,0.02053512118954353,,,,,,,,,,,,,0.020886998363277086,,,,,,,,,,,,,,0.023794443886060293,,,,0.023794443886060293,0.015676207083872865,,0.006495788743511507,0.023794443886060293,0.023794443886060293,0.023794443886060293,0.014551796961317824,,,,,,
2010-01-29,0.024159280799214984,,,,,,0.01890354697622976,,,,,,,,,,,,,,,,,,,,,,,,,,,,,,,,,,,,,,,,,,,,,,,,0.021945880623391756,,,,,,0.01706035416652603,,,,0.013883397068511485,,0.020793797531006953,,0.01974774065594037,0.014362787719705873,,,,,,,,,,0.017749198264463608,,,,,0.024159280799214984,0.017326592671857252,,0.024159280799214984,,0.024159280799214984,,,,,,,,,,,0.024159280799214984,,,,,,,,,,,,,,,,,0.014190972888304086,,,,,,,,,,,,,,,0.0195841062931918,,,,,,,,,,,,0.024159280799214984,,,,,,0.024159280799214984,,,,,,,,,,0.024159280799214984,0.021228290655203846,,,,,,,,,,,,,,,,,,,,,,,,,,,,,,,,,,,0.0161561749313802,,,,,,,,,,,,,,,0.024159280799214984,0.023484822529138524,,0.020102438169523586,0.017903370365462853,,,,,,,,0.022406919502879735,,,0.024159280799214984,,,,,,,,,,,,,,,,,,,,,,0.024159280799214984,,,,,,,,,0.024159280799214984,,,,,,,0.024159280799214984,,,,,,,0.018962511517651413,,,,,,,,,,,,,,,,,,,,,0.018124440768891116,,0.024159280799214984,,,,,,,,,,,,,,,,,,,,0.017718955497275656,,,,,,,,,,,,,,,,,,,,0.013825594925138962,,,0.024159280799214984,,0.024036156084201482,,,,,,,0.023101801174800006,,0.024159280799214984,,,,,,0.0173537727932703,,,,,0.013177301699789035,,,,,,,,,,,,,0.024159280799214984,,,,,,,,,,,,,,,,,,0.024159280799214984,0.014932765535009529,,0.016705303040105302,,0.024159280799214984,0.022045389966849918,0.024159280799214984,,,,,,
2010-02-26,0.02248775985829043,,,,,,0.02308177755627069,,,,,,,0.021919897364546106,,,,,,,,,,,,,,,,,,,,,,,,,,,,,,,,,,,,,,,,,,,,,,,0.019548073750298905,,,,0.02087088779372394,,0.018656412856467065,,0.022966318389459252,0.02308177755627069,,,,,,,,,,,,,,,,0.018236043225998613,,,,,,,,,,,,,,,0.02308177755627069,,,0.02308177755627069,,,,,,,,0.02308177755627069,,,,,,0.0167593656763476,,,,,,0.01993898522018133,,,,,,,,,,,,,,,,,,,,,,,,,,,,,,,,,,,,,0.01727712602413294,,,,,,,,,,,,,0.022276477865886678,,,,,,,,,,,,,,,,,,,,,,0.02308177755627069,0.022577079247564864,,,,,,,,,,,,,,,0.019524743738749926,0.02308177755627069,,0.020297267354934072,0.02308177755627069,,,,,,,,0.02308177755627069,,,,,,,,,,,,,,,,,,,,,,,,,,,,,,,,,,0.02308177755627069,,,,,0.02308177755627069,,,,,,,,,0.02308177755627069,,,,,,,,,,,,,,,,,,,,,0.02308177755627069,,,,,,,,,,,,,,,,,,,,,,0.02308177755627069,,,,,,,,,0.02308177755627069,,,,,,,,,,,0.020878116038569372,,,0.020174757308784527,,0.02308177755627069,,,,,0.02308177755627069,,0.017021725776568648,,,,,,,,0.02308177755627069,0.012304379178403867,,,,0.014671219409656669,,,,0.02308177755627069,,,,,,,,,,,,,,,,,0.018925680516990284,,,0.019606080504040946,,,,,0.013555319577885843,,0.017869707473861567,0.015433833467357464,0.022891029291595134,,,0.021143878984607643,0.01954721277965553,0.021904465510547325,0.022182382245750264,,,,,
2010-03-31,0.021238274689757048,,,,,,0.024983709193399223,,,,,,,,,,,,,,,,,,,,,,,,,,,,,,,,,,,,,,,,,,,,,,,,0.021546373773686858,,,,,,0.023575763837481955,,,,0.013418728898100292,,0.013548627658031621,,,0.02396424263174669,,,,,,,,,,,,,,,,,,,,,,,,,,,,,,,,,,0.024983709193399223,,,,,,,,0.024983709193399223,,,,,,0.017652892112750913,,,,,,0.01974667385893895,,,,,,,,,0.02266887857963536,,,,,,,,,,,,,,,,,,0.024983709193399223,,,,,,,,,,,,,,,,,,,,,,,0.024983709193399223,,,,,,,,,,,,,,,,,,,,,,0.024983709193399223,0.014917980486992761,,,,,,,,,,,,,,,0.024983709193399223,0.024983709193399223,,0.024983709193399223,0.024983709193399223,,,,,,,,0.024983709193399223,,,,0.011488443881582697,,,,,,,,,,,,,,,,,,0.024983709193399223,,,,,,,,,,,,0.024983709193399223,,,,,,,0.024983709193399223,,,,,,,,,,,,,,,,,,,,,,,,,,,,0.024983709193399223,,,,,0.023324365988565156,0.016591047916093688,,,,,,,,,,,,,,,,0.024983709193399223,,,,,0.024983709193399223,,,,0.024983709193399223,,,,,,0.024983709193399223,,,,,0.024983709193399223,,0.017052874665353036,0.021822381940642302,,,,,,,0.024983709193399223,,0.01572323915910954,,,,,,,,0.012953453984985847,0.009961664435610156,,,,0.017470062243490847,,,,0.016194634119315706,,,0.01460923812658693,,,,,,,,,,,,,,0.017812281890305166,,,0.015610100514113535,,,,,0.016955658613860607,,0.02387031485331798,,,,,,0.0177271418229979,0.01389676625556269,,,,,,
2010-04-30,0.024015418951749384,,,,,0.024015418951749384,0.019903658965188715,,,,,,,0.024015418951749384,,,,,,,,,,,,,,,,,,,,,,,,,,,,,,,,,0.01692901798763529,,,,,,,0.024015418951749384,,,,,,,0.020064787507630317,,,,0.021683268748067926,,,,0.02334582788286529,0.02114831091034762,,,,,,,,,,0.024015418951749384,,,,,,,,,,,,,,,,,,,,,,,,0.024015418951749384,,,,,,,,0.024015418951749384,,,,,,0.018820135768964984,,,,,,0.023836541271999183,,,,,,,,,0.023407957361131628,,,,,,,,,,,,,,,,,,,,,,,,,,,,,,,,,,,,,,,,,,,,,0.02319814639607268,,,,,,,,,,,,,,,,,,0.024015418951749384,,0.021805759897258848,,,,,,,,,,,,,,,0.024015418951749384,,0.023630764042354223,,,,,,,,,,,,,,,,,,,0.014909100175336535,,,0.024015418951749384,,,,,,,,,0.024015418951749384,,,,,,,,,,,,,,,,,0.024015418951749384,,0.024015418951749384,,,,,,,,,,,,,,,,,,,,,,,,,,,,0.019792839036700493,,0.021881121611794032,,,0.021266077119635806,0.011715097431966135,,,,,,,,,,,,,,,,,,,,,,,,,0.022263625161512354,,,,,,0.024015418951749384,,,,,0.014827128000041984,,,0.024015418951749384,,,,,,,,,0.022146042052749084,,,,,,,,0.021175461732599234,0.01343886849966452,,,,0.018636547023061015,,,,0.020777034765022902,,,0.012710054779148616,,,,,,,,,,,,,,0.02349616035349981,,,0.011244544584426398,,,,,0.017361695887627,,0.024015418951749384,0.01642624393052892,0.013299239330909325,,,,0.022345806916581574,0.018266431639687476,,,,,,
1998-02-27,,0.03105703075280015,0.03105703075280015,,0.03105703075280015,,,,,,,,,,,,,,,,,,,,,,,,,,0.026277283959723837,,,,,,,0.03105703075280015,,,,,,,,,,,0.03105703075280015,,,,,0.02450457767367944,,,,,,,,,,,0.0229600785493678,,0.016085209998662194,,,0.03105703075280015,,,,,,,,,,,,,,,0.03105703075280015,,,0.028205996154622704,,0.030389049173438765,,,,,,,0.03105703075280015,,,,0.03105703075280015,,,,,,0.03105703075280015,,,,,,,,,,,,0.03105703075280015,0.022891345543303913,,,,,,,0.03087669018424843,,,,,,,,,,,0.03105703075280015,,,,0.03105703075280015,0.03105703075280015,,,,0.03105703075280015,,,,,,,0.03105703075280015,,,0.03105703075280015,,,0.019963221752102425,,0.030530760186632543,0.014132977495664775,0.03105703075280015,0.03105703075280015,,,0.03105703075280015,0.03105703075280015,0.03105703075280015,0.03105703075280015,0.01887110201414971,,,,,,,,,,,,,,,,,,,,,,,,,,,,,,,,,,,,,,,,,,,,,,,,,,,,,,,,,,,,,,,,,,,,,,,,,,,,,,,,,,,,,,,,,,,,,,,,,,,,,,,,,,,,,,,,,,,,,,,,,,,,,,,,,,,,,,,,,,,,,,,,,,,,,,,,,,,,,,,,,,,,,,,,,,,,,,,,,,,,,,,,,,,,,,,,,,,,,,,,,,,,,,,,,,,,,,,,,,,,,,,,,,,,,,,,
2007-11-30,,0.02479973964004689,,,,,,,,0.014172738699774694,,,,,0.02479973964004689,,,,,,,0.01959963430777685,,,,,,,,,,,,,,,,,,0.022099146631140622,,,,,,,,,,,,,,,,,,0.02479973964004689,,,,,,,0.02243146927671051,,,,,,,,,,,,,0.011967361751177625,,0.018174911049814436,,,,,,,,,,0.02479973964004689,,,0.02479973964004689,,,,,,,,,,0.02479973964004689,,,,,,,,,,,,,,,,,,,,,,,,,,,,,,0.021514070855600073,,,,,,0.02479973964004689,,,,,,,,,,,,,,,,,0.02479973964004689,,,,,,,,,,0.02479973964004689,,,,,,,,,,,0.02479973964004689,,,,0.02464922576941036,0.01842872710958416,,,,,,,,,,,,,,,,0.02479973964004689,,0.020263695800970084,,,,,0.023542851627663706,,,,,,,,,,,,,,0.02479973964004689,,,,,,,,,,,,,,,0.014261174104649213,,,,,,,,,,0.01701641934144704,,,,,0.02479973964004689,,,,,,,,,,,,,,,,,,,,,,,,,,,,,,,,,,,0.02479973964004689,,,,,,,,,0.02016197594913865,,0.011203789654244383,,,,,,,,0.02479973964004689,,,0.02479973964004689,,,,0.017645870402655105,,,,0.022539982340748048,0.01818263584773642,,,,,,,,0.0126619498052963,,,,,,,,0.019946381881476776,,,0.019676444210964844,,,,,,,,,0.02479973964004689,,,,,,0.02479973964004689,,,0.02479973964004689,,0.02479973964004689,,,,,,,0.02479973964004689,,,,,0.012584744568935149,,,,0.023029138725346513,,,,0.023806355256181418,0.022432863208356992,0.007211909382215437,,,,,,,,,,,,,,,,,,,,,,,,,,,,
2008-04-30,,0.02149423819266798,0.026229306455994195,,,,,0.026229306455994195,,0.011314869253827865,,,,,,,,,,,,,,0.026229306455994195,,,,,,,0.026229306455994195,,,,,,,,0.026229306455994195,0.0208126358004514,,,,,,,,,,,,,,,,,,0.026229306455994195,,,,,,,0.01779154049176528,,,,,,,,0.024306763377009714,,,,0.024558570035591372,,0.026229306455994195,,,,,0.026229306455994195,,0.013860772192936332,,,,,,,,,,,,,,,,,,,,,,,,0.017900688709832416,,,,,,,,,,,,,,,,,0.026229306455994195,,,,,,,,,,,,,0.026229306455994195,,,,0.026229306455994195,,,,,,,,,,,,,,,,,,,,,,,,,,,,0.01720968329493578,,,,,,,,,,0.020447757400343585,,0.026229306455994195,,,,,0.026229306455994195,,,,,,,,,0.026229306455994195,,0.022173746945282305,,,,,,0.026229306455994195,,,,,,,,,,,,,0.02301826406854783,,,0.014448756191266997,,,,,,,,,,,,0.009158008824343046,,,,,,,,,,,,,,,0.02422461965321163,,,,,,,,,,,,,,,,,,,,0.026229306455994195,,,,,,,,,,,,,,,,0.026229306455994195,,,,,,,,0.010830886957163272,,0.018927113900368747,,,,,,,,,,,0.026229306455994195,,,,,,,,0.013673574715739925,,,,,,,,,,,0.008246107594647147,,,,,,,,,,,,,0.026229306455994195,,,,,,,,0.023778237858329204,,,,0.02010602434236824,,,0.015458128755030352,0.01886076094572901,,,,,,,,,,,,0.012173040375955154,,,,,,,,0.016582169264751017,0.017241558340971238,0.01681535339704907,0.026229306455994195,,,,,,,,,,,,,,,,,,,,,,,,,,,
2008-05-30,,0.024309392153912576,,,,,,,,0.0157608078485838,,,,,,,,,,,,0.0197572392955024,,0.024309392153912576,,,,,,,,,,,,,,,0.024309392153912576,0.015730044405057108,,,,,,,,0.024309392153912576,,,,,,,,,,0.024309392153912576,,,,,,,0.020454794831481982,,,,,,,,0.024309392153912576,,,,0.017889717232322386,,0.024309392153912576,,,,,,,0.020209535350255648,,,,,,,,,,,,,,,,,,,,,,,,,,,,,,,,,,,,,,,,,0.024309392153912576,,,,,,0.02167049458918659,,,,,,,0.024309392153912576,,,,,,,,,,,,,,,,,,,,,,,,,,,,,,,,,,,,,,,,,,0.024309392153912576,,0.024309392153912576,0.024309392153912576,,,,0.024309392153912576,,,,,,,,,0.024309392153912576,,0.021523354585732513,,,,,,0.024309392153912576,,0.024309392153912576,,,,,,,,,,,0.017042786886220396,,,0.013601742831829642,,,,,,,,,,,,0.021197738796496012,,,,,,,,,,,,,,,0.022739806822372918,,,,,,,,,,,,,,,,,0.024249961833740744,0.024309392153912576,,0.024309392153912576,,,,,,,,,,,,,,,,0.024309392153912576,,,,,,,,0.023502371862724684,,0.01376789674345084,,,,,,,,,,,0.024309392153912576,,,,,,,,0.021023379139235444,,,,,,,,,,,0.022475907470038605,,,,,,,,,,,,,,,,,,,,,,,,,0.014078982785932831,,,0.01738508021543503,0.021193961006554636,,,,,,,,,,,,0.013543274015791614,,,,,,,,0.01964728326915063,,0.011253681645646827,,0.024309392153912576,0.024309392153912576,0.0238530370299786,0.011640492121201244,,,,,,,,,,,,,,,,,,,,,,,
2008-06-30,,0.024041992552124445,,,,,,,,0.015163015771208007,,,,,,,,,,,,,,0.024041992552124445,,,,,,,,,,,,,,,0.01934924804649509,0.024041992552124445,,,,,,,,,,,,,,,,,,,,,,,,,0.014140179454954015,,,,,,,,0.024041992552124445,,,,0.020898020718182322,,0.024041992552124445,,,,,,,0.01997372769257234,,,,,,,,,,,,,,,,,0.024041992552124445,,,,,,,,,,,,,,,,,,,,,,,,0.024041992552124445,,,,,,0.01319415409379283,,,,,,,0.02127704223143443,,,,,,,,,,,,,,,,0.024041992552124445,,,,,,0.015122772493171757,,,,,,,,,,,,,,,,,,,,0.02190651738626995,,0.024041992552124445,0.024041992552124445,,,,0.024041992552124445,,,,,,,,,0.024041992552124445,,0.024041992552124445,,,,,,0.024041992552124445,,0.024041992552124445,,,,,,,,,,,0.01718331864267629,,,0.017148818393286188,,,,,,,,,,,,0.020842927460556434,,,,,,,,,,,,,,,0.02143262351657288,,,,,,0.024041992552124445,,,,,,,,,,,,0.023275227114805716,,0.020763287354200764,,,,,,,,,,,,,,,,0.024041992552124445,,,,,,,,0.024041992552124445,,0.017389381136610666,,0.02396188465588576,,,,,,,,,,,,,,,,,0.018154268974309055,,,,,,,,,,,0.014890389167462305,,,,,,,,,,,,,0.024041992552124445,,,,,,,,,,,,0.01844235154760222,,,0.019857567207164247,0.011981328062397363,,,,,,,,,,,,0.015344883471991607,,,,,,,,0.021580539574254588,,0.014626123142014611,0.024041992552124445,0.018240075843727853,0.024041992552124445,0.018978483251787286,,,,,,,,,,,,,,,,,,,,,,,,
2008-07-31,,0.014839750038933744,,,,,,,,0.013720719518771882,,,,,,,,,0.02491646187761158,,,,,0.02068016607335766,,,,,,,,,,,0.02491646187761158,,,,0.02491646187761158,0.019890841753124857,,,,,,,,,,,,,,,,,,,,,,,,,0.017642929147431114,,,,,,,,0.02491646187761158,,,,0.01936362621096922,,0.0217989525087596,,,,,,,0.019720731104105663,,,,,,,,,,,,,,,,,,,,,,,,,,,,,,,,,,,,,,,,,0.01862498933882085,,,,,,,,,,,,,0.01927131516153073,,,,,,,,,,,,,,,,0.02491646187761158,,,,,,,,,,,,,,,,,,,,,,,0.017626343608825205,,,0.02491646187761158,,,0.02491646187761158,,,,0.02491646187761158,,,,,,,,,0.019800555351174337,,0.02027993525134304,,,,,,0.02491646187761158,0.020188979860947524,,,,,,,,,,,,,,,0.015071566173541473,,,,,,,,,,,,0.015792444410318077,,,,,,,,,,,,,,,0.012189235297014685,,,,,,,0.014926305881464841,,,,,,,,,,,,,0.01986040446375653,,,,,,,,,,,,,,,,0.02491646187761158,,,,,,,,,0.02491646187761158,0.01801021498793962,,0.02491646187761158,,,,,,,,,,,,,,,,,0.02491646187761158,,,,,,,,,,,0.022293445822606624,,,,,,,,,,,,,0.024253985993564195,,,,,,0.02491646187761158,,,,,,0.016466365335129383,,0.017287211385358235,0.02491646187761158,,,,,,,,,,,,,0.015204046021680132,,,0.02491646187761158,,,0.022579323852829132,,0.014399302369744961,,0.023731169883487176,0.02491646187761158,0.02491646187761158,,0.011072367518849423,,0.02491646187761158,,,,,,,,,,,,,,,,,,,,,,
2008-08-29,,0.020285828330297788,,,,,,,,0.011448522064741997,,,,,,,,,0.023965631182451323,,,0.019552539955563712,,0.023965631182451323,,,,,,,,,,,,,,,0.023965631182451323,,,,,,,,,,,,,,,,,,,,,,,,,,0.019631306748773773,,,,,,,,0.023965631182451323,,,,0.01576378059952817,,0.02375053052205779,,,,,,,,,,,,,,,,,,,,,,,,,,,,,,,0.018577111502388468,,,,,,,,,,,,,,,,,,,,,,,,,,,,,,0.019773135880586653,,0.023965631182451323,,,,,,,,,,,,,0.02068062284483649,0.01800329314488064,,,,,,0.022493642681331732,,,,,,,,,,0.017436145560215506,,,,,,,0.023965631182451323,,,,,,0.023965631182451323,,,,0.023965631182451323,,,,,,,,,,,,,,,,,0.023965631182451323,,,,,0.023965631182451323,,,,,,,,0.016956896765701474,,0.023965631182451323,0.012823996898322152,,,,,,,,,,,,,,,,,,,,,,,,,,,0.022456232442657095,,,0.023965631182451323,,,0.023965631182451323,,,,,,,,,,,,0.018138908299550355,,0.02208742280275812,,,,,,,,,,,,,,,,0.023965631182451323,,,,,,,,0.023965631182451323,0.022012547230622504,0.01121055859586545,0.023965631182451323,,,,,,,,,,,,,,,,,,,,,,,,,,,,,0.023965631182451323,,,,,,,,,,,,,0.009722762201995049,0.023965631182451323,,,,,0.023965631182451323,,,,,,0.02072226169304871,,,0.011302717471528846,,,,,,,,,,,,,0.012329718242639735,,,0.023965631182451323,,,0.021787567308320748,,0.023965631182451323,,0.01984243301540661,,0.023965631182451323,0.023965631182451323,,,,,,,,,,,,,,,,,,,,,,,,,
2008-09-30,,0.011529135540654767,,,,,,,,0.010466076154167338,,,,,,,,0.01778231524295296,0.025253185477756443,0.025253185477756443,,,,0.01832545456345629,,,,,,,,,,,,,,,0.025253185477756443,,,,,,,,,,,,,0.017172065297762024,,,,0.025253185477756443,,,,,,,,,0.017985658257626807,,,,,,,,0.025253185477756443,,,,0.018920869578060898,,0.02216569790577044,,,,,,,,,,,,,,,,,,,,,,,,,,,,,,,,,,,,,,,,,,,,,,,,,,,,,,,,,,,,,,,0.017725534091606193,,,,,,,,0.01907683327002577,,,,,0.010631099169841316,,,,,,,,0.025253185477756443,,,,,,0.025253185477756443,,,0.025253185477756443,,,,,,0.019970123416616446,0.025253185477756443,,,,,,0.025253185477756443,,,,,,,,,,,,,,,,,,,,,0.012305921747649223,,,,,0.01749786619554436,,0.025253185477756443,,,,,,0.01654171397059467,,0.025253185477756443,,,,0.025253185477756443,,,,,,0.025253185477756443,,,,,,,,,,,,,,,,,,0.01400622648730188,,,,,,,,,,,,,,,,,,,,0.017706936243593475,,,,,0.025253185477756443,,0.025253185477756443,,,,0.025253185477756443,,,,,0.025253185477756443,,,,,,,,0.025253185477756443,,,0.025253185477756443,0.025253185477756443,,,,,,,,,,,,,,,,,,,,,,,,,,,,0.025253185477756443,,,,,,,,,,,,,,0.022900677441331205,,,,,,,,,,,,,0.015936810038427972,,,,,,,,,,,,,,0.010365227044374732,,,0.025253185477756443,,,0.025253185477756443,,0.015158693436347018,,0.013590388139791475,,0.021547685777711625,,,,,0.014614539522636605,,,,,,,,,,,,,,,,,,,,,
2009-02-27,,0.014409020637531588,,,,,,,,,,,,,,,,,0.019025458707390253,0.022913110908646596,,,,0.024112697192569567,,,,,,,,0.015225651913903071,,,,,,,,,0.024112697192569567,,,,,,,,,,,,,,,,0.014238438682800536,,,,,,,0.024112697192569567,,0.013870333176619294,,,,,,0.019484327504148056,,,,,,,0.01423222089749247,,,,,,,,,,,,,,,,,,,,,,,,,,,,,,,,,,,,,,,,,,,,,,,0.024112697192569567,,,0.024112697192569567,,,,,,,,,,,,,,0.024112697192569567,,,,,,,,,,,,,,0.024112697192569567,,0.024112697192569567,,,,0.024112697192569567,,,,,,0.024112697192569567,,0.020731806259961204,,,,,,,,,,,,,,,0.023403931763386558,,,,,,0.02320181475320026,0.024112697192569567,,,,,,,,,0.024112697192569567,,,0.012444725344497788,,,,,,0.02383647647925541,,,,,,,,,,0.024112697192569567,,,,,,,,,,,0.024112697192569567,,,,,,,,0.011659674435825844,,,,,,,,,,,,,,,,,0.021247461506797852,,,,0.022094197125858406,,,,,,,,,0.01934017958743175,,,,,,,0.012018140352039186,,,0.022916550725529845,,,,,,,0.024112697192569567,,,0.020421031500318123,,,,0.024112697192569567,,0.024112697192569567,,0.022461248720394508,,0.024112697192569567,,,,,,,,,,,0.01604296848006894,,,,,,,,,,,,,,0.024112697192569567,,,,,,,,,,,,,,,,0.017316325493301532,,,,,,,,,,,0.011947972301951217,,,,,,,,,,,,,,,,,,,0.024112697192569567,0.019323863583272167,,,,,,,0.024112697192569567,,,0.024112697192569567,,,,0.015713730921846886,,,,,,,,,,,,,,,,,,
2009-03-31,,0.010843811796271615,,,,,,,,,,,,,,,,,0.02311074678269955,,,,,,,,,,,,,0.02311074678269955,,,,,0.01663161707464707,,,,0.02311074678269955,,,,,,,,,,,,,,,,0.02311074678269955,,,,,,,0.02311074678269955,,,,,,,,0.019187919737768833,,,,,,,,,,,,,,,,,,,,,,,,,,,,,,,,,,,,,,,,,,,,,,,,,,,,,,0.02311074678269955,,,0.02189840960091233,,,,,,,,,,,,,,0.02311074678269955,,,,,,,,,,,,,,0.02311074678269955,,0.02311074678269955,,,0.014229207773200712,0.02311074678269955,,,,,,,,0.021651211388509936,,,,,,,,,0.02311074678269955,0.017325377774499967,,,,0.02311074678269955,0.02311074678269955,,,,,,0.02311074678269955,0.022651604542135665,,,,,,,,,,,,,,,,0.02311074678269955,,0.02311074678269955,,,,,,,,,,,,,,,,,,,,,0.02311074678269955,,,,,,,,,,,,,,,,,,,,,,,,,,,,,0.018209431807745587,,,,,,,,,0.020167179279768847,,,,,,,0.02311074678269955,,,0.02311074678269955,,,,,,,0.02311074678269955,,,0.01698724853971387,,,,0.02311074678269955,,0.019885823976002432,,0.020374367088273858,,0.02311074678269955,,,,,,,,0.022789547960400336,,,0.010405491370477339,,,,,,,,,,,0.01685488441665814,,,0.021447133153169828,,,,,,,,,,,,,,,,0.02311074678269955,,,,,,,,,,,0.01073658082433484,,,,,,,,,,,,,,,,,,0.022758224969223195,0.01776497814634321,,,,,,,,0.02311074678269955,,,0.02311074678269955,,,,0.01969859796868971,0.02311074678269955,0.01662193446106434,,,,,,,,,,,,,,,,
2009-04-30,,0.012180231702593637,,,,,,,,,,,,,,,,,0.024300457153078964,,,,,,,,,,,,,0.024300457153078964,,,,,0.019587551941631552,,,,,,,,,,,,,,,,,,,,0.024300457153078964,,,0.024300457153078964,,,,0.024300457153078964,,,,,,,,0.016790675465360404,,,,,,0.024300457153078964,,,,,,,,,,,,,,,,,,,,,,,,,,,,,0.015211243702175102,,,,,,,,,,0.024300457153078964,,,,0.015378606968863487,,,,,0.024300457153078964,,,0.018144892020900076,,,,,,,,,,,,,,0.024300457153078964,,,,,,,,,,,,,,0.024300457153078964,,0.024300457153078964,,,0.01489169042589438,0.016079565005528377,,,,,,,0.02017557692899384,0.024300457153078964,,,,,0.024300457153078964,,,,0.020146108530416196,,,,,,,,,,,,0.022724434020944047,0.024300457153078964,,,,,,,,,,0.024300457153078964,,,,,,,,0.0242421630548633,,,,,,,,,,,,,,,,,,,,,,,,,,,,,,,,,,,,,,,,,,,,,,0.018719571838619713,,,,0.01659139078323793,0.024300457153078964,,,,,,,,0.02120354021965489,,,,,,,0.024300457153078964,,,0.024300457153078964,,,,,,,0.024300457153078964,,0.022297272323584746,,,,,0.019160376671980867,,,,0.01520179937141128,,,,,,,,,,0.024300457153078964,,,0.010165013428150007,,,,,,,,,,,0.015056820750978653,,,0.015136825575984314,,,,0.024300457153078964,,,,,,,,,,,,0.024300457153078964,,,,,,,,,,,0.009963378530968032,,,,,,,,,,,,,,,,,,0.01804357206384908,,,,,,,,,,,,0.024300457153078964,,,,0.01969672699952092,0.024300457153078964,,,,,,,,,,,,,,,,,
1996-02-29,,,0.031951491473010234,,,0.031951491473010234,,0.031951491473010234,,0.031951491473010234,,0.031951491473010234,,0.031951491473010234,,0.031951491473010234,0.031951491473010234,0.031951491473010234,0.03118622875881491,,0.031951491473010234,,0.031951491473010234,,,,0.031951491473010234,0.031951491473010234,0.031951491473010234,,0.024952300405275084,0.02039909605035858,,0.031951491473010234,0.031951491473010234,0.031951491473010234,0.031951491473010234,0.031951491473010234,0.031951491473010234,0.031951491473010234,0.031951491473010234,0.031951491473010234,0.031951491473010234,0.031951491473010234,0.031951491473010234,0.031951491473010234,0.026219994066396034,0.02096649457969454,0.013585616368184417,,,,,,,,,,,,,,,,,,,,,,,,,,,,,,,,,,,,,,,,,,,,,,,,,,,,,,,,,,,,,,,,,,,,,,,,,,,,,,,,,,,,,,,,,,,,,,,,,,,,,,,,,,,,,,,,,,,,,,,,,,,,,,,,,,,,,,,,,,,,,,,,,,,,,,,,,,,,,,,,,,,,,,,,,,,,,,,,,,,,,,,,,,,,,,,,,,,,,,,,,,,,,,,,,,,,,,,,,,,,,,,,,,,,,,,,,,,,,,,,,,,,,,,,,,,,,,,,,,,,,,,,,,,,,,,,,,,,,,,,,,,,,,,,,,,,,,,,,,,,,,,,,,,,,,,,,,,,,,,,,,,,,,,,,,,,,,,,,,,,,,,,,,,,,,,,,,,
2001-10-31,,,0.02696080459660617,,,,,,,,,,,,,,,,0.02696080459660617,,,,,,,,,,,,,,,,,,0.022794702325083054,,0.022812357807107542,,0.02696080459660617,,,,,,,,,,,,,,,,,,,,,0.02696080459660617,,,,,,,0.025467831521895787,,,,,,0.010741398438459959,,,,0.02696080459660617,,,0.02696080459660617,,,,,,,,,0.02152380854999345,,,,,,0.02696080459660617,,,0.025015947312735997,,,,,0.02696080459660617,,,,,,,,,,,,,,,,,,,,,,,,,,0.02696080459660617,,,,,,,,,0.02696080459660617,,,,,,,,,,,,,,0.02696080459660617,,,,,,,,,0.022316983655205746,,,,,,,,0.02696080459660617,,,,,,,,,,,,,,,,,,,,,,,,,,,,,0.02513990322883369,,,,,,,,,,,,,,,,,,,,,,,,,,,,,,0.02696080459660617,,,,,,,,0.02696080459660617,,,,0.02696080459660617,,,,,,,,,,,,0.021155290297097847,,,0.02696080459660617,,0.02357449299924149,,,0.02696080459660617,,,,,,,,,0.02696080459660617,0.02696080459660617,,,,0.02696080459660617,,0.02696080459660617,0.02696080459660617,0.02696080459660617,,,,0.02696080459660617,0.02696080459660617,0.02696080459660617,0.02696080459660617,0.02696080459660617,0.024554755159372586,,,,,,,,,,,,,,,,,,,,,,,,,,,,,,,,,,,,,,,,,,,,,,,,,,,,,,,,,,,,,,,,,,,,,,,,,,,,,,,,,,,,,,,,,,,,,,,,,,,,,,,,,,,,,,,,,,,
2001-11-30,,,0.028896102454527273,,,,,,,,,,,,,0.028896102454527273,,,0.018417546346336123,,,,0.01184686801874143,0.02608857604126801,,,,,,,,,,,,,0.024253016754304132,,0.02127465164259617,,,,,,,,,,,,,,,,,,,,,,,0.028896102454527273,,,,0.028896102454527273,,,0.028896102454527273,,,,,,0.022141008348325164,,,,0.028896102454527273,,,,,,,,,,,,0.028138442784630718,0.028896102454527273,,,,,0.028896102454527273,,,,,,,,0.028896102454527273,,,,,,,,,,,,,,,,,,,,,,,,,,,,,,,,,,,0.028896102454527273,,,,,,,,,,,,,,0.028721471324649354,,,,,0.028896102454527273,,,,0.013796234544813985,,,,,,,,0.028896102454527273,,,,,,,,,0.027482241607043014,,,,,,,,,,,,,,,,0.028896102454527273,,,,0.028896102454527273,,,,,,0.015541471894569687,,,,,,,,,,,,,,0.028896102454527273,,,,,,,,,,0.028896102454527273,,,,,,,,0.0283328862365076,,,,,0.01933729755523228,,,,,,,0.028896102454527273,,,,0.018767651633053575,,,,,,,,,,,,,,,0.028896102454527273,,,,,0.02451983969224787,,0.028896102454527273,,0.02039605207733949,,0.028896102454527273,,,,,0.028896102454527273,,,,0.015230489498741295,0.028896102454527273,,,,,,,,,,,,,,,,,,,,,,,,,,,,,,,,,,,,,,,,,,,,,,,,,,,,,,,,,,,,,,,,,,,,,,,,,,,,,,,,,,,,,,,,,,,,,,,,,,,,,,,,,,,,,,,,,,
2002-02-28,,,0.028824031703489454,0.028824031703489454,,,,,,,,,,,,,,,,,,,0.02138824436261534,0.02155517424656717,,,,,,,,,,,,,0.02141942183019854,,0.018746458028640528,,,,,,,,,,,,,,,,,,,,,,,,,,,0.028824031703489454,,,,,,,,,,,,,0.028824031703489454,,,,,,,0.010948999073216822,,,,,0.028824031703489454,0.028824031703489454,,,,,0.028824031703489454,,,,,,,,,,,,,,,,,,,,,,,,,,0.028824031703489454,,,,,,,,,,,,,,,,,0.028824031703489454,,,0.028824031703489454,,,,,,,,,,,0.028824031703489454,,,,,0.028824031703489454,,,,0.023997578711047216,,,,,,,,0.028824031703489454,0.01897967318757492,,,,,,,,0.028824031703489454,,,,,,,,,,,,,,,,,,,,,,,,,,0.017602921604243486,,,,,,,,,,,,,,,0.028824031703489454,,,,,,,,,,,0.028824031703489454,,,,,,0.028824031703489454,,,,0.028824031703489454,0.015572553255766045,,,,,,,0.028824031703489454,,,,0.012712467920444823,,,,,,,,,,,,,,,,,,,,0.018704151613148874,,0.028824031703489454,,,,0.028824031703489454,0.028824031703489454,,,,0.028824031703489454,,0.028824031703489454,,0.028824031703489454,0.028824031703489454,,,,,0.009444223738774269,,0.028799270375496552,0.010704037761539501,,,,,,,,,,,,,,,,,,,,,,,,,,,,,,,,,,,,,,,,,,,,,,,,,,,,,,,,,,,,,,,,,,,,,,,,,,,,,,,,,,,,,,,,,,,,,,,,,,,,,,,,,,
2002-03-29,,,0.027961383081053663,0.027961383081053663,,,,,,,,,,,,,,,,,,,0.015155093239999034,0.022958346675177814,,,,,0.027961383081053663,,0.019636119650093646,,,,,,,,,,,,,,,,,,,,,,,,,,0.026989325063829495,,,,,,,,,0.027961383081053663,,,,,,,,,0.027961383081053663,,,,0.027961383081053663,,,,,,,,,,,,,0.027961383081053663,,,,,0.027961383081053663,,,,,,,,,,,,,,,,,,,0.026172725830960464,,,,,,,,,,,,,,,,,,,,,,,,0.027961383081053663,,,0.027961383081053663,,,,,,,,,,,0.027961383081053663,,,,,0.027961383081053663,,,,0.017173799752451726,,,,,,0.027961383081053663,,0.025340889011283993,0.01906965640414668,,,,,,,,,,,,,,,,,,,,,,,,,,,,,,,,,,0.017262414622306564,,,,,,,,,,,,,,,0.026747706757827637,,,,,,,,,,,0.027961383081053663,,,,,,0.027961383081053663,,,,0.027961383081053663,,,,,,,,0.027961383081053663,,,,0.022795601961275558,,,,,,,,,,,,,,,,,,,,0.01673814375183579,,0.027961383081053663,,,,0.027961383081053663,,,,,0.021514392047910887,0.027961383081053663,0.027961383081053663,,0.02115435888857069,0.027961383081053663,,0.027961383081053663,,,,,0.019637521988985798,0.010580710408056328,0.027961383081053663,,,,,,,,,,,,,,,,,,,,,,,,,,,,,,,,,,,,,,,,,,,,,,,,,,,,,,,,,,,,,,,,,,,,,,,,,,,,,,,,,,,,,,,,,,,,,,,,,,,,,,,,,
2002-04-30,,,0.02868096432855287,0.02868096432855287,,,,,,,,,,,,,,,,,,,0.01582628121032161,0.016757833679645395,0.02868096432855287,,,,0.018173848998485294,,0.018887874731445455,,,,,,0.026727273113353416,,,,,,,,,,,,0.02868096432855287,,,,,,,,0.02149160007552509,,,,,,,,,0.02868096432855287,,,,,,,,,0.020894059207791464,,,,,,,,,,,,,,,,0.02868096432855287,,,0.027151678729558888,,,0.02868096432855287,,,,,,,,,,,,0.02480089448659185,,,,,,,0.022878002339454844,,,,0.02868096432855287,,,,,,,,,,,,,,,,0.02868096432855287,,,,0.02868096432855287,,,0.02868096432855287,,,,,,,,,,,0.02868096432855287,,,,,0.022705632997824455,,,,0.01634116654556904,,,,,,,,0.02868096432855287,0.0210841569875113,,,,,,,,,,,,,,,,,,,,,,,,,,,,,,,,,,0.014920551891441635,,,,,,,,,,,,,,,,,,,,,,,,,,,,,,,,,,,,,,,,,,,,0.02868096432855287,,,,0.02024542285529727,,,0.02868096432855287,,,,,,,,,,,,,,,,,,,,,,,0.02868096432855287,,,,,,,,,0.027658823477736474,0.02868096432855287,,0.027062578254012506,,,,,0.023031194093444212,0.011060875425379658,0.02868096432855287,0.02868096432855287,0.02868096432855287,0.02868096432855287,,,,,,,,,,,,,,,,,,,,,,,,,,,,,,,,,,,,,,,,,,,,,,,,,,,,,,,,,,,,,,,,,,,,,,,,,,,,,,,,,,,,,,,,,,,,,,,,,,,,,,
2002-05-31,,,0.02749646652066604,,0.02749646652066604,,,,,,,,,,,,,0.027068966122680914,,,,,0.025150803918560033,,,,,,0.02749646652066604,,,,,,,,,,,,,,,,,,,,,,,,,,,,0.026969286661351656,,,,,,,,,,,,,,,,,,,,,,,,,,,,,0.007756646181276787,,,,,,,,0.02749646652066604,,,,,,,,,,0.02749646652066604,,,,,0.014757208452791316,,,,,,,0.02749646652066604,,,,,0.025139525503049792,,,,,,,,0.02749646652066604,,,,,,,0.02749646652066604,,,,0.02749646652066604,,,0.02749646652066604,,,,,,,0.013545320402957512,,,,0.02749646652066604,,,,,0.02749646652066604,,,,0.01608787857847998,,,,,,,,0.02749646652066604,,,,,,,,,,,,,,,,,,,,,,,,,,,,,,,,,,,0.015114167178323559,,,,,,,,,,,,,0.02749646652066604,,,,,,,,,,,,,0.02749646652066604,,,,,,,,,,,,,,,,,,0.02749646652066604,,,,,,,0.02749646652066604,,,,,,,,,,,,,,,,,,,0.02749646652066604,,,,0.025371261139817743,0.02749646652066604,,,,,,,,0.02749646652066604,0.02749646652066604,,,0.01962968669290925,,,,0.020058345048183754,,0.02749646652066604,,,0.02749646652066604,0.02749646652066604,0.02749646652066604,0.02749646652066604,0.02642966525268671,0.022013109329613888,,,,,,,,,,,,,,,,,,,,,,,,,,,,,,,,,,,,,,,,,,,,,,,,,,,,,,,,,,,,,,,,,,,,,,,,,,,,,,,,,,,,,,,,,,,,,,,,,
2008-10-31,,,0.01468920474504291,,,,,,0.022916249098215647,,,,,,,,,0.02292874092851599,0.02292874092851599,,,,,,,,,,,,,,,,,,,,,,,,,0.018728029766671827,,,,,,,,,,,,0.02292874092851599,,,,,,,0.02292874092851599,,,,,,,,,,0.02292874092851599,,,,,,0.02147069729413645,,,,,,,,,,,,,,,,,,,,,,,,,,,,,,,,,,,,,,,,0.020927778177052693,,,,,,,,,,0.02292874092851599,,,0.02292874092851599,,,,,,,,,,0.016255674237189446,,,,,,,,0.019267987830269104,,,,,,,0.02292874092851599,,,,,,0.02292874092851599,0.022659439573205795,,,0.020021938179899817,,0.02292874092851599,,,0.02292874092851599,,,,,,,,,,,,0.02292874092851599,0.02292874092851599,,,,,,,,,,,,,,,,,,,,,,,,,,0.020883940894989274,,,,,,,,0.012322055034812417,,0.02292874092851599,,,,0.02292874092851599,,,,,,,,,,,,,0.012101149995811135,,,,,,,,,,,,,,0.01775109176353432,,,,,,,,,,,0.02292874092851599,,,,0.01677416699555054,,0.02292874092851599,,,,,0.019199439614231255,,0.02292874092851599,,,,,,,,,,,,0.02292874092851599,,,,,,0.02292874092851599,,0.02292874092851599,,,,,,,,,,,,,,,,,,,,,0.019051623707437883,,,,,,,,0.016232800952307346,,,,,,,0.02292874092851599,,,,,,,0.02292874092851599,,,,,,,,,,,,,,,,,,,,,,,,,,,,,0.02292874092851599,0.02292874092851599,,,0.02292874092851599,,,,0.011144111072842347,,,0.02292874092851599,,,0.02292874092851599,0.019896747270570198,0.01570112779778181,,,,,,,,,,,,,,,,,,,,
2008-11-28,,,0.015026489237113324,,,,,,0.0236890133769429,,,,0.01617988356770778,,,,,0.017197338583455478,0.021612284714860604,0.017225620625765548,,,,,,0.0187053978768357,,,0.01657226764874587,,,,,,,0.01581793003368273,,,,,,,,,0.014193099347505574,,,,,,,,,,,,0.02367058835057101,,,,,,0.019972200618631232,,,,,,,,,,0.0236890133769429,,,,0.014109997299905615,,0.019576728757101387,,,,0.0236890133769429,,,,,,,,,,,,,,,,,,,,,,,,,,0.0236890133769429,,,,,,,,,,0.021026766572286124,,,,,,,,,,0.0236890133769429,,,,,,,,,,,,,0.01833661159169501,,,,,,,,0.017254540525958054,,,,,,,0.0236890133769429,,,,,,0.0236890133769429,,,,0.019691344678883622,,0.0236890133769429,,,0.021487913845353566,,,,,,,,,,,,,0.0236890133769429,,,,,,,0.0236890133769429,,,,,,,,,,,,,,,,,,,0.02240828302827163,,,,,,,,,,,,,,0.01937074760401838,,,,,,,,,,,,,,,0.0236890133769429,,,,,,,,,,,0.012878115677496483,,,,,,,,,,,,0.023402294836705424,,,,,,0.0236890133769429,,,,,,,0.0236890133769429,,,,0.020006977720697844,,,,,,,,,,0.0236890133769429,,,,0.0236890133769429,,0.0236890133769429,,0.0236890133769429,,,,,,,,,,,,,,,,,,,0.015408029772808552,,,,,,,,0.01536117883133664,,,,,,,0.0236890133769429,,,,,,,0.0236890133769429,,,,,,,,,,,,,,,,,,,,,,,,,,,,,,0.0236890133769429,,0.0236890133769429,0.022349074359862997,,,,,,0.0236890133769429,,,,,,,,,,,,,,,,,,,,,,,,,,
2008-12-31,,,0.010852386749093529,,,,,,,,,,,,0.02442145322781699,,,,0.018983601981319674,,,,,0.02442145322781699,,,,,0.020307310206679852,,,,,,,0.011093586924064203,,,,,,,,,,,,,,,,,,,,,0.024382162955814277,,,,,,,,,,,,,,,0.016826161604239318,0.02442145322781699,,,,0.015773374977679732,,0.01097672992052129,,,,,,,,,,,,,,,,,,,,,,,,,,,,,,,,,,,,,,,,,,,,,,,0.02442145322781699,,,0.02442145322781699,,,0.02442145322781699,,,,,,0.02442145322781699,,,,0.014279971907669654,0.02442145322781699,,,,,,,0.01164763981727427,,,,,,,,,0.022794170472273476,,,,0.021391275831113533,0.015686024156480804,,,0.015290772779231743,,,,,0.014893956210859456,,,,,,,,,,,,,0.02442145322781699,0.02442145322781699,,,,,,0.02442145322781699,,,,,,,,,,,,,,,,,,,0.02220659768849753,,,,,,0.02285234646884149,,,,,,,,0.02442145322781699,,,,,,,,,,,,,,,0.02442145322781699,,,,,,,,,,,0.011449515487242826,,,,,,0.02372845400950021,,,,,,,,,,,,,,,,,,,0.02442145322781699,,,,,,,,,,,,,0.014809825269936518,0.02442145322781699,,,,0.02442145322781699,,0.02442145322781699,,0.020377912690855912,,0.02442145322781699,,,,,,,,,,,,,,,,,0.011512228717007522,,,,,,,,0.020087044272958075,,,,,,,,,,,,,,0.021682071433237315,,0.02442145322781699,,,,,,,,,,,,,,,,,,,,,,,,,,,,,,0.02442145322781699,0.02442145322781699,,,,,,,0.02442145322781699,,,0.02442145322781699,,,0.02442145322781699,,,,,,,,,,,,,,,,,,,
2009-01-30,,,0.010757051658856355,,,,,,,,,,,,,,,,0.02144351877632207,,,,,0.02416029815840932,,,,,0.019461942372035648,,,,,,,,,,,,0.02416029815840932,,,,0.015100896897039542,,,,,,,,,,,,0.02416029815840932,,,,,,,,,0.013141603052843976,,,,,,0.017862482900073334,,,,,,,0.011810675851633102,,,,,,,,,,,,,,,,,,,,,,,,,,,,,,,,,,,,,,0.02416029815840932,,,,,,,,,0.02416029815840932,,,0.01657876798366034,,,,,,,,,0.013959614558799705,,,,0.017590288299124606,0.02416029815840932,,,,,,,,,,,,,0.02416029815840932,0.02416029815840932,,0.022372198048694864,,,,0.02416029815840932,0.01735901829266912,,,,,,,0.023225629756194275,,,,,,,,,,,,,,0.02416029815840932,0.02416029815840932,,,,,,0.02416029815840932,0.022843466222442703,,,,,,,,,0.020923541487696592,,,,,,,,,0.019783901198957208,,,,,,,,,,,,,,,,,,,,,0.01839741718720823,,,,,,,,0.02416029815840932,,,,,,,,,,,,,,,,,0.01662950657567947,,,,0.016966838181284125,,,,,,,,,0.01949838066466022,,,,,,0.02416029815840932,0.020631427006711413,,,0.02416029815840932,,,,,,,0.02416029815840932,,,0.023876784000289277,,,,0.02416029815840932,,0.02416029815840932,,0.0203878090398847,,,,,,,,,,,,,0.011086200653868008,,,,,,,,,,,,,,0.012624181689956798,,,,,,,,,,,,,,,,0.02416029815840932,,,,,,,,,,,,,,,,,,,,,,,,,,,,,,0.02416029815840932,0.02416029815840932,,,,,,,0.02416029815840932,,,0.02416029815840932,,,,,,,,,,,,,,,,,,,,,,
1998-09-30,,,,0.029100396260931003,,,,,,,,,,0.029100396260931003,0.029100396260931003,,,,,,0.028374256504199613,,,,,,0.029100396260931003,,,,,,,,,,,0.029100396260931003,,,,,,,,,,,,,,,,0.027924311606318558,,,,,,,,,,,,,,0.029100396260931003,,0.02268844657622944,,,,,,0.029100396260931003,,0.029100396260931003,,,0.029100396260931003,,,,,,,,,,,,,,0.029100396260931003,,,,,,,,0.029100396260931003,,0.02513069894692147,,,,,,,,,,,,,,,,,,,,,0.029100396260931003,,,,,0.029100396260931003,,,,,,,0.029100396260931003,,,,,,,,,,,,,,,,,,,,,,0.027725348283433798,,,0.01514559123221493,0.029100396260931003,0.029100396260931003,,,,,,0.029100396260931003,,0.029100396260931003,,0.02608466043391235,,0.029100396260931003,0.029100396260931003,,,0.0151642676146546,,,0.029100396260931003,0.029100396260931003,0.029100396260931003,0.029100396260931003,0.02605171975697787,0.029100396260931003,0.029100396260931003,0.029100396260931003,,,,,,,,,,,,,,,,,,,,,,,,,,,,,,,,,,,,,,,,,,,,,,,,,,,,,,,,,,,,,,,,,,,,,,,,,,,,,,,,,,,,,,,,,,,,,,,,,,,,,,,,,,,,,,,,,,,,,,,,,,,,,,,,,,,,,,,,,,,,,,,,,,,,,,,,,,,,,,,,,,,,,,,,,,,,,,,,,,,,,,,,,,,,,,,,,,,,,,,,,,,,,,,,,,,,,
2001-07-31,,,,0.02857153457951443,,,,,,,,,,,,0.02857153457951443,,0.02857153457951443,,,,,,,,,,,,,0.012983817001226937,,,,,,,,0.02857153457951443,,0.02857153457951443,,,,,,,,,,,,,,,0.02857153457951443,,0.0269631995861682,,,,0.02857153457951443,,,,0.02471435451991381,,,,,,,,,0.01916124776447407,,,,0.02857153457951443,,,,,,,,,,0.02857153457951443,,0.02857153457951443,,,,,,0.02857153457951443,,,0.02857153457951443,,,,0.02857153457951443,0.02857153457951443,,,0.02840985965597163,,,,,,,,,,,,,,,,,,,,,,,,,,,,,,,,0.02857153457951443,,,,,,,,,,,,,,0.02857153457951443,,,,,0.02857153457951443,,,,,,,,,,0.027782640439134327,,0.02857153457951443,,,,,,,,,,,,,,,,,,,,,,,,,0.02857153457951443,,,,0.019168837601281612,,,,,,0.012942632936896122,,,,,,,,,,,,,,,,,,,,,,,,0.02857153457951443,,,,,,,,,,,,0.026480319539154147,0.01326440250448934,,,,,,,,,,,0.013826398335986728,,,0.02857153457951443,,0.025410026943688876,0.02764354475227386,,0.02441120742165626,,,,,,,,,,,,,0.02857153457951443,0.02857153457951443,0.020655165849448348,0.019037049819403663,,,,,,,,,,,,,,,,,,,,,,,,,,,,,,,,,,,,,,,,,,,,,,,,,,,,,,,,,,,,,,,,,,,,,,,,,,,,,,,,,,,,,,,,,,,,,,,,,,,,,,,,,,,,,,,,,,,,,,,,,,,,,,
2001-09-28,,,,0.0283049049582393,,,,,,,,,,,,0.0283049049582393,,,0.02676615366816564,,,,,,,,,,,,,,,,,,,,,,0.0283049049582393,0.0283049049582393,,,,,,,,,,,,,,,,,,,,0.02455587578208479,,,,0.0283049049582393,,,,,,,,,0.0283049049582393,,,,0.0283049049582393,,,,,,,,,0.027423516061211208,,,0.0283049049582393,,,,,,0.0283049049582393,,,0.0283049049582393,,,,,0.0283049049582393,,,,,,,,,,,,,,,,,,,,,,,,,,,,,,,,,,,0.0283049049582393,,,,,,,,,,,,,,0.0283049049582393,,,0.0283049049582393,,,,,,0.01993198003707472,,,,,,0.019874636287017536,,0.0283049049582393,0.017228694151520788,,,,,,,,,,,,,,,,,,,,,,,,,,,0.0283049049582393,,,,,,,0.008958571477451563,,,,,,,,,,,,,,,,,,,,0.022110751045507186,,,,,,,,,,,,0.0283049049582393,,,,,,,,,,,,,,,,0.012758263393622144,,0.020793035417999033,,,0.0283049049582393,,,,,0.0283049049582393,,0.0283049049582393,,,0.02352583000006381,,0.0283049049582393,,,,,,0.01817315387920579,0.0283049049582393,0.0283049049582393,0.025460855454085024,0.0283049049582393,0.0283049049582393,0.024816059389008188,,,,,,,,,,,,,,,,,,,,,,,,,,,,,,,,,,,,,,,,,,,,,,,,,,,,,,,,,,,,,,,,,,,,,,,,,,,,,,,,,,,,,,,,,,,,,,,,,,,,,,,,,,,,,,,,,,,,,,,,,
2001-12-31,,,,0.028915122819787843,,,,,,,,,,,,,,,,,,,0.021099770226626915,0.028915122819787843,0.028915122819787843,,,,,,,,,,,,,,0.025962699973321072,,,,,,,,,,0.028915122819787843,,,,,,,,,,,,,,,,,0.020958179432862743,,,0.028915122819787843,,,,,,0.028915122819787843,,,,0.028915122819787843,,,,,,,,,,,,,0.028915122819787843,,,,,0.028915122819787843,,,,,,,,,,,,0.01711688174181472,,,,,,,,,,,,,,,,,,,,,,,,,,,,,,,0.028915122819787843,,,,,,,,,,,,,,0.028915122819787843,,,,,0.028915122819787843,0.028915122819787843,,,0.01869987063865422,,,,,,,,0.021574190738370413,,,,,,,,,,,,,,,,,,,,,,,,,0.028915122819787843,,,,0.028915122819787843,,,,,,0.006238608877019381,,,,,,,,,,,,,,0.028915122819787843,,,,,,,,,,0.028915122819787843,,,,,,,,,,,,,0.01867575852528424,,,,,,,,,,,0.028915122819787843,,,,,,,,,,,,,,,,,,,,0.024717368429003152,0.028915122819787843,0.028915122819787843,,,,,,,,,0.028915122819787843,0.028915122819787843,,0.028915122819787843,0.01593204148067048,0.028915122819787843,0.028915122819787843,0.027481587824715985,0.02546453676751057,0.021597049055975776,0.01160338579347406,,,,,,,,,,,,,,,,,,,,,,,,,,,,,,,,,,,,,,,,,,,,,,,,,,,,,,,,,,,,,,,,,,,,,,,,,,,,,,,,,,,,,,,,,,,,,,,,,,,,,,,,,,,,,
2002-01-31,,,,0.028377284848939425,,,,,,,,,,,,,,,,,,,,0.021311483050193022,0.027990338841408238,,,,0.019404375645713,0.017612245983804693,,,,,,,,,0.020948341317630445,,,,,,,,,,,,,,,,,,,,,,,0.028377284848939425,,,,0.028377284848939425,,,,,,,,,0.010029321433748902,,,,0.028377284848939425,,,,,,,,,,,,0.028377284848939425,,,,,,0.028377284848939425,,,,,,,,,,,,0.020337052618744127,,,,,,,,,,,,,,,,,,,,,,,,,,,,,,,0.02284193103291113,,,0.028377284848939425,,,,,,,,,,,,,,,,0.028377284848939425,,,,0.019154132768922794,,,,,,,,0.024181589717723266,,,,,,,,,0.028377284848939425,,,,,,,,,,,,,,,,,,,,0.02492057643385239,,,,,,,,,,,,,,,,,,,,0.028377284848939425,,,,,,,,,,0.028377284848939425,,,,,,,,0.028377284848939425,,,,,0.015274075603240638,,,,,,,,,,,0.018980601980592076,,,0.028377284848939425,,,,,,,,0.028377284848939425,,,,,,,,,,0.028377284848939425,0.028377284848939425,,,,0.027557448541794566,0.028377284848939425,,,,0.028377284848939425,0.028122769992602915,,,0.018387395020979636,0.028377284848939425,,0.025018903748058558,,0.028377284848939425,0.017114379739019116,0.028377284848939425,0.024890054701332393,,,,,,,,,,,,,,,,,,,,,,,,,,,,,,,,,,,,,,,,,,,,,,,,,,,,,,,,,,,,,,,,,,,,,,,,,,,,,,,,,,,,,,,,,,,,,,,,,,,,,,,,,,,
2005-12-30,,,,0.025492741944568843,,,,,,,,,,,,0.025492741944568843,,,,,,,0.01444963370156221,,,,,,,,,,,,,,,,,,,,,,,0.025492741944568843,,,,,,,,,,,,,,,,,,,,0.025492741944568843,,,,,,0.02110161753132318,,,,,0.021355868755195597,0.01627176755517268,,0.02379409416156883,,,,,0.025492741944568843,,,,,,,,,0.025492741944568843,,,,,,,,,,,0.025492741944568843,,,,,,,,,,,,,,,,,,,,,,,,,,0.025492741944568843,,,,,,,,,,,,,,,,,,,,,0.024853156052564253,,,,,,,,,,,,,,,,,,,,,,,,,0.025492741944568843,,,,,0.025492741944568843,,,,,,,,,,,,,,,,,,,,,,,0.02421000787238737,,,,,,,,,,,,0.025047210318587827,,,,,,,,,,,,,,,,,,,,,,0.025492741944568843,,,0.02223163947865885,0.025492741944568843,0.025492741944568843,,,0.025492741944568843,,,,,,,,,,0.025492741944568843,,,,,,,,,,,,,,,,,,,,0.025492741944568843,,,,,,,,,,,,0.025492741944568843,,,,0.019486700958717906,,,,0.0226947965469231,,,,,,0.011795045127384565,,,,0.025492741944568843,,,,,,,,,,,,,,,,,,0.012344352340427377,0.025492741944568843,0.020320829810651253,,,,,,0.025492741944568843,,,,,,,,0.025492741944568843,,,0.025492741944568843,,0.016944430500537212,0.02524563081243255,0.025492741944568843,0.025492741944568843,0.025492741944568843,,0.025492741944568843,0.015041927917115405,,,,,,,,,,,,,,,,,,,,,,,,,,,,,,,,,,,,,,,,,,,,,,,,,,,
2000-12-29,,,,,0.02848927896143417,0.02848927896143417,0.02848927896143417,,,,,,,,,0.02848927896143417,,0.021233368983215317,,,0.01964109683405917,,,,,,0.02848927896143417,,,,,,0.014378384762162372,,,0.02848927896143417,,,,,,,,,0.02848927896143417,,,,,,0.02848927896143417,,,0.02848927896143417,,,,0.02848927896143417,0.02848927896143417,,,,,,,,,,,,,0.014561959197777148,,,,,0.02848927896143417,,,,,0.02848927896143417,,,,,,,0.02848927896143417,,,,,,,,,,,,,0.02848927896143417,,,,,,,,,,,,,0.02848927896143417,,,,0.02848927896143417,,,,,,,,,,,,,,,,,,,,,,,,,,,,0.02329197323002564,,,,,,,,,0.02848927896143417,,,,,,,,,,,,,,,,,,,,,,,0.01812396346919902,,,,,,,,,,0.02848927896143417,,,,,,,,,,,,,,,,0.022052131287447884,,,,,,,,,,,,,,,0.02848927896143417,,,0.02848927896143417,,,,,,,,,0.02848927896143417,0.02848927896143417,,,,,,,0.02848927896143417,,,0.010343223793217183,0.02069709571741344,,,0.021181583454561042,,0.02848927896143417,0.02848927896143417,,0.016795408350764932,0.02848927896143417,0.02848927896143417,,,,,,,,,,,,,,,,,,,,,,,,,,,,,,,,,,,,,,,,,,,,,,,,,,,,,,,,,,,,,,,,,,,,,,,,,,,,,,,,,,,,,,,,,,,,,,,,,,,,,,,,,,,,,,,,,,,,,,,,,,,,,,,,,,,,,,,,,,,,,,,,,,,,,,
2001-01-31,,,,,0.027675603990175827,,0.027675603990175827,,,,,,,,,0.027675603990175827,,0.027675603990175827,,,0.027675603990175827,,,,,,,0.027675603990175827,,,,,0.014874633047949186,,,0.027675603990175827,,,,,,,,,0.027675603990175827,,0.022427673888336986,,,,0.027675603990175827,,,0.027675603990175827,,,,0.02699257244694398,,,,,,,,,,,,,,0.018126781386950216,,,,,0.027675603990175827,,,,,,,,,,,,0.027675603990175827,,0.026012541019908575,,,,,,,,,,,,,,,,,,,,,,,,0.027675603990175827,,,,,,,,,,,,,,0.027675603990175827,,,,,,,,,,,0.027675603990175827,,,,,,,,,,,,,0.026829620444150354,,,0.027675603990175827,,,,,,,,,,,,,,,,,,,0.012225063888313981,0.027675603990175827,,,,,,,,,,,,,,,,,,,0.027675603990175827,,,,,,,,,,,,,,,,,,,,,,,,,,,,0.027341842081817936,,,,,,,,,0.02204990789544723,0.027675603990175827,,,,,,,0.025074054038878014,,,0.01169202172599115,,,,,,0.027675603990175827,0.027675603990175827,0.027675603990175827,0.024323038094304784,0.027675603990175827,0.022464546296436006,0.027675603990175827,0.027675603990175827,0.027675603990175827,,,,,,,,,,,,,,,,,,,,,,,,,,,,,,,,,,,,,,,,,,,,,,,,,,,,,,,,,,,,,,,,,,,,,,,,,,,,,,,,,,,,,,,,,,,,,,,,,,,,,,,,,,,,,,,,,,,,,,,,,,,,,,,,,,,,,,,,,,,,,,,,,,,
2001-02-28,,,,,0.02843451313345543,,0.02843451313345543,,,,,,,,0.02843451313345543,0.02843451313345543,,0.02070598992588487,,,,,,,,,,0.019737597623687334,,,,,,,,0.02843451313345543,,,,,0.02843451313345543,,,,0.02843451313345543,,,,,,0.02843451313345543,,,,,,,0.02843451313345543,,,,,,,,,,,,,,,,,,,0.02843451313345543,,,,0.02843451313345543,0.02843451313345543,,,,,,,0.02843451313345543,,0.014247849506038022,,,,,,,,0.02843451313345543,,,,,0.02843451313345543,,,,,,,,,,,0.02843451313345543,,,,,,,,,,,,,,,,,,,,,,,,,0.02843451313345543,,,,,,,0.02843451313345543,,,,,,0.02753897091465121,,,,,,0.02843451313345543,,,,,,,,,,,,,,,,,0.01729672579156183,,,,,,,,,,,,,,,,,,,0.02843451313345543,,,,,,,,,,,,,,,,,,,,,,,,,,,,0.02843451313345543,,,,,,,,,0.021209158384139573,0.02843451313345543,,,,,,,,,,0.01130121336334449,,,,,,,0.02843451313345543,,0.011055041096687162,,0.02377942753596252,,,0.02843451313345543,0.02843451313345543,0.02843451313345543,0.02843451313345543,0.02843451313345543,0.01904324444955614,0.017918413671734655,,,,,,,,,,,,,,,,,,,,,,,,,,,,,,,,,,,,,,,,,,,,,,,,,,,,,,,,,,,,,,,,,,,,,,,,,,,,,,,,,,,,,,,,,,,,,,,,,,,,,,,,,,,,,,,,,,,,,,,,,,,,,,,,,,,,,,,,,,,,,
2001-03-30,,,,,0.02724091754160039,0.025927448301958263,0.02724091754160039,,,,,,,,,0.02724091754160039,,0.02724091754160039,,,,,,,,,,0.015604362371421605,,0.019097658848809297,,,,,0.02724091754160039,,,,,,0.02724091754160039,,,,,,,,,,,,,,,,,0.02724091754160039,,,,,,,,,,,,,,,,,0.02724091754160039,,0.02674029384365391,,0.02724091754160039,,,0.025236777560652006,,,,,,,0.02724091754160039,,0.02724091754160039,,,,,,,,0.02724091754160039,,,,,0.02724091754160039,,,,0.02724091754160039,,,0.025812277037768165,,,,0.02724091754160039,,,,,,,,,,,,,,,,,,,,,,,,,0.02724091754160039,,,,,,,0.02268523454232605,,,,,,0.023538653864672698,,,,,,,,,,,,,,,,,,0.02724091754160039,,,,,,,,,,,,,,,,,,,,,,,,,,,,,0.02724091754160039,,,,,,,,,,,,,,,,,,,,,,,0.023664162425646264,,,,,,,,,0.024944205542463124,,,,,,,,,,,0.013136261448641506,,,,,0.02724091754160039,0.02724091754160039,0.02724091754160039,,,,,,,0.02724091754160039,,0.02724091754160039,0.02724091754160039,,0.018107890588776415,,0.02724091754160039,0.02724091754160039,0.02724091754160039,,,,,,,,,,,,,,,,,,,,,,,,,,,,,,,,,,,,,,,,,,,,,,,,,,,,,,,,,,,,,,,,,,,,,,,,,,,,,,,,,,,,,,,,,,,,,,,,,,,,,,,,,,,,,,,,,,,,,,,,,,,,,,,,,,,,,,,,,,
2002-06-28,,,,,0.027605483661824075,,,,,,,,,,,,,0.027605483661824075,,,,,0.01185543258645719,,0.0228835130593468,,,,,,,,,,,,0.0253498474261515,,,,,,,,,,,,,,,,,,,,0.027605483661824075,,,,,,,,,,,,,,,,,,,,,,0.027605483661824075,,,,,,,0.014826776212632207,,,,,,,,0.027605483661824075,,,,,,0.027605483661824075,,,,0.027605483661824075,,,,,0.021103473221819772,,,0.027605483661824075,,,,0.027605483661824075,,,,,0.027605483661824075,,,,,,,,,,,,,,,,,,,0.027605483661824075,,,0.023367277731706926,,,,,,,,,,,0.018811003222400754,,,,,0.027605483661824075,,,,0.015698252039656347,,,,,,,,0.027605483661824075,0.023960035639879744,,,,,,,,,,,,,,,,,,,,,,,,,,,,,,,,,,0.012826042560344355,,,,,,,,,,,,,0.027605483661824075,,,,,,,,,,,,,,,,,,,,,,,,,,,,,,,0.027605483661824075,,0.02635094490809417,,,,,0.027605483661824075,,,,,,,,,,,,,,,,,0.02011598584409161,,0.027605483661824075,,,,0.027605483661824075,0.027605483661824075,,,,,,,,0.027398672295759378,0.027605483661824075,,,,,,,,,,,,0.027605483661824075,0.025672348300419923,,0.027605483661824075,,0.02704524265880042,0.027605483661824075,0.027605483661824075,0.020203544408661005,,,,,,,,,,,,,,,,,,,,,,,,,,,,,,,,,,,,,,,,,,,,,,,,,,,,,,,,,,,,,,,,,,,,,,,,,,,,,,,,,,,,,,,,,,,,,,
2002-07-31,,,,,0.02568598775841641,,,,,,,,,,,,,0.02568598775841641,0.02568598775841641,,,,0.015069650217616677,,0.022935669228067466,,,,,0.02568598775841641,,0.02568598775841641,,,,,,,,,,,,,,,,,,,0.02568598775841641,,,,,,0.02385671312933733,,,,,,,,,,,,,,,,,,,,,,,,,0.02568598775841641,,,,,,,,,,,,,,,0.02568598775841641,,,,,,,0.02568598775841641,,,,,,,,0.02568598775841641,,,,,,,,,0.025476643664071808,,,,,,,,,,,,,,,,,,,,,,0.022799098985069138,,,,,,,0.02568598775841641,,,,0.02568598775841641,,,,,0.02568598775841641,,,,0.02568598775841641,,,,,,,,0.02568598775841641,,,0.02568598775841641,,,,,,,,,,,,,,,,,,,,,,,,,,,,,,,,,,,,,,,,,,,,,0.02568598775841641,,,,,,,,,,,,,,,,,,,,,,,,,,,0.02568598775841641,,,,0.02568598775841641,,0.02568598775841641,,,,,0.02568598775841641,,,,,,,,,,,,,,,,,0.02487151865148099,,0.02568598775841641,,,,0.02568598775841641,0.02568598775841641,,,,,,,,0.02568598775841641,0.02568598775841641,,,,,,,,,,0.02568598775841641,,0.02568598775841641,0.02568598775841641,,0.02568598775841641,,0.02568598775841641,,0.02568598775841641,0.01735311009661508,0.02568598775841641,,,,,,,,,,,,,,,,,,,,,,,,,,,,,,,,,,,,,,,,,,,,,,,,,,,,,,,,,,,,,,,,,,,,,,,,,,,,,,,,,,,,,,,,,,,,,
2002-08-30,,,,,0.02727978070594,,,,,,,,,,,,,0.023296168358736602,,,,,0.020360925454262813,,0.02727978070594,,,,,,,0.021635676165562816,,,,,,,,,,,,,,,,,,,0.02727978070594,,,,,,0.014542995104057621,,,,,,,,,0.02727978070594,,,,,,,,,,,,,,,,,,,,0.012066173287774018,,,,,,0.02727978070594,,,,,,,,0.02727978070594,,,,0.024277357173872055,,,,,,,,,,,,,,,,,0.02727978070594,,,,,,,,,,,,,,,,,,,,,,,,,,,,,0.019382871527127598,,,,0.02727978070594,,0.02727978070594,,,0.02312060955221021,,,,0.012463853384245134,,,,,,,,0.02727978070594,,,0.02727978070594,,,,,,,0.02027757004357313,,,,,,,,,,,,,,,,,,,,,,,,,0.013446377856563437,,,,,,,,,,,,,0.02727978070594,,,,,,,,,,,,,,,,,,,,,,,,,,,0.01718752675578808,,,,0.02727978070594,,,,,,,0.02727978070594,,,,,,,,,,0.02727978070594,,,,,,,0.018755985634437543,,0.02727978070594,,,,0.02727978070594,0.02727978070594,,,,,,,,0.02727978070594,0.02727978070594,,,,,,,,,,0.02727978070594,,0.02727978070594,,,0.02727978070594,,0.02439582076983556,,0.025515790577513287,,,0.02727978070594,0.02727978070594,0.02727978070594,,,,,,,,,,,,,,,,,,,,,,,,,,,,,,,,,,,,,,,,,,,,,,,,,,,,,,,,,,,,,,,,,,,,,,,,,,,,,,,,,,,,,,,,,,
1996-03-29,,,,,,0.03193885339757205,,0.03193885339757205,,0.03193885339757205,,0.03193885339757205,,0.03193885339757205,,0.03193885339757205,,,0.03193885339757205,,0.03193885339757205,,0.02859925767890537,0.015579446071432189,,,0.0285989580422418,0.03193885339757205,0.027868631757752508,,0.014403216880028878,,,0.03193885339757205,0.03193885339757205,0.03193885339757205,,0.03193885339757205,,,0.03193885339757205,0.03193885339757205,0.03193885339757205,0.03193885339757205,0.03193885339757205,0.03193885339757205,,0.025317471814657586,,0.03193885339757205,0.03193885339757205,0.03193885339757205,0.03193885339757205,0.03193885339757205,0.03193885339757205,0.03193885339757205,0.02922282941810851,,,,,,,,,,,,,,,,,,,,,,,,,,,,,,,,,,,,,,,,,,,,,,,,,,,,,,,,,,,,,,,,,,,,,,,,,,,,,,,,,,,,,,,,,,,,,,,,,,,,,,,,,,,,,,,,,,,,,,,,,,,,,,,,,,,,,,,,,,,,,,,,,,,,,,,,,,,,,,,,,,,,,,,,,,,,,,,,,,,,,,,,,,,,,,,,,,,,,,,,,,,,,,,,,,,,,,,,,,,,,,,,,,,,,,,,,,,,,,,,,,,,,,,,,,,,,,,,,,,,,,,,,,,,,,,,,,,,,,,,,,,,,,,,,,,,,,,,,,,,,,,,,,,,,,,,,,,,,,,,,,,,,,,,,,,,,,,,,,,,,,,,,,,
2001-04-30,,,,,,0.028345119100860933,,,,,0.028345119100860933,,,,,0.028345119100860933,,0.028345119100860933,,,,,,,,,,,,0.02154135152175678,0.01143748140794301,,,,,,,,,,0.028345119100860933,,,,,,,,,,,0.0094019511558961,,,,,,0.028345119100860933,,,,,,0.028345119100860933,,,,,,,,,,,0.028345119100860933,,0.02691130639458676,,0.028345119100860933,0.028345119100860933,,0.028345119100860933,,,,,,,0.028345119100860933,,0.028345119100860933,,,,,,,,,0.020623436672388626,,,,0.028345119100860933,,,,,,,,,,,0.028345119100860933,,,,,,,,,,,,,,,,,,,,,,,,,0.028345119100860933,,,,,,,0.02440164979273216,,,,,,0.02368001318624407,,,,,,0.028345119100860933,,,,,,,,,,,,,,,,,,,,,,,,,,,,,,,,,,,,,,,,,0.028345119100860933,,,,,,,,,,,,,,,,,,,,,,,0.024011853061249516,,,,,,,,,,,,,,,,,,,,0.012416962010943312,,,,,0.028345119100860933,,0.028345119100860933,,,,0.01918798618866387,,,0.028345119100860933,0.028345119100860933,0.028345119100860933,0.028345119100860933,,0.013995133767295796,,,0.028345119100860933,,0.028345119100860933,0.028345119100860933,0.0270726591170546,,,,,,,,,,,,,,,,,,,,,,,,,,,,,,,,,,,,,,,,,,,,,,,,,,,,,,,,,,,,,,,,,,,,,,,,,,,,,,,,,,,,,,,,,,,,,,,,,,,,,,,,,,,,,,,,,,,,,,,,,,,,,,,,,,,,,,,
2001-05-31,,,,,,0.027934547579061424,0.027934547579061424,,,,,,,,,0.027934547579061424,,0.021942058359681462,,,,,,,,,,0.020882436754059017,,0.01654254320892512,0.013548623311821103,,,,,,,,,,,,,,,,,,,,,,,,,,,0.027934547579061424,,,,,,,,0.026634717719288128,,,,,,,,,0.027934547579061424,,,,0.027934547579061424,0.027522800776041596,,0.027934547579061424,,,,,,,0.027934547579061424,,0.022381737133323552,,,,,,,,,0.027934547579061424,,,,,,,,,,,,0.027934547579061424,,,0.027934547579061424,,,,,,,,,,,,,,,,,,,,,,,,,0.027934547579061424,,,,,,,0.026917186209583523,,,,,,0.027431494081592,,,,,,,,,,,,,,,,0.027934547579061424,,0.027934547579061424,,,,,,,,,,,,,,,,,,,,,,,,,,,,,0.027934547579061424,,,,,,,,,,,,,,,,,,,,0.027934547579061424,,0.027934547579061424,,,,,,,,,,,,,,,,,,,,0.020791396161045174,0.020346944060225462,,,,,,,0.027934547579061424,,,,0.01166664321998933,,,0.027934547579061424,0.027934547579061424,0.02064692891235758,0.027934547579061424,,0.02438080061553114,,,0.027934547579061424,,,,0.027934547579061424,0.027934547579061424,0.027934547579061424,,,,,,,,,,,,,,,,,,,,,,,,,,,,,,,,,,,,,,,,,,,,,,,,,,,,,,,,,,,,,,,,,,,,,,,,,,,,,,,,,,,,,,,,,,,,,,,,,,,,,,,,,,,,,,,,,,,,,,,,,,,,,,,,,,,,,
2005-10-31,,,,,,0.025390871201916337,,,,,,,,,0.025390871201916337,0.025390871201916337,,,,,,,0.019828040032915658,,,,,,,,,,,,,,,,,,,,,,,,,,,,,,,,,,,,,,,,,,,0.025390871201916337,,,,,,0.019002721712160386,,,,,0.016650704336439694,0.01852134483353481,,,,,,,0.025390871201916337,,,,,,,,,0.025390871201916337,,,,,,,,,,,,,,,,,,,,,,,,,,,,,,,,,,,,,,,,,,,,,,,,,,,,,,,,,,0.025390871201916337,0.021544327153482493,,0.025390871201916337,,,,,,,,,0.025390871201916337,,,,,,,,,,,,,0.025390871201916337,,,,,0.019897740352644192,,,,,,,,,,,,,,,,,,0.025390871201916337,,,,,0.025390871201916337,,,,,,,,,,,,,,,,0.025390871201916337,,,,,,0.025390871201916337,0.01667822267642763,,,,,,,,,,,,,,0.01902056098844298,0.025390871201916337,0.025390871201916337,,,0.025390871201916337,,,,0.022585050331734153,,,,,,,,,0.025390871201916337,,,,,,,,,,,,0.02323401441954144,,,,,,0.025390871201916337,,,,,,,,,,,,,,,0.010969176382244462,,,,,,,,,,0.025390871201916337,,,,0.025390871201916337,,,,,,,,,0.025390871201916337,,,,,,,,0.025390871201916337,0.015472004053403992,,,,,,,,0.025390871201916337,,,,,,,0.025390871201916337,0.025390871201916337,,,,,0.019404413312888787,0.025390871201916337,,0.020856414558565493,0.025390871201916337,0.025390871201916337,,,,,,,,,,,,,,,,,,,,,,,,,,,,,,,,,,,,,,,,,,,,,,,,,,,,,
2006-01-31,,,,,,0.026920530550502468,,,,,,,,,,0.026920530550502468,,,,,,,0.016451112129641034,,,,,,,,,,,,,,,,,,,,,,,0.026920530550502468,0.022190180539638536,,,,,,,,,,,,,,,,,,,0.026920530550502468,,,,,,0.0210349674030094,0.026920530550502468,,,,0.020427300768580747,0.012222759246914227,,0.019780531921469332,,,,,0.026920530550502468,,,,,,,,,0.026920530550502468,,,,,,,,,,,,,,,,,,,,,,,,0.014824532837996163,,,,,,,,,,,,,,,,,,,,,,,,0.026920530550502468,,,,,,,,,,0.026920530550502468,,,,,,,,,,,,,,,,,,,,,,,,,,,,,,0.01888335782293967,,,,,,,,,,,,,,,,,,,,,,,0.026920530550502468,,,,,,,,,,,,0.026920530550502468,,,,,,,,,,,,,,,,,,,,,,,,,0.025683699500827904,,0.026910727431148942,,,0.016140140363187682,,,,,,,,,,0.026920530550502468,,,,,,,,,,,,,,,,0.026920530550502468,,,,,,,,,,,,,,,,0.026920530550502468,0.026920530550502468,,,0.022959168062884918,,,,0.026920530550502468,,,,,,0.026920530550502468,,,,0.026920530550502468,,,,,,,,,,,,,,,,,,0.011399204518226028,0.026920530550502468,,,,,,,0.02446108937891828,,,,,,,,0.026920530550502468,,0.026920530550502468,,,0.011695903983527278,0.026920530550502468,0.026920530550502468,0.0161472785689892,0.017589603772239837,,0.026920530550502468,0.01469202263143592,0.020413685906365525,,,,,,,,,,,,,,,,,,,,,,,,,,,,,,,,,,,,,,,,,,,,,,,,,,
2007-01-31,,,,,,0.025669425963907228,,,,,,,,,,,,,,,,,,,,,,,,,,,,,0.025884543489287006,,,0.02153823628743486,,0.023206865318418847,,,,,,,0.016264169001509933,,0.017308920923669015,,0.0232716131147304,,,,,,,,,,,,,,,0.025884543489287006,,,,,,,,,,,,0.01611075907936401,,,,,0.025884543489287006,,,,,,,,,,,,,,,,,,,,,0.025884543489287006,,,,,,,,,,,0.025884543489287006,,,,,0.025884543489287006,,,0.025884543489287006,,,,,,,,,,,,,,,0.025884543489287006,,,,,,,,,,0.025884543489287006,,,,,,,,,,,,,,,0.02261413775632686,,,,,,,,,,0.025884543489287006,,,,,,,,,,0.025884543489287006,,,,,,,,,,,,,,,,,,,,0.025884543489287006,0.025884543489287006,0.019428946045826227,,,,,,,,,,,,,,,,,0.019453852979012354,,,,,,,,,,,,0.025884543489287006,,,,,,,0.02524775391704569,,0.012767528065031473,,,0.025884543489287006,,,,0.025884543489287006,,,0.025884543489287006,0.025884543489287006,,,,,,,,,,,,,,,,,,,,,,,,,,,,,,,,,,0.025884543489287006,,,,,,,0.025884543489287006,,,,,,,,,,,,,,,,,,,,0.007717109013568732,,,,,,,,0.025254226826770254,,,,0.021650726409607662,,,,,0.017303551096884157,,0.021761911663972358,,,,,,,,0.01479700824462208,,,,,0.017456300460342866,,,,,,,,,0.011339289830402945,,,,,0.010441297951398051,0.025884543489287006,0.025884543489287006,,0.025884543489287006,0.014051869796552709,,,,,,,,,,,,,,,,,,,,,,,,,,,,,,,,,,,,,,
2010-07-30,,,,,,0.023521653326782563,,,,,,,,,,,,,,,,,,,,0.023521653326782563,,,,,,,,,,,0.023521653326782563,,,,,,,,,,,,,,0.023145152223456658,,,0.023521653326782563,,,0.023521653326782563,,,,,,,,0.021973338432938163,,,,,,,,,,,,0.023521653326782563,,,,,0.022223418675768797,,,,,,,,,,,,,,,,,,,,,,0.023521653326782563,0.023521653326782563,0.018125027771809687,,,,,,0.023521653326782563,,,,,,0.02201852834268182,,,,,,,,,,0.02049585588103971,,,,,0.02166804127620609,,,,,,,,,,,,,,,,,,,,,,,,,,,,,,,,,,,,,,,,,,,,,0.02043741091873803,,,,,,,,,,,,,,,,,,0.023521653326782563,,,,,,,,,,,,,,,,,0.023521653326782563,,,,,,,,,,,0.022534972565603283,,,,,,,,,,0.01765099401236328,,,0.023521653326782563,,,,,,,,,0.023521653326782563,,,,,,,,,,,,,,,,,,,,,,,,,0.022706955842568606,,,,0.019439962617767762,,,,,,,,,,,0.023521653326782563,,,,,,,,0.023521653326782563,,,,0.013717399144413363,,0.023521653326782563,,,,,,,,,,,,,,,,,,,,,,,,,0.011813692009909726,,0.01490723056932286,,,,,,,,,,,,,,,,,0.023521653326782563,,,,,,,,,0.023521653326782563,,0.019941203833286337,0.02080619262350173,,,,,,,,0.012178131527314789,,,0.013436050618992583,,,0.023521653326782563,,,,,,,,,,,0.021780241398942284,,0.021640951055110495,0.01752234061290717,,,,,0.016997273537840685,,0.023521653326782563,,0.02004536200340164,,,,,0.020012561181547702,,,0.015161488732003977,0.01895265990271378,0.01823449615219774,
2001-06-29,,,,,,,0.02796661919468888,,,,0.02796661919468888,,,,,0.02796661919468888,,0.02343249314736945,,,,,,,,,,,,,,,,,,,,,,,0.02796661919468888,0.02796661919468888,,,,,,,,,,,,,,,,0.02361130726739597,,,,0.02796661919468888,,,,0.02796661919468888,,,,,,,,,0.02796661919468888,,,,0.02796661919468888,0.025799754658695315,,0.02796661919468888,,,,,,,0.02796661919468888,,0.02796661919468888,,,,,,0.02796661919468888,,,0.01923483052837532,,,,0.02796661919468888,0.02796661919468888,,,,,,,,,,,,,,,,,,,,,,,,,,,,,,,,,,,0.02796661919468888,,,,,,,,,,,,,,0.02164076845538991,,,,,,,,,,,,,,,0.02696609914700633,,,,,,,,,,,,,,,,,,,,,,,,,,,,,,,0.02241818818112367,,,,,,0.013807424218344301,,,,,,,,,,,,,,0.02796661919468888,,0.02796661919468888,,,,,,,,,,,0.02796661919468888,,,,,,,,,,0.02325743924036415,,,,,,,,0.02653036615143079,,,0.019078218536086322,,,0.02796661919468888,0.02796661919468888,0.02796661919468888,0.02796661919468888,,0.01917784075153985,,,,,,,0.02796661919468888,,,0.02796661919468888,0.02796661919468888,0.007913170654967595,,,,,,,,,,,,,,,,,,,,,,,,,,,,,,,,,,,,,,,,,,,,,,,,,,,,,,,,,,,,,,,,,,,,,,,,,,,,,,,,,,,,,,,,,,,,,,,,,,,,,,,,,,,,,,,,,,,,,,,,,,,,,,,,,,
2002-09-30,,,,,,,0.027285401123648752,,,,,,0.027285401123648752,,,,,0.027285401123648752,,,,,0.018235966874585476,,0.027285401123648752,,,,,,,,,,0.027285401123648752,,,,,,,,,,,,,,,,0.027285401123648752,,,,,,0.018515337341477624,,,,,,,,,0.026473822531928905,,,0.027285401123648752,,,,,,,,,,,,,,,,,0.01764308301476341,,,,,,,,,,,,,,0.027285401123648752,,,,,,0.020627882469322185,,,,,,,,,,,,,,,0.01996086146859001,,,,,,,,,,,,,,,,,,,,,,,,,,,,,,,,,0.017436355226539153,,0.027285401123648752,,,0.027285401123648752,,,,,,,,,,,,,0.025864549158920922,,0.027285401123648752,0.02378007881707205,,,,,,0.017596804987606057,,,,,,,,,,,,,,,,,,,,,,,,,0.021002778909752898,,,,,,,,,,,,0.027248467108888272,0.027285401123648752,,,,,0.027197072518864863,,,,,,,,,,,,,,,,,,,,,,0.025395202901575296,,,,0.027285401123648752,,,,,,,,,,,,,,,0.027285401123648752,,,,,,,,,0.01882616996742663,,0.027285401123648752,,,,,0.027285401123648752,,,,,,,,0.027285401123648752,0.027285401123648752,,0.027285401123648752,,,,,,,,,,,,0.027285401123648752,0.027285401123648752,,0.023320632488423396,0.009125789362526697,0.027285401123648752,,,0.027285401123648752,,,0.014184919007814802,,,,,,,,,,,,,,,,,,,,,,,,,,,,,,,,,,,,,,,,,,,,,,,,,,,,,,,,,,,,,,,,,,,,,,,,,,,,,,,,,,,,,,,,,
2002-10-31,,,,,,,0.025912014392002462,,,,,,0.025912014392002462,,,,,0.02418249525577581,,,,,,,0.025912014392002462,,,,,,,0.025912014392002462,,,,,,,,,,,,,,,,,,,0.025912014392002462,,,,,,,,,,,,,,,0.025912014392002462,,,,,,,,0.025912014392002462,,,,,,,,,,,,0.019751458676674768,,,,,0.025912014392002462,,,,,,,,,0.025912014392002462,,,,,,,,,,,,,,,,,,,,,0.025912014392002462,,,,,,,,,,,,,,,0.025912014392002462,,,,,,,,,,,,,,0.02190891199137934,,,,,,,,,0.025912014392002462,,,,0.022836803321041998,,,,,,,,,0.016190331508188976,,0.025912014392002462,,,,,,,0.025912014392002462,,,,,,,,0.025912014392002462,,,,,,,,,0.025912014392002462,,,,,,,,0.022428932221384226,,,,,,,,,,,,,0.025912014392002462,,0.025912014392002462,,,,,,,,,,,,0.025912014392002462,,,,,,,,,,,,,0.02292421023927745,,,,0.025912014392002462,,,,,,,,,,,,,,,,,,,,,0.024475206607325096,,,,,0.025912014392002462,,,,,0.025912014392002462,,,,,,,,0.01719563859879744,,,,,,,,,,0.025912014392002462,0.025912014392002462,,,,0.01939433852563896,0.025912014392002462,,0.01695351929381847,,0.025912014392002462,,,,,0.025912014392002462,,0.025912014392002462,0.025912014392002462,0.020309736392625972,,,,,,,,,,,,,,,,,,,,,,,,,,,,,,,,,,,,,,,,,,,,,,,,,,,,,,,,,,,,,,,,,,,,,,,,,,,,,,,,,,,,,,
2002-12-31,,,,,,,,,0.027081109860923748,,0.027081109860923748,,0.027081109860923748,,,,,0.02404986418550527,,,,,0.027081109860923748,,0.027081109860923748,,,,,,,0.02523596045435325,,,0.027081109860923748,,,,,0.027081109860923748,,,,,,,,,,,0.027081109860923748,,,,0.025884655981269683,,,,,,,,,,,,,,,,,,,,,,,,,,,,,,,0.010489833050039352,,,,,,,,,,,,,,,,,,,,,,,,,,,,,,,,,,,0.022070918232222465,,,,,,,,,,,,,,,,,,,,,,,,,,,,,0.019633271076835716,,,,,,0.027081109860923748,,,0.027081109860923748,,,,,,,,,,0.024787901802798024,,0.027081109860923748,,,,,,,,,,0.020026114288569083,,,,,,,,,,,,,,,0.027081109860923748,,0.027081109860923748,,,,,,,,0.012948038994708663,,,,,,,,,,0.027081109860923748,,,,,0.027081109860923748,,,,,,,,,,,,,,,,,,,,,,,,,0.027081109860923748,,,,,,,,,,,,,,,,,,,,,0.022441399584561494,,,,,,,0.018871261169292282,,,,,,,,,,,,,,0.027081109860923748,0.01816604417199652,0.027081109860923748,,,,,,,,,,,,0.027081109860923748,,0.01644125682920118,,,0.021573565859966767,,0.027081109860923748,,0.027081109860923748,,0.027081109860923748,,,,,0.01593183424757952,0.027081109860923748,0.027081109860923748,0.027081109860923748,0.024420333548006927,,,,,,,,,,,,,,,,,,,,,,,,,,,,,,,,,,,,,,,,,,,,,,,,,,,,,,,,,,,,,,,,,,,,,,,,,,,,,,,,,,
2009-05-29,,,,,,,,,0.024080709094710613,,,,,,,,,,,,,,,,,,,,,,,,,,,,0.019026042469153685,,,,,,,,,,,,,,,,,,,,0.024080709094710613,,,0.024080709094710613,,,,,,,,,,,,0.02343733780445157,,,,,,0.014784313080001473,,,,,,,,,,,0.019242046180089574,,,,,,,,,,,,,,,,0.024080709094710613,,0.02072587533079543,,,,,,,,,,,,0.024080709094710613,,0.021378451830614268,,,,,0.024080709094710613,,,0.020749109406104013,,,,,,,,,,,,,,0.024080709094710613,,,,,,,0.013524549350546181,,,0.009073136251548734,,,,0.024080709094710613,,,,,0.01635215096552867,0.024080709094710613,,,,,,,0.015832119949816315,0.024080709094710613,,,,,,,,,0.022786139903090856,,,,,,,,,,,,0.024080709094710613,0.024080709094710613,,,,,,,,,0.024080709094710613,,,,,,,,,0.024080709094710613,,,,,,,,,,0.024080709094710613,,,,,,,,,,,0.024080709094710613,,,,,,,,0.023337787116633518,,,,,,,,,,,,,,,,,0.019679408423295963,,,,0.0176615804976848,0.0192739555668924,,,,,,,,0.024080709094710613,,,,,,,0.023945053979830384,,,0.024080709094710613,,,,0.024080709094710613,,,0.024080709094710613,,0.020680926053798097,0.021470793744524777,,,,0.024080709094710613,,,,0.020882711575038737,,,,,,,,,0.018344621616758205,,,,0.013006626458683591,,,,,,,,,,,,,,0.017405903433032513,,,,,,,,,,,,,,,,0.015178069888887681,,,,,,,,,,,0.011572336361220324,,,,,,,,,,,,,,,,,,,,,,,,,,,,,,0.024080709094710613,,,,,,,0.010873352678344807,,,,,,,,,,,,,,,
2009-07-31,,,,,,,,,0.0241203859060699,,,,,,,,,,,,,,,,,,0.0241203859060699,,,,,0.0241203859060699,,,,,0.021151186658792155,,,,,,,,,,,,,,,,,,,,0.020547332783780074,,,,,,,,,,,,,,,0.0241203859060699,,,,,,0.02290071380972323,,,,,,,,,,,,,,,,,,0.018423836214402366,,,,,,,,,0.0241203859060699,,0.01665488373067846,,,,,,,,,,0.0241203859060699,,,,,,,,,0.0241203859060699,,,0.020860007460501432,,,,,,,,,,,,,,0.0241203859060699,,,,,,,0.014617523773311027,,,,,,,,,0.0241203859060699,,,0.014839389603377143,,,,,,,,,0.0241203859060699,,,,,,,,,,,,,,,,,,,,0.0241203859060699,,,,,,0.010892450489914251,,,,,0.0241203859060699,,,,,,,,,,,,,,,0.0241203859060699,,,,,,,,,,,,,,,0.0241203859060699,,,,,,0.020227846974093154,,,,,,,,,,,,,,,,,,,0.019287596850875693,,,,0.0241203859060699,,,,0.0241203859060699,,,,,0.0197236798602337,,,,,,,0.020605008785342417,,,0.0241203859060699,,,,0.0241203859060699,,,0.0241203859060699,,,,,,,0.0241203859060699,,,,0.01807467549665196,,,,,,,,,,0.016776333265024913,,,0.020987016830933253,,,,0.007078632633472803,,,,,,,,,,0.01440355919360175,,,,,,,,,0.023690564894145102,,,,,,,,,,,,,,,,,,,,0.01865162876208243,,,,,,,0.008642300909313422,,,,,,,,,0.0241203859060699,,,,,0.02199017310431797,,,,,,,0.0241203859060699,,,,,,,,0.0241203859060699,0.0241203859060699,0.015372211399693147,0.014712184770060413,,,,,,,,,,,
2009-08-31,,,,,,,,,0.02458515694299375,,,,,,,,,,,,,,,,,,0.023807502773403818,,,,,,,,,,0.01968234142247763,,,,,,,0.016610269848029338,,,,,,,,,,,,,0.018037260022867412,,,,,,,0.02458515694299375,,,,,,,,0.017387926981587105,,,,,,0.008501274506768323,,,,,,,,0.0235733718288805,,,0.02458515694299375,,,,,,,,,,,,,,,,,,0.020574740969717925,,,,,,,0.02458515694299375,,,0.02458515694299375,,,,,,,,,0.02458515694299375,,,0.02458515694299375,,,,,,,,,,,,,,0.02458515694299375,,,,,,,0.016967983856870105,,,,,,,,,0.02458515694299375,,,0.016217595627689284,,,,,,,,,,,,,,,,,,0.023797264043803695,,,,,,,,,,,,,,,,,0.015206032831379543,,,,,0.02458515694299375,,,,,,,,,,,,,,,0.02458515694299375,,,,,,,,,,,,,,,0.02458515694299375,,,,,,0.0225770806767129,,,0.024576121069601893,,0.013196086493401036,,,,,,,,,,,,,,,,,,0.023983284619655137,,,,,0.021013831891945032,,,,0.02458515694299375,,,,,,,0.023377637884082474,,,,,,,0.02458515694299375,,,0.02458515694299375,,,,,,,0.02458515694299375,0.01000125137644717,,,0.02284125449581801,,,,,,,,,,0.02458515694299375,,,0.015047419143077176,,,,,0.023538808979142435,,,,,,,,,0.020787007814747658,,,,0.02458515694299375,,,,,0.023370806091594868,,,,,,,,,,,,,,,,,,,,,,,,,,,0.015632179537928156,,,,,,,,,0.013326406868180556,,,0.019759516229899604,,0.02458515694299375,,,,,,,,,,,,,,,,,0.014816115479439227,,0.004673644717970723,,,,,,,,,,
2004-05-31,,,,,,,,,,0.02664379830113379,,,,,,,,,,,,0.02664379830113379,0.023451787146029083,,,0.02664379830113379,,,,,,,,,,,,,0.013594300589863256,,,,,,,,,0.02664379830113379,,,,,,,,,,,,,,,,,,,,,,0.02664379830113379,,,,,,,,0.00839684204119511,,,,,,,,,,,,,0.02664379830113379,,,0.02664379830113379,,,,,,,,,,,,,,,,,0.02664379830113379,0.02664379830113379,,,,,,,,,,,,,,,,,,,,,0.02664379830113379,0.02664379830113379,,,,,,0.02664379830113379,,,0.02664379830113379,,0.02664379830113379,,,,,,,,,,,,,,,,0.02664379830113379,,,,,,,,,,,0.02664379830113379,,,,,,,,,,,,,,,,,,,,,,,,,,,,,,,,,,,,,,,,,,,,,,,,,0.02664379830113379,0.016972234620927045,,,,,0.02664379830113379,,,,,,,0.017430325333163067,,,,0.02664379830113379,,,,0.02664379830113379,,,,0.026284588729539548,,,0.02664379830113379,,,,,,,,,,,,,,,,,0.02664379830113379,,,,,,,,0.02664379830113379,,,,0.02091472411961947,,,,,,,,,,,,,,,,,,,0.02664379830113379,,,,,,,,,,,,,0.01626366198029473,,,0.02664379830113379,,0.026310145842629497,,,,,,,,,,0.02038484058063036,,0.019786995862306325,,,,,,0.02664379830113379,0.020530741574253608,0.02664379830113379,0.02664379830113379,0.023652459147802667,,,,,,,,,,,,,,,,,,,,,,,,,,,,,,,,,,,,,,,,,,,,,,,,,,,,,,,,,,,,,,,,,,,
2004-10-29,,,,,,,,,,0.026863743938723192,,,,,,,,,,,,,,0.02197996361556833,,,,,,,0.026863743938723192,,,,,,,,0.026863743938723192,,,,,,,,,,0.020546524534491968,,,,,,,,,,,,,,,,0.015332766255134914,,,,,,,,,,,,,0.026863743938723192,,,,,,,,,,0.026863743938723192,,,,,,0.026863743938723192,,,,,,,,,,,,,,,,,,,,,,,,,,,,,,,,,,,,,,,0.026863743938723192,,,,,,,0.026863743938723192,,,,,,,,,,,,,,,,,,,,,0.026863743938723192,,,,,0.01544634099710203,,,,,0.026863743938723192,,,,,,,,,,,0.017623221655554612,,,,,0.026863743938723192,,,,,,,,,,,,,,,,,,,,,,,,0.026863743938723192,,,,,,,,,,,0.012861842729303704,,,,,,,0.022291269400551334,,,,,0.02097352953326049,,,,,0.026863743938723192,,,0.026863743938723192,,0.019434407883207768,0.026863743938723192,,,,0.026863743938723192,,,,,,,,,,,0.026863743938723192,,,,,,0.026863743938723192,,,,,,,,,,,,0.026863743938723192,0.025382816065707886,,,,,0.026863743938723192,,,,,,,,0.026863743938723192,0.0119372429880181,,,,0.026863743938723192,,,,,,,,,,,,,0.021479054711734526,,,,0.026863743938723192,,,,,,,0.026863743938723192,,,,,,0.014683636426653088,,,,,,0.026863743938723192,0.022633183543497946,,,0.026863743938723192,,0.026863743938723192,,0.012073113314687129,,,,,,,,,,,,,,,,,,,,,,,,,,,,,,,,,,,,,,,,,,,,,,,,,,,,,,,,,,,,,,,
2004-11-30,,,,,,,,,,0.02529232921528704,,,,,,,,,,,,0.026719091481189304,,,,,,,,,0.023214051098159924,,,,,,,,0.01996119021938652,,,,,,,,,,0.026719091481189304,0.026719091481189304,,,,,,,,0.026719091481189304,,,,,,,0.017083507716788425,,,,,,,,,,,,,0.01253134497127684,,,,,,,,,,0.026719091481189304,,,,,,0.026719091481189304,,,,,,,,0.026719091481189304,,,,,,,,,,,,,,,,,,,,,,,,,0.026719091481189304,,,,,,,,,,,,,,,,,,,,,,,,,,,,,,,,,,,,,,,,,,,,0.026719091481189304,0.026719091481189304,,,,,,,,,,0.015388629521307783,,,,,,,,,,,,,,,,,,,,,,,,,0.016552815247472482,,0.026566619948487576,,0.024623889162030975,,,,,,,,,,,0.021629362010132498,,,,,,,0.026719091481189304,,,,,0.019351017510976988,,,,,0.026719091481189304,,,0.026719091481189304,,0.016312377082479932,0.026719091481189304,,,,0.026719091481189304,,,,,,,,,,,0.026719091481189304,,,,,,0.026719091481189304,,,,,,,,0.026719091481189304,,,,0.026719091481189304,,,0.026719091481189304,,,0.026719091481189304,,,,,,,,0.026719091481189304,0.022517576423484394,,,,,,,,,,,,,,,,,0.006857500577831907,,,,0.026719091481189304,,,,,,,,0.025651074435455338,,,,,,,,,,,0.019292910165175904,,,,0.021222808825205736,,0.026719091481189304,,,0.02469280032051649,,,,,,,,,,,,,,,,,,,,,,,,,,,,,,,,,,,,,,,,,,,,,,,,,,,,,,,,,,,,,,
2004-12-31,,,,,,,,,,0.020553124514980384,,,,,,,,,,,,,,,,,,,,,0.027445871839440986,,,,,,,,,,,,,,,,,,0.01808140806619898,0.027623403849262616,,,,,,,,,,,,,,0.027623403849262616,0.020998492461407104,,,,,,,,,,,,,0.02378670406160211,,,,,,,,,,0.020585942437027136,,,,,,0.027623403849262616,,,,,,,,0.027623403849262616,,,,,,,,,,,,,,,,,,,,,,,,,,,,,,,0.027623403849262616,,,,,,,,,,,,,,,,,,,,,,,,,,,,,,,,,,,,,,,0.026416028723459474,,,,,,,,,,0.021674774971783432,,,,,,,0.027623403849262616,,,,,,,,,,,,,,0.023327108949522994,,,0.017143490676623456,0.021866392327300702,,0.027623403849262616,,,,,,,,,,,,,,,,,,,,0.027623403849262616,,,,,0.01750831764090897,,,,,0.027623403849262616,,,0.024062010191694894,,0.016275290079320458,,,,,0.027623403849262616,,,,,,,,0.027623403849262616,,,0.027623403849262616,,,,,,0.027623403849262616,,,,,,,,0.010269973342126397,,,,0.02371045029087434,,,0.027623403849262616,,0.018867934025539226,,,,,,,,,0.027623403849262616,0.01588103363164522,,,,,0.023301549902890663,,,,,,,,,,,,0.014267729796723975,,,,0.027623403849262616,,,,,,,,0.0224784458105599,,,,,,,,,,,0.027623403849262616,,,,0.022883146988868196,,0.027623403849262616,,,0.02377010613351121,0.027623403849262616,,,,,,,,,,,,,,,,,,,,,,,,,,,,,,,,,,,,,,,,,,,,,,,,,,,,,,,,,,,,,
2007-03-30,,,,,,,,,,0.019256401627187305,,,,,,,,,,,,,,,,,,,0.022140027174641547,,,,,,,,,,,0.01935056554870305,,,,,,,,,0.024745158784369448,,0.023559313157145927,,,,,,,,,,,,,,,,,,,,,,,,,,,,,,,,,,,,,,,,,,,,,,,,,,,,,,,,,,,,,0.024745158784369448,,,0.024745158784369448,,,,,0.021008592154852228,,,,,,,,,,,,0.022130232347719485,0.024745158784369448,,,,,0.024745158784369448,,0.023061445113999223,,,,,,,,,,,,,,,,,,,,,,,,,,,,,,,,,0.024745158784369448,,,,,,,,,0.024745158784369448,,,,,,,,,,,,,,,,,,,,,0.02201724635988189,,0.017670137467013847,,,,,,,,,0.024745158784369448,,,,,,,0.024745158784369448,,,,,,,0.017650705624244364,,,,,,0.024745158784369448,,,,,,,0.023254906913795805,,,,,0.020069605394086823,,,,0.024745158784369448,,,0.024745158784369448,0.011913856028586552,0.024745158784369448,0.024745158784369448,,,,0.024745158784369448,,,,,0.024745158784369448,,,0.024745158784369448,,,,,,,,,,,,,,,,,,,,,,,,,,,0.024745158784369448,,,,,,,,,,,,,,,,,,,0.022473595431871732,0.020181719059032512,,,,,,,,,,,,0.02044746369870807,,,,0.014316756409728012,0.014574777393282433,,0.01763452399374443,,,,,,,,,,,,,,,,,,0.024745158784369448,,,,0.01594134633657558,,,,,0.013108687299228868,0.024745158784369448,,,0.016989655752565613,0.015385322870233642,,0.024745158784369448,0.024745158784369448,0.021469623587043272,,,,,,,,,,,,,,,,,,,,,,,,,,,,,,,,,,
2007-04-30,,,,,,,,,,0.012841170003804381,,,,,0.025660252767155688,,,,,,,,,,,,,,0.025660252767155688,,,,,,,,,,,0.025660252767155688,,,,,,,0.015649172172116442,,0.025660252767155688,,0.014644748653988425,,,,,,0.025660252767155688,,,,,,,,0.012855490671904519,,,,,,,,,,,,,,,,,,,,,,,,,,,,,,,,,,,,,,,0.025660252767155688,,,,,,,,,,,0.025660252767155688,,,,,0.01397274483239723,,,,,,,,,,,,,0.009949991959274937,,,,,,,,,,,,0.025660252767155688,,,,,,0.025660252767155688,,,,,,,,,,,,,,,,,,,,,,0.025660252767155688,0.025660252767155688,,,,,,,,0.025180586333030056,0.025660252767155688,,,,,,,,,,,,,,,,,,,,0.025660252767155688,,0.025660252767155688,,,,,,,,,0.025660252767155688,,,,,,,,,,,,,,0.025660252767155688,,,,,,0.017748767001186133,,,,,,,0.025660252767155688,,,,,0.019984893123611784,,,,0.025660252767155688,,,0.025660252767155688,,0.025660252767155688,,,,,0.025660252767155688,,,,,0.025660252767155688,,,0.025660252767155688,,,,,,,,,,,,,,,,,,,,,,,,,,,0.025586818779517163,,,,,,,,,,,,,,,,,,0.025660252767155688,0.025539038291815877,0.00462787989967915,,,0.015923186179529546,,,,,,,,,0.011936174677225008,,,,,,,,,,,,,,,,,,,,,,,,,0.025660252767155688,,,,,,,,,0.01926283872926935,,,,,0.012862167153404781,,0.010435185903151466,0.025660252767155688,0.02039572352160805,0.025660252767155688,0.01777659740028184,,,,,,,,,,,,,,,,,,,,,,,,,,,,,,,,
2007-05-31,,,,,,,,,,0.013569216883151308,,,,,0.024384615508110705,,,,,,,,,,,,,,0.014346025579845718,,,,,,0.024384615508110705,,,,,,,,,,,,0.012428300971380608,,0.014628431767618126,,0.022393078094268833,,,,,,0.024384615508110705,,,,,,,,0.018433857195611192,0.024384615508110705,,,,,,,,,,,,,,,,,,,,,0.024384615508110705,,,,,,,,,,,,,,,,,,,,,,,,,,,,,,,,,0.024368190709940712,,,,,,,,,,,,,0.020884187205371697,,,,,,,,,,,,0.024384615508110705,,,0.024384615508110705,,,0.018774311586337324,,,,,0.024319515152280938,,,,,,,,,,,,,,,,,,0.019450394694968932,,,,,,,0.014001927644033223,0.024384615508110705,0.019589524779645123,,,,,,,,,,,,,,,,,,,,,,0.016992308130633953,,,,,,,,,,,,,,,,0.024384615508110705,,,,,,,,,,,,,0.023972943137537107,,,,,,,0.024384615508110705,,,,,0.021861352406594318,,,,,,,0.024384615508110705,,0.024384615508110705,0.024384615508110705,,,,0.024384615508110705,,,,,,,,,,,,,,,,,,,,,,,,,,,,,,,,,,,0.009926821679103864,,,0.02015109162501086,,,,,,,,,,0.024384615508110705,,,,,,,0.023253910086439195,,,,,,,,,,,,,,,,0.019940457415530213,,,,,,,,,0.024384615508110705,,,0.02326408504991926,,,,,,,,,0.021448043704067467,,,,,,0.024384615508110705,,,0.013116569765853466,0.024384615508110705,,,,0.01823998087033957,,0.024384615508110705,,0.019962865038688483,,0.024384615508110705,0.024384615508110705,0.018605683155503677,,,,,,,,,,,,,,,,,,,,,,,,,,,,,,
2007-06-29,,,,,,,,,,0.018457177793021574,,,,,0.0205087912854245,,,,,,,,,,,,,,0.023352894751004348,,,,,,0.023352894751004348,,,,,0.023352894751004348,,,,,,,0.012467015001068811,,,,,,,,,,0.02063406737193269,,,,,,,,0.015574495196116075,,,,,,,,,,,,,,,,,,,,,,0.023352894751004348,,,,,,,,,,,,,,,,,0.023352894751004348,,,,,,,,0.021838958327904875,,,,,,,,0.023352894751004348,,,,,,,,,,,,,0.01647193551678214,,,,,,,,,,,,0.023352894751004348,,,,,,,0.023352894751004348,,,,,,,,,,,,,,,,,,,,,,,,,,,,,0.023352894751004348,0.023352894751004348,,,,,,,,,,,,,,,,,,0.020905720436696258,,,,,0.022645528692240752,0.018701987569396835,,,,,,,,0.023352894751004348,,,,,,,,,,,,,,0.018876939926342356,,,,,,0.023352894751004348,,,,,,,0.023352894751004348,,0.016771368491441514,,,,,,,,,,0.023352894751004348,,0.023352894751004348,0.01716001713898523,,,,0.023352894751004348,,,,,,,,,,,,,0.023352894751004348,,,,,,,,,,,,,,,,,,,,,,0.02000169655414418,,,,,,,,,,,,,0.023352894751004348,,,,,,0.023352894751004348,0.021140445958760155,,,,,,,,,,,,,,,,0.023352894751004348,,,0.023352894751004348,,,,,,0.023352894751004348,,,0.023352894751004348,,,,0.023352894751004348,,,,,0.023352894751004348,0.015000063487276491,,,,,,,,0.017070774508465978,0.023352894751004348,,,0.023352894751004348,0.014984793441540897,,,,0.02289951158759204,,,,0.017360553437749022,,,,,,,,,,,,,,,,,,,,,,,,,,,,,,
2007-07-31,,,,,,,,,,0.01901867096490796,,,,,,,,,,,,,,,,,,,0.023935340123301226,,,,,,0.023935340123301226,,,,,0.023935340123301226,,,,,,,,,0.018233232675327855,,,,,,,,0.023935340123301226,0.023935340123301226,,,,,,,,,,,,,,,,,,,,,,,,,,,,,,,,,,,0.023935340123301226,,,,,,,,,,,,,,,,,,,0.023935340123301226,,,,,,,,0.01724039657537056,,,,,,,,,,,,,0.015408381324970367,,,,,,,,,,,,0.02326732059595643,,,,,,,0.023935340123301226,,,,,,,,,,,,,,,,,,,,,,,,,,,,,0.008464229294248933,0.015878164057886834,,,,,,,,,,,,,,,,,,,,,0.023935340123301226,,0.023935340123301226,0.023935340123301226,0.023935340123301226,,,,,0.020461938311001696,,,,,,,,,,,,,,,,0.022047208353513925,,,,,,0.012117778615465962,,,,,,,0.023935340123301226,,0.023935340123301226,,,,,,,,,,0.023935340123301226,,,0.023935340123301226,,,,,,,,,0.023935340123301226,,,,,,,,,,,,,,,,,,,,,,,,,,,,,,0.023935340123301226,,,,,,,,,,,,,0.023935340123301226,,0.008818405573952694,,,,0.023935340123301226,0.022598120283791597,,,,,,,,,,,,,0.023935340123301226,,0.023935340123301226,,,,0.023935340123301226,,,,,,0.023935340123301226,,,0.018763613335089566,,,,0.016324219567586437,,,,,0.023935340123301226,,0.023935340123301226,,,,,,,0.017161517171804874,0.023935340123301226,,,0.021230784302900166,0.013255210709979759,,,,0.023935340123301226,,,0.022145910448192318,0.017375374385617474,,,,,,,,,,,,,,,,,,,,,,,,,,,,,,
2007-08-31,,,,,,,,,,0.016785031822934445,,,,,,,,,,,,,,,,,,,,,,,,,,,,,,0.023673527211168263,,,,,,,,,0.01695695588510452,,,,,,,,0.01995962010476355,0.023673527211168263,,,,,,,,,,,,,,,,,,,,0.0186472313302852,,0.01811111083818137,,,,,,,,,,0.023673527211168263,,,0.023673527211168263,,,,,,,,,,,,,,,,,,,0.023673527211168263,,,,,,,,,,,,,,,,,,,,,0.017011486354787927,,,,,,,,,,,,0.023673527211168263,,,,,,,,,,,,,,,,,0.021028332270816567,,,,,,,,,,,,,,,,,,,0.023673527211168263,0.022112856197689563,,,,,,,,,,,,,,,,,,,,,0.017215230812679408,,,0.013962030166299393,,,,,,,,,,,,0.023673527211168263,,,,,,,,,,0.023673527211168263,,,,,,0.015876337945773675,,,,,,,,,,,,,,,,,,,0.023673527211168263,,0.023673527211168263,,,,,,,,,,,,,,0.023261405646109228,,,,,,,,,,,,,,,,,,,,,,,,0.023673527211168263,,,,,0.013884220710245131,,,,,,,,,0.023673527211168263,0.023673527211168263,,0.01844070125333744,,,,0.023673527211168263,0.022415076568277983,,,,,,,0.020316580842529065,0.019993729135269676,,,,,0.023673527211168263,,,0.023181975010771457,,0.023673527211168263,0.023673527211168263,,,,,,,,,0.023673527211168263,,,,0.016945618178352127,,,,,,,0.023673527211168263,,,,,,,0.023360381622544158,0.023673527211168263,,,0.02335525542823242,0.01346723847921594,0.018610515542081582,,,0.023673527211168263,,,,0.02299800135944403,0.02128547784857243,,,,,,,,,,,,,,,,,,,,,,,,,,,,,
2007-09-28,,,,,,,,,,0.020861392753580617,,,,,,,,,,,,,,,,,,,,,0.024299459157542422,,,,,,,,,0.024299459157542422,,,,,,,,,0.011213164461983172,,,,,,,,0.02086545320138967,0.024299459157542422,,,,,,,,,,,,,,,,,,,,,,,,,,,,,,,,0.024299459157542422,,,0.024299459157542422,,,,,,,,,,,,,,,,,,,0.014462902319661347,,,,,,,,,,,,,,,,,,,,,0.013511307291190105,,,,,,,,,,,,0.020661128353888253,,,,,,,,,,,0.024299459157542422,,,,,,,,,,,,,,,,,,,,,0.024299459157542422,,,,0.024299459157542422,0.021034777235941552,,0.024299459157542422,,,,,,,,,,,,,,,,0.019850688411395697,,,,,0.019922983819089392,,0.024299459157542422,,,,,,,,,,,0.023301565677466527,,,,0.023236891189205237,,,,,,0.024299459157542422,,,,,,,,,,,,,,,0.015762752749725606,0.024299459157542422,,,,,,,,,0.024299459157542422,,,,,,,,,,,,,,,,,,,,,,,,,,,,,,,,,,,,,,,,0.02171227234020158,,0.016120171097133658,,,,,,,,,,,,,0.024299459157542422,,0.021055475588652037,,,,0.024299459157542422,0.02368723098678245,,,,,,,,0.021153679626900138,,,,,0.024299459157542422,,,0.020244152413926325,,,0.019295748805451055,,,,,,,0.024299459157542422,,0.024299459157542422,,,,,,0.024299459157542422,,,,,0.011767479961661673,,,,,,,0.01454671983007406,0.024299459157542422,,,0.024299459157542422,0.01566981256287237,0.01741288692126768,,,0.020859193159266227,,,,0.0187203535263181,0.02278117340658448,,,,,,,,,,,,,,,,,,,,,,,,,,,,,
2007-10-31,,,,,,,,,,0.019129900742093517,,,,,,,,,,,,,,,,,,,,,0.012883392189072208,,,,,,,,,0.02564591002388993,,,,,,,,,0.02564591002388993,,,,,,,,0.02564591002388993,0.02564591002388993,,,,,,,0.02564591002388993,,,,,,,,,,,,,0.01596613300602194,,0.021177059399881272,,,,,,,,,,0.018197981323758078,,,,,,,,,,,,,,,,,,,,,,,,,,,,,,0.015639794367982927,,,,,,,,,,,,,0.013557755500014802,,,,,,,,,,,,,,,,,,,,,,0.02564591002388993,0.022269938872631987,,,,,,,,,,0.02564591002388993,,,,,,,,,,,0.02564591002388993,,,,0.01438924587846642,0.02564591002388993,,,,,,,,,,,,,,,,0.02564591002388993,,0.024239388621607502,,,0.02564591002388993,,,,,,,,,0.02564591002388993,,,,,,,,,,,,,,,,0.02564591002388993,,,,,,0.008776667718971306,,,,,,,,,0.01606202718908053,0.02564591002388993,,,,,,,,,0.02564591002388993,,,,,,,,,,,,,,,,,,,,,,,,,,,,,,,0.02564591002388993,,,,,,,,,0.017335573376715305,,0.020431377897777988,,,,,,,,,,,,,,,0.015636682913431166,,,,0.02564591002388993,0.0072735841511774695,,,,,,,,,0.02564591002388993,,,,,,,0.014269454295466593,,,0.013180908329558517,,,0.022506863859759047,,,0.02564591002388993,0.02564591002388993,,0.02564591002388993,,,,,,,,,0.02564591002388993,,0.01738214894638079,,,,,,,0.02362202976290569,0.02564591002388993,,,,0.02108887921545123,,,,0.023252371225515666,,,,0.011874910666809678,,,,,,,,,,,,,,,,,,,,,,,,,,,,,,
2007-12-31,,,,,,,,,,0.014832674519449116,,,,,,,,,,,,0.02146866914165967,,,,,,,,,0.008983807456789946,,,,,,,,,0.021898270423074767,,,,,,,,0.024897518227395044,,,,,,,,,,0.024897518227395044,,,,,,,0.0159687082348567,,,,,,,,,,,,,,,0.016805851214804855,,,,0.024897518227395044,,,,,,0.023146003896762853,,,0.024897518227395044,,,,,,,,,,,,,,0.024897518227395044,,,,,,,,,,,,,,,,,,,,,,,,,,0.017051299216969042,,,,,,,,0.024897518227395044,,,,,,,,,,,,,,0.024897518227395044,0.024897518227395044,,,,,,,,,,,,,,,,,,,,,0.024897518227395044,,,,0.02390577965956596,0.024897518227395044,,,,,,,,,,,,,,,,0.024897518227395044,,0.01888854238365429,,,,,,,0.024897518227395044,,,,,,,,,,,,0.024897518227395044,,0.024897518227395044,,,,,,,,,,,,,0.020990971106060064,,,,,,,,,,0.01904593596077745,,,,,,,,,,,,,,,,,,,,,,,,,,,,,,,,,,,,,,,,0.024897518227395044,,,,,,,,,0.021787972929135514,,0.018700816581857745,,,,,,,,,,,,,,,0.01818547792678855,,,,0.024017452057816958,,,,,,,,,0.016144275247689504,,,,,,,,,,,0.017471130055752425,0.024897518227395044,,,,,,0.024897518227395044,,0.024897518227395044,,,0.02382854422028233,,,0.024897518227395044,,,,0.021793201915250696,0.013070240332988316,,,,,,,0.020501954970609776,0.024897518227395044,,,,0.014225822665657108,,,,0.024897518227395044,,,,0.018434333914882268,0.015408176878169618,0.010596204313398448,,,,,,,,,,,,,,,,,,,,,,,,,,,,
2008-01-31,,,,,,,,,,0.0123189324689555,,,,,,,,,,,,,,0.02469726786320219,,,,,,,,,,,,,,,0.02469726786320219,0.018188362197004874,,,,,,,,0.02469726786320219,,,,,,,,,,0.02469726786320219,,,,,,,,,,,,,,,,,,,,,,0.0189986679501013,,,,0.02469726786320219,,,,,,0.02469726786320219,,,0.015039345360905924,,,,,,,,,,,,,,0.02469726786320219,,,,,,,,,,,,,,,,,,,,,,,,,,0.017493994265842607,,,,,,,,,,,,,,,,,,,,,,0.022387060845927967,0.02469726786320219,,,,,,,,,,,,,,,,,,,,,0.02469726786320219,,,,0.02469726786320219,0.019529489858496455,,,,,,,,,,,,,,,,0.02469726786320219,,0.017791386678451232,,,,,,,0.02469726786320219,,,,,,,,,,,,,,,,,,,,0.02469726786320219,,,,,,,0.014814468346624149,,,,0.02469726786320219,,,,,0.013415892209352286,,,,,,0.02469726786320219,,,,,,,,,,,,,,,,,0.02469726786320219,,,,,,,,,,,,,,,,,,0.02469726786320219,,,,,,,,,0.016541090199077766,,0.01765044082151188,,,,,,,,,,,,,,,0.01557638793478485,,,,0.020916673332681587,,,,,,,,,,,,,,,,,,,,0.021443681899181867,0.023380931536290825,,,,,,0.02469726786320219,,0.02469726786320219,,,0.017295554864568873,,,0.02469726786320219,0.02176114859440392,,,,0.02469726786320219,,,,,,,0.015846743849591373,0.02469726786320219,,,,0.014151219756677014,,,,0.02469726786320219,,,,0.02005510335487259,0.019031383300201602,0.013637611657640823,0.02469726786320219,,,,,,,,,,,,,,,,,,,,,,,,,,,
2008-02-29,,,,,,,,,,0.01809153337467477,,,,,,0.024742871813482645,,,,,,,,,,,,,,,0.024742871813482645,,,,,,,,0.024742871813482645,0.024742871813482645,,,,,,,,0.024742871813482645,,,,,,,,,,0.024742871813482645,,,,,,,0.01496679062749888,,,,,,,,,,,,,,,0.020591435354077932,,,,0.024742871813482645,,0.01914191907671753,,,,,,,,,,,,,,,,,,,,,0.021049765112675162,,,0.024742871813482645,,,,,,,,,,,,,,,,,,,,,,,0.020418344419456304,,,,,,,,,,,,,,,,,,,,,,0.023990825837712487,,,,,,,,,,,,,,,,,,,,,,0.024742871813482645,,,,0.018469156251165207,0.02047364934494417,,0.024742871813482645,,,,,,,,,,,,,,0.024742871813482645,,0.021120998056552244,,,,,,,0.02040822023665242,,,,,,,,,,,,0.023612113385718163,,,,,,,,0.024742871813482645,,,,,,,0.013901523660086875,,,,0.02361469600064778,,,,,,0.017512583287591303,,,,,0.024742871813482645,,,0.024742871813482645,,,,,,,,,,,,,,0.024742871813482645,,,0.024742871813482645,,,,,,,,,,,,,,,0.024742871813482645,0.024742871813482645,,,,,,,,0.011693032952773713,,0.00970704717916884,,,,,,,,0.024742871813482645,,,0.024742871813482645,,,,0.015664840977278355,,,,0.018017777816531216,,,,,,,,,,,,,,,,,,,,,,,,,,,,,,,,0.021103349264225836,,,0.020589735411406216,0.01122095385768848,,,,,,,,,,,,,,,,0.01883917627788056,,,,,,,,0.024742871813482645,0.024082889292964933,0.007374463047292374,0.024742871813482645,,,,,,,,,,,,,,,,,,,,,,,,,,,
2008-03-31,,,,,,,,,,0.013378698044394795,,,,,,,,,,,,,,,,,,,,,0.025122570620370804,,,,,,,,0.02326103985826607,0.025122570620370804,,,,,,,,0.025122570620370804,,,,,,,,,,0.025122570620370804,,,,,,,0.014393351344863983,,,,,,,,,,,,0.020740334381491473,0.024385499252789863,,0.015567227451601036,,,,0.025122570620370804,,0.01813553853602974,0.025122570620370804,,,,,,,,,,,,,,,,,,,,0.025122570620370804,,,0.019633168540805154,,,,,,,,,,,,,,,,,,,,,,,0.020110551765072125,,,,,,0.018886481908840354,,,,,,,,,,,,,,,,,,,,,,,0.017120777680619072,,,,,,,,,,,,,,,,,,,0.021635244511187795,,,0.025122570620370804,,,,,0.025122570620370804,,,,,,,,,0.025122570620370804,,0.022178876396081314,,,,,,0.025122570620370804,0.024748730521127305,,,,,,,,,,,,0.025122570620370804,,,,,,,,0.025122570620370804,,,,,,,0.016103693040959783,,,,,,,,,,0.02292856124912107,,,,,0.015349749226721783,,,,,,,,,,,,,,,,,0.025122570620370804,,,,,,,,,,,,,,,,,,,,,,,,,,,0.022278669470494596,,0.016833890750678624,,,,,,,,0.010525304940950934,,,0.025122570620370804,,,,0.017201371283946276,,,,0.020226799074162378,,,,,,,,,,,0.022139738900938295,,,,,,,,,,,,,,,,,,0.025122570620370804,,,0.01576276551845181,,,,0.025122570620370804,,,0.02352650962288495,,,,,,,,,,,,,0.013173139676933093,,,,,,,,0.025122570620370804,0.018163290482425775,0.014282154781115056,0.025122570620370804,,,,,,,,,,,,,,,,,,,,,,,,,,,
2010-09-30,,,,,,,,,,0.01664356754974667,,,,,,0.023957933234387066,,,,,,,,,,,,,0.021102154469929222,,,0.023957933234387066,,,,,0.02281518215022454,,,0.022061811458439346,,,,,,,,,,0.020108762174812084,,,,,,,0.023957933234387066,,,,,0.023283214506738023,,,0.017091393194752075,,,,,,,,,,,,,,,,,,,,0.023957933234387066,,,0.016737577746391574,,,,0.023957933234387066,,,,,0.023957933234387066,,,,,,,0.023957933234387066,0.023957933234387066,,,,,,,0.01446175052669756,0.023957933234387066,,,,,,,,0.023186649935593048,,,,,,,0.021677369935670886,,,,,0.021158407086599607,,,,,,,,,,,,,,,,,,,,,,,,,,,,,,,,,,,,,,,,,,0.01719704945978162,,,,,,,,,0.023957933234387066,,,,,,,,,,,,0.023957933234387066,0.022166194246872065,,,,,,,,,,,,,,,,0.023957933234387066,,,,,,,,,,,0.018912684178336303,,,,,,,,,,0.014476814953553203,,,,,,,,,,,,,,,,,,,,,,,,0.023957933234387066,,,,,,,,,,,,,0.013905821178733057,0.023957933234387066,,,,,,,,,,,,,,0.023957933234387066,,,,0.023957933234387066,,,,0.009240280560796423,0.02033998560824393,,,0.019312813998973038,,,0.023957933234387066,,0.023957933234387066,,,,,,,,,,,,,,,,,,,,,,0.013587111029384228,,0.01954624390101744,,,,,,,,,,,,,,,,,,,,,,,,,,0.02011395958165139,,0.01886303593742759,0.015553196740238723,,,,,,,,,0.023957933234387066,,0.016206714871167982,,,0.023957933234387066,,,,,0.022645620790983347,,,,,,,,,,,,,,,,,,,,,,,,,0.018445967539503682,,,,
2002-11-29,,,,,,,,,,,0.027137865252329064,,0.026649712935196426,,,,,0.02204718755205129,,,,,,,0.027137865252329064,,,,,,,0.022732704841100976,,,0.027137865252329064,,,,,,,,,,,,,,,,,,,,,,,,,,,,,,,,,,,,,,,0.027137865252329064,,,,,,,,,,,,0.017475595675330913,,,,,,,,,,0.027137865252329064,,,,0.01904302109234389,,,,,,,,,,,,,,,,,,,0.027137865252329064,,,,,,,,,,,,,,,,,,,,,,,,,,,,,,,0.027137865252329064,,,,0.02623113034404621,,,,,0.027137865252329064,,,,0.027137865252329064,,,,,,0.027137865252329064,,,0.02090034679635109,,,,,,,,,0.019282710158274874,,,,,,,,0.027137865252329064,,,,,,,,,,,,,,,,,0.019185488296274717,,,,,,,,,,,,,0.027137865252329064,,0.01870801657470671,,,,,,,,,,,,0.027137865252329064,,,,,,,,,,,,,0.019737058587656113,,,,0.017803751464948628,,,,,,,,,,,,,,,,,0.027137865252329064,,,,,,,,,0.026362550414421336,,,,,0.027137865252329064,,,,,,,,0.017225965544217382,,,,,,,,,,0.027137865252329064,,,0.027137865252329064,,0.027137865252329064,0.018330981898497585,,0.022495218261336002,,0.027137865252329064,,,,,0.027137865252329064,,0.02068806136058205,0.027137865252329064,0.02092959739909538,0.027137865252329064,0.027137865252329064,,,,,,,,,,,,,,,,,,,,,,,,,,,,,,,,,,,,,,,,,,,,,,,,,,,,,,,,,,,,,,,,,,,,,,,,,,,,,,,,,,,,
2003-01-31,,,,,,,,,,,0.026815226497828828,,,,,,,0.026815226497828828,,,,,,,0.025367233604344352,,,,,,,0.017651580731917773,,,,,0.02087582313697834,,,,,,,,,,,0.024621716157341246,,,,,,,0.02602916210341294,,,,,,,,,,,,,,0.026815226497828828,,,,,0.026815226497828828,0.026622286862792218,,,,,,,,,,,,,,,,,,,,,,,,,,,,,,,,,,,,,,,,,,,,,,,,,,,,,,,,,,,,,,,,,,,,,,,,,,,0.025218325554794672,,,,,,0.026815226497828828,,,0.02520936309420078,,,,,,,,,,0.02522507068582292,,,,,,,,,,,,,,,,,,,,,,,,,,,0.026815226497828828,,0.026815226497828828,,,,,,,,0.015568160512160568,,,,,,,,,,,,,,,,,,,,,,,,,,,,,,,,,,,,,,,,0.025507452827233768,,0.026815226497828828,,,,,,,0.026815226497828828,0.026815226497828828,0.026815226497828828,,,,,,,,0.026815226497828828,,,,,0.024354066155670522,,,,0.02065740265730633,0.026815226497828828,0.026815226497828828,,,,,,,,,,,,,0.022740547170909127,0.026815226497828828,,,,,,,,,,,,0.026815226497828828,,0.026815226497828828,,0.026815226497828828,0.02660689093206022,,,,,,0.026815226497828828,0.026815226497828828,,,,0.016145637246404013,0.026815226497828828,0.026815226497828828,,0.01753449641958903,0.024129801194827053,,,,,,,,,,,,,,,,,,,,,,,,,,,,,,,,,,,,,,,,,,,,,,,,,,,,,,,,,,,,,,,,,,,,,,,,,,,,,,,,,
1998-06-30,,,,,,,,,,,,0.030112280157762985,,0.030112280157762985,,,,,,,0.02915237361949682,,,,,,,0.028795689802391777,,,,0.023705057388469678,,,,,,,,,,,,,,,,0.026750220231343925,,,,,,0.030112280157762985,,,,,,,,,,,,,,,,0.030112280157762985,,,,,,,,0.025009489062113283,,,0.030112280157762985,,,,,,,,,,,,,,,,,,,,0.030112280157762985,,,0.030112280157762985,,,0.027148785643956324,,,,,,,,,,,,,,0.030112280157762985,,,,,,0.030112280157762985,,,,0.030112280157762985,,,,0.030112280157762985,,,0.029174655314815348,0.030112280157762985,,,,,,,,0.024640835102394832,0.030112280157762985,,,,0.030112280157762985,,,,,0.030112280157762985,,,0.022339970431091538,,,0.030112280157762985,0.030112280157762985,0.030112280157762985,,,,0.030112280157762985,,0.030112280157762985,0.027795595447146042,0.030112280157762985,,,,,0.030112280157762985,,0.030112280157762985,0.012792604170468673,0.030112280157762985,,,,,,,,,,,,,,,,,,,,,,,,,,,,,,,,,,,,,,,,,,,,,,,,,,,,,,,,,,,,,,,,,,,,,,,,,,,,,,,,,,,,,,,,,,,,,,,,,,,,,,,,,,,,,,,,,,,,,,,,,,,,,,,,,,,,,,,,,,,,,,,,,,,,,,,,,,,,,,,,,,,,,,,,,,,,,,,,,,,,,,,,,,,,,,,,,,,,,,,,,,,,,,,,,,,,,,,,,,,,,,
2009-06-30,,,,,,,,,,,,0.02431835460807358,,,,,,,,,,,,,,,,,,,,0.02431835460807358,,,,,0.018078431012049267,,,,,,,0.017886667269247924,,,0.0143697491053445,,,,,,,,,,0.02431835460807358,,,,,,,0.02431835460807358,,,,,,,,,,,,,,0.014072259812601268,,,,,,,,,,,,,,,,,,,,,,,,,,,,,0.02431835460807358,,,,,,,,,,,,0.02431835460807358,,,,,,,0.02431835460807358,,,0.02431835460807358,,,,,,,,,,,,,,0.02431835460807358,,,,,,,0.020051572288991182,,,,,,,0.02431835460807358,,,,,0.01754714658792594,0.02431835460807358,,,,0.01865819718540203,,,0.018356270943528163,0.02431835460807358,,,,,,,,,0.02229718404181123,,,,,,,,,,,,0.02431835460807358,,,,,0.01602909448216412,,,,,,0.02431835460807358,,,,,,,,0.02258837002854118,,,,,,0.02431835460807358,,,,,,,,,,,,,,,0.02431835460807358,,,,,,0.01942431730985033,,,,,,,,,,,,,,,,,,,,,,,0.02431835460807358,,,,0.019985912437289623,,,,,0.02431835460807358,,,,,,,0.02431835460807358,,,0.02431835460807358,,,,,,,0.02431835460807358,,0.021382447662838706,,,,,,,,,0.018076967136019476,,,,,,,,,0.02431835460807358,0.02431835460807358,,,0.021554126054250767,,,,0.012816168923918497,,0.01570659019359454,,,,,0.01734830309480657,,,0.018579512257442508,,,,,,,,,,,,,,,,,,,,,,,,,,,0.01694700805654248,,0.013770137523979525,,,,,,,,,,,,,,,,0.02011588650832012,,,,,,,,,,,,,,,,0.013760827475195478,,,0.01127469662265219,,,,,,,,,,,,,,,
1998-04-30,,,,,,,,,,,,,,0.029407432824314777,,,,0.029407432824314777,,,0.029407432824314777,,,,,,0.029407432824314777,,,,0.028363787762877672,0.027866821567473478,,,,,,,,,,,,,,,,,0.029407432824314777,,,,,,,,0.028567821638214724,,,,,,,,0.029407432824314777,,,,,0.027829377683198424,,,,,,,,0.019739843255234295,,,0.029407432824314777,,,,,,,0.029407432824314777,,,,,,,,,,,,,,,,,0.029407432824314777,,0.029407432824314777,,,,,,,,,,,,,,,,,,,,,,,,,,,,,,,0.029407432824314777,0.029407432824314777,,,0.029407432824314777,,,,,0.02898168269236698,0.029407432824314777,,,,0.029407432824314777,,0.029407432824314777,,,0.029407432824314777,,,0.029407432824314777,,0.0291746073841612,0.015475371759974252,0.029407432824314777,0.029407432824314777,,,,,,0.029407432824314777,0.029407432824314777,0.029407432824314777,0.029407432824314777,0.029407432824314777,0.029407432824314777,0.029407432824314777,,,,,,,,,,,,,,,,,,,,,,,,,,,,,,,,,,,,,,,,,,,,,,,,,,,,,,,,,,,,,,,,,,,,,,,,,,,,,,,,,,,,,,,,,,,,,,,,,,,,,,,,,,,,,,,,,,,,,,,,,,,,,,,,,,,,,,,,,,,,,,,,,,,,,,,,,,,,,,,,,,,,,,,,,,,,,,,,,,,,,,,,,,,,,,,,,,,,,,,,,,,,,,,,,,,,,,,,,,,,,,,,,,,
1998-07-31,,,,,,,,,,,,,,0.030121472783494262,,,,0.030121472783494262,,,0.024285719099406793,,,,,,,,,,,0.02923915633937655,,,,,,0.030121472783494262,,,,,,,,,,,,,,,,0.030121472783494262,,,,,,,,,,,,,,,,0.030121472783494262,,,,,,,,0.02158937995228994,,,0.030121472783494262,,,,,,,,,,,,,,,,,,,,,,,0.030121472783494262,0.030121472783494262,,0.030121472783494262,,,,,,,,0.030121472783494262,,,,0.030121472783494262,,,,,,,,0.030121472783494262,,,,0.030121472783494262,,,,0.030121472783494262,,,0.030121472783494262,0.030121472783494262,,,,,,,,,0.030121472783494262,,,,,,,,,0.030121472783494262,,0.030121472783494262,0.021828856804942978,,,0.030121472783494262,,0.030121472783494262,,,,0.030121472783494262,,,0.030121472783494262,0.030121472783494262,,0.023459246504354977,0.027695094572676052,,,,0.02697427825585249,0.011648503316754977,,0.030121472783494262,0.030121472783494262,0.030121472783494262,,,,,,,,,,,,,,,,,,,,,,,,,,,,,,,,,,,,,,,,,,,,,,,,,,,,,,,,,,,,,,,,,,,,,,,,,,,,,,,,,,,,,,,,,,,,,,,,,,,,,,,,,,,,,,,,,,,,,,,,,,,,,,,,,,,,,,,,,,,,,,,,,,,,,,,,,,,,,,,,,,,,,,,,,,,,,,,,,,,,,,,,,,,,,,,,,,,,,,,,,,,,,,,,,,,,,,,,,,,
1998-08-31,,,,,,,,,,,,,,0.029538842046569848,,,,,,,0.029538842046569848,,,,,,,,,,,0.018090427991075783,,,,,,0.029538842046569848,,,,,,,,,,,,,,,,0.029538842046569848,,,0.028690741630171504,,,,,,,,,,,0.029538842046569848,,0.02746814038288998,,,,,,,,0.01963983462359674,,,0.029538842046569848,,,,,,,,,,,,0.029538842046569848,,,,,,,,,,,,0.029538842046569848,,0.0283194108320119,,,,,,,,0.029538842046569848,,,,,,,,,,,0.029538842046569848,,,,,0.029538842046569848,,,,,,,0.029538842046569848,0.026423141132222615,,,,,,,,,0.029059429845480843,,,,0.029538842046569848,,,,,0.029538842046569848,,,0.02765369687921747,,,0.025607371980619863,,0.029538842046569848,,,,,,0.029538842046569848,0.020715069691947266,0.029538842046569848,,0.02881377489261385,0.023166345707907307,,0.029538842046569848,,,0.018322356049626325,,,0.029538842046569848,0.029538842046569848,0.029538842046569848,0.029538842046569848,0.02817573333608177,,,,,,,,,,,,,,,,,,,,,,,,,,,,,,,,,,,,,,,,,,,,,,,,,,,,,,,,,,,,,,,,,,,,,,,,,,,,,,,,,,,,,,,,,,,,,,,,,,,,,,,,,,,,,,,,,,,,,,,,,,,,,,,,,,,,,,,,,,,,,,,,,,,,,,,,,,,,,,,,,,,,,,,,,,,,,,,,,,,,,,,,,,,,,,,,,,,,,,,,,,,,,,,,,,,,,,,,
1999-03-31,,,,,,,,,,,,,,0.029210161233146487,,,,,,,,,,,,,,,,,,,,,,,,0.029210161233146487,0.021608964340533717,,,,,,,,,,0.029210161233146487,,,,,0.023071553364172784,,,,0.029210161233146487,,,,,0.029210161233146487,,,,0.01621855180000107,,,0.029210161233146487,,,,,,,,0.021220265713435528,,,0.029210161233146487,,,,,,,,,,,,0.029210161233146487,,,,,,,,,,0.029210161233146487,,0.012502560480106995,,0.029210161233146487,,,,,,,,,,,,0.029210161233146487,,,0.029210161233146487,,,,,,,,,,,,,,,,0.02814577379662386,,,,,,,,,,,,,,,,,0.028016390750426744,0.029210161233146487,,,,0.02125851106885166,,,,0.029210161233146487,,,,,,,,,,,0.017498560870157723,0.026720781733523765,,,,,0.01575464216543824,,,,0.029210161233146487,,,,0.029210161233146487,0.029210161233146487,,0.028521550465214037,,,0.029210161233146487,0.029210161233146487,,0.029210161233146487,,,0.029210161233146487,,0.026590914308356382,,0.029210161233146487,,0.015609040233212619,0.029210161233146487,0.025428230547575637,,,,,,,,,,,,,,,,,,,,,,,,,,,,,,,,,,,,,,,,,,,,,,,,,,,,,,,,,,,,,,,,,,,,,,,,,,,,,,,,,,,,,,,,,,,,,,,,,,,,,,,,,,,,,,,,,,,,,,,,,,,,,,,,,,,,,,,,,,,,,,,,,,,,,,,,,,,,,,,,,,,,,,,,,,,,,,,,,,,,,,,,,,,,,,,,,,,
1999-04-30,,,,,,,,,,,,,,0.02911861766695852,,,,,,,,,,,,,,,,,,,,,0.03045842898482977,,,,0.015477445927121095,,,,,,,,,,0.03045842898482977,,,,0.03045842898482977,0.027413007842031864,,,,,,,,,0.03045842898482977,,,,0.02261030913100092,,,0.03045842898482977,,,0.03045842898482977,,,,,,,,,,,,,,,,,,,,0.03045842898482977,,,,,,,,0.03045842898482977,,,,0.013059117850078244,,0.03045842898482977,,,,,,,,,,,,,,,,,,,,0.03045842898482977,,,,,,,,,,,0.027315661697553575,,,,,,,,,,,,,,0.03045842898482977,,,0.015939835775208168,,,,0.03045842898482977,0.023061945777061513,,,,,,,,,,,,,,,0.020214782851201363,0.03045842898482977,0.03045842898482977,,,,0.014666109425374033,,,,0.03045842898482977,,,,0.03045842898482977,0.03045842898482977,,0.021699252415733707,,,0.03045842898482977,,,0.03045842898482977,,,0.03045842898482977,,0.03045842898482977,,0.026817671496468482,,0.009420385092834216,0.03045842898482977,0.022569544824183385,0.03045842898482977,0.010072445576105909,,,,,,,,,,,,,,,,,,,,,,,,,,,,,,,,,,,,,,,,,,,,,,,,,,,,,,,,,,,,,,,,,,,,,,,,,,,,,,,,,,,,,,,,,,,,,,,,,,,,,,,,,,,,,,,,,,,,,,,,,,,,,,,,,,,,,,,,,,,,,,,,,,,,,,,,,,,,,,,,,,,,,,,,,,,,,,,,,,,,,,,,,,,,,,,,,
1999-05-31,,,,,,,,,,,,,,0.028372567013127986,,,,,,,,,,,,,,,,,0.025367795757045147,,,,,,,,0.017918510829619216,,,,,,,,,,,,,,,0.02996629912705837,,,,0.02996629912705837,,,,,0.025053955838949163,,,,,,,0.027626353103266863,,,0.02996629912705837,,,,,,,,,,,,,,,,,,,,0.02996629912705837,,,,,,,,0.02996629912705837,,,,,,,,,,,,,,,,,,0.02996629912705837,,,,,,,,,,,0.02996629912705837,,,,,,,,0.01796553316070176,,,,,,,,,,,,,,,,,0.015209251665368753,,,,0.02996629912705837,0.021471181569393333,,0.016750486582782897,,,,,,,,,,,,,0.01743776405497597,,0.02996629912705837,,,,0.014876058763108916,,0.02996629912705837,,0.029018999305527385,,,,0.02996629912705837,0.02996629912705837,,0.02996629912705837,0.02996629912705837,,0.02996629912705837,,,0.02996629912705837,0.02856003263299791,,0.02996629912705837,,0.02996629912705837,,0.022881778431625296,,0.014205435704685005,0.02996629912705837,,0.02996629912705837,0.018025714791540037,0.02996629912705837,0.02996629912705837,,,,,,,,,,,,,,,,,,,,,,,,,,,,,,,,,,,,,,,,,,,,,,,,,,,,,,,,,,,,,,,,,,,,,,,,,,,,,,,,,,,,,,,,,,,,,,,,,,,,,,,,,,,,,,,,,,,,,,,,,,,,,,,,,,,,,,,,,,,,,,,,,,,,,,,,,,,,,,,,,,,,,,,,,,,,,,,,,,,,,,,,,,,,,,,
1999-06-30,,,,,,,,,,,,,,0.02730112174211944,0.031016478526091237,,,,,,,,,,,,,,,,0.023573193310556913,,,,,,,,0.02544817609311219,,,,,,,,,,0.031016478526091237,,,,,0.031016478526091237,,,,0.031016478526091237,,,,,0.031016478526091237,,,,0.014390007966188363,,,,,,,,,,,,,,,,,,,,,,,,,,0.031016478526091237,,,,,,,,,,,,,,,,,,,,,,,,,,0.031016478526091237,,,,,,,,,,,0.029360489335433077,,,,,,,,0.022091126700549267,,,,,,,,,,,,,,,,,0.013651689852386642,0.031016478526091237,,,,0.018628354242584837,,0.016586082236981797,,,,,,,,,,,,,,,0.031016478526091237,0.031016478526091237,,,0.011289561056737752,,0.031016478526091237,,0.031016478526091237,,,,0.031016478526091237,,,0.027211059171806384,,,,,,0.02555603930022412,0.031016478526091237,,0.031016478526091237,,0.018308936119415437,0.031016478526091237,0.01928679849468369,,0.011209881788902306,0.02673924129700066,,0.031016478526091237,0.018022192243400934,0.031016478526091237,,0.031016478526091237,0.031016478526091237,0.031016478526091237,,,,,,,,,,,,,,,,,,,,,,,,,,,,,,,,,,,,,,,,,,,,,,,,,,,,,,,,,,,,,,,,,,,,,,,,,,,,,,,,,,,,,,,,,,,,,,,,,,,,,,,,,,,,,,,,,,,,,,,,,,,,,,,,,,,,,,,,,,,,,,,,,,,,,,,,,,,,,,,,,,,,,,,,,,,,,,,,,,,,,,,,,,,,
1998-10-30,,,,,,,,,,,,,,,0.029302201783419152,,,0.02743091261236591,,,0.029302201783419152,,,,,,0.024941427851456505,,,,,,,,,,,0.026014275726212364,0.029302201783419152,,,,,,,,,,,,,,,0.02755293899280842,,,,,,,,,0.029302201783419152,,,,,,,0.01783560364397774,,,,,,,,0.018126133743372606,0.029302201783419152,,0.029302201783419152,,,,,,,,,,,,0.029302201783419152,,0.029302201783419152,,,,,,,,,,0.029302201783419152,,,,,,,,,,,,,,0.029302201783419152,,,,,,,0.029302201783419152,,,,,0.028329723529227375,,,,,,,0.029302201783419152,,,,,,,,,,,,,,0.029302201783419152,,,,,0.029302201783419152,,,0.02540512686940275,,,,,,,,,,,0.029302201783419152,,,,0.01752744515842138,0.029302201783419152,0.029302201783419152,,,,0.026860592071784036,0.027420775215492018,,,0.029302201783419152,0.029302201783419152,0.029302201783419152,,0.029302201783419152,0.029302201783419152,0.029302201783419152,0.029302201783419152,0.029302201783419152,,,,,,,,,,,,,,,,,,,,,,,,,,,,,,,,,,,,,,,,,,,,,,,,,,,,,,,,,,,,,,,,,,,,,,,,,,,,,,,,,,,,,,,,,,,,,,,,,,,,,,,,,,,,,,,,,,,,,,,,,,,,,,,,,,,,,,,,,,,,,,,,,,,,,,,,,,,,,,,,,,,,,,,,,,,,,,,,,,,,,,,,,,,,,,,,,,,,,,,,,,,,,,,,,,,
1998-11-30,,,,,,,,,,,,,,,0.030119175407496222,,,,,,0.030119175407496222,,,,,,0.026502323965202964,,,,,0.014918657725092837,,,,,,0.028272564941982527,,,0.0268843649725612,,,,,,,,0.030119175407496222,,,,,,,,,,,,,,0.030119175407496222,,,,,,,0.018042759201434486,,,,,,,,0.01745460283471345,,,0.030119175407496222,,,,,,,,,,,,0.028590722999042237,,,,0.030119175407496222,,,,,,,,0.017279780937093585,,0.030119175407496222,,,,,,,,,,,,0.030119175407496222,,,,,,,0.030119175407496222,,,,,,,,,,,,0.030119175407496222,,,,,,,,,,,,,,0.030119175407496222,,,,,,,,0.01817508689151726,,,,,,,,,,,,,,,0.020559639505572182,0.030119175407496222,0.030119175407496222,,,0.030119175407496222,0.008981110002425066,0.02411122729490521,,,0.030119175407496222,0.030119175407496222,0.030119175407496222,,0.030119175407496222,0.030119175407496222,,0.030119175407496222,,0.030119175407496222,0.030119175407496222,0.030119175407496222,0.030119175407496222,0.02736694894854748,,,,,,,,,,,,,,,,,,,,,,,,,,,,,,,,,,,,,,,,,,,,,,,,,,,,,,,,,,,,,,,,,,,,,,,,,,,,,,,,,,,,,,,,,,,,,,,,,,,,,,,,,,,,,,,,,,,,,,,,,,,,,,,,,,,,,,,,,,,,,,,,,,,,,,,,,,,,,,,,,,,,,,,,,,,,,,,,,,,,,,,,,,,,,,,,,,,,,,,,,,,,,,
2005-11-30,,,,,,,,,,,,,,,0.026775300200497402,0.026775300200497402,,,,,,,0.017742567450174714,,,,,,,,,,,,,,,,,,,,,,,,,,,,,,,,,,,,,,,,,,,0.026775300200497402,,,,,,0.023423447878789142,,,,,0.016403619407212803,0.010399339956805316,,0.026775300200497402,,,,,0.026775300200497402,,,,,,,,,0.026775300200497402,,,,,,,,,,,,,,,,,,,,,,,,,,,,,,,,,,,,,0.026775300200497402,,,,,,,,,,,0.024334206545753953,,,,,,,,,,0.026775300200497402,,,,,,,,,,,,,,,,,,,,,,,,,0.026775300200497402,,,,,0.026775300200497402,,,,,,,,,,,,,,,,,,0.026775300200497402,,,,,0.01441462684428379,,,,,,,,,,,,0.026120523704347618,,,,,,,,,,,,,,,,,,,,,,,,,0.019010401478702647,0.0180052211798319,0.020412895139986176,,,0.026775300200497402,,,,0.01640155945006823,,,,,,0.026775300200497402,,,,,,,,,,,,,,,,,,,,,,,,,,,,,,,,0.02478700284921598,,,,0.017596911974708106,,,,0.026775300200497402,,,,,,0.026775300200497402,,,,0.026775300200497402,,,,,,,,,,,,,,,,,0.026775300200497402,0.017822574313713313,0.026775300200497402,,,,,,,0.020929858019377422,,,,,,,0.026775300200497402,0.026775300200497402,,,,,0.01409939414383465,0.014365305969608685,0.026775300200497402,0.026775300200497402,0.023639863647352127,0.026775300200497402,0.026775300200497402,0.017483475234295682,,,,,,,,,,,,,,,,,,,,,,,,,,,,,,,,,,,,,,,,,,,,,,,,,,,
2006-03-31,,,,,,,,,,,,,,,0.026132236973570627,,,,,,,,0.026132236973570627,0.026132236973570627,,,,,,,,,,,,,,,,,,,,,,,0.016584900799280548,,,,,,,,0.025823770930437837,,,,,,,,,,,0.026132236973570627,,,,,,0.01386139952398382,,,,,,0.013652625854583987,,,,,,,,,,,,0.026132236973570627,,,,0.026132236973570627,,,,,,,,,,,,,,,,,,,,,,,,0.018810250446114424,,,0.026132236973570627,,,,,,,,,,,,,,,,,,,,,,,,,,,,,,,0.026126415269660246,,,,,,,,0.026132236973570627,,,,,,,,,,,,,,,,,0.026132236973570627,,,,,,,,,,,,,,,,,,,,,,,,,,,,0.02016325080397309,,,,,,,,,,,,0.026132236973570627,,,,,,,,,,,,,,,,,,,,,,,,,,0.02017095878725906,0.016742769383681903,,,0.022288776325850405,,0.026132236973570627,,,,,,,,0.026132236973570627,,,,,,,,,0.026132236973570627,,,,,,0.026132236973570627,0.026132236973570627,,,,,,,,0.026132236973570627,,0.02359385001711692,,,,,,,,0.017943072011686614,,0.019580566082900364,,,,,,,,,,,,,,,,,,,,,,,,,,,,,,0.026132236973570627,,0.02157714787404014,0.026132236973570627,0.016010900118497085,,,0.026132236973570627,,,0.026132236973570627,,,,,,,,0.026132236973570627,,0.026132236973570627,,,0.0149594439059195,0.024908950799188992,,0.0173004936540876,0.025440259909102206,,0.026132236973570627,0.02341874711051079,,,,,,,,,,,,,,,,,,,,,,,,,,,,,,,,,,,,,,,,,,,,,,,,,,,
2004-04-30,,,,,,,,,,,,,,,,0.028147612236045647,,,,,,0.028147612236045647,0.025152370356192666,,,,,,,,,,,,,,,,0.026656666458353268,,,,,,,,0.014193039750057807,,,,,,,,,,,,,,,0.028147612236045647,,,0.020768234060741776,,,,,0.028147612236045647,,,,,,,,0.025265733545264277,,0.02189739704185549,,,,,,,,,,,0.028147612236045647,,,0.028147612236045647,,,,,,,,,,,,,,,,0.028147612236045647,,0.028147612236045647,,,,,,,,,,,,0.028147612236045647,,,,,,,,,0.028147612236045647,0.028147612236045647,,,,,,0.02530364772585335,,,0.028147612236045647,,0.028147612236045647,,0.028147612236045647,,,,,,0.028147612236045647,,,,,,,,0.028147612236045647,,0.028147612236045647,,,,,,,,,,,,,,,,,,,,,,,,,,,,,,,,,,,,,,,,,,0.023106978265193277,,,,,,,,,,,,,,,,,0.02596703456409344,,,,,,,,,,,,0.01624683410678461,,,,0.028147612236045647,,,,0.028147612236045647,,0.01879834842031193,,0.028147612236045647,,,,,,,,,,,,,,,,,,,,0.028147612236045647,,,,,,,,,,,,,,,,,,,,,,,,,,,,,,,,0.02266366600644774,,,,,,,,,,,,0.006383516138497998,,,,,0.015312707450389495,,,,,,,,,,0.014933510994153446,,0.015295724889009153,,,,0.01520851205445627,,0.028147612236045647,0.019450996743293977,0.028147612236045647,,,,,,,,,,,,,,,,,,,,,,,,,,,,,,,,,,,,,,,,,,,,,,,,,,,,,,,,,,,,,,,,,,,,,
2005-09-30,,,,,,,,,,,,,,,,0.025661968717669403,,0.024680398903745446,,,,,0.012327528720299158,,,,,,,,,,,,,,,,,,,,,,,,,,,,,,,,,,,,,,,,,,,0.025661968717669403,,,,,,0.01748451799957846,,,,,0.025661968717669403,0.015963547272972018,,,,,,,0.025661968717669403,,,,,,,,,0.025661968717669403,,,,,,,,,,,,,,,,,,,,,,,,,,,,,,,,,,,,,0.025661968717669403,,,,,,,,,,,,,,0.025661968717669403,,,,,,,0.025661968717669403,,0.02231561331603797,0.025661968717669403,,,,,,,,,0.025661968717669403,,,,,,,,,,,,,0.025661968717669403,,,,,0.02102579147483102,,,,,,,,,,,,,,,,,,0.025661968717669403,,,,,0.025140789284110683,,,,,,,,,,,,,,,,,,,,,,0.025661968717669403,0.023436439989218513,,,,,,,,,,,0.021133591116154874,,,0.0240377303459418,0.025661968717669403,0.023019679488574023,,,0.01695912359478836,,,,,,,,,,,,,0.025661968717669403,,,,,,,,,,,,0.025661968717669403,,,,,,0.025661968717669403,,,,,,,,,,,,,,,0.01984115315824238,,,,,,,,,,0.025661968717669403,,,,0.025661968717669403,,,,,,,0.025661968717669403,,0.025661968717669403,,,,,,,,,0.015364957762378312,,,,,,0.016235480080641154,,0.025661968717669403,,,,,,,,,,,0.025661968717669403,,0.025661968717669403,0.02181064443518634,0.02066070937027193,0.025661968717669403,0.017013085745292405,,,,,,,,,,,,,,,,,,,,,,,,,,,,,,,,,,,,,,,,,,,,,,,,,,,,,,
2006-02-28,,,,,,,,,,,,,,,,0.026613402658880677,,,,,,,0.026613402658880677,0.026613402658880677,,,,,,,,,,,,,,,,,,,,,,,0.015828293708694135,,,,,,,,0.024619586885451294,,,,,,,,,,,0.02649021323938429,,,,,,0.01849166091458109,0.026613402658880677,,,,0.021648554426080685,0.017322489889519867,,0.015798796167334202,,,,,,,,,,,,,,0.026613402658880677,,,,,,,,,,,,,,,,,,,,,,,,0.0226668477289784,,,0.023759958881295656,,,,,,,,,,,,,,,,,,,,,0.026613402658880677,,,,,,,,,,0.02053242625350824,,,,,,,,,,,,,,,,,,0.026613402658880677,,,,,,,0.026613402658880677,,,,,,,,,,,,0.026613402658880677,,,,,,,,,,,,,,,,0.02372040319962868,,,,,,,,,,,,,,,,,,,,,,0.026613402658880677,,,,,,,,,,,,,,,,,0.023167278837842226,,,0.025885228275133072,,0.0225064134859009,,,,,,,,,,,,,,,,,0.020113800337233728,,,,,,,0.026613402658880677,,,,,,,,0.026613402658880677,,,,,,,,,,0.026613402658880677,,0.014836087544827124,,,,0.026613402658880677,,,,,,,,,,0.026613402658880677,,,,,,,,,,,,,,,,,,0.026521989981174214,0.026613402658880677,0.012632019976469516,,,,,,0.026613402658880677,,,,,,,,0.02268156247113346,,,,,0.017072484437415048,,0.026613402658880677,0.015796970955103063,0.026613402658880677,,0.026613402658880677,0.01777763502351978,0.017861244202177644,,,,,,,,,,,,,,,,,,,,,,,,,,,,,,,,,,,,,,,,,,,,,,,,,,
2001-08-31,,,,,,,,,,,,,,,,,,0.021124599759364957,,,,,,,,,,,,,,,,,,,,,0.026485875682889102,,0.028967552184734683,,,,,,,,,,,,,,,,,0.02903756260349719,,,,0.02903756260349719,,,,0.01848210226033589,,,,,,,,,0.02903756260349719,,,,0.02903756260349719,,,0.02903756260349719,,,,,,,0.02903756260349719,,0.028255591423286645,,,,,,0.02903756260349719,,,0.02177607186796651,0.02903756260349719,,,,,,,,,,,,,,,,,,,,,,,,,,,,,,0.02903756260349719,,,,,,,,,0.023648209662230676,,,,,,,,,,,,,,0.02903756260349719,,,,,0.02903756260349719,,,,0.010779603922823844,,,,,,0.019184197614791152,,0.02903756260349719,0.021589058605539634,,,,,0.02903756260349719,,,,,,,,,,,,,,,,,,,,,,,,,,,,,0.009645113768989655,,,,,,,,,,,,,,0.02903756260349719,,,,,,,,,,0.02903756260349719,,,,,,,,0.02903756260349719,,,,,,,,,,,,,,,,0.01208050191730612,,,0.02903756260349719,,0.022169118412376853,,,0.020061080181455495,,0.02903756260349719,,,0.02903756260349719,,0.02903756260349719,,0.02903756260349719,,,,,,0.02903756260349719,0.02265062818163491,0.02903756260349719,0.02523675467383826,,,,,,,,,,,,,,,,,,,,,,,,,,,,,,,,,,,,,,,,,,,,,,,,,,,,,,,,,,,,,,,,,,,,,,,,,,,,,,,,,,,,,,,,,,,,,,,,,,,,,,,,,,,,,,,,,,,,,,,,,,,,
1998-12-31,,,,,,,,,,,,,,,,,,,,,0.022447653204435633,,,,,,0.029428302429069395,,,,,,,,,,,0.029428302429069395,,,,,,,,,,0.029428302429069395,,,,,0.029428302429069395,,,,0.023559742058067653,,,,,,,,,,,,,0.02797738279470094,,,,,,,,0.020142273560129497,,,0.029428302429069395,,,,,,,,,,,,0.029428302429069395,,0.029428302429069395,,,,,,,,,,0.0238601769928082,,0.029428302429069395,,,,,,,,,,,,,,,,,,,0.029428302429069395,,,,,,,,,,,,0.029428302429069395,,,,,,,,,,,,,,0.029428302429069395,,,,,,,,0.02340371111875036,,,,0.029428302429069395,,,,,,,,,0.029428302429069395,,0.021638335922733405,0.029428302429069395,,,,0.012897295683226121,0.013825607149425698,0.02194635381030185,,0.029428302429069395,0.029428302429069395,,0.029428302429069395,,0.029428302429069395,0.029428302429069395,0.029428302429069395,,0.029428302429069395,,0.026730443909682558,0.029428302429069395,0.029428302429069395,0.025863463069003053,0.029428302429069395,0.029428302429069395,,,,,,,,,,,,,,,,,,,,,,,,,,,,,,,,,,,,,,,,,,,,,,,,,,,,,,,,,,,,,,,,,,,,,,,,,,,,,,,,,,,,,,,,,,,,,,,,,,,,,,,,,,,,,,,,,,,,,,,,,,,,,,,,,,,,,,,,,,,,,,,,,,,,,,,,,,,,,,,,,,,,,,,,,,,,,,,,,,,,,,,,,,,,,,,,,,,,,,,,,,,,
1999-01-29,,,,,,,,,,,,,,,,,,,,,0.026030740353326105,,,,,,,,,,,,,,,,,0.026954845463001854,0.017731685993169502,,,,,,,,,0.029931450742634303,,,,,,,,,,0.029931450742634303,,,,,0.029931450742634303,,,,,,,0.029931450742634303,,,,,,,,0.02537309461321866,,,0.029931450742634303,,,,,,,,,,,,0.029931450742634303,,,,,,,,,,0.029931450742634303,,0.02300619658767395,,0.02249945144702273,,,,,,,,,,,,0.029931450742634303,,,,,,,0.029931450742634303,0.029931450742634303,,,,,,,,,,,0.027887867434524573,,,,,,,,,,,,,,0.028211334340483146,,,0.018081855424519826,,,,,0.02530911274175556,,,,,,,,,,,,,,,0.024889503220305993,0.029931450742634303,0.029931450742634303,,,,0.009020712918009481,0.023655367494207307,,,0.029931450742634303,,,,0.029931450742634303,0.029931450742634303,,0.029931450742634303,0.029931450742634303,,0.029931450742634303,,,0.029931450742634303,0.026210663341613337,0.029931450742634303,0.029931450742634303,0.024657465779332095,0.021919637252515396,,,,,,,,,,,,,,,,,,,,,,,,,,,,,,,,,,,,,,,,,,,,,,,,,,,,,,,,,,,,,,,,,,,,,,,,,,,,,,,,,,,,,,,,,,,,,,,,,,,,,,,,,,,,,,,,,,,,,,,,,,,,,,,,,,,,,,,,,,,,,,,,,,,,,,,,,,,,,,,,,,,,,,,,,,,,,,,,,,,,,,,,,,,,,,,,,,,,,,,,,
2006-04-28,,,,,,,,,,,,,,,,,,,,,,,0.0218516071224375,,,,,,,,,,,,,,,,,,,,,,,,0.02146320536426176,,,,,,,,0.025429260957079643,,,,,,,,,,,0.025429260957079643,,,,,,0.013459553833772037,,,,,,0.022885939382241413,,,,,,,,,,,,0.025429260957079643,,,,,,,,,,,,,,,,,,,,,,,,,,,,0.01726235055597433,,,0.024410067639554948,,,,,,0.025429260957079643,,,,,,,,,,,,,,,,,,,,,,,,,,,,0.025429260957079643,,,,,,,,,,,,,,,,,,,,,,,,,,,,,,,,,,,,,,,,,,,,,0.019687235386694375,,,,,0.022113691159963818,,,,,,,,,,,,0.021533849465339067,,,,,0.025429260957079643,,,,,,,,,,,,0.0218157664267664,,,0.025429260957079643,,,,,,0.02522488919649997,0.025429260957079643,,,,,0.024488987700187193,,,,,,,,0.025429260957079643,,,,,,,,,0.025429260957079643,,,,,,,0.025429260957079643,,,,,,,,,,0.022056198364219404,,0.025429260957079643,,,,,,0.025429260957079643,,0.009612614181147247,,,,,,,,,,,,,,,,,,,,,,,,,,,,,,0.025429260957079643,,0.023552130508198557,0.025429260957079643,0.019710951188199967,,,0.025429260957079643,,,0.025429260957079643,,,,,,,,0.025429260957079643,,0.025429260957079643,,,0.025429260957079643,0.025429260957079643,,0.025429260957079643,0.022002563716221103,,0.025429260957079643,0.018040300036796072,0.02187545893777513,0.022079637820917798,,,,,,,,,,,,,,,,,,,,,,,,,,,,,,,,,,,,,,,,,,,,,,,,,
2006-05-31,,,,,,,,,,,,,,,,,,,,,,,0.02600481898891325,,,,,,,,,,,,,,,,,,,,,,,,0.015815172680227616,,,,,,,,,,,,,,,,,,,0.02600481898891325,,,,,,0.019617044417181928,,,,,,0.00976590200768456,,,,,,,,,,,,0.02600481898891325,,,,,,,,,,,,,,,,,,,,,,,,,,,,0.01826430597243961,,,,,,,,,,,,,,,,,0.02600481898891325,,,,0.02600481898891325,,,0.02600481898891325,,,,,,,,,,,,,,0.02600481898891325,,,,,,,,,,,,,,,,,,,,,,,,,,,,,,,,,,,,,,,,,,,,,,,,,0.023414961696447394,,,,,,,,,,,,,,,,,0.01987763417536447,,,,,,,,,,,,0.02600481898891325,,,0.02600481898891325,,,,,0.02600481898891325,0.02600481898891325,0.01898530597863542,,,0.024889764780201336,,0.02600481898891325,,,,,,,,,,,,,,0.02600481898891325,,,0.018628952415121906,,,,,,,,,,,,,0.02600481898891325,,,,0.023225251996280134,,,,,,,,0.02600481898891325,,0.024537169802125565,,,,,,,,,,,,,,,,,,,,,,,,,,,,,,0.020189904621934495,,0.02600481898891325,0.02600481898891325,0.01695653996819285,,,0.02600481898891325,,,0.02600481898891325,,,,,0.02600481898891325,0.02600481898891325,,0.02600481898891325,,0.017414338721902654,,,0.01618025472475102,0.020908761164742617,,,0.02600481898891325,,0.02600481898891325,,0.02600481898891325,0.02600481898891325,0.015203441165021803,,,,,,,,,,,,,,,,,,,,,,,,,,,,,,,,,,,,,,,,,,,,,,,,
2006-06-30,,,,,,,,,,,,,,,,,,,,,,,0.014371923774041947,,,,,,,,,,,,,,,,,,,,,,,,0.02623134494519357,,,,,,,,,,,,,,,,,,,0.02460905735486512,,,,,0.02460554844314751,0.013243741488596571,,,,,,0.020318311671709846,,,,,,,,,,,,0.022496296428602233,,,,,,0.025434544618693496,,,,,,,,,,,,,,,,,,,,,,0.02623134494519357,,,0.02623134494519357,,,,,,,,,,,,,,0.02623134494519357,,,,0.02623134494519357,,,,,0.02623134494519357,,,,,,0.022944369723008222,,,,,,,,,,,,,,,,,,,,,,,,,,,,,,,,0.02623134494519357,,,,,,,0.02623134494519357,,,,,,,,,,,,,,,,0.020740683926458694,,,,,,,,,,,,,,,,,0.017167110636017027,,,,,0.02623134494519357,,,0.02623134494519357,,,,0.0254362861158399,,,0.02623134494519357,,,,0.02623134494519357,,0.020848880449329085,0.01719135377739171,,,,,0.02623134494519357,,,,,,,,,,,,,,0.02623134494519357,,,0.02623134494519357,,,,,,,,,,,,,,,,,0.020685224307464244,,,,,,,,,,0.02259037896759631,,,,,,,,,,,,,,,,,,,,,,,,,,,,,,0.021497480942737252,,0.02623134494519357,,0.01717330549142406,,,0.02623134494519357,,,0.02623134494519357,,,,0.02623134494519357,,0.02623134494519357,,,,0.02623134494519357,,,0.016311805570506138,0.02327320680805089,,,,,,,0.022147663309549703,0.014038850652538433,0.02201573169336663,,,,,,,,,,,,,,,,,,,,,,,,,,,,,,,,,,,,,,,,,,,,,,,,
2003-04-30,,,,,,,,,,,,,,,,,,,,,,,,0.024837275637050946,0.02747175969276141,,,,,,,,,,0.02747175969276141,,,,,,,,,,,,,,0.02747175969276141,,,,,,0.026869056137813336,,,,,0.02747175969276141,,,,,,,,,,,,,,0.02747175969276141,0.02747175969276141,,,,,,,,,,,0.01873602319683776,,,,,,,,,,0.026869858519370196,0.02747175969276141,,,,,,,,,,0.02747175969276141,,,,,,,,,,,,0.02747175969276141,0.025302825821636267,,,,,,,,,,0.02747175969276141,,,,,,,,0.026587865812425327,,,,,,,,,,,,0.015158897350725294,,,,,,,,,0.02747175969276141,,,,,,,0.017339474043845463,,,,,,,,,,,,,,0.024683300922416152,0.012520611164631289,,,,,,,,,,,,,,,,,0.016542800556976017,,0.02747175969276141,,,,,,,,,,,0.022874333053765388,,,,,,,,,,0.02747175969276141,,,,,,,,0.02747175969276141,,,,,,,,,,,,,,,,,0.015359376336669537,,,,,,,,,,,0.02747175969276141,,,,,,,,,,,,,0.02272107742642913,,,,,,0.02747175969276141,,,0.02747175969276141,,0.02747175969276141,,,,,,,,,0.02747175969276141,,,,,,0.02747175969276141,,,,,,0.02747175969276141,,,,,,,,,,,0.02302858090095878,0.02747175969276141,0.01034921531758267,,,0.01710670451429288,,0.02747175969276141,,,0.021262250353061066,,,,,,,,,,,,,,,,,,,,,,,,,,,,,,,,,,,,,,,,,,,,,,,,,,,,,,,,,,,,,,,,,,,,,,,,,,,,,,,,,
2003-02-28,,,,,,,,,,,,,,,,,,,,,,,,,0.026756094615787724,,,,,,,0.01857303301145198,,,0.026756094615787724,,,,,,,,,,,,,0.026756094615787724,0.026756094615787724,,,,,,,,,,,,,,,,,,,,0.026756094615787724,,,,,,,,,0.014275618915258092,,0.023080182175735472,,,,,,0.023885818950507336,,,,,,,,,,0.026756094615787724,,,,,,,,,,,,,,,,,,,,,,,,,0.026756094615787724,,0.026756094615787724,,,,,,,,,,,,,,,,,,,,,,,,,,,0.019880849713400237,,,,,,,,,0.026756094615787724,,,,,,,0.023444603414603055,,,,,,0.021566998450300544,,,,,,,,0.026114624833438183,0.024082894688185974,,,,,,,,,,,,,,,,,0.026756094615787724,,,,,,,,0.01683495184805343,,,,,,,,,,0.026465904612522306,,0.023474311848828106,,,,,,,,,,,0.026756094615787724,,,,,,,,,,,,,,,,,0.026756094615787724,,,,,,,,,0.026756094615787724,0.026756094615787724,,,,,,,,,0.020040346267942415,,,,,0.026756094615787724,,,,0.015528053873511126,0.026756094615787724,0.026756094615787724,,,,,0.026756094615787724,,,,,,,,0.02063918589280925,0.026447336589528404,,,,,,,,,,,,0.026756094615787724,,,0.026756094615787724,,,,,,,,,0.026756094615787724,,,,,,0.026756094615787724,,0.015713541735628934,0.024561567015177366,0.026756094615787724,,,,,,,,,,,,,,,,,,,,,,,,,,,,,,,,,,,,,,,,,,,,,,,,,,,,,,,,,,,,,,,,,,,,,,,,,,,,,,,,
2003-03-31,,,,,,,,,,,,,,,,,,,,,,,,,0.01944357794104716,,,,,,,0.009666545803326446,,,0.027248413595046116,,,,,,,,,,,,,0.027248413595046116,0.027248413595046116,,,,,,0.022526655205136865,,,,,0.027248413595046116,,,,,,,,,0.027248413595046116,,,,,0.027248413595046116,0.025302916197267215,,,0.01595496459929964,,,,,,,,0.014229592948332882,,0.02650025606288026,,,,,,,,0.027248413595046116,,,,,,,,,,,,,,,,,,0.027248413595046116,,,,,0.027248413595046116,,,,,,,,,,,,,,,,,,,,,,,,,,,,,,,0.019225120814711297,,,,,,,,,0.027248413595046116,,,,,,,,,,,,,,,0.027248413595046116,,,,,,0.027248413595046116,0.018552988709896096,,,,,,,,,,,,,,,,,0.02462091842571488,,0.027248413595046116,,,,,,0.020067654597612273,,,,,,,,,,0.01715759898959201,,,,,0.027248413595046116,,,,,,,,,,,,,,,,,,,,,,,,,0.027248413595046116,,,,,,,,,0.027248413595046116,,0.027248413595046116,,,,,,,,,,,,,0.02528418597403665,,,,,,0.027248413595046116,,,,,0.027248413595046116,,,,,,,,0.015102226877413511,0.027248413595046116,,,,,,,,,,,,0.027248413595046116,,0.027248413595046116,,,,,,,,,0.027248413595046116,0.027248413595046116,,,,0.022817568491206364,,0.026262788681942217,,,0.023322513399477444,,,,,,,,,,,,,,,,,,,,,,,,,,,,,,,,,,,,,,,,,,,,,,,,,,,,,,,,,,,,,,,,,,,,,,,,,,,,,,,,,
2003-05-30,,,,,,,,,,,,,,,,,,,,,,,,,0.027681743369729454,,,,,,,,,,0.027681743369729454,,,,,,,,,,,,,,0.027681743369729454,,,,,,0.027681743369729454,,,,,,,,,,,,,,,,,,,,0.027681743369729454,,,0.01717662629049041,,,,,,,,0.014229679454999342,,,0.027681743369729454,,,,,,,0.02062750558490214,0.027681743369729454,,,,,,,,0.027681743369729454,,0.027681743369729454,,,,,,,,,,,,0.027681743369729454,0.027681743369729454,,,,,,,,,,,,,,,,,,,,,,,,0.027681743369729454,,,,,,0.025478317191657673,,,,,,,,,0.027681743369729454,,,,,,,0.024608337106945797,,,,,,0.024580709285483372,,,,,,,,0.027681743369729454,0.024147236083836676,,,,,,,,,,,,,,,,,,,,,0.023695426919889823,0.027681743369729454,,,,,,0.013398351585724395,,,,,,,0.027681743369729454,,,,,,,,,,,0.013956866859117885,,0.027681743369729454,,,,,,,,,,,,,,,,,,,,0.027681743369729454,,,,,,,,0.027681743369729454,,,,,,,,0.027681743369729454,,,,,0.019715489435604843,,,,0.02042977814746393,,0.027681743369729454,,,0.027681743369729454,,,,,,,,,,,0.027681743369729454,,,,,,,,,,,,,,,,,,,,,,,0.02198566270046983,0.027681743369729454,0.011775832400885849,,,0.025872186776336566,,,,,0.02065456411797976,,0.013305589184704786,,,,,,,,,,,,,,,,,,,,,,,,,,,,,,,,,,,,,,,,,,,,,,,,,,,,,,,,,,,,,,,,,,,,,,,,,,,,,,,
2007-02-28,,,,,,,,,,,,,,,,,,,,,,,,,,,,,0.02437146964326359,,,,,,,,,,,0.0173350054720572,,,,,,,,,0.02205196650317406,,0.02491271231893829,,,,,,,,,,,,,,,0.02491271231893829,,,,,,,,,,,,0.011721722910240378,,,,,,,,,,,,,,,,,,,,,,,,,,0.02491271231893829,,,,,,,,,,,0.02491271231893829,,,,,0.023018798214058972,,,,,,,,,,,,,,,,,,0.024826078873356843,,,,,,,,,,0.02491271231893829,,,,,,,,0.02491271231893829,,,,,,,0.02491271231893829,,,,,,,,,,0.02491271231893829,,,,,,,,,,0.02491271231893829,,,,,,,,,,,,,,,,,,,0.02491271231893829,0.02491271231893829,,0.024075987199728976,,,,,,,,,0.02491271231893829,,,,,,,0.02491271231893829,0.01881547101866565,,,,,,0.017213030620770446,,,,,,,,,,,,,0.024184494177468967,,,,,0.017271732244159503,,,,0.02491271231893829,,,0.02491271231893829,0.02491271231893829,0.02491271231893829,,,,,0.02491271231893829,,,,,,,,,,,,,,,,,,,,,,,,,,,,,,,,,,,0.01631729293422899,,,,,,,,,,,,,,,,,,,0.02163413479846311,0.02491271231893829,,,,,,,,,,,,0.014636988822128976,,,,,0.02491271231893829,0.020686782227670703,0.01978994975950582,,,0.017794427929284064,,,,,,,,,,0.01984131591597601,,,,,,,,,0.018366951227254416,,0.02491271231893829,,,0.013228452911003026,0.023613168646758997,0.02491271231893829,,,0.01621239461520052,0.02491271231893829,,,,,,,,,,,,,,,,,,,,,,,,,,,,,,,,,,,,,
2010-08-31,,,,,,,,,,,,,,,,,,,,,,,,,,,,,,,,,,,,,0.02428447042589927,,,0.023925342447579385,,,,,,,,,,0.02428447042589927,0.02428447042589927,,,0.02428447042589927,,,,,,,,,,,0.01724040469007283,,,,,,0.02428447042589927,,,,,,,,,,,,,,,,,,,,,0.02428447042589927,,,,,,,,,,,,0.02428447042589927,,,,,,,,0.021048941470325582,,,,,,0.01567327777771194,,,,,,,,,,0.02428447042589927,,,,,0.01888370560534285,,,,,,,,,,,,,,,,,,0.02200947155802911,,,,,,,,,,,,,,,,,,,,,,,,0.015912347604795693,,,,,,,,,,,,,,,,,,,,,0.02428447042589927,,,,,,,0.02428447042589927,,,,,,,,,,0.02428447042589927,,0.02043532172848032,,,,,,,,,0.02428447042589927,,,,,,,0.02428447042589927,,,0.02197020924746834,,,0.02428447042589927,,,,,,,,,,,,,,,,,,,,,,,,,,,,,,,,,,0.02302842069406221,0.02428447042589927,,,0.02428447042589927,,,,,,,,,,,,,,,,,,0.02086726605114502,0.02428447042589927,,,,0.016898226056697392,0.019118896726172833,,,,,,,,,,,,,,,,,,,,,,,,,,0.012593342898349928,0.02428447042589927,0.017736534305603468,,,,,,,,,,,,,,,0.014514248828661742,,,,,,,,,,,0.01028188379279514,,0.018108715526319565,0.014386970772549976,,,,,,,,,0.022629558193077152,,0.01582979099847255,,,,,,,,0.02428447042589927,,,,,,0.02289280600859534,,0.02373761351834336,0.0070848951697612276,,,,,0.01830092519923067,,0.02428447042589927,,0.019483096806599636,,,,,0.015433907379871985,,,,,,0.02428447042589927
1999-02-26,,,,,,,,,,,,,,,,,,,,,,,,,,,,,,,,,,,,,,0.027846384766811665,0.030033972351312513,,,,,,,,,0.029693756245787933,0.030033972351312513,,,,,0.030033972351312513,,,,0.030033972351312513,,,,,0.030033972351312513,,,,,,,0.030033972351312513,,,,,,,,0.019850984568956093,,,0.030033972351312513,,,,,,,,,,,,0.030033972351312513,,,,,,,,,,,,0.019453696992625644,,0.030033972351312513,,,,,,,,,,,,,,,,,,,0.030033972351312513,,,,,,,,,,,,,,,,,,,,,,,,,,0.030033972351312513,,,0.02630160064067457,0.030033972351312513,,,0.030033972351312513,0.023849081071435508,,0.021387163877910068,,,,,,,,,,,,,0.015026371439623064,0.02737610204957521,0.030033972351312513,,,0.030033972351312513,0.01263614112170626,,,,0.030033972351312513,,,,0.030033972351312513,0.030033972351312513,,0.030033972351312513,,,,,,,0.030033972351312513,0.030033972351312513,0.030033972351312513,,0.022869173179253154,0.030033972351312513,0.02853641285348387,0.017604848452881044,0.01678691865908807,,,,,,,,,,,,,,,,,,,,,,,,,,,,,,,,,,,,,,,,,,,,,,,,,,,,,,,,,,,,,,,,,,,,,,,,,,,,,,,,,,,,,,,,,,,,,,,,,,,,,,,,,,,,,,,,,,,,,,,,,,,,,,,,,,,,,,,,,,,,,,,,,,,,,,,,,,,,,,,,,,,,,,,,,,,,,,,,,,,,,,,,,,,,,,,,,,,,,
2010-05-31,,,,,,,,,,,,,,,,,,,,,,,,,,,,,,,,,,,,,,,,,,,,,,,0.01880397360132736,,,,,,,,,,,,,,0.018524908637555657,,,,0.01580144015276148,,0.019417184048315994,,,0.023125225616036832,,,,,,,0.023125225616036832,,,,,,,,,,,,,,,,,,,,,,,,,,,0.023125225616036832,,,,,,,,,,,,,,0.019067525519737456,,,,,,0.022031034706211917,,,,,,,,,0.019544870621424976,,0.023125225616036832,,,,,,,,,,0.023125225616036832,,,,,,,,,0.023125225616036832,,,,,,,,,,,,,,,,,,,,,,,,0.023125225616036832,,,,,,,,,,,,,,,,,,0.023125225616036832,,,,,,,,,,,,,,,,,0.023125225616036832,,0.019260075611185,0.023125225616036832,,,,,,,,0.023125225616036832,,,,,,,,,,0.021165061339625386,,,0.023125225616036832,,,,,,,,,,,,,,,,,,,,,0.023125225616036832,,,,,,,0.023125225616036832,,,,,,,0.023125225616036832,,,,,,,,,,,,,,,,,,,0.0176516290465559,,0.023125225616036832,,,,,0.02063417915510964,,,,,,,,,,,,,,,,,,,,,,,,,,,0.01722876636640324,,,,,0.023125225616036832,,,,,0.015944612415331655,,0.018502091054492877,,,,,,,,0.023125225616036832,,0.016886163336631833,,,,,,0.02157021141416034,,0.019775186777623428,0.015434623179160866,,,,0.023125225616036832,,,,0.02021654717763082,,,0.016559610415922615,,,,,,,,,,,,,,0.02149055930688869,,,0.019729116586860093,,,,,0.01961238043277228,,0.023125225616036832,,0.021039879056072033,,,,0.022849678837977637,0.015259841000032243,,0.023125225616036832,0.020369112265455,,,
2010-06-30,,,,,,,,,,,,,,,,,,,,,,,,,,,,,,,,,,,,,,,,,,,,,,,,,,,0.023445734769879403,,,0.023445734769879403,,,0.023445734769879403,,0.023445734769879403,,0.02175872729766562,,,,0.017326521533386565,,,,,0.022742135854852845,,,,,,,0.01934774653851746,,,,,0.023445734769879403,,,,,,,,,,,,,,,,,,,0.023445734769879403,,,0.023445734769879403,,0.023445734769879403,,,,,,,,,,,,0.01676441841519416,,,,,,0.019118485021942074,,,,0.020279048008714752,,,,,0.017135016465473867,,0.023445734769879403,,,,,,,,,,,,,,,,,,,,,,,,,,,,,,,,,,,,,,,,0.023445734769879403,,,0.02144523204742027,,,,,,,,,,,,,,,,,,0.023445734769879403,,,,,,,,,,,,,,,,,0.023445734769879403,,0.0227145011517894,,,,,,,,,0.021891620047913715,,,,,,,,,,,,,0.023445734769879403,,,,,,,,,0.023445734769879403,,,,,,,,,,,,0.023445734769879403,,,,,,,,,,,,,,0.02118162582589744,,,0.020875775003285225,,,,,,,,,,,,,,,,0.014897015936939555,,0.023445734769879403,,,,,0.02237066452924435,,,,,,,,,,,,,,,,,,,,,,,,,,,0.020567128501875916,,0.01969676491358529,,,,,,,,0.015498470795318504,,0.017180919200403915,,,,,,,,0.023445734769879403,,,,,,,,0.017255225254322614,,0.014965739792511834,0.01502733831127168,,,,,,,,0.018487581645646053,0.023445734769879403,,0.020119840312265127,,,,,,,,,,,,,,0.023445734769879403,,,,,,,,0.02080265029673776,,0.023445734769879403,,0.016029044019357768,,,,,0.01624848105623124,,,0.01935758682464701,,,
