,SJM US Equity,CMS US Equity,TGT US Equity,KDP US Equity,COO US Equity,NI US Equity,CCI US Equity,TT US Equity,IPG US Equity,GOOGL US Equity,EXPE US Equity,NDSN US Equity,BLK US Equity,BKNG US Equity,SLB US Equity,AES US Equity,RCL US Equity,LULU US Equity,BX US Equity,BEN US Equity,CI US Equity,EL US Equity,CBRE US Equity,AXP US Equity,IP US Equity,HAL US Equity,SWKS US Equity,JBL US Equity,DD US Equity,BAC US Equity,CMI US Equity,CAT US Equity,HST US Equity,ISRG US Equity,ROK US Equity,FCX US Equity,ALGN US Equity,DXCM US Equity,WDC US Equity,FITB US Equity,BLDR US Equity,F US Equity,MU US Equity,COF US Equity,AMD US Equity,INCY US Equity,TXT US Equity,STX US Equity,TKO US Equity,DTE US Equity,OKE US Equity,TSN US Equity,LYV US Equity,EMN US Equity,PRU US Equity,ULTA US Equity,SPG US Equity,MAS US Equity,WMB US Equity,HIG US Equity,SMCI US Equity,PODD US Equity,DAL US Equity,LVS US Equity,A US Equity,CTSH US Equity,PFG US Equity,FFIV US Equity,WYNN US Equity,HBAN US Equity,UAL US Equity,MGM US Equity,LNT US Equity,BA US Equity,LUV US Equity,ARE US Equity,AFL US Equity,REGN US Equity,DECK US Equity,STZ US Equity,RJF US Equity,EXR US Equity,EOG US Equity,CRM US Equity,RF US Equity,URI US Equity,NFLX US Equity,DLTR US Equity,COR US Equity,UHS US Equity,NTAP US Equity,AMP US Equity,ALB US Equity,WSM US Equity,UDR US Equity,EQR US Equity,AKAM US Equity,WEC US Equity,TDG US Equity,RMD US Equity,IFF US Equity,NEM US Equity,AIZ US Equity,FAST US Equity,EW US Equity,MTB US Equity,PNC US Equity,AIG US Equity,KEY US Equity,D US Equity,ERIE US Equity,FDS US Equity,BF/B US Equity,ETN US Equity,AVB US Equity,BKR US Equity,CMG US Equity,DE US Equity,MOH US Equity,MO US Equity,ACGL US Equity,BRK/B US Equity,INTU US Equity,HUM US Equity,COP US Equity,DIS US Equity,PGR US Equity,SWK US Equity,AOS US Equity,IT US Equity,MOS US Equity,TRMB US Equity,TMUS US Equity,TPL US Equity,DPZ US Equity,ES US Equity,AJG US Equity,GL US Equity,ODFL US Equity,EXPD US Equity,MNST US Equity,FTNT US Equity,CF US Equity,PPG US Equity,AME US Equity,MTD US Equity,DG US Equity,SO US Equity,C US Equity,BRO US Equity,CNC US Equity,PCAR US Equity,VLO US Equity,AWK US Equity,HRL US Equity,JKHY US Equity,FIS US Equity,ADM US Equity,WY US Equity,PM US Equity,CNP US Equity,BG US Equity,HUBB US Equity,LYB US Equity,MCO US Equity,AVGO US Equity,CSGP US Equity,UNH US Equity,SPGI US Equity,MSI US Equity,BIIB US Equity,NDAQ US Equity,GNRC US Equity,CPT US Equity,ZBRA US Equity,QCOM US Equity,WAB US Equity,CDNS US Equity,NVDA US Equity,COST US Equity,TYL US Equity,ACN US Equity,IRM US Equity,MA US Equity,PLD US Equity,KKR US Equity,CTRA US Equity,FE US Equity,AAPL US Equity,WTW US Equity,TTWO US Equity,NXPI US Equity,CHD US Equity,MMC US Equity,GWW US Equity,CPRT US Equity,CHTR US Equity,ROL US Equity,CBOE UF Equity,TDY US Equity,EQT US Equity,VRSK US Equity,IBM US Equity,SHW US Equity,LIN US Equity,V US Equity,TSCO US Equity,EA US Equity,PSA US Equity,WRB US Equity,ECL US Equity,CB US Equity,RL US Equity,AXON US Equity,FICO US Equity,ED US Equity,SBUX US Equity,BMY US Equity,CTAS US Equity,ROST US Equity,T US Equity,INTC US Equity,AMGN US Equity,EQIX US Equity,CVS US Equity,CMCSA US Equity,MSFT US Equity,POOL US Equity,CPAY US Equity,MPWR US Equity,TRGP US Equity,USB US Equity,SBAC US Equity,TFC US Equity,KMI US Equity,VZ US Equity,SRE US Equity,CINF US Equity,WFC US Equity,GILD US Equity,ORLY US Equity,TJX US Equity,ABT US Equity,EG US Equity,EFX US Equity,ROP US Equity,LEN US Equity,DUK US Equity,HD US Equity,VRSN US Equity,PHM US Equity,ALL US Equity,WMT US Equity,LII US Equity,HCA US Equity,DHI US Equity,NEE US Equity,HII US Equity,DVA US Equity,IVZ US Equity,MPC US Equity,VMC US Equity,MKC US Equity,RVTY US Equity,SNA US Equity,EBAY US Equity,VRTX US Equity,NRG US Equity,WST US Equity,MHK US Equity,LLY US Equity,HSY US Equity,STT US Equity,TRV US Equity,EPAM US Equity,APO US Equity,CAG US Equity,GEN US Equity,ATO US Equity,KMB US Equity,AEP US Equity,ADBE US Equity,KR US Equity,PKG US Equity,FSLR US Equity,TMO US Equity,KMX US Equity,CPB US Equity,PSX US Equity,TSLA US Equity,J US Equity,APTV US Equity,MS US Equity,AVY US Equity,EME US Equity,NOW US Equity,BBY US Equity,BSX US Equity,HPQ US Equity,SCHW US Equity,LDOS US Equity,META US Equity,FANG US Equity,IBKR US Equity,NOC US Equity,LMT US Equity,VTRS US Equity,MCK US Equity,GPN US Equity,GRMN US Equity,FI US Equity,IDXX US Equity,CAH US Equity,BALL US Equity,LHX US Equity,BR US Equity,PANW US Equity,TAP US Equity,ETR US Equity,AON US Equity,XYL US Equity,NSC US Equity,MAR US Equity,AMT US Equity,EIX US Equity,STLD US Equity,DLR US Equity,BK US Equity,GD US Equity,EXC US Equity,ELV US Equity,NTRS US Equity,UNP US Equity,WELL US Equity,APD US Equity,PNW US Equity,LOW US Equity,PCG US Equity,WM US Equity,LRCX US Equity,CHRW US Equity,ZTS US Equity,CME US Equity,MSCI US Equity,NCLH US Equity,PAYC US Equity,ESS US Equity,PEG US Equity,SYF US Equity,DRI US Equity,HOLX US Equity,AMZN US Equity,MAA US Equity,MLM US Equity,NKE US Equity,HAS US Equity,PPL US Equity,GE US Equity,MDLZ US Equity,MCD US Equity,STE US Equity,JNJ US Equity,RSG US Equity,KLAC US Equity,HSIC US Equity,SYK US Equity,GDDY US Equity,OXY US Equity,XOM US Equity,EVRG US Equity,NVR US Equity,GOOG US Equity,BAX US Equity,O US Equity,SYY US Equity,AMAT US Equity,PAYX US Equity,TPR US Equity,TXN US Equity,ITW US Equity,KHC US Equity,CVX US Equity,ADSK US Equity,VTR US Equity,PWR US Equity,HPE US Equity,APA US Equity,PYPL US Equity,JCI US Equity,DGX US Equity,MCHP US Equity,HLT US Equity,CFG US Equity,ANET US Equity,CSX US Equity,DVN US Equity,PTC US Equity,XYZ US Equity,PEP US Equity,PH US Equity,TER US Equity,TTD US Equity,ABBV US Equity,VST US Equity,LW US Equity,ON US Equity,CRL US Equity,IEX US Equity,XEL US Equity,TROW US Equity,IR US Equity,VICI US Equity,MRK US Equity,ADP US Equity,KEYS US Equity,DOC US Equity,WDAY US Equity,PG US Equity,AEE US Equity,AZO US Equity,CLX US Equity,DAY US Equity,IQV US Equity,TECH US Equity,DHR US Equity,ALLE US Equity,YUM US Equity,CDW US Equity,SNPS US Equity,KIM US Equity,HWM US Equity,INVH US Equity,MRNA US Equity,JBHT US Equity,FDX US Equity,CRWD US Equity,DDOG US Equity,UPS US Equity,UBER US Equity,GS US Equity,NWSA US Equity,NWS US Equity,CARR US Equity,GM US Equity,WAT US Equity,NUE US Equity,PLTR US Equity,REG US Equity,CCL US Equity,LKQ US Equity,PFE US Equity,DOV US Equity,DELL US Equity,RTX US Equity,GIS US Equity,GPC US Equity,CTVA US Equity,OMC US Equity,MET US Equity,CEG US Equity,ORCL US Equity,COIN US Equity,JPM US Equity,HOOD US Equity,APP US Equity,PNR US Equity,DASH US Equity,CL US Equity,BXP US Equity,MMM US Equity,K US Equity,FOX US Equity,FOXA US Equity,GLW US Equity,GEV US Equity,SOLV US Equity,EXE US Equity,WBD US Equity
2010-01-29,0.050054247222955414,0.03857635925454003,0.0385293998827409,0.035153634163543175,0.0345323969078508,0.032440178795587186,0.029653031881946065,0.026726503230179954,0.02672231336660896,0.026620642578192855,0.026343084489902625,0.026007809074919546,0.02535860005098555,0.025122086767570596,0.0245510842007282,0.02220310092236945,0.021454802350859947,0.02107242544225587,0.020545780742034385,0.02002912403440383,0.019919660836381487,0.019462750114629723,0.01914532600385314,0.01856945159292071,0.018269838555177883,0.018187371443348782,0.017592677818635293,0.017232597128552296,0.016659641787916204,0.016365690702504113,0.016230080790681677,0.01571494196968818,0.015666075850564242,0.015020401419455601,0.014837192114197865,0.014709423932314747,0.014684360620900588,0.014381720066328693,0.014359194883926694,0.014138553084580542,0.013844308946994639,0.01338922596104593,0.012375340872499517,0.011902978955505098,0.0117605895835858,0.011505690006869886,0.011457787210450895,0.010920522386314462,,,,,,,,,,,,,,,,,,,,,,,,,,,,,,,,,,,,,,,,,,,,,,,,,,,,,,,,,,,,,,,,,,,,,,,,,,,,,,,,,,,,,,,,,,,,,,,,,,,,,,,,,,,,,,,,,,,,,,,,,,,,,,,,,,,,,,,,,,,,,,,,,,,,,,,,,,,,,,,,,,,,,,,,,,,,,,,,,,,,,,,,,,,,,,,,,,,,,,,,,,,,,,,,,,,,,,,,,,,,,,,,,,,,,,,,,,,,,,,,,,,,,,,,,,,,,,,,,,,,,,,,,,,,,,,,,,,,,,,,,,,,,,,,,,,,,,,,,,,,,,,,,,,,,,,,,,,,,,,,,,,,,,,,,,,,,,,,,,,,,,,,,,,,,,,,,,,,,,,,,,,,,,,,,,,,,,,,,,,,,,,,,,,,,,,,,,,,,,,,,,,,,,,,,,,,,,,,,,,,,,,,,,,,,,
2010-03-31,0.032204345689213626,,,0.012307666012214441,,0.02493204209340533,,0.013013331776676818,0.01405688454062932,,,0.011251740505595905,,,,0.010950571584976948,,0.0071652493389505224,,,,0.01564817861679837,0.008106988843240702,0.016927175949534003,0.009140212110704078,0.011109429172192653,,0.006985747157655348,0.013313413588626628,,0.01168819884212013,,0.013933460423670208,0.022146793707883274,0.022588389448711815,,0.013628512864005493,0.006678872328725637,,0.012155793883641977,,0.007691793029915475,,0.012356095692898321,0.009101928550523195,0.006918770640484968,0.014146084070080002,0.009007660461403416,,0.028720178822496778,0.019703061997042918,0.01518921527006025,0.008350042685040034,0.019581445926615787,0.027519135481660077,,0.01610093703745086,,,0.01018149396861283,0.00804865393378341,0.009184110799058816,0.008742431112403864,0.005136289133706269,0.02063199047056004,0.020446244741888307,0.01422032554675941,0.012026171765975317,0.008792556244818226,0.008554435825363405,0.007532603765800279,0.0059235050380969,,,,,,,,,,,,,,,,,,,,,,,,,,,,,,,,,,,,,,,,,,,,,,,,,,,,,,,,,,,,,,,,,,,,,,,,,,,,,,,,,,,,,,,,,,,,,,,,,,,,,,,,,,,,,,,,,,,,,,,,,,,,,,,,,,,,,,,,,,,,,,,,,,,,,,,,,,,,,,,,,,,,,,,,,,,,,,,,,,,,,,,,,,,,,,,,,,,,,,,,,,,,,,,,,,,,,,,,,,,,,,,,,,,,,,,,,,,,,,,,,,,,,,,,,,,,,,,,,,,,,,,,,,,,,,,,,,,,,,,,,,,,,,,,,,,,,,,,,,,,,,,,,,,,,,,,,,,,,,,,,,,,,,,,,,,,,,,,,,,,,,,,,,,,,,,,,,,,,,,,,,,,,,,,,,,,,,,,,,,,,,,,,,,,,,,,,,,,,,,,,,,,,,
2010-04-30,0.034612058049003955,,,0.01983529156782719,,,,,,,,0.017692393118695256,,0.012614406651432767,,0.014349569641437715,,0.01053054778734094,,,,0.019115044161604696,0.012767132559719051,,0.012882296456330865,,,,0.01362307071835113,0.013458805803176328,0.013494623277152182,,0.011474404854228154,0.011410517469118987,,0.015158532419490889,,0.012207595664697693,,0.011567295017427806,,,0.009469684615419138,0.012191943290067224,0.010849756700631711,0.012500345017643102,0.008547798663326365,0.010743918291680546,0.023031681253896992,0.02759721054687798,0.023420930535409883,0.019599539979462923,0.011977903609643438,,0.012834918899724589,0.007666975032230264,,,0.01891341671664487,0.013741700727378988,0.006482449141074489,0.01354547206056216,0.010008970105398475,0.00774747086541142,0.019353074401328052,0.01717598619294413,,0.01225983518702365,,0.006753721568291222,0.007327311752599949,,0.027523974472238973,0.019818511367405933,0.01695938348466155,0.013373667830711238,0.012570960829506362,0.009759532481659776,0.008595055397766825,,,,,,,,,,,,,,,,,,,,,,,,,,,,,,,,,,,,,,,,,,,,,,,,,,,,,,,,,,,,,,,,,,,,,,,,,,,,,,,,,,,,,,,,,,,,,,,,,,,,,,,,,,,,,,,,,,,,,,,,,,,,,,,,,,,,,,,,,,,,,,,,,,,,,,,,,,,,,,,,,,,,,,,,,,,,,,,,,,,,,,,,,,,,,,,,,,,,,,,,,,,,,,,,,,,,,,,,,,,,,,,,,,,,,,,,,,,,,,,,,,,,,,,,,,,,,,,,,,,,,,,,,,,,,,,,,,,,,,,,,,,,,,,,,,,,,,,,,,,,,,,,,,,,,,,,,,,,,,,,,,,,,,,,,,,,,,,,,,,,,,,,,,,,,,,,,,,,,,,,,,,,,,,,,,,,,,,,,,,,,,,,,,,,,,,,,,,,,,,
2010-05-31,0.02523790175454664,,,0.015402268672745143,,0.017335553522779,,,,,,,,,,,,0.006661580290602481,,0.01118387000976489,,0.012316927858056803,0.007371540297632404,0.010213678828896398,0.00997487262110705,,,0.00847644025615925,0.008407855631438916,,0.008532180965305275,0.010952870901339631,,0.011076464078660295,0.010349047962722506,,,0.008632723924221798,,0.00808692346564369,,,,0.010777284957765768,0.008323799192440766,0.006898011734496326,0.006960512616549842,0.011589335559370596,,0.02133827574728451,0.012505018756380685,,0.008825396819157954,0.011675351140723335,,0.009184816777336884,,,,0.00961749906700669,0.008612612294305558,0.009381558190055253,0.008561651916456896,0.006737880267753575,0.010454157868640278,,,0.009007711231863327,0.008076962604215981,,0.007228985830621208,,0.01608445807496055,,,0.010632667944425085,,0.008208747386512548,0.009239464255829605,0.012696696751973855,0.012056924920342294,0.010675744260738147,0.010129519276466162,0.009416329778298187,0.00889199807549355,0.0077056991716568084,0.007521101331107202,,,,,,,,,,,,,,,,,,,,,,,,,,,,,,,,,,,,,,,,,,,,,,,,,,,,,,,,,,,,,,,,,,,,,,,,,,,,,,,,,,,,,,,,,,,,,,,,,,,,,,,,,,,,,,,,,,,,,,,,,,,,,,,,,,,,,,,,,,,,,,,,,,,,,,,,,,,,,,,,,,,,,,,,,,,,,,,,,,,,,,,,,,,,,,,,,,,,,,,,,,,,,,,,,,,,,,,,,,,,,,,,,,,,,,,,,,,,,,,,,,,,,,,,,,,,,,,,,,,,,,,,,,,,,,,,,,,,,,,,,,,,,,,,,,,,,,,,,,,,,,,,,,,,,,,,,,,,,,,,,,,,,,,,,,,,,,,,,,,,,,,,,,,,,,,,,,,,,,,,,,,,,,,,,,,,,,,,,,,,,,,,,,,,,,,
2013-06-28,0.016500462262979125,,,,,,,,,,,,,,,,,,0.01030411135845958,,,,0.012878782343611965,,0.013871871028587364,,,,,,,,,,,,,,0.014564219147618558,,,,0.010743250145707747,,,,,0.01253550627381249,,,,,,,,,,0.008811060733421586,,0.010693953478897674,,,,,,,,,,,,,,,,,,0.006720734931426071,,0.019429414217253325,,0.01302406837859989,,,,0.008455261434449019,0.009390016582249066,,,0.018361596836615663,,,,,,,,,,,,,,,,,,,,,,,,0.015779620103348827,,,,,0.013128132215894636,,,,,,,,,,0.014164483267465508,,,,0.012068318071134508,,0.015827944204296816,,,,,,,,,,,,,,0.012206245372395726,,,,,0.02222433750811225,0.017829834980127218,,,,0.012456838481466108,,,,,0.013942521385910277,0.011861094414540682,,,,,,,,0.014803625017673138,,,,,,,,0.022795510286688477,,,,,,,,,,,,,,,,,,,,,,,,,,,,,,,,,0.017766389555559346,,,,,,,,,,,,,,,0.014710659624383924,,,,,,,,,,,0.011607116963893037,,,,,,,,,,,0.007590249111893313,,,,0.016739896973529112,,,,,,0.011754446866507055,,,,,,,0.012543837679746608,,,,,,,,0.009577348243019005,,0.02132260725122696,0.018483989233541023,,,,0.011706298831042862,0.02447277653628164,0.00569470904432073,0.015517977052199518,0.011334680461792056,,0.012075145875365283,0.008426074133175025,0.017073734417163772,0.013872502475024185,0.010027052497469083,,,,,,,,,,,,,,,,,,,,,,,,,,,,,,,,,,,,,,,,,,,,,,,,,,,,,,,,,,,,,,,,,,,,,,,,,,,,,,,,,,,,,,,,,,,,,,,,,,,,,,,,,,,,,,,,,,,,,,,,,,,,,,,,,,,,,,,,,,,,,,,,,,,,,,,,,,,,,,,,,,,,,,,,,,,,,,,,,,,,,,,,,
2016-07-29,0.021709175071619097,,,,,0.01792461254875396,,,,,,,,,,,,,,,,,,,,,,,,,,,,,,,0.009836917958065827,,,,,,,,0.0031287720248920235,,,,,,0.01117097459551012,0.015513314935802689,,,,0.018981141584094516,,,,,,,,,,,,,,,,,,,,,,,,,,,,,,,,,,,,,0.010916340512107223,,,,,,,,,0.006476540320415942,,,0.00880743629198476,,,,,,0.02754919928057058,,,,,,,,,,,,,,,,,,,,,,,0.01468551358179554,,,,,,,,,,,,,,,,,,,,0.01563911458561958,,0.028558462717724456,,,,,,,,,,0.010810079864946887,,,,,,0.016659248457567173,,,,,,,0.010149438694130607,,,,,,,,,,,,,,,0.029182492606363228,,0.017295482707605375,,,,,,,,,,,,,,,,0.02694589426156195,,,,,,,,,0.017894666069236606,,,0.015073566574708172,,,,0.01980055309356932,,0.012989074486876705,,,,,,0.01690321380435252,,0.023865952355404486,,,,,,,,,,,,,,,,,,,,0.022229270793449524,,,,0.015390271719429438,,,,,,,0.01686493223739831,,,,,,,,,,,,,,,,,,,,,,,,,,,,,0.013104831579944316,,,,,0.010312023299162882,,0.02546901348064101,,,,0.010562698257673635,,0.028193716383806595,0.020725602510281497,,,,,,0.0061606727455933916,,,0.019409801129550666,,,,,,0.008699653202099703,,,,,,,,,,,,0.024238000593143374,,,,,,,0.009002581375982598,,,,,,0.01746798283652573,,,,,,,,0.011069204317305207,,0.032511051116973215,,0.015310452341472425,,,,,,0.04077899921717743,,,,0.012651375013384192,0.022926770680342042,0.013907811206301784,0.02102236219625578,0.013112609369379776,0.007557458657196455,,,,,,,,,,,,,,,,,,,,,,,,,,,,,,,,,,,,,,,,,,,,,,,,,,,,,,,,,,,,,,,,,,,,,,,,,,,,,,,,,,,,,,,,,,,,,,,,,,,
2016-08-31,0.007791755381560151,,,,,0.015475088116410313,,,,,,,,,,,,,,,,,,,,,,,,,,,,,,,0.016964004579422768,,,,,,,,0.005838908419931626,,,,,,0.010596202575969061,0.025405305174265657,,,,0.008790189925900494,,0.023646479721399993,,,,,,,,,,,,,,,,,,,,,,,,,,,,,,0.007000634505442176,,,,,0.01183929033474262,,,,,,,,,0.007219896504687131,,,0.014860774721816239,,,,,,,,,,,,,,,,,,,,,,,,0.024219411722977313,,,,,0.01350285600237076,,,,,,,,,,,,0.020973480935138074,,,,,,,,0.01579681525898329,,0.018133174045169773,,,,,,,,,,,,,0.03196169347828678,,,0.0292785261870203,,,,,,,0.009911342074668058,,,,0.010728497202418287,,,,,,,,0.01060534481213779,,,0.03973464492661051,,0.018864452506036397,,,,,,,,,,,,,,,,,,,0.0214866715800101,,,,,,,,,,,,,0.029786177971105755,,0.020334201895038904,,,,,,,,0.026746794463915587,,,,,,,,,,,,,,,,,,,,0.016594318136531217,,,,,,,,,,,0.02260794122148429,,,,,,,,,,,,,,,,,,,,,,,,,,,,,0.01777680044753147,,,,0.02571196213844239,0.010166999633576803,,,,,,0.01815419833342216,0.01077173187577596,0.02186594431024008,0.019110131327658462,,,,,,0.02728655410271279,,,0.01681836920022155,,,,,0.011326495101173537,0.014494208746218304,,,,,,,,,,,,,,,,,0.026952009072915797,,,,,,,,0.030629572844109675,,,,,,,,,,,,0.006103183753455725,,,,,,0.03176779657672435,,,,0.01712430228925337,,0.008606977331817728,0.03136172416834105,0.012029796427450196,0.03321892878559309,0.030731604329928424,,,,,,,,,,,,,,,,,,,,,,,,,,,,,,,,,,,,,,,,,,,,,,,,,,,,,,,,,,,,,,,,,,,,,,,,,,,,,,,,,,,,,,,,,,,,,,,,,,
2023-05-31,0.024022887305270753,,,,,,,,,,,,,,,0.009632642193577278,,,,,,,,,,,,,,,,,,0.016873183178894746,,,,0.011155147835911598,,,0.005303593650166763,,,,,,,,0.008403743807716505,,,,,,,,0.011511421750739898,,,,0.0022795686767968565,0.008455228382139612,,0.009345140446539071,,,,,0.0076576168860854514,,,,,0.01428540507405628,,,0.018224532191592646,,0.008323164209373166,,,,,,,,0.006747407548094079,,,,,,,,,,,,,,,,,,,,,,,,0.012075012494085035,,,,,,,,,,0.01002016938613465,,,,,,,,,,,,,,,,0.01694142185858164,,,,,,,,,,,,,,,,,,,,,,,,,,0.011494922420325201,,,,0.016325154264821624,,,0.014415057990376075,0.02231909598801647,,,,,,,0.006188813310856412,0.0031364349784534324,,,,0.017611929095814095,,,,,,,,,,,,0.016075074674306532,,,,0.020005101709480992,,,,,,0.016488609782926447,,,,,,,,,0.004658187835567949,0.011962675337589572,,0.008027849432034181,,,,,,,,,,,,,,0.011742169772611288,,,,,,,,,,,,,0.010937253183711058,,,,,,,,,,,0.01632582983540465,0.016195784098264915,,,,,0.008249300853445156,,,,,,,,,,,0.030423897599381952,,,,,,,,,,,,,0.0029365906313209636,,,,,,,,,,0.012927801443245308,,,,,,,,,0.008548950963644992,,,,,,,0.016698472251440517,,0.01539885455827356,,,,,,,,,,,,0.013897313970461109,0.010105301861147439,,,,,,,,,0.012215685285612406,,,0.020714090393425012,,,,,,,,,,,,,,,,,,,,0.013233054293211928,,,,,,,,,,,0.012709708976546847,,,,,,,,,,,,,,,,,,,,,,,,,0.005118676750439098,,,,,,,,,,,0.01985534370944432,,,,,,,0.015906711831184802,,,,,,,,,,,,,,,,,,,,,,,,,,,0.010430474855235749,,,,,,,,,,,,,,,,0.023743417614251215,,,0.011003920964808948,,0.017585151923977305,,,,,,,,,,,,,,,,,,
2010-09-30,,0.02548297988281069,,,0.011597383408993281,0.019812147387846705,,,,,,,,0.014093473691739267,,,,,,,,0.019335895948330885,,0.013104503712112931,,,,,,,0.014660553816382281,0.018204494035792083,,,,,,0.01307010269578161,,,,0.0153588444692732,,,,0.01184254035301681,,,,0.030762253977719207,0.02365562123078049,0.010020474178796885,,,,,,,,,,,,0.010776731768785361,,,,0.013381751651665975,,,0.01122955119367193,,,,,,,,0.010030912244371774,,,0.01278111810124905,,0.01393686139511408,,,0.009414440871666846,0.020155208959828124,,,0.01191574904746927,0.01676666177016912,,,,0.01502014056345509,0.013543494056340767,,0.017942385756975016,0.017884221132321892,0.023640786022077292,0.015808524922264672,,,0.006402543910114275,0.009635273530629861,,,,,0.03780574821541895,,,,0.013933260138064748,,0.015691036709557543,0.015286518160347462,,0.03403531123650319,0.03090152186779718,0.026944810750093275,0.02572536319691998,0.02124221800727015,0.020801124218137627,0.020378543555948658,0.0176509320581431,0.016132822187289876,0.016065913081787155,0.014621576661314178,0.011532244216729881,,,,,,,,,,,,,,,,,,,,,,,,,,,,,,,,,,,,,,,,,,,,,,,,,,,,,,,,,,,,,,,,,,,,,,,,,,,,,,,,,,,,,,,,,,,,,,,,,,,,,,,,,,,,,,,,,,,,,,,,,,,,,,,,,,,,,,,,,,,,,,,,,,,,,,,,,,,,,,,,,,,,,,,,,,,,,,,,,,,,,,,,,,,,,,,,,,,,,,,,,,,,,,,,,,,,,,,,,,,,,,,,,,,,,,,,,,,,,,,,,,,,,,,,,,,,,,,,,,,,,,,,,,,,,,,,,,,,,,,,,,,,,,,,,,,,,,,,,,,,,,,,,,,,,,,,,,,,,,,,,,,,,,,,,,,,,,,,,,,,,,,,,,,
2010-10-29,,0.029618485544931263,,0.01795228667764986,0.023119212813118472,0.04220883982635997,,,,,,,,0.011232199043383335,,,,,,,,0.009698621162919387,0.012243157024337644,,,,0.010906580547956197,,,,0.01423289746469932,,,,,,,0.01963299658397496,,0.01211210555835202,,,,,,0.01503676137158372,,,,,0.021631388053821723,,,0.015369021754219545,,0.01188671160170949,,,,,,,0.008299273443394784,0.009074447507865048,,,,0.005056345110332472,,0.017770619861485093,0.010077047310209947,,0.04220883982635997,,0.017587195783433682,,,0.012078373205355044,,,,0.01681207771994235,,0.008757867543057211,0.01058616152442376,0.008269992844139323,0.00728229117019374,0.027691087152897413,,,0.01355406224797079,0.014781287812893912,0.02113216996913477,,,0.023446530696366513,0.009444426741820656,,0.02594119257762536,,,0.015678302437069074,0.021751373668049384,0.016919569475289897,0.026863288361191742,,,,0.01291936260838492,,0.04220883982635997,,,,,,0.007528344074836943,,0.01607783275766886,0.04220883982635997,,,,,,,,,,,,0.018324946609528152,0.013158573541267928,0.013123417933550569,0.012217159643281487,,,,,,,,,,,,,,,,,,,,,,,,,,,,,,,,,,,,,,,,,,,,,,,,,,,,,,,,,,,,,,,,,,,,,,,,,,,,,,,,,,,,,,,,,,,,,,,,,,,,,,,,,,,,,,,,,,,,,,,,,,,,,,,,,,,,,,,,,,,,,,,,,,,,,,,,,,,,,,,,,,,,,,,,,,,,,,,,,,,,,,,,,,,,,,,,,,,,,,,,,,,,,,,,,,,,,,,,,,,,,,,,,,,,,,,,,,,,,,,,,,,,,,,,,,,,,,,,,,,,,,,,,,,,,,,,,,,,,,,,,,,,,,,,,,,,,,,,,,,,,,,,,,,,,,,,,,,,,,,,,,,,,,,,,,,,,,,,,,,,,,,
2011-01-31,,0.04015047287711182,,,0.028750127724728743,,,,,,,0.0182377448735763,,0.012972534359135628,,,,0.009041436029969624,,,,0.025268775860789804,0.016766574681141552,,,,0.009884876165961613,,,,0.01594009852689497,0.02427235285497597,0.01730966023320601,,,0.014109877148577912,,0.010249632294040679,,,,,,,,0.013881779889627419,,,,,,,,,,,,,,,,,,0.012132049703444255,,,0.016944821294499438,0.005469069688518116,,0.014061323526873797,0.009968618043176858,,,,,,,,0.012840323592217786,0.01391908101970442,,,,0.01058982060342071,,0.011651193105630304,0.0073782155173153854,0.01660639580244651,,0.015531711051513871,0.015117062057362945,0.018925721703942806,0.013558937386068306,,,0.022511676877962458,0.014904722841331989,,,,,,,,0.020605163844276034,,,0.009313439472418252,,,0.027107216841567937,0.027504370602958066,0.04490215549288798,,,,0.011771570316512884,0.023137025357851206,,,,,,,0.025409675970714907,,,,,,,,0.009528959129517081,0.02508845697037586,,0.03953579285038845,,,0.021814025423911223,,,0.006117497100746932,,0.027590681431255183,,0.020124983761721796,,0.04490215549288798,0.01342048386412457,,,,,,,,,,,,,,,,,,,,,,,,,,,,,,,,,,,,,,,,,,,,,,,,,,,,,,,,,,,,,,,,,,,,,,,,,,,,,,,,,,,,,,,,,,,,,,,,,,,,,,,,,,,,,,,,,,,,,,,,,,,,,,,,,,,,,,,,,,,,,,,,,,,,,,,,,,,,,,,,,,,,,,,,,,,,,,,,,,,,,,,,,,,,,,,,,,,,,,,,,,,,,,,,,,,,,,,,,,,,,,,,,,,,,,,,,,,,,,,,,,,,,,,,,,,,,,,,,,,,,,,,,,,,,,,,,,,,,,,,,,,,,,,,,,,,,,,,,,,,,,,,,,,,,,,,,,,,,,,,,,,,,,,,,
2011-02-28,,0.041101228229949875,,,0.023913523779608925,0.036542844691655904,,,,,,,,,,,,0.011874512210109732,,,,0.00939475445899947,0.016968144880536325,,,,0.013001617671313852,,,,0.0169526743545915,0.022255031254097335,0.017270159080120744,,,0.01230401466157192,,0.022169176988002984,,,,,,,,,,,,,,,,0.01773574796044899,,0.013427727839426307,,,,,,,,0.011345193806353742,,,0.015300207791498719,0.012193428619439142,0.014318111469763794,0.01755180522699975,,,,,,,,,,,,0.023847337811539176,,0.013729582122406409,,0.0103295591226479,0.01072963738097515,0.014266541461437382,,,0.013786415825439534,0.014670667609469326,0.02384731719028898,,,,0.00851606611292906,,,,,,,,0.02475615840171067,,,0.013876632728153286,,,0.035107954372155845,0.02328465913748427,0.04523966675790526,0.019250244206848222,,,0.013798120271210029,0.018964121448342478,0.014607531970253808,,,,,,0.023837927021520874,,,,,,,,0.014673534093508534,,,0.03903847283080782,,,0.015958642808024094,,0.013511926006982986,0.013781517060332446,,,,0.02087683558875159,,,,0.032131411562787086,0.015194998812144846,0.013685277549813864,0.010905804656011642,,,,,,,,,,,,,,,,,,,,,,,,,,,,,,,,,,,,,,,,,,,,,,,,,,,,,,,,,,,,,,,,,,,,,,,,,,,,,,,,,,,,,,,,,,,,,,,,,,,,,,,,,,,,,,,,,,,,,,,,,,,,,,,,,,,,,,,,,,,,,,,,,,,,,,,,,,,,,,,,,,,,,,,,,,,,,,,,,,,,,,,,,,,,,,,,,,,,,,,,,,,,,,,,,,,,,,,,,,,,,,,,,,,,,,,,,,,,,,,,,,,,,,,,,,,,,,,,,,,,,,,,,,,,,,,,,,,,,,,,,,,,,,,,,,,,,,,,,,,,,,,,,,,,,,,,,,,,,,,,,,,,,
2011-03-31,,0.01995483974483275,,,0.008661051534232663,,,,,,,0.01369456465992592,,,,,,0.008938554323803753,,,,0.015759668427219726,0.008521361902972199,,,,0.010748800884139775,,,,0.016316166534774385,0.01424083624425829,,,0.014459706668455035,,,0.008869865882190098,,,,,,,,,,,,,,,,0.016640953808078587,,0.009987670091445059,,,,,,,,0.007397509611598278,,,,0.00796301142091928,,,,,,,,,,0.013853129508913807,0.013970908004876754,,0.013329932463802544,0.01776212233065152,,0.010197197265133219,,0.013282188345264173,0.007952060074765298,,,,,0.01621519305708243,,,,,,,0.017088493487703416,,,,,,0.015021360992841692,,,,,,0.024693521449700464,0.017237972031982806,,,,,0.014802550838127346,0.015928401031780982,0.012366375924544577,,,,,,0.01281193172856279,,,,,0.020067251676994385,0.01181431610779695,0.01356766527782453,0.01419504859352639,0.015614224125127528,,0.021353283501210064,,,,,0.018299241442908655,0.01010617623435304,0.009195078088804879,,,0.015429274727041526,,,,0.02101284071172591,,,,0.023881151726753685,0.02199939098480455,0.018508093816415567,0.01763122138718311,0.016298074065639632,0.011428704615768356,,,,,,,,,,,,,,,,,,,,,,,,,,,,,,,,,,,,,,,,,,,,,,,,,,,,,,,,,,,,,,,,,,,,,,,,,,,,,,,,,,,,,,,,,,,,,,,,,,,,,,,,,,,,,,,,,,,,,,,,,,,,,,,,,,,,,,,,,,,,,,,,,,,,,,,,,,,,,,,,,,,,,,,,,,,,,,,,,,,,,,,,,,,,,,,,,,,,,,,,,,,,,,,,,,,,,,,,,,,,,,,,,,,,,,,,,,,,,,,,,,,,,,,,,,,,,,,,,,,,,,,,,,,,,,,,,,,,,,,,,,,,,,,,,,,,,,,,,,,,,,,,,,,,,,,,,,,,,,,
2012-05-31,,0.02542603512795301,,,,0.02809740133365177,,,,,,,,,,,,0.009426341318640926,,,,,,,,,,,,,,,,0.015194488734190083,,,0.012617533930242881,,,,0.005142742363103955,,,,,0.007895629843707851,,0.007743036267474565,,,,,,,,0.010439484559627964,,,0.012320143034569995,,,,,,,,,,,,,,,,,,,0.009696040822395042,,,,0.017949884187862544,,,,0.005215589687459553,,0.0119255600741427,,,,,,,,,,,0.01442339842768543,,,,,0.011451083840455574,,,,,,,,,,,,,,,,,,,,,,,,,,,,,,,,,0.023471278521021707,,,,0.008263534345734187,,0.007407620898480822,0.013735163467866537,,,0.015957451377625036,,,,,,,,,,,,,0.026816712007703008,,,,,,,,,,,0.020231496074394808,,0.0034032320942994024,,,,,,,,0.0225359541118081,,,0.015049707697699005,,,,,0.011598852874811738,,,,,,0.014908912972105306,,,,,0.018830609727271005,,0.027418356574923263,,0.013821373656694648,,0.012606073230296742,,,,,,,,,0.018632273593641585,,0.011869397812797534,,,,,0.019763529150806793,,0.007820605400892206,,0.019396960682364208,,,,,0.013252500090502333,0.02111552454528734,0.01950564837330836,0.02068045897946977,,0.03304517351776378,0.03268797388312194,0.02136362688229422,0.0172349386498204,0.016469591485117188,0.01078748595518482,0.009758333879577637,,,,,,,,,,,,,,,,,,,,,,,,,,,,,,,,,,,,,,,,,,,,,,,,,,,,,,,,,,,,,,,,,,,,,,,,,,,,,,,,,,,,,,,,,,,,,,,,,,,,,,,,,,,,,,,,,,,,,,,,,,,,,,,,,,,,,,,,,,,,,,,,,,,,,,,,,,,,,,,,,,,,,,,,,,,,,,,,,,,,,,,,,,,,,,,,,,,,,,,,,,,,,,,,,,,,,,,,,,,,,,,,,,,,,,,,,,,,
2012-08-31,,0.033151207836940054,,,,,,,,,0.011811420883135079,,,,,,,,,,,,,,,,,,,,,,,,,,0.013305842822640444,,,0.023187230736451868,0.006014706889673425,,,,,,0.01859422892043105,0.00986587746546187,,,,,,,,,,0.012879143598525442,0.026095255886078625,,,,,,,,,,,,,,,,,,,0.01613143536577885,,0.017430183707780607,,0.03733289754735653,,,0.021770041635357885,0.009753077074653265,,,,,,,,,,,0.014968344613072008,0.03672745486297995,,,,,,,,,,,,,,,,,,,,,,,,,,,,,,,,,,,,,,,,,,,0.004844910043099038,,,0.01724282143865764,,,0.015478437018504253,,,,,,,,,,,,,,,,,0.016020525052876,,,0.01881553232784606,,,,0.0265994571578862,,0.015069520431086237,,,,,,,,0.027321505983588432,,,,,,,,0.019035547476432293,,,,,,,,0.015283639597062734,,,,,,,0.018106464730807834,,0.026250089006640605,,,,,,,,,0.014761274910929231,,,,,0.029248017670752427,,,0.027444664566402543,0.02405690060016743,,0.044702969958471755,,,,0.013124425389116096,0.02482476461783211,0.038995653754325364,,0.02927468796683224,,,0.03590969312301837,0.03236850208763817,,0.02115057481882835,,,,,0.026475827032160507,,0.011792408541702014,,,,0.008757507884789916,0.02371776901306755,0.022981430161627348,0.019115715873504188,0.011160979658508617,0.011049432259521569,,,,,,,,,,,,,,,,,,,,,,,,,,,,,,,,,,,,,,,,,,,,,,,,,,,,,,,,,,,,,,,,,,,,,,,,,,,,,,,,,,,,,,,,,,,,,,,,,,,,,,,,,,,,,,,,,,,,,,,,,,,,,,,,,,,,,,,,,,,,,,,,,,,,,,,,,,,,,,,,,,,,,,,,,,,,,,,,,,,,,,,,,,,,,,,,,,,,,,,,,,,,,,,,,,,,,,,,,,,,,,
2015-03-31,,0.013600530702072733,,,,0.013339792292405927,,,,,,,,,,,,,,,,,,,,,0.009432692626745409,,,,,,,,,,,,,,,,,,,0.00954459631158707,,,,,,,,,,,,,0.016860476835449976,,0.009792860660482414,,,,,,,,,,0.011932070788818744,,,,0.014944762209601723,0.015564735493046471,,,,,,0.016164822468796667,,,,,,0.022082334075544177,,,,,,,,,,,,,,,,,0.009571822881219305,,,,,,,0.018490782762180375,,,,,,,0.01848954120214869,0.01980997089578859,,,,,,,,,0.02116296845677658,,,,,,,,,,,,0.018812423216720293,,,,,,,,,,0.016619221211699422,,,,,,,,,,,,,,,0.010658043966688319,,,0.01745019781707856,,,0.01848525471971724,,,,,,,,,,,0.01721228572139138,,,,,,0.016437732022098698,,,,,,,,0.011367457546252128,,,,,,,0.023435782323634958,,,,0.012598129158965169,,,,,,,,,,,0.014810646315624499,0.02849553298297627,,,,,,,,,,,,,,,0.02324397387629825,,,,,,,,,,,,,,0.01765433195383141,,,,,,,,,0.01598884363870945,,,0.012472509979941263,,,,,,0.009112047880386406,,,,,,,,0.015791814791084078,,,,,,,,0.013607104714862114,,,,,,,,,,,,,,,,,,,,,0.01674828351348504,,,,,,,0.021339987277081248,,,0.019995099662681592,,0.018731539846561302,0.013980811203233745,,,,,,0.016823682727854058,,,,,,,,,,,,0.023962924684159535,,0.018410716459749225,0.015375851968482726,,,0.021054945921079333,0.02352688329799857,0.017867945614010318,0.01755116596542759,0.012789221016523208,,,,,,,,,,,,,,,,,,,,,,,,,,,,,,,,,,,,,,,,,,,,,,,,,,,,,,,,,,,,,,,,,,,,,,,,,,,,,,,,,,,,,,,,,,,,,,,,,,,,,,,,,,,,,,,,,,,,,,,,,,,,,,,,,,,,,
2015-05-29,,0.022902377952808084,0.01836077838436637,,,0.01750805448399041,,,,,,,,,,,,,0.024608833114602196,,,,0.01687823768541028,,,,0.008685352206414665,,,,,,,,,,,0.01394886528887711,,,0.013291592661466511,,,,,0.014484025213060407,,,,,,,,,,0.017541258321564175,,,0.011664921574635776,,,,,,,,,,,,,,,,0.007270442069602848,,,,,,,,,,,,0.015326215406665396,0.014476013602483028,0.03378609130301909,,,,,,,,,,,,,,,,0.016272984377802373,,,,,,,0.03127567119060743,,,,,,,,,,,,,,,,,,,,,,,0.025696052432006282,,,,,,0.0075264126869598385,0.01853705860337153,,,,,,,,,0.015380793648007937,,,,,,,,,,,,,,,0.008275159515751479,,,,,,0.02317856191997744,,,,,,,,,0.016884337026180935,,0.021870546292882688,,,,,,,,,,,,,,,,,,,,,0.021917321928395347,,,,0.01606687777086514,,,,,,0.00791405449233439,,,,,,,,,,,,,,,,,,,,,0.03297234800225614,,,,,,0.024604170082141986,,,,0.023630541941361796,,,,,,,,,,,,,0.009562818622997939,,,0.012997449046975444,0.014842465162973058,,,,,0.011667704214435045,,,,,,,,0.012015966975814689,,,,,,,,0.01897018439086953,,,,0.01877891954910266,,,,,,,,,,,,,,,,,0.024904620144902086,,,,,0.030296983926346523,,0.0260039465177797,,,,,0.013885213156865455,0.013522897607814607,,,,,,,,,,,,,,,,,,0.021636502621177226,,0.013692757122528602,0.02188921417848222,,,,,,0.025173961424648787,,0.005623726832313754,0.015095699959930603,,,,,,,,,,,,,,,,,,,,,,,,,,,,,,,,,,,,,,,,,,,,,,,,,,,,,,,,,,,,,,,,,,,,,,,,,,,,,,,,,,,,,,,,,,,,,,,,,,,,,,,,,,,,,,,,,,,,,,,,,,,,,,,,,,,
2015-06-30,,0.021589313549442993,0.026292986020565786,,,0.019025202658638708,,,,,,,,,,,,0.007790910690053863,0.02249335344303243,,,,,,,,0.012275131849891058,,,,,,,,,,,0.017738077368032693,,,0.010266840821899674,,,,,0.013134036160033223,,,,,,,,,,0.023960136013245623,,,,,,,,,,,,,,,,,,,0.01648186324250581,,,0.01312038308166388,,,,0.022119052016779363,,,,,0.014603732920157573,0.020903172505843913,,,,,,,,,,,,,,,,,,,,,,,,0.023922625214135563,,,,,,,0.0197509009594796,,,,,0.009793643735190614,,,,,0.022561821468890606,,,,,,0.022475741095650204,,,,,,0.01518610177012707,0.013410536077124984,0.019499550631681233,,,,,,,,0.01598931721549238,,0.01744153533461568,,,,,,,,,,,,,0.015644965676865515,0.01818649450329913,,,,,0.02296818837524099,,,,,,,,,,,,,,,,,,,,0.017438693699985002,,,,,,,,,,,,0.026207823928753766,,,,0.019122422520874743,,,,,,0.009471281232602474,,,,,0.028994121523377873,,,,,0.02044209103458745,,,,,,,,,,,0.025179846116696186,,,,,,,,,,0.026409480269875156,,,,,,,,,,,,,,,,0.017494940777370762,0.023516350001681913,,,,,,,,,,,,,0.017275261942381038,,,,,,,,0.03500662698006593,,,,,,,,,,,,,,,,,,,,,0.017841169477170647,,,,,0.023850889780397858,,,,,,,,0.01879489627309125,,,,,,,,,,,,,,,,,,,,0.0319125618492996,0.025427065970702895,,,,,0.02140369562621225,0.025333801435381612,0.02701902357461917,0.011386761555499773,,,,,,,,,,,,,,,,,,,,,,,,,,,,,,,,,,,,,,,,,,,,,,,,,,,,,,,,,,,,,,,,,,,,,,,,,,,,,,,,,,,,,,,,,,,,,,,,,,,,,,,,,,,,,,,,,,,,,,,,,,,,,,,,,,,,
2015-10-30,,0.021430196028994597,0.010567050930651143,,,0.018991854520933903,,,,,0.008018986969520456,,,,,,,,,,0.00956229558166379,,,,,,0.00669285622358233,,,,,,,,,,,0.003699429733381349,,,0.006307896506843676,,,,,0.005218861572612115,,,,,,,,,,,,0.013480026474950578,,,,,,,,,,,,,,,,,,,,,,0.018311132911009505,,0.014855175456193673,,,,,0.005892612052861938,,,,,,,,,,,,,,,,,,,,,,,,,0.020005847355130665,,,,,,,0.006487374329262064,,0.017677840428712427,,,0.00840581035556089,,,0.01975679215613986,,,,,,,,,,,,,,0.009603989419501864,0.004114711798264855,,,,,,,,,,,0.009115104940281709,,,,,,,,,,,,,0.006423264626095772,,,,,,0.010141975620812583,,,,,,,,,0.010853655574104054,,,,,,,,,,,,,,,,,0.01612095192126238,,,,,,,,,,0.009412015791356467,0.020439361901960114,,,,,,0.010538142284215707,,0.016173398786558903,,,,,,,0.015876739696267614,,,,,,,,,,,,,,,,,0.013060649364493578,,,,0.015436078939287796,,,,,,,,,0.010715717353833646,,,,,,,0.0085521469198244,0.008770288742543042,,,,,,,,,,,,,0.009167492420365244,,,,0.017177385037898577,,,,0.012802801034227146,,,,,,0.012184659677897901,,,,,0.01572719315946101,,,,,,,,,,0.007260753837671881,,,,,0.006222347011477258,,0.021016370283390182,,,,,0.020475336108655352,0.00721694075755304,,,,,,,,,,,,,,,,,,,,,,,,,,,0.013760354953449946,0.008410185634411009,0.006408524105700857,,,,,0.01065371259074629,0.01037238792798777,,0.008314952054428868,,,,,,,,,,,,,,,,,,,,,,,,,,,,,,,,,,,,,,,,,,,,,,,,,,,,,,,,,,,,,,,,,,,,,,,,,,,,,,,,,,,,,,,,,,,,,,,,,,,,,,,,,,,,,,,,,,,,,,,,,,,,
2015-11-30,,0.018697825136270597,,,,0.021600747097164107,,,,,0.014788162911493975,,,,,,,,,,0.01574509163070418,,,,,,,,,,,,,,,,,0.015028438824891093,,,0.00461166690733572,,,,,0.006554921814255864,,,,,,,,,,,,0.021984919283360303,,,,,,,,,,,,,,,,,,,,0.015421302419886606,,0.020132916673299434,,0.022126854814082417,,0.018760816310673112,,,0.00911982431124964,,,,,,,,,,,,,,,,,,,,,,,,,0.023602185077136004,,,,,,,,0.023526885576973786,0.050197679461897904,,,,,,,,0.022177420112294937,,,,,,,,,,,,,,,,,,,,,,,,0.0195047332187202,,0.02048024936551981,0.03701718606103175,,,,,,,,,,0.010413074868044254,,,,,,0.02032904195557002,,,,,,,0.008209281117909367,,0.023063584395677832,,,,,,,,,,,,,,,,,,,,,,,,,,,0.0120946355694023,0.027898826198073882,,,,,,,,0.024456871127559104,,,,,,,0.016365579151184657,,,,,,0.02462394232490197,,,,,,,,,,,0.024373566233859053,,,,0.025093458319333156,,,,,0.019004369998597795,,,,0.030931687280786897,,,,,,,,0.015900354010958566,,,,,,,,,,,,,0.012497013704110866,,,,0.018831970751267434,,,,0.023848541215739396,,,,,,0.023273555677201567,,,,,0.0197404206737947,,,,0.01742704665446359,,,,,0.011627003844993804,0.017219070742427022,0.021696853174799274,,,,0.02677827805019083,,0.038701977458397374,,,,,,,,,,,,,,,,,,,,,,,,,,,,,,,,,0.015459636526432445,0.01393685453605291,0.006214208155911243,,,,,0.02165666185222045,0.017531204663728484,,0.009721602758168428,,,,,,,,,,,,,,,,,,,,,,,,,,,,,,,,,,,,,,,,,,,,,,,,,,,,,,,,,,,,,,,,,,,,,,,,,,,,,,,,,,,,,,,,,,,,,,,,,,,,,,,,,,,,,,,,,,,,,,,,,,,,
2010-02-26,,,0.01569580323106923,0.006921563696686433,,0.013654606621079278,,0.007562617219499099,,,,0.007814390245738392,,,,0.00871029715973913,0.006692036142540907,0.008484366825528201,0.00818976501999594,,0.01111225220916087,0.013563133536650727,0.006593110679756948,0.012351300384099567,0.007571320266152721,,,0.0072262822503726025,0.00786184267825014,0.008895659643200193,,0.009349276077404739,0.009155845697204451,0.013875270633281684,0.010682987928312218,,0.012530814463529704,0.009744388177172747,0.007063458366562758,0.007571653750243482,,0.008744893688144333,0.005978064363091716,0.00981179027739387,0.006491489422229077,0.008084025968637673,0.008086825721078283,0.005682677223482099,0.016386537986237036,0.015578097175064793,0.012894914615274597,0.0121991639538977,0.010914618520880682,0.010639773762588003,0.009410684439787868,0.008866497538152036,0.00862846024268134,0.008592013712747593,0.00849034412317377,0.007723067456512275,0.007594121797996968,0.007330579047983608,0.005250450127654079,0.004765917089357968,,,,,,,,,,,,,,,,,,,,,,,,,,,,,,,,,,,,,,,,,,,,,,,,,,,,,,,,,,,,,,,,,,,,,,,,,,,,,,,,,,,,,,,,,,,,,,,,,,,,,,,,,,,,,,,,,,,,,,,,,,,,,,,,,,,,,,,,,,,,,,,,,,,,,,,,,,,,,,,,,,,,,,,,,,,,,,,,,,,,,,,,,,,,,,,,,,,,,,,,,,,,,,,,,,,,,,,,,,,,,,,,,,,,,,,,,,,,,,,,,,,,,,,,,,,,,,,,,,,,,,,,,,,,,,,,,,,,,,,,,,,,,,,,,,,,,,,,,,,,,,,,,,,,,,,,,,,,,,,,,,,,,,,,,,,,,,,,,,,,,,,,,,,,,,,,,,,,,,,,,,,,,,,,,,,,,,,,,,,,,,,,,,,,,,,,,,,,,,,,,,,,,,,,,,,,,,
2010-06-30,,,0.0157957754147455,0.013970307785704806,,0.01322426262946538,,,,,,,,,,,,0.006257742461901011,,,,0.01038769847245795,,0.00843107240975593,,,,,0.008747986834371889,,0.0065991719318433005,0.00815763386645826,,0.01078037577671813,,,,0.0057637230858233225,,0.008379891711496912,,,,0.00875862972795583,0.006456444304103371,0.006672925865580199,0.005968892627856049,,,0.01527642316183973,0.010128167747234983,,0.007120082442257218,0.010086297313776556,,0.006173231149206323,,,,0.007363060898738248,,0.009766261336472643,0.008011679838347156,0.005787446390487907,,0.011575566236429033,,0.008615565777572144,0.006616850353136655,,0.007748710701819423,,0.013992518245629111,,0.011279979791391814,0.008259155961965896,,,,,0.012285029102774896,,0.007451355892109547,0.006645467683407354,0.007455145660281539,0.005737255615561216,0.00792097383750255,0.02058135657739219,0.014920968701476191,0.012334298382597773,0.010595843799071749,0.010376320288830702,0.010337088758314395,0.009249985668001566,0.008039842198852887,0.00781002601854881,0.007585772586081569,,,,,,,,,,,,,,,,,,,,,,,,,,,,,,,,,,,,,,,,,,,,,,,,,,,,,,,,,,,,,,,,,,,,,,,,,,,,,,,,,,,,,,,,,,,,,,,,,,,,,,,,,,,,,,,,,,,,,,,,,,,,,,,,,,,,,,,,,,,,,,,,,,,,,,,,,,,,,,,,,,,,,,,,,,,,,,,,,,,,,,,,,,,,,,,,,,,,,,,,,,,,,,,,,,,,,,,,,,,,,,,,,,,,,,,,,,,,,,,,,,,,,,,,,,,,,,,,,,,,,,,,,,,,,,,,,,,,,,,,,,,,,,,,,,,,,,,,,,,,,,,,,,,,,,,,,,,,,,,,,,,,,,,,,,,,,,,,,,,,,,,,,,,,,,,,,,,,,,,,,,,,,,,,,,,,,,,,,,,,,
2018-03-30,,,0.011258956284020506,,,,,,,,,,,,,,,,,,,0.016849204574058443,0.01524211047310159,,,,,,,,,0.008520967320112195,,0.010827477015578372,,0.007397992782279935,0.008054829986632032,,,,,,0.005373372034829813,,,,,,,,,,,,,,,,,,,0.010436738667833435,,,,,,,0.00830052960094966,,,,,0.010106591657155297,,,,,0.008951510559099873,,,,,,,,0.005968222708600092,,,,,,,,,,,,,,,,,,,,,,,,,,0.010316259800451186,,,,,0.008706967942018343,0.014812620291778263,,,,,,,,,,,,,,,0.016581737756167933,,,,,0.011156300325805397,,,,0.007665975183040231,,,,0.009564776844910923,,,,,,0.011828664270457577,,,,,,,,,,,,0.013636412983847913,,0.012724431586130042,,0.013975184565295784,,,,,,,,,,0.006636847548744069,,,,,0.011859379957271165,,,,,,,0.008969568495908607,,,,,,,,,,,,,,,,,,,,,,,0.011691010593209334,,,,,,,,,,,,,,,,,,,0.014496852600104809,,,,,,,,,,,,,,,,,,,,,,,,0.021503462878770512,,,,0.012304102615179372,,,,,,0.009920005773661644,0.014249111908932261,,,,,,,,0.012807150354976957,,,,,,0.007432042990703725,,,0.008709696630060071,,,,,,,,,0.013305614807893282,,0.008625039005961031,0.008971489247387195,,,,,,,0.008022560003652411,,,,,,,,,,,,0.01414423752263708,,,,,0.012707761901125224,,0.011427777691262972,,,,,,,,,,,,,,,,,,,,,,,0.007438460635750392,,,,,,0.009483306247752572,,,,,,,,,,,,,,,0.010498976734136084,,,,,,,,,,,,,,,,,,,,,0.01087327151950227,,,,,,0.006447540007243254,,,,0.004855787216955307,,,,,0.006240026431729409,0.013283852387706279,,,,,,0.01070370106110764,,,,,,,,,,,,,,,,,,,,,,,,,,,,,,,,,,,,,,,,,,,,,,,,,,,,,,,,,,,,,,,,,,,,
2018-06-29,,,0.017203092045173486,,,,,,,,,,,,,,,0.01954905155946776,,,,0.017509456913448445,0.02251827447784189,,,,,,,,,,,0.020762780018923996,,0.011368608644792432,0.015563882507851394,,,,,,0.011213163082784942,,,,,,0.011992204227018417,,,,,,,,,,,,,0.009794876710370505,,,,,,,0.014717927405644407,,,,,0.01806584234835668,,,,,0.016846042131639847,,,0.027060269857417045,,,,,0.010563775047627389,,,,0.020845100719168518,,,,,,,,,0.025227316439783144,,,,,,,,,,,,,0.012678820477900638,,,,,,,,,,,,,,0.030445222616365078,,,,,,,0.01954203368385256,,,,,0.01785253087085375,,,,0.018099508384030707,,,,,,,,0.02852313806424158,,0.019047680105096332,,,,,,,,,,,,0.03250303020544705,,0.02226522608472442,,,,,,,,,,,,0.014811051313784709,,,,,0.02088705255384213,,,,,,,,,,,0.02737728838119314,0.018723087222651372,,,,,,,,,,,,,,,,,0.017444292373547946,0.008599008859699145,,,,,,,,0.018054388833445862,,,,,,,,,,,,,,,,,,,,,,,,,,,,,,,,,,,,,,,0.018619867218903005,,,,,,,0.020058632372666658,,,,,,,,,,,,,,0.01854955193159876,,,,,,,,,,,,,,,,,,,,,,0.024325277243265338,,,,,,,,,,,,0.02559140958236053,,,,,,,,,,0.015127614825641598,,,,,,,,,,,,,,,,,,0.029993572279013562,,0.00947451019310993,,0.030556240872559405,,,,0.0204809525537798,,,,,,,,,,,,,,,0.018025621988173778,,,,,,,,,,,,,,,,,,,,,0.01819291677611861,,,,,,,,,,0.010659478768126835,,,,,0.0239824082045336,0.02304437444926416,0.026145196702742204,0.016615515205357874,,,,0.02163638563941037,0.011265449025387106,,,,,,,,,,,,,,,,,,,,,,,,,,,,,,,,,,,,,,,,,,,,,,,,,,,,,,,,,,,,,,,,,,,
2018-07-31,,,0.026883348988459618,0.011061692920031662,,,,,,,,,,,,0.020269954944699804,,0.017165275130645682,,,,0.01986071208902594,0.025142131874031155,,,,,,,,,,,0.015781911425521263,,,0.013215651770925487,0.010905371514774706,,,,,0.012202788320295135,,,,,0.013660249465074412,0.013232846675034216,,,,,,,,,,,,,0.01560993103185279,,,,,,,,,,,,0.019946910503022622,,,,,0.01229603118611335,,,0.02703309080269159,,,,,0.010778115534100163,,,,0.01489710814624266,,,,,,,,,,,,,,,,,,,,,,,,,,,,0.02244778643036805,,,,,,0.0217928970651502,,,,,,,,,0.015212499309527741,,,,,0.011146071626663702,,,0.014423405893984904,0.017648264324265413,,,,,,,,0.01792497519069625,,0.014668349360406443,,,,,,,,,,,0.021443333951885805,,,0.01708919004175137,,,,,,0.018135423118281226,,,,,,,,,,,0.01800581660316412,,,,,,,,,,,0.009104264850945289,0.021669157295108325,,,,,,,,,,,,,,,,,0.019815297718981863,0.01181815907442455,,,,,,0.02566779506019447,,,,,,,,,0.027176961173682842,,,,,,,,,,,,,,,,,,,,,,,,,,,,,,,,,,,,,,,0.019737941141159458,,,,,,,,,,,,,,0.01494014263223854,,,,,,,,,,,,,,,,,,,,,,0.01343632500444644,,,,,,,,,,,,0.023096409111987414,,,,,,,,,,0.015458850903887524,,,,,,,,,,,,,,,,,0.022951268401972744,0.024898417507062977,,0.012668594519320108,,,,,,0.01920960352136946,,,,,,,,,,,,,,,,,,,,,,,,,,,,,,,,,,,,0.0139438970988956,,,,,,0.011500020602081848,,,0.014592403578725623,0.009475988759640668,,,,,,0.016545293990143,0.024346654468189146,,,,,0.018712042698051087,,,,,,,,,,,,,,,,,,,,,,,,,,,,,,,,,,,,,,,,,,,,,,,,,,,,,,,,,,,,,,,,,,,,
2018-08-31,,,0.015810410364557614,0.022326915785748823,,,,,,,,,,,,0.01327911212938629,,0.005554535938942523,,,,,0.013731237275686757,,,,,,,,,,0.012421536215159465,0.025292377781862132,,,0.010389258732084149,0.00877862829982372,,,,,0.008397236333229186,,,,,0.007420486649015276,0.014183145137213584,,,,,,,,,,,,,,,,,,,,,,,,,,,,,,0.014038514476337336,,,,,,,,0.008207534634654345,,,,0.012475399633555678,,,,,,,,,,,,,,,,,,,,,,,,,,,,0.014173695350317154,,,,,,0.009833795373230491,,,,,,0.008737622634709147,,,0.011117309003365562,,,,,0.019177967263998476,,,0.019269012357883388,0.013864996081791007,,,,,,,,,,0.013781623964364585,,,,,,,,,,,,,,0.034407596964347684,,,,,,,,,,0.023263670250343562,,,0.02070369546650501,,,,0.02096787027796692,,0.01657979188814827,,,,,,,,,0.015651389204259618,0.02267702790063935,,,,,,,,,,,,,,,,,,0.005488496002024416,,,,,0.036754045405585224,,,,,,,,,0.019924349404148587,0.024321342076684356,,,,,,,,,,,,0.01904437371140477,,,,,,,,,,,,,,0.0204517257804687,,,,,,,,,,,,,0.010917115306340382,,,,,,,,,,,,,,0.01649884507796887,,,,,,,,,,,,,,,,,,,,,,0.014571453380116376,,,,,,,,0.02371497495891238,,,,0.00707335265831909,,,,,,,,,,0.011716231744619676,,,,,,,,,,,,,,,,,,0.021874475130477637,,0.014950286254372119,,,,,,0.01731710238599386,,,,,,,,,,,,,,,0.013118015204224964,,,,,,,,,,,,,,,,,,,,,0.015878608676241305,,,,,,,,,0.01714521207895132,0.008512666635865076,,,,,,0.01289916167998972,0.01249165170231196,,,,,0.02329625810397867,,,,,,,,,,,,,,,,,,,,,,,,,,,,,,,,,,,,,,,,,,,,,,,,,,,,,,,,,,,,,,,,,,,,
2018-09-28,,,0.0389180669799627,0.01627447046131588,,,,,,,,,,,,0.015322144145879622,,0.007299008008409077,,,,,0.018260389109222935,,,,,,,,,,0.025976023947768417,,,,0.01427581035213098,0.015991303801537765,,,,,,,0.005003416512776564,,,0.010385983214293428,0.016119216098365797,,,,,,,,,,,,,0.013865724960952626,,,,,,,,,,,,,,,,,0.017234050426089366,,,,,,,,,,,,0.013531286299344934,,,,,,,,,,,,,,,,,,,,,,,,,,,,0.014251691635074736,,,,,,,,0.02811706888739692,,,,0.01586742657848704,,,0.017945071014255215,,,,,,,,0.0128947026499441,0.018283619017236123,,,,,,,,,,0.013502919524979591,,,0.030781778098270884,,,,,,,,,,,0.01927275520225795,,,,,,,,,,0.0066682165003122676,,,,,,,0.023706288368631125,,,,0.02084785876555993,,,,,,,0.026224879324667518,0.006810821972685629,,,,,,0.029618917526308488,,,,0.02130576187344052,,,,,,,,0.008359941753019667,,,,,0.015375688575409129,,,,,,,,,,0.029081740733766268,,,,,,,,,,,,0.02505526447028811,,,,,,,,,,,,,,0.024863337620570566,,,,,,0.0128396355856937,,,,,,,0.01831732081324218,,,,,,,,,,,,,,0.014301174144565701,0.008158659176226244,,,,,,,,,,,,,,,,,,,,,,,,,,,,,0.018376482297438646,,,,0.026167111446431985,,,,,,,,,,0.019360130316272785,,,,,,,,,,,,,,,,,,0.019236299160015253,,0.01105492324931563,,,,,,0.015061948502488752,,,0.01807611835153646,,,,,,,,,,,,0.017096193430132217,,,,,,,,,,,,,,,,,,,,,0.01586920782389877,,,,,,,,,0.012979360084118357,0.0068395311316406,,,,0.007348085533419432,,,0.020980292421069496,,,,,,,,,,,,,,,,,,,,,,,,,,,,,,,,,,,,,,,,,,,,,,,,,,,,,,,,,,,,,,,,,,,,,,,,,
2018-10-31,,,0.016258258424420084,0.015286826275414873,,,,,,,,,,,,0.018444026876368137,,0.010696528752351254,,,,,0.016071936424682586,,,,,,,,,,,,,,0.005128775865345451,0.009324375817519184,,,,,,,0.004446511532932262,,,,0.008106633370621558,,,,,,,,0.01563903388149363,,,,,0.010938165716598502,,,,,,0.011065920873149318,,,0.010608552627684321,,,0.011175657998157725,,,,,0.00834327228817756,,,,,,,,,,,,0.008162581892383645,,,,,,,,,,,,,,0.010448289046258817,,,,,,,,,,,,,,0.012605164257252043,,,,,,0.011240185187520539,,0.012685672417179132,,,,0.012785133432548026,,,0.009773427923345146,,,,,,,,0.009917581258185437,0.008673827284353237,,,,,,,,,,0.008757103815481365,,,0.015459437405367977,,,,,,,,,,,0.011268728338471092,,,,,,,,,,,,,0.013530771544351014,,,,0.008814430087872884,,0.008048781220954227,,,,,,,,,0.008637458062753445,,,,,,,,,,,0.010181248586914583,,,,,,,,0.0071045223039136116,,,,,,,,,,,,,,,0.009185394750292853,,,,,,,,,,,,0.013607090053015972,0.02125843269001576,,,,,,,,,,,,,0.014903528205781526,,,,,,,,,,,,,0.02004240944842419,,,,,,,,,,,,,,0.006923432204861954,0.011304269309690595,,,,,,,,,,,,,,,,,,,,,,,,,,,,,,,,,0.012541807639917038,,,,,,,,,,0.013224282933772273,,,,,,,0.015079424832425975,,,,,,,,,,,0.010538906528636368,,0.008637256763620309,,,,,,0.007041002483169157,,,,,,,,,,,,,,,0.007389185022784544,,,,,,,,,,,,,,,,,,,,,,,,,,,,0.012016027896590252,,0.008448815202101684,0.005003154127480831,,,,0.00672493779551002,,0.01736678267973632,,,,,,,,0.021331052821991773,,,,,,,,,,,,,,,,,,,,,,,,,,,,,,,,,,,,,,,,,,,,,,,,,,,,,,,,,,,,,,,,,,
2018-11-30,,,0.007767943635194515,0.013108997546205694,,,,,,,,,,,,0.010393488750438579,,0.008175336690076402,,,,,,,,,,,,,,,,,,,,0.005357839373276292,,,,,,,0.005228740074666933,,,,0.006020407110921422,,0.01374203738444678,,,,,,0.020930981731769032,,,,,,,,,,,,,,0.016281097840264713,,,0.010297841387387568,,,,,0.0109336090129925,,,,,,,,,,,,0.006019323394413758,,,,,,,,,,,,,,,,,,,,,,,,,,0.014092166249542539,,0.006053733097879143,,,,,,0.010807835392127325,,0.007592408393339438,,,,0.0073919557456395705,,,0.005268747046527397,0.011280970570580114,,,,,,,0.0053377051904432,0.006869905557719296,,,,,,,,,,,,,0.0135306677936662,,,,,,,,,,,0.009122068879380297,,,,,,,,0.007545505969259876,,,,,,,,,0.008275971702083133,,0.009694580211470214,,,,,,,,,0.013336973184980661,,,0.015760267597433476,,,,,,,,0.011485658567977836,,,,,0.019070182946881432,,,0.005504949098783824,,,,,,,,,,,,,,,,,,,,,,,,,,,,0.010010178730741613,,,,,,,,,,,,,0.011271006797870319,,,,,,,,0.020290829828692115,,,,,0.010979919170812117,,,,,,,,,,,,,,0.006874919540395215,,,,,,,,,,,,,,0.005725325605461986,,0.009455236318355572,,,,,,,,,,,,,0.01354073544241609,0.0105995792435429,,,,0.007546071348966301,,,,,,,,,,,,,,,,,,,,,,,,,,,0.015986072272361887,,,0.006819798581140391,,,,,,,,,,,,,,,,,,,,,0.006310668804147273,,,,,,,0.026199131013084624,,,,,,,,,,,,,,,,,,,,,,,,0.0046171466674569915,,,,0.004333562776594872,,0.009472365219280306,0.01591067883042909,,,,,,,0.020897477438537756,0.01998905139204461,0.012946304891763327,,,,,,,,,,,,,,,,,,,,,,,,,,,,,,,,,,,,,,,,,,,,,,,,,,,,,,,,,,,,,,,,
2019-11-29,,,0.00719351698699079,,,,,,,,,,,,,,,0.016849910779591235,0.021833341705406465,,,0.023113485791897228,,,,,,,,,,,,,,,,,,,0.010775606164688567,,,,0.012117252344792278,,,,,,,0.011294547617628173,,,,,,0.029087182146611903,,,,0.009064541201591444,,,,,,,,,,,,,,,,,,,,,,,,,,,,,,,,,,,,0.025513242520535107,0.023523597831037794,0.0218381771738278,,,,,0.0228344082810537,,,,,,0.014903764536060024,,,,,,0.01627416878938814,,,,0.020027493389550254,,,,,,,,,,,,,,,,,,,,,,,,,,0.033296965549430166,0.02568201886117339,,,,,0.02058906610237787,,,,,,,,,,,,,,0.018412529477612443,,,,,,0.012559225415191428,,,,,,,,,,,,,,,,,,,,,,,0.017872234564667563,0.027226064351433,,,,,,,0.020623785026951762,,,,,,,,,,,0.009638188458083926,,,,0.02104964942024547,,,,,0.015426756319859743,,,,,0.023409457862351688,,,,0.015791533643951777,,0.023183875365203416,,,0.029275589331166047,,,,,,,,,,,,,0.014787216094558584,,,,,,,,,,,,,,,,,,0.023881212290967718,,,,,,,0.015657691104506113,,,,,,,,,,,0.025299533146452356,,0.02602504659089769,,,,,,,,,,,,,,,,,,,,0.02259437737874573,0.028720790125299253,,0.013547507034182575,,0.013507476445903503,0.017380004384585725,,,,0.024642864397612416,,,,,,,,,,,,,,,,0.01995097784553349,,,,,0.014608306294793838,,0.018200767115226217,,0.014570967787200788,,0.011495202354230613,,,,,,,,,,,,,,,,,,0.01148949238936331,,,,,,,,,,,,,,,,,,,,,,,,,,,,,,,,,,,,,0.015227363498500264,0.008240993550704213,,,,,,,,,,,,,0.017128991684717477,,,,,,,,,,,,,,0.020619833077378077,0.022142208398289443,,,,,,,,,,,,,,,,,,,,,,,,,,,,,,,,,,,,,,,,,,,,,,,,
2019-12-31,,,0.025496222512890476,,,,,,,,,,,,,,,0.012704649520833076,0.020189281869591104,,,0.021611942677685993,,,,,,,,,,,,,,,,0.008942663162017698,,,0.015890706445514335,,,,0.00743434932775238,0.01556822009629993,,,,,0.028800777127432467,0.01892217454844782,,,,,,,,,,0.012844822697573139,,,,,,,,,,,,,,,,,,,,,,,,,,,,,,0.021264961333727878,,,,,,,0.01864417220729098,,,,,,0.016274825632589196,,,,,,,,,,,,0.023043302696535227,,,,,,,,,,,,,,,,,,,,,,,,,,,,,,,0.016287676986111766,,,,,,,,,,,,,,,,,0.033074329539020106,,0.01392269726468265,,,,,,0.014943937953421582,,,,,,,0.024228856505179207,,,,,0.02693377378088996,,,,,,,,,,,0.02361928916534982,0.018723105009892462,,,,,,,0.02435118497227016,,,,,,,,,,,0.019925693436572616,,,,,,,,,0.0169124055455376,,,,,0.014859320946225562,,,,,,0.022179733847499314,,0.02381994420122237,,,,,,,,,,,,,,,,,,,0.01240471642950314,,,,,,,,,,,,,0.025821639749313126,,,,,,0.017883083684273254,0.011643709876589676,,,,,,,,,,,,,0.021205979187881634,,,,,,,,0.01715194791941813,,,,0.013730302186336836,,,,,,,,0.023146649113400926,0.03389517239273907,,,,,,,,,0.026614429670597267,,,,,,,,,,,,,,,,0.025977940090735962,,,,,0.012584489467639095,,,,0.019420813504604752,,0.014811398345026207,,,0.021415502733287555,,,,,0.022660709947041363,,,,,,,,,,0.012906061232203355,,,,,,,,,,,,0.012339983899857026,,,,,,,,,,,,,,,,,,,,,,,,,0.01581073112009325,0.00691879393887431,,,,,,,,,,,,,,,,,,,,0.020792294894148057,,0.013711668684227794,,,,,,,0.01796303370022282,0.017773927221928474,,,,,,,,,,,,,,,,,,,,,,,,,,,,,,,,,,,,,,,,,,,,,,
2020-01-31,,,0.012983720141187144,,,,,,,,,,,,,,,0.01704901279471801,0.015848207808580747,,,0.015899558700785,,,,,,,,,,,,,,,,0.018958272644935662,,,0.013535612280999506,,,,0.010456600477683256,,,,,,0.02690882840014346,0.016457639265534316,,,,,,,,,,0.019665752472054224,,,,,,,,,,,,,,,,,,,,,,,,,,,,,,,,,,,,,0.022345810505345544,0.018220908305931705,,,,,,,,,,,,,,,,,0.029883047841607516,,,,0.027314172744623687,,,,,,,,,,,,,,,,,,,,,,,,,,,,,0.01438766704105561,,,,,,,,,,,,,,,0.021456030722419337,,0.01938007667159031,,0.02248171576942457,,,,0.013053757459452621,,,0.011927725593804237,,,,,,,,,,,,,0.013567707355540914,,,,,,,0.03143007796057457,0.016385705934331814,,,,,,,,,,,,,,,,,,,,,,,,,,,0.025594280482230933,,,,,,,,,,,0.018616096592699076,,,,,,,,,,,,,,,,,,,,,,0.03609502740020674,,,,,0.022212717256307978,,,,,,,0.028980172508675593,,,,,,,0.009354874271578476,0.015237566923949359,,,,,,,,,,0.01718927303559968,,0.013913925346037135,,,,,,,,0.02080411260473564,,,,0.026364041094221354,,,,,,,,0.020976447451360274,,,,,,,,,,0.038194344589872725,,,,,0.02101484204330255,0.02522510704474727,,,,,,,,,,0.014893135497891286,,,,,0.011060932997192182,,0.021027513901693887,,0.014790754550532057,,0.015019735613902496,,,,,,,,0.015653450047473837,,,,,,,,,,0.011648892400623495,,,,,,,,,,,,,,,,,,,,,,,,,,,,0.014837673067045086,,,,,,,,,0.009549676669638092,0.0130727084077535,,,,,,,,,,,,,,,,,,,,0.020157345098006547,,,0.016897410600849646,,,0.015457222465490649,,,0.010512425194847224,0.0260506859492116,,,,,,,,,,,,,,,,,,,,,,,,,,,,,,,,,,,,,,,,,,,,,,
2020-02-28,,,0.011036179448047759,,,,,,,,,,,,,,,0.008243554483571761,0.008980082139218857,,,,,,,,,,,,,,,,,,,0.005550352816895274,,,0.005749763193628585,,,,0.00521574017207495,,,,,,0.010127799965222898,,,,,,,,,,,0.006991354788333525,,,,,,,,,,,,,,,,,,,,,,,,,,,,,,,,,,,,,0.010742196419101194,0.011401518223162632,,0.008304362167854889,,,,,,,,,,,0.012437396914548801,,,,,,,,,,,,,,,,,,,,,,,,,,,,,,,,,,,0.012531995581350678,,0.012259823857354635,,,0.006904898782060407,,,,,,,,,,,,0.009263902124994497,,0.006819081916259676,,0.010087197766955089,,,,0.0062414020660097385,,,0.007775941686468205,,,0.004864361566724691,0.01150893928002924,,,,0.008489150136167904,0.009627786723726621,,,,0.007968337117747217,,0.0058632828587873945,,,,,0.009274107587377881,0.011421841106765347,,,,,,,0.0113820862861444,,,,,,,,,,0.008173759888732389,0.008507177207814232,,,,,,,,,0.0100774778732757,,,,,,,,,0.007844368949460346,,0.011907136692459148,,,,,,,,,,,,,,,,0.011437137291730732,,,,,0.010551348667381815,0.013449900344377947,,0.008900112268707959,,,,,,,,,,0.008805257594477301,,,,,,,0.011803473031317131,0.009201074753373874,,,,,,,,,,0.010481005311913212,,,0.002448001099375376,,,,,,,,,,,0.006347100739724648,,,,,,,,0.011272357959741111,,,,,,,,,,0.014461093027232433,,,,,,,,,,,,,,,,,,,,,0.006520446650864243,,0.012910870505531153,,0.009537481401399943,,0.005907724356878592,,,,,,,,0.010301915178630695,,,,,,,,,,,,,,,,,,,,,,,,,,,,,,,,,,,,,,,,,,,,,,,0.007602575283764233,,,,,,,,,,,,,,,,,,,,,,,,,,,,,,0.009606161317830807,,,,,,,,,,,,,,,,,,,,,,,,,,,,,,,,,,,,,,,,,,,,,,,
2020-03-31,,,0.003664223499576951,,,,,,,,,,,,,,,0.002608240672579437,0.0022933012957163878,,,,,,,,,,,,,,,,,,,0.0031347221283351424,,,0.0017940564516901586,,,,0.002711678555450913,,,,,,0.0012934509202164244,,,,,,,,,,,0.003484436322244009,,,,,,,,,,,,,,,,,,,,,,,,,,,,,,,,,,,,,,0.002330276978002228,,0.0032800115299980287,0.00258568817074927,,,,,,,,,,,,,,,,,,,,,,,,,,,,,,0.0032735885471377566,,0.0037454825659887004,0.002581155627786484,,,,,,,,,,,0.00412354990104149,,,0.0033648866273993053,,,,,,,,,,,,,,,0.0023021333065896404,,0.0038998932962784442,,0.002522814198385617,,0.0035333699921051964,,0.0029709927842490953,,,,,,0.002397609552647362,,0.004086549402749026,,,,,,,,0.0031665622882050557,,,,,,,0.0029072262164535805,0.003516611350128999,,,,,,,0.0028380235200213613,,,,,,,,,,0.0024958634279378784,,,,,,,,,,0.003154646323089316,,,,,,,0.0010341513147746723,,0.0031979936018655276,,0.0020665921687844026,,,,,,,,,,,,,,,,0.0020513879714146067,,,,,,0.002894917298758291,,0.0038517988402626472,,,,,,,,,,,,,0.002944523174052381,,,,0.0018509953024277597,,0.006359163240769669,,,,,,,,,,0.004155802441213081,,0.002186911240327806,,,,,,,,,,,0.0030583177692387765,,,,,,,,0.002260423237547871,,,,,0.00316427054444122,,,,,0.0026568502121383846,,,,,,,,,,,,,,,,,,,,,0.002098021114538593,,,,0.0024869100177599764,,0.002272268772567043,,,,,,,0.002682670367819206,,,,,,,,,,,,,,,,,,0.002023907108708315,,,,,0.0021549137151518137,,,,,,,,,,,,,,,,,,,,,,,,,,0.0022095190241363813,,,,,,,,,,,,,,,,,,,,0.002802537300847156,,,,,,,,,0.0020406409550784215,,0.002274585054355893,,,,,,,,,,,,,,,,,,,,,,,,,,,,,,,,,,,,,,,,,,,,,
2020-04-30,,,0.0030789168051205433,,,,0.0026303603860545737,,,,,,,,,,,0.0024611896373889415,0.0020145939902614716,,,,,,,,,,,,,,,,,,,0.001990947568979686,,,,,,,0.0020636043678811003,,,,,,,,,,,,,,,,,0.0029425682979331205,,,,,,,,,,,,,,,,0.003323016237261431,,,,,,,,,,,,,,,,,,,,0.0023589291303198015,,0.003400105303102047,,0.0022877674007514173,0.002779265181010399,,,,,,,,,,,,,,,,,,,,,,,,,,,,,,0.003950501896190134,,0.004086560266918346,,,,0.0019850203622050816,,,,,,,,0.004553720600664512,,,0.0026374293204769555,,,,0.002498088555441771,0.0051328794080258006,0.0029171701551608488,,,,,,,,,0.0023320296030757606,,,,0.0027017476931569992,,0.0026288666954842207,,0.0021729801675364853,,,,,,0.00217186796574104,,0.002954861869718768,,,,,,0.0028118198913564102,,0.0031565247965892984,,0.004701813585691536,,,,,0.0021592498356537344,0.004477138179027578,,,0.002784216222159651,,,,0.002496061359375416,,,,,,,,,,0.0020813310038059504,,,,,,,,,,0.0027994403909279426,,,0.0031713196735398156,0.0020598840021090466,,,,,0.0023267470237216376,,0.0027412230936199153,,,,,,,,,,,,,,,,,,,,,,0.0028586664219226116,,,,,,,,,,0.002683184569782323,,,,,,,,,,,0.003931035199143692,,,,,,,,,,0.004207053002975248,,0.0015925901953856997,0.003054066021260547,,,,,,,,,,0.002645739842673583,,,,0.003583588416289016,0.0032023215485471536,,,,,0.0022857786589533793,,,0.003231904141774202,,,,,,,,,,,,,0.003349137754995162,,,,,,,,,,,,,,,,,0.002107336745816487,,,,,,,,0.003448954588271015,,,,,,,,,,,,,,,,,,,,,,,,,,,,,,0.0020592635439386714,,,,,,,,,,,,,,,,,,,,,,,,,,,,,,,,,,,,,,,,,,,,,,,,,,,,,,,,,,,,,,,,,,,,,,,,,,,,,,,,,,,,,,,,,,,,,,,,
2020-05-29,,,0.004034963696231736,,,,,,,,,0.0035908181407982727,0.0026060917786013956,,,,,0.0028381732492611207,0.0034183421479009697,,,,,,,,,,,,,,,,0.003232972751288465,,,0.002125870519914439,,,0.0012390025277414138,,,,0.002607558770651325,,,,,,,,,,,,,,,,,0.0020800038379170088,,,,,,,,,,,,,,,,0.002423374482187809,,,,,,,,,,,,,,,,0.0019199297911905065,,,,0.004081092483798261,,,,0.002773542059770668,,,,,,,,,,,,,,,,,,,,,,,,,,,,,,,,,0.00333199385083996,,,,0.004087445111781448,,,,,,,,0.004641322173747669,,,,,,0.0017140509938052362,,,0.0029449225172282693,,,,,,,,,0.00437542676742121,,0.0029209886863871323,,0.005097471381083663,,,0.004690670583140767,0.002308145635666989,,,,,,0.0028656744419678017,,,,,,,,,,0.006403659814635989,,,,,,,,0.005014862600369717,,,,,,,0.004883822663429655,,,,0.004363047233529701,,,,,,,,,,,,,,,,0.004338556356829567,,,,,,0.0025118264864361977,,,0.00437693707284782,,,,,,,,,,,,,,,,,,,,,,,,0.003922307196306058,,0.003489235078106147,,,,,,,,,,0.003254879970799104,,,,,,,0.002747170648325101,,0.0024854058832697525,,,,,0.0035028567398577353,0.002628658671344477,,,,0.003745644291442231,0.0017131944904287125,0.002205171962835731,,,,,,,,,,,0.00452125766306378,,,,,,,,,,,,,,,,,,,,,,,,,,0.002990129265009587,,,,,,,,,,,,,0.0018968617371196783,,,,0.0031303348430274437,,0.0019240628975834163,,,,,,0.003734318924313694,,,,,,,,,,,,0.0021693499031350183,,,,,,,,,,,,,,,,,,0.002860696037502272,,,,,,,,,,,,,,,,,,,,0.002583567748162311,,,,,,,0.004275636957053786,,,,,,,,,,,,,,,,,,,,,,,,0.0008676052135051498,0.0034399826993815087,,,,,,,,,,,,,,,,,,,,,,,,,,,,,,,,,,,,,,,,,,,,
2020-06-30,,,0.014315418771584338,,,,0.008142967232010086,,,,,0.008308227910902131,,,,,,0.007859905698461882,0.007958593559119816,,,,,,,,,,,,,,,,0.011080370929293353,,,0.005933532780337057,,,,,,,0.007054095407075724,,,,,,,,,,,,,,,,,0.007032179504311781,,,,,,,,,,,,,,,,0.008704869500061791,,,,,,,,,,,,,,,0.006119334468192612,,,,,,,,,0.009352054764970535,,,,,,,,0.013192403033200168,,,,,,,0.010433384194334108,,,,,,,,,,,,,,,,0.009368565842969896,,0.014105431769936153,0.015428597751194702,,,0.011025540357506807,,,0.00892921093863129,,,,,0.016112682288111926,,,,,,0.004523683911416678,,,0.01295446010913328,,,,,,,,,0.008188153311206417,,,,0.008600301761918526,,,0.010793154366240095,0.007825098285734656,,,,,,0.008369654986919538,,0.012207325457975215,,,,,,0.006130839036598471,,0.010020930326851534,,,,,,,,0.014991844147498455,,,,,,,0.009497736134482267,,,,,,,,,,0.004453426913039373,,,,,,,,,,0.010545901634152761,,,,0.011017740202159197,,0.007437672896471895,,,0.007889810631869297,,,,,,,,,,,,,,,,,,,,,,,,0.013487125652582425,,,,,,,,,,0.009435934886176356,,0.010289908335889365,,,,,,,0.005836200152466162,,0.008070117275021474,,,,,0.012677907399629191,,,,,,0.005066674618081633,0.005198751355194012,,,,,,,,,,,0.011373649000636641,,,,,,,,,,,,,,,,,,,,,,,0.008950332584923235,,,,,,,,,,,,,,,,,,,,0.0059637753311573526,,0.005481349573358178,,,,,,,,,,,,,,,,,,,,,,,,,,,,,,,,,,,,,,,,,,0.009666937711941912,,,,,,,,,,,,,,0.005646028947840065,,,,,,,,,,,,,,,,,,,0.015239448473095656,0.004798033532244386,,,,,,,,,,,0.00691272435388822,,,,,,,,,,,,,,,,,,,,,,,,,,,,,,,,,,,,,,,,,,,,,
2020-07-31,,,0.02780253889908937,,,,0.017381972653301356,,,,,0.01832887705913522,,,,,,0.01393186720682912,,,,,,,,,,,,,,,,,0.0183857236401222,,,0.010431802947356992,,,,,,,0.004777657948935076,,,,,,,,,,,,,,,,,0.011162094527687858,,,,,,,,,,,,,,,,0.011959848572411181,,,,,,,,,0.008475979654316988,,,,,,,,,,,,,,,0.011204359895286354,,0.020923559631135923,,,,,,0.008977293104725434,,,,,,,,,,,,,,,,,,,,,,,,0.008937869206355288,0.014531032461115603,0.02171330978659059,,,0.016408018623606756,,,0.00748283311660128,,,,,0.02347576289253591,,,,,,,,,0.020931762591205428,,,,,,,,,0.01487418507686426,,,,0.01495473507923508,,,0.019492565251558534,0.011295976342037687,,,,,,0.011707173404073273,,,,,,,,0.009806635621074096,,0.0089496778572976,,,,,,,,,,,,0.006118376104195886,,,0.022270450707780404,0.020654172115795934,,,0.015553767225205906,,,,,,0.014039054800874307,,,,,,,,,,0.0209279234434264,,,,0.016113655054360684,,0.01133204138254289,,,,,,,,,,,,,,,,,,,,,,,,,,,0.01709613907336193,,,,,,,,,,0.012458401737860933,,0.017091299736272464,,,,,,,0.010499987986354438,,0.014756981058549314,,,,,0.016847847005381986,,,,,,,0.004554462076941106,,,,,,,,,,,,,,,,,,,,,,,,,,,,,,,,,,0.018408161367723476,,,0.015490102131576792,,,,,,,,,,,,,,,,,0.01166326851342938,,0.011149230524258816,,,,,,0.008546494725666712,,,,,,,,,,,,,,,,,,,,,,,,,,,,,,,0.011744909207945249,,,,,0.010755477747629827,,,,,,,,,,0.006937253616729675,,,,0.008880878598552576,,,,,,,,,,,,,,,,,,,0.022794195540495485,0.01140142798658074,,,,,,,,,,,0.0036089274800223765,,,,,,,,,,,,,,,,,,,,,,,,,,,,,,,,,,,,,,,,,,,,,
2020-09-30,,,0.013207839452308686,,,,,,,,,,0.009380506920823574,,,0.012094390169719534,,0.006333615504702484,,,,,,,,,0.005353117154040784,,,,,,,,,0.005667751275392448,,0.005813680860791584,,,0.00670309058572071,,,,0.005776564128030267,,,,,,,,,,,,,,0.009442316102404008,,,,,,,,,,,,,,,,,,,0.007557058663476187,,,,,,,,,0.0075827604257549175,,,,,,,,,,,,,,,0.009417149287975154,,0.008381471525654672,,,,,,,,0.010204549527821617,,,,,,,0.00440051273703893,,,,,,,,,,,,,,,,0.011735132224985727,,,,0.009698350436046558,,0.010039920683175864,,,,,,,,,,,,,0.012985461707408861,,,,,,,,,,,0.009798710486964053,,0.00882314527211385,,0.00861986257400308,,,,0.006468095660718936,,,,,,0.004676592599061086,,,,,,,0.009185639281340642,0.009138832930863042,,0.005570456702397806,,,,,,,,,0.010443596579748863,,,0.0057007092859631256,,,,,,0.009566604372967863,,,,,,,0.008904191585604532,,,,,,,,,,0.011010003243745533,,,,,,,,,0.008431733139974409,,,,,,,,,,,,,,,,,,,,,,,,0.008286733679909727,,,,,,,,,,,,0.00775444209787877,,,,,,,,,,,,,,0.010390637974446667,,,,,,,0.002441245280417347,,,,,,0.006969633298572425,,,,,,0.008369449155777895,,,,,,,,,,,,,,,,,,,,,,,,,0.009558624017227273,,,,,,,,0.00988878397517238,,,,,,,,,0.010023873137091131,,,,,,,,0.006720481556118069,,,,,,,,,,,,,,,,,,,,,,,,,,,,,,,,,,,,0.006381407135058794,,,,,,,,,,0.004963631345248023,,,,0.0047925426427726766,,,,,0.008596096716496339,,,,,,,,,,,,,,0.011083710978048207,0.005298967095567447,,,,,,,,,,,0.004230378593504586,,0.008568805176594915,0.006077623623040757,0.004716045122616342,,,,,,,,,,,,,,,,,,,,,,,,,,,,,,,,,,,,,,,,,
2020-10-30,,,0.01321957169546513,,,,0.009925086235186058,,,,,,,,,,,0.007638956113881121,,,,,,,,,,,,,,,,,,0.00487828915834287,,0.004128082512651118,,,0.00871097774115257,,,,0.005855969426383485,,,,,,,,,,,,,,0.006618391524714258,,,0.005719294564551918,,,,,,,,,,,,,,,,0.006086638100633745,,,,,,,,,0.005027427730879825,,,,,,0.006477858342884765,,,,,,,,,0.006993135460588645,,,,,,,,,,0.01361362166080008,,,,,,,,,,,,,,,0.011256054988604281,,,,,,0.009189559750788777,,,,,,0.008491620826948952,,0.00973201859524007,,,,,,,,,,,,,0.015903216590196407,,,,,,,,,,,0.013495255792271224,,0.008531987395235894,,0.015601606995006515,,,0.01132382774117049,0.006902338051118097,,,,,,0.005883389266745405,,,,,,,,0.005647564997469287,,0.005275152211831463,,,,,,,,,,,,0.004477292356181893,,,,,,,,,,,,,0.007062483274930512,,,,,,,,,,0.010829126061289988,,,,0.009355910293137048,,,,,0.009980542287470967,,,,,,,,,,,,,,,,,,,,,,,,0.011006474498397973,,,,,,,,,,,,0.007583048130384465,,,,,,0.00777050735324724,,,,,,,,0.012295153696789515,,,,,,,0.00609474748568713,,,,,,0.007246603953130605,0.008662977302126246,,,,,,,,,,,,,,,,,,,,,,,,,,,,,,,,,,,,,,,,,0.0075925999034595106,,,,,,0.009025506289609832,,0.0075527662565323265,,,,,,0.0058128668657976045,,,,,,,,,,,,,,,,,,,,,,,,,,,,,,,,,,,,0.005396151974319908,,,,,,,,,,0.00457111967436603,,,,0.004306965541184565,,,,,0.008496913152614489,,,,,,,,,,,,,,0.012653312360967624,0.00739817107798447,,,,,,,,,,,0.004027015019576041,,0.006787635470167541,0.006504061254580527,0.004153584189649061,0.005785889482824549,,,,,,,,,,,,,,,,,,,,,,,,,,,,,,,,,,,,,,,,
2020-11-30,,,0.019579536604691347,,,,,,,,,,0.018350254355303974,,,,,,,,,,,,,,,,,,,,,,,0.012222602573009852,0.011214358113784507,,,,,,,,0.010224772826937487,,,,,,,,,,,,,,0.010651888723812687,,,,,,,,,,,,,,,,,,,,0.011120184618006373,,,,,,,,0.01261473101232045,,,,,,0.008282799335675656,,,,,,,,,0.012390807090406445,,,,,,,,,0.015568446970032937,0.013513487976200321,,,,,0.012611234655160921,,,,,,,,,,0.012798043727665027,,,,,,0.01824713863937436,,,,,,0.019880848536579197,,0.018577629874013426,,,,,,0.019917638724923352,,,,,,,0.01858480645355507,,,,,,,,,,,,,0.016842210391591426,,0.016620260539064683,,,,0.0121677237033747,,,,,,0.009860782479507993,,,,,,,,0.011767381566799235,,0.017340334865937043,,,,,,,,,0.010775277771917445,,,0.009115616599169605,,,,,,,,,,,,,0.009118446810689098,,,,,,,,,,0.013052862662414398,,,,0.006973667276482987,,0.007414770930149864,,,0.01600511127433476,,,,,,,,,,,,,,,,,,,,,,,,0.019365693458422817,,,,,,,,,,,,0.014155559174933474,,,,,,,,,,,,,,,,,,,,,0.007851399122211099,,,,,,0.010214737690718345,,,,,,,,,,,,,,,,0.010431386012712113,,,,,,,,,,,,,,,0.01335331688976964,,,,,,,,,,,0.012584849340755745,,,,,,0.009874248781528148,,,,,,,,0.01307118685979323,,,,,,,,,,,,,,,,,,,,,,,,,,,,,,,,,0.012066525085519477,,,0.008376715506346666,,,,,,,,,,0.006363596837353249,,,,0.004498180502632165,,,,,0.013142446197875515,,,,,,,,,,,,,,0.010571869423988672,0.013829664118727549,,,0.01447507611931183,,,,,,,,0.004733329000608255,,0.013597332696731237,0.007940494761125412,0.008268404825118595,0.01797206199219425,,,,,,,,,,,,,,,,,,,,,,,,,,,,,,,,,,,,,,,,
2020-12-31,,,0.03714557718567606,,,,0.027226021884170993,,,,,,0.02584999319518392,,,,,0.011098670542313486,,,,,,,,,,,,,,,,,,0.012409024231817306,0.02304605636119968,,,,,,,,0.016485813635738387,,,,,,,,,,,,,,0.013241394376632642,,,0.012248744905558483,,,,,,,,,,,,,,,,,,,,,,,,,0.014898543338629186,,,,,,0.012473055654883741,0.014466959532602179,,,,,,,,,,,,,,,,,0.022377070453418964,0.018918171040189228,,,,,,,0.017233289684394224,,,,,,,,,,,,,,0.031036708214882323,,,,,,0.01926714666123832,,,,,,,,0.03361075659265636,,,,,,,0.022578575308759143,,,,,,,,,,,,,0.017003163335384944,,,,,,0.010616836860153214,,,0.012642863774178562,,,0.022466208383124436,0.03131392663720138,,,,,,0.029464226089814468,0.010623715228111019,,,,,,,,,,,0.013616392266714222,,,0.006643528894279429,,,,,,,,,,,,,0.01111255809855312,,,,,,,,,,0.0205157142285219,,,,0.01824190718186341,,0.014033785214663867,,,0.02474070782652918,,,,,,,,,,,,,,,,,,,,,,,,0.0326607083589701,,,,,,,,,,,,0.021359495193613142,,,,,,,,,,,,,,,,,,,,,0.007445854504313892,,,0.015480288750492887,,,0.017011333798890173,,,,,,,,,,,,,,,,0.02669343218131966,,0.021098964906177624,,,,,,,,,,,,,,,,,,,,,,,,0.017631425445201077,,,,,,0.02157007940816472,,0.013970958701495348,,,,,,0.022188725870947047,,,,,,,,,,,,,,,,,,,,,,,,,,,,,,,,,0.018047812042540152,,,0.01637306153578738,,,,,,,,,,0.010977906536803075,,,,0.00887470122633366,,,,,,,,,,,,,,,,,,,0.04953675314153483,,,,,,,,,,,,0.00521243409275606,,0.01769919883941519,0.00586180287604338,0.008627631356433116,,0.013030324413729739,,,,,,,,,,,,,,,,,,,,,,,,,,,,,,,,,,,,,,,
2021-01-29,,,0.016051018725615304,,,,,,,,,,0.016877048599002853,,,0.010191615824321607,,,,,,0.016639120702668625,,,,,,,,,,,,,,0.00814057768377568,0.01384951052307254,,,,0.01169275635228234,,,,0.01333666442293263,,,,,,,,,0.01678179751249421,,,,,0.019064520661083505,,,,,,,,,,,,,,,,,,,,0.010861469677357865,,,,,,,0.01012985091083604,,,,,,,0.010535721069052945,,,,,,,,,,,,,,,,,,0.022337250467856774,,,,,,0.019218586610435073,0.013714055590077068,0.012830752920820278,,,,,,,,,,,,,,0.015583380951150649,,,,,,,,0.01981194566471084,,,,,,0.021489607492902813,,,,,,,0.023555827854172148,,,,,0.018713655323142734,,,,,,,,0.019916529618387926,,,,,,0.011044992725634901,,,,,0.016102839136490573,0.0130628126658605,,,,,,,0.01975015362098789,0.016928887574685348,,,,0.01706762192395722,,,,,,,,,,0.00835194968650113,,,,,,,,,,,,,0.0098265481035538,,,,,,,,,,0.021396420737955984,,,,0.01588489756120988,,0.01116182978411809,,,,,,,,,,,,,,,,,,,,,,,,,,,0.013927974243830148,,,,,,,,,,,,0.025482371427163884,,,,,,,,,,,,,,,,0.007999303146819339,,,,,0.008997137876840448,,,0.016386839638306058,,,,,,,,,,,0.014320280322873408,,,,,,,,0.0180942251319438,,,,,,,,,,,,,,,0.02155977848136609,,,,,,,,,,,,,,,,,0.016273430413590178,,,,,,,,0.020606404589948273,,,,,,,,,,,,,,,,,,,,,,,,,,,,,,,,,0.0118877610466235,,,0.01422535607983991,,,,,,,,,,0.010214507421562614,,,,0.011356122475296306,,,,,0.015815925938431827,,,,,,,,,,,,,,,,,,,,,,,,,,0.007633323610848443,,0.023799147258252343,0.010443558138818592,0.009685759630625667,0.023006237814411388,,,,,,,,,,,,,,,,,,,,,,,,,,,,,,,,,,,,,,,,
2021-02-26,,,0.024801532470204803,,,,,,,,,,0.021793283893402602,,,0.011839884542730942,,,,,,,,,,,,,0.01035855739566844,,,,,,,0.007760325784928516,0.00838686760349569,,,,0.011495754152934525,,,,,,,,,,,,,,,,,,,,,,,,,,,,,,,,,,,,,,,,,,,,,0.010545767612538915,,,,,,0.013605360994356797,0.006975793318741938,0.018745299491939423,,,,,,,,,,,,,,,,,0.02123995705275112,,,,,0.012036977179863507,0.016577798080341096,0.010907763991698795,0.017014241415623705,,,,,,,,,,,,,,,,,,,,,,,,,,,,,,,,,,,0.020272778548361122,,,,,0.011686892733002892,,,,,,,,0.015728806178878185,,,,,,0.006626588038339801,,,0.01099611569188639,,,,,,,0.012297366410118917,,,,0.009939743609593574,,0.019223113146317694,,0.013943203471120384,,,,,,,,,,0.008797587027121283,,,,,,0.011973200773624418,,,,,,,0.007693810120660842,,,,,,,,,,,,,,,,0.009389198210067371,,,,,,,,,,,,,,,,,,,,,,,,,,,0.02121710406633838,,,0.013733553918878557,,,,0.011128919009324898,,,,,0.01869824731097019,,,,,,,,0.02219828990772255,,,,,,0.020852257548943938,,0.011034106075105524,,,,,0.007732929712541334,,,0.015715934960404136,,,,,,,,,,,,,,,,,,,0.013996267043787787,,,,,,,,,,,,,,,0.021699847314982364,,,,,,,,,,,,,,,,,,,,,,,,,0.01813928774896521,,,,,,,,,,,,,,,,,,,,,,,,,,,,,0.012740862916887152,,,,0.014694518497268664,,,0.009386491273064106,,,,,,,,,,0.008517420666840352,,,0.00785660138879062,0.008240079424363687,,,,,,,,,,,,,,,,,,,,,,,,,,,,,,,0.0062725055994337425,,0.017342634940506352,0.012400063303096379,0.009797051110390241,0.024266061223642242,,0.01793549376316507,0.014904951557257542,,,,,,,,,,,,,,,,,,,,,,,,,,,,,,,,,,,,,
2021-03-31,,,0.016713978613094684,,,,,,,,,,,,,0.012844509581868235,,,,,,0.016794552538828573,0.014404200777702096,,,,,,,,,,,,,0.006758513013305285,0.008357017843409958,,,0.011514679782350011,0.009087354554228553,,,0.014898271828104633,,,,,,,,,,,,,0.013380382772089642,,,,,,,,,,,,,,,0.010298995818168871,,,,,,,,,,,,,,0.011289058315642756,,,,,,,0.010711145444484454,0.005480288089616269,,,,,,,,,,,,,,,,,,,,,,,,0.01695568157260512,,,,,,,,,,,,,0.00926209489622042,0.011593942281564008,,,,,,,,,,,,,,,,,,,,,,,,,,,0.014848634197442794,,0.016437003247495217,0.016442946043447305,,,,,,,,,,,0.008311824165978046,,0.01590384578711998,,,,,,,,,,,,,,,,,,,,,,,,,,,,,,,,,,,,,,,0.007552105112193178,,,,,,,,,,,,,,,,,0.012443460388789929,,,,,,,,,,,,,,,,,,,,,,,,,,,,,0.012367094476154215,,,,,,,,0.005986463376772201,,,,,,,,,,,,,,,,,,,,,,0.004873454410317047,,0.010798285102828676,0.018912311832767936,,,,,,,,,,,,,,,,,,,0.01304670522757479,,,,,,,,,,,,,,,,,,,,,,,,,,,,0.007209422647592797,,,,,,,,,0.011734767327743461,,0.013933949803154811,,,,,,,,,,,,,,,,,,,,,,,,0.014589812938967042,0.006671042083725006,,0.00958460884767087,,,,,,0.016110598749768976,0.013683460980964337,,0.006789894085228855,0.008625649306502992,0.01718357439302253,,,,0.011476129879340678,,,0.008475325155392547,,0.005751656060383848,,0.02061522497887782,,0.006015795902413684,,,,0.006700808386238781,0.014830381433268007,,,,,,,,,,,,,,,,,0.008979753561369182,,,,,,,,,0.00536502157206203,,,0.0060101599953032445,0.006582625935776554,,,,0.013417636158589041,0.014502062529401267,,,,,,,,,,,,,,,,,,,,,,,,,,,,,,,,,,,,
2021-04-30,,,0.026351117164961815,,,,,,,,0.015305439328596909,,,,,0.01898459855236589,,,,,,0.028532087653607957,0.014659821181515717,,,0.008894281717418406,,,,,,,,,,0.0062155597334386465,0.013136479810170671,,,0.012538120646719676,0.01106066661418993,,,,,,,,,,,,,,,,0.014611789638451344,,,,,,,,,,,,,,,,,,,,,,,,,,,,0.01197391897887041,0.01285308150231725,,,,,,0.014158114390388941,0.007516968065465237,0.00953358561396569,,,,,,,,,,,,,,,,,,,,,,,,0.018550340068110033,,,,,,,,,,,,,0.011672802110602724,0.01283456423377395,,0.007180961537143066,,,,,,,,,,,,,,,,,,,,,,,,0.018413285574731885,,,0.022536903115704086,0.011817200502954895,,,,,,,,,,,0.007962981374229804,,0.015441284418311779,,,,,,,,,,,,,,,,,,,,,,,,,,,,,,,,,,,,,,,,,,,,,,,,,,,,,,,,0.011316467569524086,,,,,,,,,,,,,,,,,,,,,,,,0.017760302240154506,,0.01936494826082977,,,0.011416955294467596,,,,,,,,,,,,,,,,,,,,,,,,,,,,,,0.00622899044388484,,,0.012661630747034986,,,,,,0.02075646680392916,,,,,,,,,,,,,0.018323706282971388,,,,,,,,,,,,,,,,,,,,,,,,,,,,0.009422064003241401,,,,,,,,,0.00997244635319751,,,,,,,,,,,,,,,,,,,,,,,,,,,0.011416033199287287,,0.010708856633458858,,,,,,0.02112731533042115,0.015876050910574004,,,,,,,,0.010768456125268562,,,,,0.007841907985764488,,,,0.010333641751275139,,,,0.00860735554279091,0.016493236102679082,,,,,,,,,,,,,,,,,0.013575671736815207,,,,,,0.019674454335401954,0.013027733190513986,,0.005486857592446662,,0.013485537690675592,0.007797772985490831,,,,,0.016983056224314088,0.017505290923118137,0.016055277797260535,0.009908030143186749,,,,,,,,,,,,,,,,,,,,,,,,,,,,,,,,,,
2021-05-31,,,0.015269918454803376,,,,,,,,0.011828157763548262,,,,,0.016683659613185815,,,,,,0.01181766006783233,0.022398250671333223,,,,,,,,,,,,,0.00884150818498268,0.011057331024240578,,,0.022575529864954404,0.010313845293904075,,,0.02396795239840315,,,,,,0.022363647509195707,,,,,,,0.016378557081888213,,,,,,,,,,,,,,,0.010075877779863985,,,,,,,,,,,,,0.017462801355767946,0.015396175218355157,,,,,,,0.00861759549784464,,,,,,,,,,,,,,,,,,,,,,,,,0.016907517029248403,,,,,,,,,,,,,0.012136954294580834,0.012286475520282454,,0.00846342547223392,,,,,,,,,,,,0.022950637563399143,,,,,,,,,,,,0.03223640377420287,0.015942875437527742,,0.02264818929337943,0.018135781287056816,,,,,,,,,,,0.010878303064120265,,,,,,,,,,,,,0.0159200685448559,,,,,,0.013370280289063795,,,,,,,,,,,,,,,,,,,,,,,,,,,,,,,,,,,,,,,,,,,,,,,,,,,,,,,,,,,,,,,0.022938977299654374,,,,,0.013442688175357636,,,,,,,,,,0.010674119081047453,,,,,,,,,,,,,,,,,,,,0.010094112304187575,,,,,,,,,0.010288399547916546,,,,0.01014932010160078,,,,,,,,,0.015816616475777458,,,,,,,,,,,,,,,,,,,,,,,,,,,,0.009487095963194818,,,,,,,,,0.018612801906829027,,,,,,,,,,,,,,,,,,,,,,,,,,,0.009002468532691753,,0.011307496992097255,,,,,,,0.016856775886895208,,,,,,,,0.01834839777167204,,,0.009663113995986041,,0.007696843551857742,,,,0.004102605025603423,,,,0.012191008262624007,0.014864979632288505,,,,,,,,,,,,,,,,,,,,,,,0.01826317907612453,0.016578961616091476,,0.007696839511130414,,0.01683037350246614,0.01083690249173835,,,,,0.011897230791585887,0.011592813266577651,0.018195112115495043,,,,,,,,,,,,,,,,,,,,,,,,,,,,,,,,,,,
2021-06-30,,,0.03291363397321306,,,,,0.01735395480115751,,,,,,,,0.015736592830674627,,,,,,,0.0190997754411479,,,,,,,,,,,,,0.01136426786767893,0.014830073225542589,,,0.012199846182384844,0.010607230062068951,0.01098332168508568,,0.013210104511737857,,,,0.01439182892599112,,0.03494030724287537,,,0.013921651259761704,,,,0.015629295701371983,,,,,,,,,,,,,,,0.014415309041453305,,,,,,,,,,,,,0.011596982642898351,0.010252248830342184,,,,0.016705639638510673,,,,,,,,,,,,,,,,,,,,,,,,,,,,0.018677494734656786,,,,,,,,,,,,0.022939488022806025,0.010221648653607668,,,0.011968615896222301,,,,,,,,,,,,,,,,,,,,,,,,0.021957874274755654,,,0.02383054092633109,0.01576196469945494,,,,,,,,,,,0.012040163450705566,,0.018423578189263306,,,,,,,,0.017528941026646667,,,,,,,,,,,,,,,,,,,,,,,,,,,,,,,,,,,,,,,,,,,,,,,,,,,,,,,,,,,,,,,,,,,,,,,,0.01759045532739026,,,,,0.012295760217287989,,,,,,,,,,,,,,,,,,,,,,,,,,,,,,0.010177529581543566,,,,,,,,,,0.013904305975152083,,,0.00980133552449813,,,,,,,,,,,,,,,0.017850490473520678,,,,,,,,,,,,,,,,,,,,,,0.014960841376464284,,,,,,,,,0.012325772436930123,,,,,,,,,,,,,,,,,,,,,,,,,,,0.0132251382220141,,0.013514617533725288,,,,,,,0.015179819018118938,,,,,,,,0.012745975399743833,,,0.008505748197863943,,0.010252717226647171,,,,,,,,0.013557125094825555,0.025463404941603218,,,,,,,,,,,,,,,,,,,,,,,0.01620784037677727,0.015142209302932438,,0.007047886051508417,,0.014304290732539995,0.008024218563174708,,,,,0.019854805936195728,0.017174194383072917,,0.012275704481670216,0.024638941220571375,0.011998053924921127,,,,,,,,,,,,,,,,,,,,,,,,,,,,,,,,
2021-07-30,,,0.02768266168245041,,,,,,,,,,,,,0.014701769122820152,,,,,,0.01830969300969236,0.010796308687955569,,,,,,,,,,,,,0.007657386127311729,0.00829526517710365,,,0.009658159161000239,,,,0.010571902140299972,,,0.011180923759048441,0.012096338960515624,,,,,0.008749774349158426,,,,0.008406411002013923,,,,,,,,,,,,,,,0.009045189008795787,,,,,,,,,,0.017886120868430905,,,0.009398823229587723,0.01040899132777459,,,,,0.019245558338424232,,,,,,,,,,,,,,,,,,,,,,,,,,,0.014839282088789672,,,,,,,,,,,,0.028341587041836258,0.010749251068274387,,,0.008039756666496055,,,,,,,,,,,,,,,,,,,,,,,,,,,0.018057264592491323,0.012548804402296151,,,,,,,,,,,0.013156348596997665,,0.014775258769713986,,,,0.009883137273164297,,,,,,,,,0.016801710978365338,,,,,,,,,,,,,,,,,,,,,,,,,,0.014956028738556866,,,,,,,,,,,,,,,,,,,,,,,,,,,,,,,,,,,,,,,,,,,,,,0.00992721552586289,,,,,,,,,,0.010282673531807814,,,,,,,,,,,,,,,,,,,,0.010419467007983718,,,,,,,,,,0.010894493491136317,,,0.006729913314002933,,,,,,,,,0.016744765244700976,,,,,,,,,,,,,,,,,,,,,,,,,,,,,,,,,,,,,0.009826833777829523,,,,,,,,,0.0094268892062697,,,,,,,,,,,,,,,,,0.014765666829935567,0.011570511057603395,,0.008988023569317006,,,,,,,0.013784896159648206,,,,,,,,0.009586054242623411,,,0.007907851741123708,,,,,,,,,,,0.02192664675462884,,,,,,,,,,,,,,,,,0.016097384104122082,,,,,,0.008159127186873992,0.010762749592183629,,0.0050812117484814855,,,0.01074819257067064,,,,0.013018645672113204,0.01527406164014051,0.015192586185172977,,0.01030095931329018,0.01866227296403813,0.009467602217490002,,,,,,,,,,,,,,,,,,,,,,,,,,,,,,,,
2021-08-31,,,0.01613071595461869,,,,,,0.014517958670126695,,,,,,,0.011609115471491472,,,0.015426134774581988,,,0.020098973798435046,0.020114283070922757,,,,,,,,,,,,,0.006736867003609842,0.014825807564226681,,,,,0.009712283906971998,,0.009907926329887974,,,0.013424784764435083,,,,,,,,,,0.013675523328486717,,,,,,,,,,,,,,,,,,,,,,0.01888216195230419,,,,,,,0.009583468085444644,,,,,,,0.007949504308106056,,,,,,,,,,,,,,,,,,,,,,,,,,,,,,,,,,,,,0.016520402113065217,,,,0.009540120705893903,,,,,,,,0.01209915223638336,,,,,,,,,,,,,,,,0.016915894086234524,,,,0.012901658896530901,,,,,,,,,,,0.010864949175092986,,0.019074113531712993,,,,,,,,,,,,,0.02519823940726484,,,,,,,,,,,,,,,,,,,,,,,,,,0.009877067119821096,,,,,,,,,,,,,,,,,0.009879112055259086,,,,,,,,0.009385548389199505,,,,,,,,,0.0294743011963257,,,,,,,0.018037408620262846,,,,,0.010460238461494622,,,,,,,,,,0.01151528630772748,,,,,,,,,,,,,,,,,,,,,,0.01124854303134497,0.01803026317622643,,,,,,,0.01138446028481806,,,,,,,,,,,,,,,,,,,,,,,,,,,,,,,,,,,,,,,,0.010400026742457337,,,,,,,,,0.01072706967715239,,,,0.020366187728097517,,,,,0.014840916259093477,,,,,,,,,,,,,,0.02760935543469852,,,,0.011091865039888689,,0.009145970877803928,,,,,,,,,,,0.03046969887005681,,,,,,,0.00678836078430738,,,,,,0.006049057388363949,,,,0.011057121102624606,0.019801363839214402,,,,,,,,,,,,,,,,,0.013929553194798298,,,,,,0.012852794192506973,0.008765632074673412,,0.003059906532297908,,,0.006759401634142717,,,,0.014859474023620303,,,0.018857547607577924,,0.02874598021376672,0.006325325058617809,,,,,,,,,,,,,,,,,,,,,,,,,,,,,,,,
2021-09-30,,,0.021876734254628993,,,,,,0.0133746485155268,0.019339223253181794,,,,,,,,,0.010258378579103269,,,0.020329807225672337,0.02220273676644017,,,,,,,,,,,,,,0.015528617685813815,,,,,0.011232125917981834,,0.012709370830369696,,,0.015262924600712905,,,,,,,,,,0.01700899321095758,,,,,,,,,,,,,,,0.010113354696436394,,,,,,,,,,,,,,0.010709569185789573,,,,,0.014535417519041895,,0.010763677270783353,0.009551232858424902,,,,,,,,,,,,,,0.017532944413357274,,,,,,,,,,,,,,,,,,,,,,0.01422163522283656,,,,0.007436899060539643,,,,,,,,0.011761687819884833,,,,,,,,,,,,,,,,,,0.014830073580270397,,0.013358879664184066,,,,,,,,,,,0.009945491084445942,,0.016777067282783414,,,,,,,,0.020893690438223356,,,,,0.021934925913177656,,,,,,,,,,,,,,,,,,,,,,,,,,0.01832104685387501,,,,,,,,,,,,,,,,,0.010605128278962716,,,,,,,,0.014381468205759041,,,,,,,,,,,,,,,,0.018684051547543684,,,,,0.008376586650097715,,,,,,,,0.016669589126224127,,0.013889325911945192,,,,,,,,,,,,,,,,,,,,,,,0.014103849417864082,,,,,,,0.011224120819444478,,,,,,,,,,,,,,,,,,,,,,,,,,0.009695648173101453,,,,0.025462237374288522,,,,,,,,,,,,,,,,,,,,,,,,,,,,0.011415407259415956,,,,,,,,,,,,,,0.01870048366495423,,,,0.01011445200786133,,0.01015080311742549,,,,,,,0.008076885596063866,,,,,,,,,,,0.006807120900550951,,,,,,,,,,,0.012404278947637784,,,,,,,,,,,,,,,,,0.011704765985384327,,,,,,0.01601783342300226,0.012422759632980222,,0.006089959520088815,,,0.011576719765891643,,,,0.0157597122894889,,,0.015863180926313024,,0.014152428254208064,0.009277334396546133,0.006620929602150645,,,,,,,,,,,,,,,,,,,,,,,,,,,,,,,
2021-10-29,,,0.02200587954305192,,,,,,0.01850200384086132,,,,,,,0.018659883796641998,,,0.012264475522015974,,,,0.02091596684682072,,,,,,,,,,,,,,,0.010121254615871551,,0.017552511785597344,,,,0.01118896042619812,,,0.01718323084935219,,,,,,0.023861759811779754,,,,0.020478417583740874,,,0.026344714813244952,,,,,,,,,,,,0.011184175863492013,,,,,,,,,,,,,,0.011293040955052977,,,,,0.015349384120643619,,0.010984497621709007,0.01650773472525419,,,,,,,,,,,,,,,,,,,,,,,,,,,,,,,,,,,,0.020380147216956062,,,,,,,,,,,,0.01483878384333121,0.0176818519420511,,,,,,,,,,,,,,,,,0.02663958142638091,,0.021751017316726365,,,,,,,,,,,0.012752692506410774,,,,,,,,,,,,,,,,,,,,,,,,,,,,,,,,,,,,,,,,,,,,,,,,,,,,,,,,,,,,,,,,,,0.01376578526945151,,,,,,0.012214971718067902,,,,,,,,,,0.014740332273335684,,,,,,,,,,,,,0.023389483792968856,,0.009298888258157991,0.02304381684155097,,,,,,,,,,,,,,,,,,,0.009134407518313955,,,0.01960861425562177,,0.01284622468474389,,,,,,,,0.01358818839689686,,,,,,,,,,,,,,0.017976852919421388,,,,,,,,,,,,,0.026141831115421912,,,,,,,,,,,,,,,,,,,0.01285232960215266,,,,,,,,,0.01931005775368367,,,,,,,,,,0.010488432402612219,,,,,,,0.02787708631691703,0.016132142685106945,,,,,,,,,0.015425845295300233,,,,,,,,,,,0.010785245262791626,,,,,,,,,,,0.015765553558817882,,,,,,,,,,,,,,,,,0.018687025332440623,,,,,,0.021592777568667287,0.02807519769301233,,0.00770870666716472,,,0.010415411679747775,,,,0.01825523786290839,0.020734008453352024,,,,,0.01199544007297733,0.013704201444194496,0.025486334305622072,0.017457722635837197,,,,,,,,,,,,,,,,,,,,,,,,,,,,,
2021-11-30,,,0.01596769819082602,,,,,,0.018466675233384792,0.019128503745336443,,,,,,,,,0.010843446992200781,,,0.014519282843517153,0.012386545656606624,,,,,,,0.017062077804774874,,,,,,,,0.012680372679095475,,0.017577301117643405,0.009963993639982106,0.01072803328419763,,0.01592495637048494,,,0.016805176178435816,,,,,,,,,,0.00999388796429363,,,,,,,,,,,,,,,0.010786634674416335,,,,,,,,,,0.018515814691995907,,,,0.016618824948047797,,,,,,,,0.008949663295552673,,,,,,,,,,,,,,,,,,,,,,,,,,,,,0.007816532460972315,,,,,,,0.01307909478948035,0.008484975504890808,,,,,,,,0.0200670816462365,,,0.011355884240623722,,,,,,,,,,,,,,,,,,0.02367943465959618,,0.01797949152826462,,,,,,,,,,,0.011876289086494013,,,,,,0.006401220704848886,,,,0.013031566742956871,,,0.011793154457905203,,0.01813006838181667,,,,,,,,,,,,,,,,,,,,,,,,,,,,,,,,,,,,,,,,,,,0.012366672689331408,,,,,,,,0.013326532811388164,,,,,,0.015052289548001844,,,,,,,,,,0.024662751396067,,,,,,,,,,,,,0.009071976944313045,,,0.016217644143394216,,,,0.00851875076480215,0.015914063722096757,,,,,,,,,,,,,,0.006457909097052309,,,,,,,,,,,,,0.008601852213793277,,,,,,,,,,,,,,0.012527325100147249,,,,,,,,,0.010615784555375377,,,,0.0231585968691103,,,,,,,,,,,,,,,,,,,,,,,,,,,,,,,,,,,,,,,,,,0.019408530134202108,,,,,,,,,,,,,0.010704893190757325,,,,0.015141394780868568,,,,,,,0.00854672291241532,,,,,,,,,,,0.00992126546022306,,,,,,,,,,,,,0.023992860639713582,,,,0.01634071886894565,,,,,,,,,0.0031608727676195876,,,0.00704966085550807,,,,0.017464642689314427,,,,,,0.009603840836147546,,,,,,,,,,,,,,,,,,,,,,,,,,,,,,,,
2021-12-31,,,0.01400395264316519,,,,,,0.014933230249409204,0.01857963123190103,,,,,,,,,0.00872119990480934,,,,,,,,,,,,,,,,,,,0.00694280442190982,,0.014632295309467297,0.010608835930218538,0.0076549301080749135,,,,,,0.011761661204204897,,,,,,,,,0.012711987189887709,,,,,,,,,,,,,,,,,,,,,,,,0.01601306766073196,0.019491372983672005,,,,0.012419877400454872,,,,,,0.013245044809185261,0.008817348784244724,0.010484486297292822,,,,,,,,,,,,,,,,,,,,,,,,,,,,,0.010651394644976218,,,,,,0.016423252260750584,0.010284226553990193,,,,,,,,,0.01469387108222292,,,0.006334786862260275,,,,,,,,,,,,,,,,,,,0.017536330842482316,0.018833548124660187,,,,,,,,,,0.0161224027762084,0.009709103099914703,0.02059636552390395,,,,,0.005796011312688472,0.011316476409255495,,,,,,0.01047564896019185,,0.0353877152123092,,,,,,,,,,,,,,,,,,,0.015814937844370897,,,,,,,,,,,,,,,,,,,,,,,,0.01345740961914353,,,,,,,,0.011753247560152424,,,,,,0.01261305006414194,,,,,,,,,,,,,,,,,,,,,,,,0.014176450590293812,,0.008665295447662614,,,,,0.013473343168242388,,,,,,,0.010694425960787539,,,,,,,0.006059372679571738,,,,,,,,,,,,,0.007893833256304768,,,,,,,,,,,,,,,,,,,,,,,0.009488588323451069,,,,0.02441268501797191,,,,,,,,,,,,,,,,,,,,,,,0.020660238502598634,,,,,,,,,,,,,,,,,,,0.018892694099565715,,,,0.008268302333185908,,,,,,,,,0.014093274053856842,,,,0.021374037679040666,,,,,,,0.006898580622093517,,,,,,,,,,0.0069426200036081034,,,,,,,,,,,,,,,,,,0.013038503995983625,,,,,,,,,0.004946275313334082,,,,,,,,,,,,,0.007474219086512603,,,,0.01608577877323359,0.008634864884355952,,,,,,,,,,,,,,,,,,,,,,,,,,,
2024-05-31,,,0.010422329406476779,,,,,0.018212872030579957,,,,,,,,,,,,,0.019951067603226715,,,,,,,,,,,,,,,0.010241498743563103,,,0.014074512228168088,,,,,,,,,,,,,,,,,,0.02059045950287972,,,,0.0051804958515501145,,,,,,,,,,,,,,,,,,0.007179928099772071,,,,,,,0.012904057181407351,0.018307119972506444,,0.02415533600639003,,,,,0.007899685579248293,,,,,,,,,,,,,,,0.014457680197174682,,0.014978163391380932,,,0.02144737475418451,,,,,,,,,,,,,0.017764201430895393,,,,,,,,0.02813581867635812,,,,,,,,,,,,,,,,,,,,,,,,,,,,,,,,,,,,,,,,,,0.02551381672501117,,0.008057951186174136,0.023446799657931953,,,0.015861518244981596,,,0.011448215241753802,,,,,,,,,,,,,,,,,,,,,,,,,,,,,,,,,,,,,,,,,,,,,0.023849413730948635,,,,,,,,,,,,,,,,,,,,0.013109350755444496,0.02227826550272697,,,,,,,0.010912406972524118,,0.016129828766746374,,,,,,,0.007695505995788752,,,0.015030281392836232,,,,,0.014132609654604363,,,,,,,0.029954686935793222,0.027012238181784037,,,,,,,,,,,0.017042044993976182,,,0.026222775270456584,,,0.026539220875477425,0.01768490681680735,0.021530493041399854,,,,,0.020605900853392853,,,,,,,,,,,,,,,,,,,0.014057633516566494,,,,,,,,,,,,,,,,,,,,,0.0227931671785584,,,,,,0.01740035035253132,,,,0.01606023775191712,,,,,,,,,0.018962519776345704,,,,,0.024951156223720888,,,,,,,,,,,,,,,,,,,,,,,,,,,,,,,,0.006615099740336566,,,,,,,,,,,,,,,,,,,,,,,,,,,,,,,,0.008824166370717054,,,0.011705942738974446,,,,,,,,,,,,,,0.004392889659023015,,,,,,,0.009544103253433026,,0.005105153355489017,,0.005423784938726409,0.006287335039258423,,0.014889627839590224,0.029451695111837907,0.013452674628896861,,,,,,,,,
2024-09-30,,,0.018636384705175126,,,,,0.012154479677420359,,,,,,,,,0.010440560340052198,,,,,,0.019723986242034055,0.011007912288153563,,,,,,,,,,0.015082359694542826,,,,,,0.013596806227756823,,,,,,,,,,,0.01095624538957623,,,,,,0.019968532735468333,,,,,,,,,,,,,,,,,,,,,,0.008191316463434588,,,,,,,,0.011611499864200797,,,0.011636182046843396,,,,0.008564206739543813,,,,,,0.010974194333328295,0.032127364126789494,0.010223264192391885,,,,,,,,,,,,,,,,,,,,,,,,,0.01809808037083216,,,,,,0.014012930421313345,0.006820969208549683,,,,,,,,,,,,,,,,,,,,,,,,,,,,,,,,0.0047716435962936775,,,,,,,,,,,,,0.005113084721233957,0.015838813276793037,,,0.011260592685878102,,,0.010870309569798963,,,,,,,,,,,,,,,,,,,,,,,,,0.021050739987324464,,,0.010114508465177887,0.01287459037330789,,,,,,,,,,,,,,,0.005090355970558138,0.009977106727514335,,,,,,,,,,,,,,,,,,,,0.011610205938578729,0.02108148757564807,,,0.01785883968061912,,,,0.013806700044568488,,,,,,,,,0.007840589843818609,,0.01236189048964922,0.012274248437018773,,,,,,,,,,,,,,,,,,,,,,,,0.006729923727520179,,,,,,0.01736415514389214,0.01261041421115552,,,,,,,,,,,,,,,,,,,,,,,,,,,,,,,,0.014780892004330796,,,,,,,,,,,,,,0.015229853417582132,,,,,,,,,,0.008275808434425639,,,,,,,,,0.009463777833921327,,,,,,,,,,,,,,,,,,,,,,,,,,0.011616709024758434,,,,,,,,,,,0.0035138869728385197,,,,,,,,,,,,,,,,,,,,,,,,,,,0.011992266379030062,,,,,,,,,,,,,,,,0.00544081761279908,,,,,,,0.01830098106516071,,,,,,0.003214912443780045,,0.004297746986711424,,0.006666089807038716,0.004379989283126297,,,0.025850965612586534,,0.014843789357683053,0.03800158789548089,,,,,,,
2010-07-30,,,,0.01349639528606011,,,,,,,,,,,,,,0.008099908406930584,,,,0.01385897901560096,,0.009120832265206534,,,,,,,0.008769949438390042,,,,,,,0.008071027146814241,,,,,,,0.008911806000901629,0.008893515781747742,,,,0.013629793587062336,0.015799800158835177,0.013709553455996382,0.004928991798898517,,,0.008113184251550307,,,,,0.007092013498524713,0.008815361452832625,0.0068794972105318064,0.008421123764144084,,0.012203870900206438,,0.0055519968505332185,,,0.005438123505404634,,0.014649283667647426,0.01093725774987974,0.010712824428330804,0.008271862607431573,,,0.007144084832242637,,,,0.011428318472375656,0.01127477513380488,0.006136479430487612,,0.0047814881043904515,0.015120190266741083,0.008994733564066318,,,,0.009367797123704589,0.007335945833864415,0.007868154166257286,0.008295517692715042,0.006033570671796075,0.017921874936612552,0.013450710864208296,0.01327764690045275,0.013237629353014277,0.013117953545992562,0.012910957380931587,0.010886913189604658,0.010046837500717415,0.009190440986364491,0.008758984909282185,0.007670922671368704,0.007380252199579156,,,,,,,,,,,,,,,,,,,,,,,,,,,,,,,,,,,,,,,,,,,,,,,,,,,,,,,,,,,,,,,,,,,,,,,,,,,,,,,,,,,,,,,,,,,,,,,,,,,,,,,,,,,,,,,,,,,,,,,,,,,,,,,,,,,,,,,,,,,,,,,,,,,,,,,,,,,,,,,,,,,,,,,,,,,,,,,,,,,,,,,,,,,,,,,,,,,,,,,,,,,,,,,,,,,,,,,,,,,,,,,,,,,,,,,,,,,,,,,,,,,,,,,,,,,,,,,,,,,,,,,,,,,,,,,,,,,,,,,,,,,,,,,,,,,,,,,,,,,,,,,,,,,,,,,,,,,,,,,,,,,,,,,,,,,,,,,,,,,,,,,,,,,,,,,,,,,,,,,,,,,,,,,,,
2010-08-31,,,,0.039705112507400525,,,,,0.015338579082646943,,,,,,,,,0.010756015121773946,,,,0.01993411182370976,,0.022345102618968514,,,,,0.014241541310303831,,0.013160207460560765,0.017595677959740673,,0.014542566809031715,,,,0.012620110594353681,,,,,,,0.010922834291767759,0.012014977736212377,,,,0.03423125577071158,0.02396499030831147,0.014669177880866262,,,,0.013577928045886041,,,,,0.004937520856287984,0.01595418201935143,0.012754063072977419,0.010026396516275508,,,,0.011776510673766867,,0.013324114058539536,0.011031909623621449,,0.028336991125218442,,0.019267261550546425,,,,0.015311216860254821,,,,,0.007165528134492685,,,0.008776402716073568,,,,0.011089443991565895,0.01577072248348689,0.017430305390327062,,0.02155966214317407,0.018575135500910753,0.012360734485664356,,,,,0.019867956702642808,,,0.04105736066902985,0.016048692992607534,0.01654293521879646,,,0.03062750543628344,0.025687565626545873,0.02405902711819973,0.02307064281653434,0.020322254058694554,0.01964308234820316,0.01920770997211499,0.01821032531622978,0.016673765030843307,0.010115097624978127,,,,,,,,,,,,,,,,,,,,,,,,,,,,,,,,,,,,,,,,,,,,,,,,,,,,,,,,,,,,,,,,,,,,,,,,,,,,,,,,,,,,,,,,,,,,,,,,,,,,,,,,,,,,,,,,,,,,,,,,,,,,,,,,,,,,,,,,,,,,,,,,,,,,,,,,,,,,,,,,,,,,,,,,,,,,,,,,,,,,,,,,,,,,,,,,,,,,,,,,,,,,,,,,,,,,,,,,,,,,,,,,,,,,,,,,,,,,,,,,,,,,,,,,,,,,,,,,,,,,,,,,,,,,,,,,,,,,,,,,,,,,,,,,,,,,,,,,,,,,,,,,,,,,,,,,,,,,,,,,,,,,,,,,,,,,,,,,,,,,,,,,,,,,,,,,,,,,,,,
2014-08-29,,,,0.028713247009212708,,0.02341143526802243,,,,,0.026918571302377403,,,,,,0.016569832896397626,,0.021115204980042653,,,,0.02294155363493205,,,,0.016751698303463087,,0.02408673844738781,,,,,,,,,,,,,,0.012892344110517548,,,,,,,,,,,,,,,,,,0.008252997453013609,,0.012944762196581172,,,,,,0.012653518028352942,,0.009680048249846787,,,,0.016254446958440246,,,,,0.02674319049979663,,,,,,0.022290840638978928,0.01570344613453251,,,0.034372932674710734,,0.027887537135831697,,,,,,,,,,,,,,,,,,,,,,,,,0.025755077965927055,,,,,,,,,,,,,,,,,0.013584790440877533,,,,,0.024264454889041977,,,,,,,,,,,,,,,,,,,0.02161627499585335,,,,,,0.02683352665816882,0.026384499923773647,0.011175352765822533,,,0.030124594943763683,,0.018525281276508425,0.028957924699541605,,,0.0104975736671279,,,,,,,,,,,,,,,,,,,,,,,,,,,,,,,,,,,,,,,,,,,,,,,,,,,,,,,,0.014256736995152616,,0.019201329016223716,,,,,,,0.01719365512251811,,,,,,,,,,,,,,,0.02243806941206684,,,,,,,,,,,,,,,,,,,,,,,,,,0.019263629488580677,,,,,,,,,,,,,,,,,,,,,0.02039600310167566,0.01038241229994618,0.029588588931580086,,,,0.019636609440356598,0.02554038202374165,,,,0.020876430016335386,,,,0.011880463794008337,0.012313814820179443,,,0.025710623123927228,0.028164645612036302,0.025699951392480498,0.02459056720696331,0.02051720031996835,0.014445189733414007,,,,,,,,,,,,,,,,,,,,,,,,,,,,,,,,,,,,,,,,,,,,,,,,,,,,,,,,,,,,,,,,,,,,,,,,,,,,,,,,,,,,,,,,,,,,,,,,,,,,,,,,,,,,,,,,,,,,,,,,,,,,,,,,,,,,,,,,,,,,,,,,,,,,,,,,
2014-09-30,,,,0.0189991081045721,,0.013645743963448401,,,,,0.017828973145402778,,,,,,0.01925046800694325,,0.023380699845070338,,,,0.02931027801880769,,,,0.012150899371758629,,0.021826143763851752,,,,,,,,,0.011038574980892427,,,,,0.0077435289847653695,,,,,,,,,,,,,,,,,,,,0.013897618455515657,,,,,,,,0.014160217569862783,,,,0.014680434692825952,,,,0.015053147405534519,0.024513329437584733,0.028204564910216758,,,,,0.019232375704291604,0.01583873967127586,,,0.011672826181954886,,0.02317265331213479,,,,,,,0.03850292248617645,,,,,,,,,,,,,,,,,,0.023869629898635458,,,,,,,,,,,,,,,,,0.006416873168144479,,,,,0.021041744634344505,,0.01670858166993267,,,,,,,,,,,,,,,,,,,,,,,0.014810121291385172,0.02489028351663617,0.01681695901035185,,,,,,0.02539468666380886,,,,,,,,,,,0.012333046704042278,,,,,,,,,0.011970586418393709,,,,,,,,,,,,,,,,,,,,,,,,,,,,,,,,,,,,,,,0.02485309351427216,,0.020786467943610453,,,,,,,0.012156310852430519,,,,,,,,,,,,,,,0.01688134258231255,,,0.02002854450729517,,,,,,,,,,,,,,,,,,,,,,,0.022860893746960088,,,,,,,,,,,,,,,,,,0.023467102699075728,0.016955407236495208,,0.014923918431203921,0.010141055625463163,,,,,0.023344591268883167,0.0252618169097703,,,,0.024046749218856692,0.029237621146880933,,,0.007868632220633687,0.012957827904102992,,,,,0.03027993696172998,,0.02419447238119782,,,,,,,,,,,,,,,,,,,,,,,,,,,,,,,,,,,,,,,,,,,,,,,,,,,,,,,,,,,,,,,,,,,,,,,,,,,,,,,,,,,,,,,,,,,,,,,,,,,,,,,,,,,,,,,,,,,,,,,,,,,,,,,,,,,,,,,,,,,,,,,,,,,,,,,,,
2014-10-31,,,,0.01938432226632203,,0.01754090090385246,,,,,0.010381973123308177,,,,,,0.008414192073145145,,,,,,,,,,0.006804758141201705,,0.011036965359782158,,,,,,,,,,,,,,0.007816852374039845,,,,,,,,,0.015806241186480947,,,,,,,0.01035373982549326,,0.0076588534821796506,,,,,,,,,,,,,,0.009672466923737568,,,,0.009335473986123867,,,,,,,0.007453887790133594,0.005727595003172151,,,,,,,,,,,,0.02182348811100033,,,,,,0.009588353174278152,,,,,,,,,,,,,,,,,,,,,,,,,,,,,0.005513708297968544,,,,,0.013730574693953838,,0.014942062677791612,,0.0130252207839357,,,,,,,,0.011402152669510394,,,,,,,,,,,,,0.008316290123347789,0.016408099678047978,0.007081475666945371,,,,,,,,,,,,,,,,,0.016053770842297168,,,,,,,,,0.006705149342877148,,,,,,,,,,,,,,,,,,,,,,,,,,,,,,,,0.009055896264321578,,,,,,,0.008016495162919636,,,,,,,,0.018985231748173247,0.010545971334670709,,,,,,,,,,,,,,,0.013093844101844474,,,0.01338146448488069,,,,,,,,,0.01214544815628469,,,,,,,,,,,,,,,,,,,,,,,0.007713863503624742,,,,,,,,,,0.010989460295166224,,0.011721693590123882,,0.01938544152271606,,,,,,,0.018757818997056128,,,,,,0.008007109947211048,0.014213861120377418,0.01960882890403167,,,,0.014251143920186246,,,,0.0248116570596441,0.01843872764785493,0.01721096598677778,0.015408732828035685,0.015389937817048376,0.014277671880207147,0.011348833784270368,,,,,,,,,,,,,,,,,,,,,,,,,,,,,,,,,,,,,,,,,,,,,,,,,,,,,,,,,,,,,,,,,,,,,,,,,,,,,,,,,,,,,,,,,,,,,,,,,,,,,,,,,,,,,,,,,,,,,,,,,,,,,,,,,,,,,,,,,,,,,,,,,
2014-11-28,,,,0.016246358709562914,,0.012476732313723628,,,,,,,,,,,0.008840861824854307,,,,,,,,,,0.007291904274018943,,0.006605000872371518,,,,,,,,,,,,,,0.010042939639786572,,,,,,,,,,,,,,,,0.008891153246322885,,0.009522247059835398,,0.007296014450274268,,,,,,,,,,,,0.007401832227224076,,,,,,,0.01472394301172736,,,,0.007909380892196206,,,,,,,,,,,,,0.016222936451598894,,,,,,0.011164840897403355,,,,,,0.02203752050153357,,,,,,,,,0.018375690598410967,,0.03232582557284523,,,,,,,,,,,,0.005607495625062177,0.026390960809103668,,,,0.013862913138216078,,0.0073376856784094285,,,,,,,,,,0.011819276188843417,,,,,,,,,,,,,,0.019133599718352597,0.00809680977642131,,,0.017412594865226554,,,,,,,,,,,,,,0.010640486415921468,,,,,,,,,0.008022239038977915,,,,,,,,,,,,,,,,0.013255072469030673,,,,,,,,,,,,,,,0.013797100653655373,,,,,,,,0.005118873760229941,,,,,,,,0.02728258936501292,0.009584993563312416,0.019423532555004865,,,,,,,,,,,,,,0.007353351636762932,,,,,,,,,,,,0.007852199803068385,,,,,,,,,,,,,,,,,,,,,,,0.006575012294782925,,,,,,,,,,,,0.011907850866839669,,,,,,,0.01467305173143502,,0.023669713017644287,,,0.015672498738595646,,,0.006749350195638524,0.009717660696763043,0.011291327205457185,,,,0.017326146857437857,,0.014938082281896803,0.008588638788854535,0.013869441519510285,,0.024585140050534696,,,,0.010128827377423029,,,,,,,,,,,,,,,,,,,,,,,,,,,,,,,,,,,,,,,,,,,,,,,,,,,,,,,,,,,,,,,,,,,,,,,,,,,,,,,,,,,,,,,,,,,,,,,,,,,,,,,,,,,,,,,,,,,,,,,,,,,,,,,,,,,,,,,,,,,,,,,,,
2014-12-31,,,,0.02177103748219108,,,,,,,,,,,,,0.01098698228154558,,,,,,,,,,0.011167118781540364,,,,,,,,,,,,,,,,0.014060401764144859,,,0.007354145789957235,,,,,,,,,,,,,0.008810112550931202,,0.00831293660270704,,0.010623032641669222,,,,,,,,0.00968777898095872,,,,0.011918083770590227,,,0.009144656271300629,,,,,,,,,,,,,,,,,,,,,0.026793486340074658,,,,,,0.013799876734322617,,,,,,0.01562382154348264,0.017962313358016267,,,,,,,,,,0.01879733782484301,,,,,,,,,,,,0.004718861882885706,0.02486786333671521,,,,0.022096888660070712,,0.01481147848783967,,,,,,,,,,0.0118301414132307,,,,,,,,,,,,,,0.014364359944443076,0.008487774341868624,,,,,,,,,,,,,,,,,0.012530682550620363,,,,,,,,0.009338705796195189,0.012679925939336431,,,,,,,,,,,,0.016810138735607546,,,,0.013399313709128478,,,,,,0.006016081795816199,,,,,,,,,0.010664756706675774,,,,,,0.01005689980967117,,,,,,0.011020356379333896,,,,,,0.01944532208678134,,,,,,,,,,,0.023122072110890842,,,,,,,,,,,,,,,0.009326365004615535,,,,,,,,,,,,,,,,0.020408426407457634,,,,,,,0.00885550972550508,,,,,,,,,,,,,,,,,,,0.015472791604905762,,,,,0.015180144571806824,,,0.013828513452119311,0.010873146263963407,0.016789034567178788,,,,0.025000386029962404,,0.017839877140699338,,0.021957619078248457,,0.017158671708333635,0.014119670911773335,,,,0.018746849321166152,0.014310411151293036,,,,,,,,,,,,,,,,,,,,,,,,,,,,,,,,,,,,,,,,,,,,,,,,,,,,,,,,,,,,,,,,,,,,,,,,,,,,,,,,,,,,,,,,,,,,,,,,,,,,,,,,,,,,,,,,,,,,,,,,,,,,,,,,,,,,,,,,,,,,,,,
2015-01-30,,,,0.02770611467255464,,,,,,,,,,,,,0.016934241662097286,,,,,,,,,,0.014672225826950672,,,,,,,,,,,,,,,,,,,,,,,,,,,,,0.020480789042312087,,,,,0.007625018868531878,,0.010992270843842186,,,,,,,,0.011939137727884607,,,,0.01098865429130194,,,,,,,,,,,,,,,,,,,,,,,,,,,,,,0.022822946253562487,,,,,,0.01967936948698138,0.03012456462054228,,,,,,,0.017914717357086555,0.029813440704517972,,0.026987246913416217,,0.019009606917902138,,,,,,,,,,0.010375072618001021,,,,,0.021576084023287725,,0.015332277153786949,,,,,,,,,,0.028119836195052497,,,,,,,,,,,,,,,0.015585912300789461,,,,,,,,,,,,,,,,,0.026473974368397542,,,,,,0.013049768364656324,,0.017924034074069048,0.01370858845644142,,,,,,,,,,,,0.028112819592313366,,,,0.009732377241041278,,0.0206877523604177,,,,0.014332936307353912,,,,,0.028931801101166433,,,,,,,,,,0.01866408915615934,,0.01065000009475994,,,,0.022028169469336927,,,,,,,,,,,,,,,,,0.023766455772625164,,,0.013324433700015731,,,,,,,,,,,,,,,,,,,,,,,,,,,,0.030796862079702853,,,,,,,,,,,,,,0.008299525507261133,,,,,,,0.018862216078745057,,,,,,,,,,0.025194078044714945,,,0.01673498728140081,,0.030955174802100232,,,,0.018333307162966845,,0.036224213832396046,,0.03452643270057737,,0.02781420634774279,,0.016513311798990765,,,0.02984777165334892,0.016665765977146467,0.03252457118622334,0.016640848007526143,,,,,,,,,,,,,,,,,,,,,,,,,,,,,,,,,,,,,,,,,,,,,,,,,,,,,,,,,,,,,,,,,,,,,,,,,,,,,,,,,,,,,,,,,,,,,,,,,,,,,,,,,,,,,,,,,,,,,,,,,,,,,,,,,,,,,,,,,,,,,
2015-02-27,,,,0.022860106092502597,,,,,,,,,,,,,0.01740336461982975,,,,,,,,,,0.01776401065950345,,,,,,,,,,,,,,,,,,,,,,,,,,,,,0.025863515456720717,,,,,0.0110343963266302,,0.011993626056549791,,,,,,,,0.008454891423054188,,,,0.013914630083212868,,,,,,,,,,,,,,,,,,,0.020006821748649664,,,,,,0.0257480206450692,,,,,0.013169781672019439,,,,,,0.01386328705629433,0.02646250637646181,,,,,,,,0.025849507346102994,,0.028161889760467483,,,,,,,,,,,,,,,,,0.024668999972575593,,0.008143549235337765,,0.023098137463339725,,,,,,,,0.01664248904077937,,0.01903573375059581,,,,,,,,,,,,,0.007098696947395746,,0.01852757378406433,,,,,,,,,,,,,,,0.014154818552112695,,,,,0.015038550722616723,0.01958762602368206,,0.01665835655185742,,,,,,,,,,,,,0.024641666190760823,,,,0.02014904031799036,,,,,,,,,,,,,,,,,,,,,,,,,,,0.02705434683864404,,,,,,,,,,,,,,,,,0.024519810775245007,,,,,,,,,0.01996539464069456,,,,,,0.012140733202879405,,,,,,,0.0305033230060128,,,,,,,,,0.031254088159705096,,,,,,,,,,,,,,0.015873437117927738,,,,,,,0.024236498965098573,,,,,0.03089147546079302,,,,,,,,0.016160525067691663,,0.016086042550326793,,,,0.01381299802964661,,,,0.013158829523630957,,,,0.023862142514472124,,0.019035443014505365,0.015182656363998152,0.030491709342744377,,,0.017955714230265377,0.017271641055248473,0.01703271669076105,0.013231668175874942,,,,,,,,,,,,,,,,,,,,,,,,,,,,,,,,,,,,,,,,,,,,,,,,,,,,,,,,,,,,,,,,,,,,,,,,,,,,,,,,,,,,,,,,,,,,,,,,,,,,,,,,,,,,,,,,,,,,,,,,,,,,,,,,,,,,,,,,,
2015-12-31,,,,0.020182493857083008,,0.01901670893769787,,,,0.019914855469521014,0.014480398256530908,,,,,,,,,,0.024544436722671654,,,,,,,,,,,,,,,,,0.011721970764638667,,,0.006867774012537389,,,,,0.009523517892423372,,,,,,,,,,,,0.018577709051278535,,,,,,,,,,,,,,,,,,,,0.013510864671275002,,0.017049226890036972,,0.023700649165006513,,0.017955720437888706,,,0.011621897361646217,,,,,,,,,,,,,,,,0.015867007786625094,,,,,,,,,,,,,,,,,,0.029547884980598016,,,,,,,,0.019084836960057198,,,,,,,,,,,,0.017949099318142245,,,,,,,,,,,,0.012860658135868178,0.02176790080213262,0.025560689863178197,0.04467532689505122,,,,,,,,,,,,,,,,0.014896877613591738,,,,,,,0.015687232353354896,,0.017981507759326807,,,,,,,,,,,,,,,,,,,,,,,,,,,,0.020673119944847405,,,,,,,,0.015759158755469554,,,,,,,0.020311374848453793,,,,,,0.021473951332071865,,,,,,,,,,,,,,,0.01530991723432543,,,,,0.02037121161027737,,,,0.018966831394110924,,,,,,,0.009631130695336573,0.014384556516974465,,,,,,,,,,,,,0.01556295702520271,,,,0.02026396247668116,,,,,,,,,,0.012859798622187791,,,,,0.019425969487310832,,,,0.01855065081177152,,,0.0157203109350736,,,0.013896522443603064,,,,,0.010547835646660392,,0.02042651137794252,,,,,,0.021482187587069393,,,,,,,,,,,,,,,,,,,,,,,,,,,0.020473564197602684,,0.014157730377477543,,,,,0.015045226113360304,0.015392464799674155,,0.012902504232718465,0.016339485011817412,0.016093628825408466,,,,,,,,,,,,,,,,,,,,,,,,,,,,,,,,,,,,,,,,,,,,,,,,,,,,,,,,,,,,,,,,,,,,,,,,,,,,,,,,,,,,,,,,,,,,,,,,,,,,,,,,,,,,,,,,,,,,,,,,,,
2018-12-31,,,,0.010536339313881229,,,,,,,,,,,,0.008109399636722086,,0.004042936689261363,,,,,,,,,,,,,,,,0.0058319694857431326,,,,0.005013699282061396,,,,,,,0.003259972076480282,,,,0.004976719843841997,,0.006668583822483616,,,,,,,,,,,,,,,,,,,,0.0067630630533408835,,,,,,,,0.004966365099077093,,,,,,,,,,,,,,,,,,,,0.007281074879135832,,,,,,0.006476436201472844,,,,,,,0.00799896625160996,,,,,0.006830704935516607,,0.0048998058468226365,,,,,,0.006406413141159056,,,,,,0.0065239586234651275,,,0.003942170564819892,0.008217767832927287,,0.010802838630781509,,,,,0.00570079324984153,,,,,,,,,,,,,,,,,,,,,,,,,0.007413753018197872,,,0.00922308407890927,,,,,0.005125149270284158,,,,,,,,,0.006264382509925472,,,,,,,,,0.009561878634682176,,0.008940998911203302,,,0.008563774586324192,,,,,,,,0.006814581797590426,,,,,0.009984379420224287,,,0.005632082951985715,,,,,,,,,,,,,,,,,,,,,,,,,,,0.008770844870472475,,,,,,,,,,,,,,0.006866472971278367,,,,,,,,0.01013109252954444,,,,,0.007195480475549444,,,,,,,,,,,,,,,,,,,,,,,,,,,,,,0.006109322422021926,,,,,,,,,,,,,,,,0.009629917186230493,,,,,,0.012021297996592972,,,,,,,,,,,,,,0.008667429746866635,,,,,,,,,0.011912291078573566,0.0076428146559944996,,0.00589371415143966,,,,,,,,,,,,,,,,,,,,,,,,,,,,0.008233567648637613,,,,,,,,,,,,,,,,,,,,,0.008260689663464,,0.0064880891171579,0.003647887177046241,,,,0.004135381913582753,,0.00761875273497847,0.011548256447240333,,,,,,,,,0.00893157992691681,0.008105597556002856,0.0078009438085055085,0.004151735146378276,,,,,,,,,,,,,,,,,,,,,,,,,,,,,,,,,,,,,,,,,,,,,,,,,,,,,,,,,,,,,
2019-02-28,,,,0.009962502968442054,,,,,,,,,,,,0.023076462690082435,,0.012528625194565953,,,,,,,,,,,,,,,,,,,,0.00858239090656728,,,,,,,0.009406448681730432,,,,0.012321152702075105,,0.013405060644391028,,,,,0.025131446650735197,,,,,,,,,,,,,,,0.020154528915206315,,,,,,,,,,,,,0.016013557851505277,,,,,,,,,,,,,,,0.016196564252687163,,,,,,,,,,,,0.01141185344557648,,,,,,0.007231796198477826,,0.006993318897660147,,,,,,0.013577248225926713,,0.029260653337631032,,,,0.009408298173576388,,,0.009671264358387775,,,,,,,,0.014060180750729968,,,,,,,,,,,,,0.016591391391771446,,,,,,,,,,,,,,,,,,,,,,,,,,,,,0.019970827063260685,,,,,,,,,0.009210625063805461,,,,,,,,,,,,,,0.012477276673418794,,,,0.025335377361385514,,,0.007124064395250769,0.019368920217036206,,,,,,,,,,,,,,,,,,,,,,,,,,0.011672935713920236,,,,,,,,,0.024482387880334227,,,,,0.02065215308495957,,,,,,,,,,,,,0.02121100454095297,,,0.019026943725069564,,,,,,,,,,,,,,,,,,,,,,,,,,,0.019707814712720494,,,,,,,,,,,,,0.019238296975929367,,,0.018760459323833054,,,,,,,,0.01955753272820876,,,,,,,,,,,0.02736824719265127,0.02178060986450944,,,,,,,,,0.021596265773270337,0.015014354167658348,,0.008078351050798361,,,,,,,,,,,,,,,,,,,,,,,,,,,,0.020546703517142537,,,,,,,,,,0.01991564772760014,,,,0.015298450412100924,,,,,,,0.02142083843396553,,,0.01617528128891709,,,,0.0026288812069581047,,0.025235335142169378,0.02265419456439626,,,,,,,,0.0204741225749452,0.02739104519616686,0.026408795591733786,0.01993299562008682,0.012520781817834012,,,,,,,,,,,,,,,,,,,,,,,,,,,,,,,,,,,,,,,,,,,,,,,,,,,,,,,,,,,,,
2010-11-30,,,,,0.020830984025430117,,,,,,,,,,,,,,,,,0.022110517980684353,0.01468158037977799,,,,0.013058667853535598,,,,0.015262324100783755,,,,,,,0.005311101417049909,,,,,,,,0.018224046719267695,,,,,0.03054474717355327,,,,,0.019843932159327345,,,,,,,0.01518976845388818,0.008787477501093488,,,,0.010425503350074238,,0.012619840087925485,0.014053040071641211,,0.03184660489744246,,,,,0.006238098899364079,0.012549925402976342,,,,,0.006575783937303044,,0.014728337066014943,0.011097107726452223,0.0200967802342753,,0.03260054407488231,0.010439882048128117,0.018973144238680555,0.018977193188347268,,0.014828398950680064,0.016289184006854706,0.012109552424548961,0.040251842901775414,0.030501973296833143,,,,,,0.025486433659718838,,,0.014876801144715101,0.014402552690393321,,0.026554465673028993,,,,,,0.014865183157743095,,,0.031090218114738916,,,,,,,,,,,0.013499298202641192,,0.012038839743780958,0.02000494882268433,0.01704098991109673,0.033020715762746074,0.029936288535815692,0.025334259885575167,0.02392238694080609,0.020542453408753172,0.01795057294508152,0.017699013009591362,0.012541892784083498,,,,,,,,,,,,,,,,,,,,,,,,,,,,,,,,,,,,,,,,,,,,,,,,,,,,,,,,,,,,,,,,,,,,,,,,,,,,,,,,,,,,,,,,,,,,,,,,,,,,,,,,,,,,,,,,,,,,,,,,,,,,,,,,,,,,,,,,,,,,,,,,,,,,,,,,,,,,,,,,,,,,,,,,,,,,,,,,,,,,,,,,,,,,,,,,,,,,,,,,,,,,,,,,,,,,,,,,,,,,,,,,,,,,,,,,,,,,,,,,,,,,,,,,,,,,,,,,,,,,,,,,,,,,,,,,,,,,,,,,,,,,,,,,,,,,,,,,,,,,,,,,,,,,,,,,,,,,,,,,,,,,,,,,,,,,,,,
2010-12-31,,,,,0.016250251225478695,,,,,,,,,,,,,,,,,0.024348303464125132,,,,0.019075547646211107,0.01663812751594079,,,,0.025796453309097023,0.034033170511859764,0.022869671807929343,,,,,0.012394354492052347,,,,,,,,0.01068832268492666,,,,,,,,0.039378449060989106,,0.013147429593133687,,,,,,,,0.00886279114531091,,,,0.013976492191170784,0.017150114301835714,0.011223262484662785,0.011802127216910579,,0.034873522161320746,,,,,,0.009630924326980513,,,0.02165891489789476,,0.01214184749546328,,0.01285185840876478,0.009618780728698956,0.017824022597979397,,0.016302592743259153,,0.01903831667941916,0.02455081882171217,,,0.028174958542536977,0.013934067708012155,0.04140016795396579,,,,,,,0.012029267347469518,,,0.0060714486542742365,0.013716053666172524,,0.04355294077293073,0.02039703084352226,,0.03702878695679234,,0.018994652829342276,0.011130898801216755,,,,,,,,,,,,,0.028083239604913372,,,0.015054838092790722,,,0.03898516316896071,,0.03826520591986306,,0.023653976704169365,0.013806502012749347,0.013149562023415216,,0.03847932887651911,0.03232628099823829,0.024388531836931165,0.011250629172086798,,,,,,,,,,,,,,,,,,,,,,,,,,,,,,,,,,,,,,,,,,,,,,,,,,,,,,,,,,,,,,,,,,,,,,,,,,,,,,,,,,,,,,,,,,,,,,,,,,,,,,,,,,,,,,,,,,,,,,,,,,,,,,,,,,,,,,,,,,,,,,,,,,,,,,,,,,,,,,,,,,,,,,,,,,,,,,,,,,,,,,,,,,,,,,,,,,,,,,,,,,,,,,,,,,,,,,,,,,,,,,,,,,,,,,,,,,,,,,,,,,,,,,,,,,,,,,,,,,,,,,,,,,,,,,,,,,,,,,,,,,,,,,,,,,,,,,,,,,,,,,,,,,,,,,,,,,,,,,,,,,,,,,,,,,,
2011-04-29,,,,,0.014338828814029656,,,,,,,0.016114534278741564,,0.020157223687924514,,,,0.011786949714940214,0.012139457007601306,,,0.023818744766833853,0.010430112912182763,,,0.013688788782164658,0.005497467871753356,,,,0.010402040586340455,0.014383026265504573,,,0.009169093489524386,,,,,,,,,,,,,,,,,,,,,0.012679971000331325,,,,,,0.028999639258783245,,,,0.017870233705839986,,,,,,,,,,,,0.0026653396841920477,0.007477281776317683,,,0.018280119468696312,,0.010068436766244636,,0.007567983640022447,0.008098217992200363,,,,,0.016736779959007114,,,,,,,,,,,,,0.01473201777966543,,,,,,0.03285995336790013,0.021917736261623817,,,,,0.01319561356810405,0.017561022096223622,,,0.029036446907925232,,,0.013827281755171075,,,,,,0.020618442633134136,0.01183141357496131,,0.018470337558674124,0.012116112068374096,,0.03044620587793346,,,,,,0.004650296479877572,0.012815017701555464,,,,,,,,,,,0.027977306775799946,0.025358381289723685,0.02889043853202463,,,,0.02565164532612467,0.025366724984998305,0.016109130261878487,0.015774432371313034,0.013133060567233578,0.012808924724492557,0.011387281793704863,0.011375757137536942,0.010648986153990436,,,,,,,,,,,,,,,,,,,,,,,,,,,,,,,,,,,,,,,,,,,,,,,,,,,,,,,,,,,,,,,,,,,,,,,,,,,,,,,,,,,,,,,,,,,,,,,,,,,,,,,,,,,,,,,,,,,,,,,,,,,,,,,,,,,,,,,,,,,,,,,,,,,,,,,,,,,,,,,,,,,,,,,,,,,,,,,,,,,,,,,,,,,,,,,,,,,,,,,,,,,,,,,,,,,,,,,,,,,,,,,,,,,,,,,,,,,,,,,,,,,,,,,,,,,,,,,,,,,,,,,,,,,,,,,,,,,,,,,,,,,,,,,,,,,,,,,,,,,,,,,,,,,,,,
2011-05-31,,,,,0.024630591009471216,,,,,,,0.011033490836276465,,0.01432235526894045,,,,0.012306192550879304,0.016756787969166763,,,0.017584453128060822,0.01384118006391087,,,0.012515711178113027,0.01257781682873176,,,,0.013865989215692593,0.015906987093358308,,,,,0.014481147908023625,0.010353824573595394,,,,,,,,,,,,,,,,0.015232050596640115,,0.014467071397665942,,,,,,,,0.011240277995523053,,0.013787129248228211,,,0.01602485288362449,,,,,,,,,0.008838558543117386,,,,0.02193220751826418,,,,0.010158877783013345,0.014448328836694863,,,,,0.0205754808099162,,,,,,,,,,,,,,,,,,,0.024282527030938562,0.020706329693414773,,,,0.012390566889723894,,0.017883747113207032,,,,,,,,,,,,0.012149148279367883,,0.008442190236332008,0.00922033063660844,,,0.04044805182680776,,,,,0.01812163305159087,0.013157189724923949,0.00896844226966708,,0.017782207286053075,,,,,,,,,0.0196946812090665,,,,,,0.029840595365961082,0.031033048873703298,0.02422295456052387,,0.00960875340046867,0.021827714251240284,,0.014952548852844328,0.02798894269215324,0.03485892844914589,0.028063748711393475,0.02308384385667482,0.0164018105364189,0.011910340556756747,,,,,,,,,,,,,,,,,,,,,,,,,,,,,,,,,,,,,,,,,,,,,,,,,,,,,,,,,,,,,,,,,,,,,,,,,,,,,,,,,,,,,,,,,,,,,,,,,,,,,,,,,,,,,,,,,,,,,,,,,,,,,,,,,,,,,,,,,,,,,,,,,,,,,,,,,,,,,,,,,,,,,,,,,,,,,,,,,,,,,,,,,,,,,,,,,,,,,,,,,,,,,,,,,,,,,,,,,,,,,,,,,,,,,,,,,,,,,,,,,,,,,,,,,,,,,,,,,,,,,,,,,,,,,,,,,,,,,,,,,,,,,,,,,,,,,,,,,,,,,,,,,
2011-06-30,,,,,0.017036460012995403,0.028542270278947145,,,,,,0.014834440781717261,,0.01301659182798804,,,,0.009300626372216108,0.01789107022153596,0.018945085520758242,,0.01689135068299275,0.008747495130970447,,,0.011570654698886204,,,,,,0.014404453439965829,,,0.01405386250087004,,,,,,,,,,,,,,,,,,,0.015475380497118857,,0.007674863659683315,,,,,,,,,0.014384735885094455,,,,0.012782145679207017,,,,,,,,,0.010552538009437477,,,,,,,,0.008149605994695839,0.014315950145334972,,,,,0.01731389198076162,,,,,,,0.02112247727728072,,,,,,,,,,,,0.027363452559191717,0.017639680595361414,,,,,,,,,,,,0.015431725346064715,,,,,,,,,0.015759302642801686,0.011035143249182503,0.015914437839172638,,,,,,0.01742235418646423,0.009779114994479823,0.008674799939635028,,,,,,,,,,,0.031842611840856225,,,,,0.01179533964435706,0.022705181906007198,0.03081339916998381,0.0180732094983056,0.018043211665858153,0.009805550942047584,0.010490707930026107,,,0.015865550893078346,0.01700233872078722,0.026230933524133197,0.014498839568990937,,,0.022475204846558284,0.018015009823405603,0.017145638425895785,0.016973703781538056,0.016410642208969553,0.014026193663238689,,,,,,,,,,,,,,,,,,,,,,,,,,,,,,,,,,,,,,,,,,,,,,,,,,,,,,,,,,,,,,,,,,,,,,,,,,,,,,,,,,,,,,,,,,,,,,,,,,,,,,,,,,,,,,,,,,,,,,,,,,,,,,,,,,,,,,,,,,,,,,,,,,,,,,,,,,,,,,,,,,,,,,,,,,,,,,,,,,,,,,,,,,,,,,,,,,,,,,,,,,,,,,,,,,,,,,,,,,,,,,,,,,,,,,,,,,,,,,,,,,,,,,,,,,,,,,,,,,,,,,,,,,,,,,,,,,,,,,,,,,,,,,,,,,,,,,,,,,,
2011-07-29,,,,,0.023267527787515778,,,,,,,0.011387513020108524,,0.012089525334405994,,,,0.011174048346806303,0.008989208148495749,,,0.026081204403003277,0.008374141495086918,,,,,,,,,0.011723234520321766,,,0.011522338766679248,,,,,,,,,,,,,,,,,,,0.015187794396500571,,0.010691248288263101,,,,,,,,,0.011395068050274999,,,,,,,,,,,,,0.009978812163938993,,,,,,,,0.006212588413361369,0.008252544855347781,0.021523442090594563,,,,,,,,,,,0.019263597640709458,,,,,0.015399369788429398,,,,,,,0.020918552994691857,0.01759349461769733,,,,,0.017292395287560457,,,,,,,0.014648095637161525,,,,,,0.017662936141625948,,,0.01655646418608127,0.016679653645183753,0.01601073532725332,0.02407530014707675,,,,,0.01154761366709076,0.0049765601161637085,0.012114727428936321,,0.016261559219713506,,,,,,,,,0.022242978855334366,,,,,,,0.021316568005852198,,,0.008568238017658786,0.010736851596173424,0.008414762945353028,,0.017315826242274096,0.01694073761449149,,0.014855240231929853,,,,,,,,0.010461699682424285,0.022913144163669668,0.020341604906183156,0.01718977066815233,0.015159949738637966,0.014098862899234278,0.012285220757523975,0.009147441922625295,0.007312120116749391,,,,,,,,,,,,,,,,,,,,,,,,,,,,,,,,,,,,,,,,,,,,,,,,,,,,,,,,,,,,,,,,,,,,,,,,,,,,,,,,,,,,,,,,,,,,,,,,,,,,,,,,,,,,,,,,,,,,,,,,,,,,,,,,,,,,,,,,,,,,,,,,,,,,,,,,,,,,,,,,,,,,,,,,,,,,,,,,,,,,,,,,,,,,,,,,,,,,,,,,,,,,,,,,,,,,,,,,,,,,,,,,,,,,,,,,,,,,,,,,,,,,,,,,,,,,,,,,,,,,,,,,,,,,,,,,,,,,,,,,,,,,,,,,,,,
2011-08-31,,,,,0.008171929293795661,,,,,,,0.006496094458855739,,,,,,0.005742832556646645,0.005579132448460539,,,0.008671875420399062,,,,,,0.0055194132061008845,,,,0.008052035700658282,,,,,,,,,,,,,,,,,,,,,,,,0.0060350341215793185,,,,,,,,,,,,,,,,,,,,,,0.007044361163295072,0.005413919731117281,,,,,,,0.0041984855562520965,0.00847708896824238,0.011096127498158935,,,,,0.006011996928459474,,,,,,0.005839840957160038,,,,,,,,,,,,0.0092513996017318,,,,,0.006731529161591948,0.00881381103337197,,,,,,,0.008835563273622287,,,,,,,,,,,0.009377978226161848,,,,,,0.0069483031114146694,0.006382150757199327,0.007302598405332379,,0.0073968654261728625,,,,,,0.007828911326161614,,,0.009733558966629417,,,,,,0.01548967258544909,0.010603446182056353,,,0.005170055312860906,0.0063746459181232284,0.006747951897582346,,0.009228298098853786,0.007976601785972651,,0.012069116583103327,,0.006188693728554302,0.007896764786484383,,,0.007481545600391432,,,,,0.008600464987114517,0.00952597140696394,0.006956439725931015,0.006777292846072727,0.0057211476366467685,0.006641159647518108,0.011749400285256208,0.011567929589631288,0.009623525736316604,0.007851797242473549,0.004626445706228191,,,,,,,,,,,,,,,,,,,,,,,,,,,,,,,,,,,,,,,,,,,,,,,,,,,,,,,,,,,,,,,,,,,,,,,,,,,,,,,,,,,,,,,,,,,,,,,,,,,,,,,,,,,,,,,,,,,,,,,,,,,,,,,,,,,,,,,,,,,,,,,,,,,,,,,,,,,,,,,,,,,,,,,,,,,,,,,,,,,,,,,,,,,,,,,,,,,,,,,,,,,,,,,,,,,,,,,,,,,,,,,,,,,,,,,,,,,,,,,,,,,,,,,,,,,,,,,,,,,,,,,,,,,,,,,,,,,,,,,,,,,,,,
2011-09-30,,,,,0.009491885531337828,0.011492605352649964,,,,,,,,,,,,0.005984799976602204,,,,0.007495691409643711,,,0.005431843222093281,,,,,,,,,,,,,,,,,,,,,,,,,,,,,,,0.004539542918190355,,,,,0.006369325934937862,,,,,,,,0.006016756417603841,,,,,,,,,0.004135626933233759,,,,0.007968960512295913,,,,,0.00360638322614506,0.01255985814828111,,,,,,,,,,,0.008013037800861163,,,,,0.009303850975839838,,,,,,,0.009812461668759547,,,,,,0.00959890862423323,,,,,,,0.008378553840612203,,,,,,,,,,,0.008450481163030798,,,,0.006673726031571923,,0.01123513179381832,0.0056916221691741395,0.0051992920761132246,,,,,,,,0.007789276232368299,,,0.014736572613052066,,,,,,,0.010210539653203113,,,0.004798562416698502,,0.006854524656000849,,0.008267893379256685,0.007776224620828282,,0.010548170801587766,,0.003693906831667088,0.00846593845142234,,,,,,,,,0.008461325083180394,0.007880833885446822,,0.005973109206553297,0.00593854679387173,,0.013516272503628426,0.011201830924617566,,0.004077325860702587,0.012393682090048926,0.011266573802353044,0.010529511605589424,0.008907270645332617,0.008208496085469029,0.00787694254148013,0.007410286498038389,0.007217161236601543,0.006674923795927177,,,,,,,,,,,,,,,,,,,,,,,,,,,,,,,,,,,,,,,,,,,,,,,,,,,,,,,,,,,,,,,,,,,,,,,,,,,,,,,,,,,,,,,,,,,,,,,,,,,,,,,,,,,,,,,,,,,,,,,,,,,,,,,,,,,,,,,,,,,,,,,,,,,,,,,,,,,,,,,,,,,,,,,,,,,,,,,,,,,,,,,,,,,,,,,,,,,,,,,,,,,,,,,,,,,,,,,,,,,,,,,,,,,,,,,,,,,,,,,,,,,,,,,,,,,,,,,,,,,,,,,,,,,,,,,,,,,,,
2011-10-31,,,,,0.005997856742763537,0.012323100679744216,,,,,,,,,,,,0.00497410065583963,,,,,,,,,,0.005705114653996323,,,,,,0.007157894580157905,,,,,,,,,,,,,,,,,,,,,,0.007450667579208854,0.007515493162053175,,,,,,,,,,,,,,,,,,,,,0.0050216755765288374,0.005566256857154957,,,0.005913634600808042,,,,,,0.015944131173388002,,,,,,,,,,,0.01038018369874335,,0.008694648398324904,,,0.00819919274793726,,,,,,,0.009593699511169038,,,,,,,,,,0.011868113367454285,,,,,,,,,,,,,,0.006786918491368633,,,,,,0.007305023267860748,,,,,,0.017676548647204256,,,,0.006279401100863318,,,0.013454705702941848,,,,,,,,,,,0.0056006486103927795,0.008673844755902523,,0.010822207723666624,0.008771852442750225,0.010696653212148523,0.005796033644558149,,0.005902604778097812,,,,0.006328345060818417,,,,0.005224419322271015,,0.010667860117851995,0.007133325633227405,,,0.004043165040905601,0.014064800742329782,0.008091549199231057,0.006364143657255242,,,0.017870645706546437,,0.008125789413669914,0.009810796212842417,0.006972021511480784,,,,0.006924388238672363,0.01214903305788095,0.010895623348952293,0.009434098330880082,0.009085575167507376,0.008567759185027017,0.007367752000647224,0.006037886141884806,,,,,,,,,,,,,,,,,,,,,,,,,,,,,,,,,,,,,,,,,,,,,,,,,,,,,,,,,,,,,,,,,,,,,,,,,,,,,,,,,,,,,,,,,,,,,,,,,,,,,,,,,,,,,,,,,,,,,,,,,,,,,,,,,,,,,,,,,,,,,,,,,,,,,,,,,,,,,,,,,,,,,,,,,,,,,,,,,,,,,,,,,,,,,,,,,,,,,,,,,,,,,,,,,,,,,,,,,,,,,,,,,,,,,,,,,,,,,,,,,,,,,,,,,,,,,,,,,,,,,,,,,,,,,,
2012-11-30,,,,,0.01838017651414065,,,,,,0.01591605724604082,,,,,,,,,,,,,,,,0.005554675507308064,,,0.010812612221038251,,,,,,,,0.014516312098563465,,,0.006729304402584184,,,,,,,0.010517382928187853,,0.030465623039720557,,,,0.013894507074661363,,,,0.009944657350965606,,,,,,,,,,,,,,,,,,,,0.006315972299892254,,0.01693863439195704,,,,,0.013769554794585075,,,,,,,,,,,,,,0.015287945271443799,,,,,,,0.020398016489699123,,0.011020446174700398,,,,,0.02784386349029196,,,,,,,,,,,,,,,,0.016445269683247235,,,,,,,,,,,,,,,,,,,,,,,,,,,,,,0.015934523490568862,,,,,0.014207759802925327,0.016797036086416983,,,,,,,,0.005508881864728569,,,,,,,,0.016242902057981436,,,,,,,,0.010106444669625679,,,0.01245714839011472,,,,,0.015608655646668898,,,,,,,0.013557248879351414,,,,,,,,,,,,,,,,,,,,0.014353237536276332,,0.02495022425226757,,,0.01642872050408525,0.01113965182927258,0.012552548890695736,,0.02880399946538744,,,,0.024668327678598622,,,0.007657735468185199,,,,,,,0.011861963005111269,,,,0.010148612546029688,0.0242186662776698,0.019915235011259854,0.02055272287627152,,0.011252174630280037,0.03362834754431511,,,,0.012337843127957247,,0.02886927839488247,0.026820243887167836,0.01881760867570738,0.015807580312228463,0.008523731103448461,,,,,,,,,,,,,,,,,,,,,,,,,,,,,,,,,,,,,,,,,,,,,,,,,,,,,,,,,,,,,,,,,,,,,,,,,,,,,,,,,,,,,,,,,,,,,,,,,,,,,,,,,,,,,,,,,,,,,,,,,,,,,,,,,,,,,,,,,,,,,,,,,,,,,,,,,,,,,,,,,,,,,,,,,,,,,,,,,,,,,,,,,,,,,,,,,,,,,,,,,,,,,,,,,,,
2011-11-30,,,,,,0.0233255183809932,,,,,,,,,,,,0.012845777985675587,,,,0.00850977464923865,,,,,,,,,,,,0.022496125822247623,,,,,,,,,,,,,,,,,,,,,,0.017071337869037403,,,,,0.013041930525981694,,,,,,,,,,,,,,,,,0.01012790401774323,,,,0.017209649333226707,,,,,,0.027872401084718387,0.025135703873084832,,,,,,,,,,0.017846683446253134,,0.014006059580140326,,,0.017616992210603304,,,,,,,0.020181792096667508,,,,,,,,,,,,,0.01980354896535099,,,,,,,,,,,0.020578244471298607,,,,0.01629147462694388,,0.013402506926963702,0.010743620312347994,0.010003607072048084,,,,,,,,0.01798771212452527,,,,,,,,,,0.0250753365130822,,,,0.012935805589873449,,,,0.01776264555043221,0.0222960596941734,0.019447482571028168,,0.0138219927096212,,,,0.01566207355919693,0.017170666523652664,,,0.014006826614194532,0.018624991650804716,0.02808433966882291,0.015025237193847142,,,0.011004255841832495,0.023512030801655478,,,0.015529622477132795,,0.03636816583536404,,0.017138468513514447,0.021776720766447266,,,,,0.014340565745397533,,,,,0.019417914220733485,0.02050090262117375,0.011469595297653009,0.020923910729860152,0.020794285814016895,0.01953418606208452,0.0185945230372267,0.017180720605902613,,,,,,,,,,,,,,,,,,,,,,,,,,,,,,,,,,,,,,,,,,,,,,,,,,,,,,,,,,,,,,,,,,,,,,,,,,,,,,,,,,,,,,,,,,,,,,,,,,,,,,,,,,,,,,,,,,,,,,,,,,,,,,,,,,,,,,,,,,,,,,,,,,,,,,,,,,,,,,,,,,,,,,,,,,,,,,,,,,,,,,,,,,,,,,,,,,,,,,,,,,,,,,,,,,,,,,,,,,,,,,,,,,,,,,,,,,,,,,,,,,,,,,,,,,,,,,,,,,,,,,,,,
2011-12-30,,,,,,0.01734941237208067,,,,,,,,,,,,0.008415523562309247,,,,0.018150927948626484,,,,,,,,,,,,0.01762697315312389,,,,,,,,,,,,,,,,,0.019838346438543295,,,,,0.009016347221571172,0.019415853975895417,,,,,,,,,,,,,,,,,,,,,0.010866216929256404,,,,0.02081389395085817,,,,0.010058254380046738,,0.02271328677338293,,,,,,,,,,,0.020267196300516228,,,0.013841679260566779,,0.01553897803561001,,,,,,,,,,,,,0.01549659037335424,,,,0.027818835442654337,,,0.020428213965062263,,,,,,,,,,,0.015613143089383738,,,,,,0.0143001270898323,0.008617677790592505,,,,,,,,,0.009475473335322516,,,0.022590352764225486,,,,,,0.028186393660022804,0.019309418706880306,,,0.011257229577846606,0.014954129751108753,,,0.02150043074419235,0.016976597111379943,,0.0213043424087246,,0.011760545557329952,,,,0.012405823389010938,0.013508772669802304,,,0.011645511955500405,,,0.01698080575351049,,,0.009888515327642063,,,,,,,,0.02006696853324115,,0.013133937106076536,,0.01837444205826818,0.012504065520652228,,,0.019508463097199103,,,0.01903352603879797,0.015107796081093496,0.010932883816793524,0.021674785764896936,0.029817526020865077,0.02412155042743914,,,0.011065132844129957,0.010766375858563841,,,,,,,,,,,,,,,,,,,,,,,,,,,,,,,,,,,,,,,,,,,,,,,,,,,,,,,,,,,,,,,,,,,,,,,,,,,,,,,,,,,,,,,,,,,,,,,,,,,,,,,,,,,,,,,,,,,,,,,,,,,,,,,,,,,,,,,,,,,,,,,,,,,,,,,,,,,,,,,,,,,,,,,,,,,,,,,,,,,,,,,,,,,,,,,,,,,,,,,,,,,,,,,,,,,,,,,,,,,,,,,,,,,,,,,,,,,,,,,,,,,,,,,,,,,,,,,,,,,,,,,
2012-01-31,,,,,,0.017373224075775278,,,,,,,,,,,,,,,,,,,,,,,,,,,,0.011267069711087634,,,,,,,,,,,,,,,,,0.02250390471465522,,,,,0.012646200732212292,0.02462423014996353,,,,,,,,,,,,,,,,,,,,,0.006203040080203277,,,,0.022633270288382423,,,,,,0.02117857702496734,,,,,,,,,,,,,,0.011371225595172852,,0.022695280282769913,,,,,,,0.03313067362611993,,,,,,0.021009664254004898,,,,0.019884022920582212,,,0.016298295501255736,,,,,,,,,,,0.01306658748363542,,0.03871134234580465,,0.016297294059173364,,0.012482322679644501,,,,,,0.025475191579458534,,,,0.012123704682947467,,,,,,,,,0.015955921522458005,0.021055616711776654,,,,,,,,0.015739826392079936,0.014015307728795506,0.02109384307589329,,0.016993811706380074,,,,0.013716477546028104,0.01174963700220323,,,0.02136007961828443,,0.024591617275481144,0.013287511109394334,,,0.005450785088380625,,0.01363952665586877,,,,,,0.016674122120142756,,0.02081437812616476,,,0.020715969152253835,,,,,0.021185723776112757,0.018211500669316302,,0.007656423691373061,,0.020513747148496544,0.042300697458577494,,,0.011346238107715694,0.008492248572447575,0.026009290020343825,0.022797398026018174,0.021905405164349145,0.01998371410571108,0.014960902406569717,,,,,,,,,,,,,,,,,,,,,,,,,,,,,,,,,,,,,,,,,,,,,,,,,,,,,,,,,,,,,,,,,,,,,,,,,,,,,,,,,,,,,,,,,,,,,,,,,,,,,,,,,,,,,,,,,,,,,,,,,,,,,,,,,,,,,,,,,,,,,,,,,,,,,,,,,,,,,,,,,,,,,,,,,,,,,,,,,,,,,,,,,,,,,,,,,,,,,,,,,,,,,,,,,,,,,,,,,,,,,,,,,,,,,,,,,,,,,,,,,,,,,,,,,,,,,,,,,,
2012-02-29,,,,,,0.01907286297509461,,,,,0.015948578575449516,,,,,,,0.02418627334036178,,,,0.020185417138233,,0.021374287670770983,,,,,,,,,,0.019575130115890505,,,,,0.010849951628192394,,,,,,,,,0.004946213427916169,,,0.023284570886552877,,,,,0.02163801860022178,0.03365197715616187,,,,,,,,,,,,,,,,,,,,,0.006756177692019374,,,,0.015419258786188874,,,,0.010987200665330784,,0.02766010291942118,,,,,,,,,,,,,,,,0.01872524566472637,,,,,,,,,,,,,,,,,0.026856241295354227,,,0.013486063922280668,,,,,,,,,,,0.0066406854469694505,,,,0.018119153301446367,,0.019033633819571977,,0.012155967436046213,,,,0.02088078414717565,0.04809246379509641,,,0.01446565610571902,,,0.03005109448734439,,,,,,,,,,0.014550326367385581,0.025225976981840592,,,,0.034749719278139066,,0.02199028129071422,,0.007568898872637416,,,,,,,,0.012150908840520036,,,0.015011543038942475,,,0.012023926469579008,,0.020210886795451074,,,,,,0.01804346341637663,,0.023152154567454963,,,,,0.021473311631557135,,,,0.016012412437017714,0.014885967303523815,,,0.0170680933482095,0.02644391083460527,,,,0.01431770367141319,,,,0.026744622068571013,,0.04809246379509641,0.02602544388708474,0.020245685521520007,0.015613314172915336,,,,,,,,,,,,,,,,,,,,,,,,,,,,,,,,,,,,,,,,,,,,,,,,,,,,,,,,,,,,,,,,,,,,,,,,,,,,,,,,,,,,,,,,,,,,,,,,,,,,,,,,,,,,,,,,,,,,,,,,,,,,,,,,,,,,,,,,,,,,,,,,,,,,,,,,,,,,,,,,,,,,,,,,,,,,,,,,,,,,,,,,,,,,,,,,,,,,,,,,,,,,,,,,,,,,,,,,,,,,,,,,,,,,,,,,,,,,,,,,,,,,,,,,,,,,,,
2012-03-30,,,,,,0.029015190347908917,,,,,0.011391793488857454,,,,,,,0.011057515320336764,,,,,,0.015965599355760116,,,,,,,,,,0.030478016447346903,,,,,,,,,,,,,,0.012850846516854345,,,0.03324998794946934,,,,,0.01969190237883752,0.02831088746988729,,,,,,,,,,,,,,,,,,,,,0.012428153246093917,,,,0.02266353618538047,,,,0.013715511848796949,,0.03512217093020841,,,,,,,,,,,0.021568377521879338,,,,,0.023387403686087233,,,,,,,,,,,,,,,,,,,,,,,,,,,,,,,0.015323050115944183,,0.027321988272019086,,0.014528105892091596,,0.017496258243298528,,0.009053665677416339,,,,0.015847838313393058,,,,0.010529712894751506,,,0.030711615589224833,,,,,,0.027270568067725064,,,,0.0075332689528246595,0.013799938527437435,,,,0.025457315654436014,,0.018584551791266276,,,,,,,,,,0.025285782152829894,,,0.018957245849752963,,,0.009522267025087693,0.03988237796493614,0.014728361433301616,,,,,,0.02290897023522049,,0.022999278957291144,,,,,0.02101203885028201,,0.02474610549643366,,0.023727793324489713,,,,,,,,,,,,,0.017611593554493158,,,0.028424799657781465,0.027851646042149913,0.016082648008124638,0.028363193359274227,0.028142363763673416,0.02766474184427875,0.018734598384490923,0.015269430923008897,0.013729992487565765,,,,,,,,,,,,,,,,,,,,,,,,,,,,,,,,,,,,,,,,,,,,,,,,,,,,,,,,,,,,,,,,,,,,,,,,,,,,,,,,,,,,,,,,,,,,,,,,,,,,,,,,,,,,,,,,,,,,,,,,,,,,,,,,,,,,,,,,,,,,,,,,,,,,,,,,,,,,,,,,,,,,,,,,,,,,,,,,,,,,,,,,,,,,,,,,,,,,,,,,,,,,,,,,,,,,,,,,,,,,,,,,,,,,,,,,,,,,,,,,,,,,,,,,
2012-04-30,,,,,,0.027634626678413855,,,,0.01706561935600542,,,,,,,,,,,,,,0.021524536457316456,,,,0.0121129666595329,,,,,,0.01279035914307001,,,,,,,0.005014583582555557,,,,,,,0.008119936251996508,,,,,,,,0.012438043065561288,,,,,,,,,,,,0.009989811994730478,,,,,,,,,,0.008702070143104553,,,,0.01731780364083035,,,,0.006757958373576798,,0.020203447353360496,,,,,,,,,,,0.018017641579565057,,,,,0.013508323039344615,,,,,,,,,,,,,0.014594942777711582,,,,,,,,,,,,,,,,,,0.012908409550402265,,0.025058801447600157,,,,0.014645098160990133,,0.011366739236836334,,,,0.020625582747808978,,,,0.005860584699128231,,,0.025620653144126076,,,,,,0.027136444761977272,,,,,,,,,0.022133009417940074,,0.023123309553896746,,,,,,,,,,0.015916882737362748,,,0.014774792327570327,,,,0.03664593293640539,0.008351103715943784,,,,,,0.013090876396906191,,,,,,,0.02256524358458832,,0.017613748456041134,,0.016939649613176157,,,,,0.026265244551516274,,,,0.013471612398690685,,0.010933126038710175,0.0254747570725797,0.028020492707082168,0.018884134768047685,,,,0.007320150213478596,0.022827189924268083,0.02051165267236217,,,,,0.024707410951035826,0.023752619383619878,0.022459147059431084,0.018649453339526757,0.01720367789650362,,,,,,,,,,,,,,,,,,,,,,,,,,,,,,,,,,,,,,,,,,,,,,,,,,,,,,,,,,,,,,,,,,,,,,,,,,,,,,,,,,,,,,,,,,,,,,,,,,,,,,,,,,,,,,,,,,,,,,,,,,,,,,,,,,,,,,,,,,,,,,,,,,,,,,,,,,,,,,,,,,,,,,,,,,,,,,,,,,,,,,,,,,,,,,,,,,,,,,,,,,,,,,,,,,,,,,,,,,,,,,,,,,,,,,,,,,,,,,,,,,,
2012-06-29,,,,,,0.021614811946284618,,,,,0.009062054703295618,,,,,,,,,,,,,,,,,,,,,,,0.012188694328362167,,,0.00751034989709674,,,,0.005531067874448786,,,,,,,0.006161651869989358,,,,,,,,,,,,,,,0.005668527192161073,,,,,,,,,,,,,,,0.0060975812896741245,,,,0.013298254747069065,,,,0.004938633960930831,,0.010671413326542782,,,,,,,,,,0.03279891541559168,0.011516702064602782,,,,,,,,,,,,,,,,,,,,,,,,,,,0.022361242811905466,,,,,,,,0.01527041139038444,,,0.021782226635275837,,,,0.00916223590258815,,0.008870328816502628,,,,0.011770377952040546,,,,,,,,,,,,,,,,,0.00881268333365494,,,,,,,0.013580093759726521,,,,,,,,,,0.011041498680652184,,,0.012556210842396992,,,,,0.017976780080670936,,,,0.022639245974333682,,0.00818926147581617,,,,,,,0.019566092378051538,,0.014374121187890386,,0.011975973969496258,,,,,,,,,0.01291334929756961,,,,,0.011194924065496,,,0.01600588342873461,0.00977839036022666,,,,,0.009869102459058799,0.006979774959233972,0.010073536592948832,0.014825664965480052,0.01985420894310545,,,0.025953538287404758,0.02502497022118585,0.01704939950482229,,,0.005662092569748198,0.013742743175144808,0.026844102334300405,0.019657698187705207,0.013463040609401181,0.012501117545277121,0.006363702144711838,,,,,,,,,,,,,,,,,,,,,,,,,,,,,,,,,,,,,,,,,,,,,,,,,,,,,,,,,,,,,,,,,,,,,,,,,,,,,,,,,,,,,,,,,,,,,,,,,,,,,,,,,,,,,,,,,,,,,,,,,,,,,,,,,,,,,,,,,,,,,,,,,,,,,,,,,,,,,,,,,,,,,,,,,,,,,,,,,,,,,,,,,,,,,,,,,,,,,,,,,,,,,,,,,,,,,,,,,,,,,,,,,,,,,,,
2013-12-31,,,,,,0.017591225246240922,,,,,,,,0.02314393681492748,,0.011863049419033801,,,0.018011339392057246,,,,0.02222406193008851,,,,,,,,,,,,,,0.01763698098453176,0.01453380774215392,0.016076748735481355,,,,0.009858397666779147,,,0.01104539309829301,,,0.013240518192130927,,,0.01619406979335607,,,,,,,,,,,0.011589639446211428,,,,0.027190843481379956,,,,,,,0.025355218513765054,0.012789917540175711,,,,0.013376598924727224,0.026964496025975247,,,,,,,0.016931115305772758,,,,,,,,,,,,,,,,0.024991031538922483,,,,,,,,,,,,,,0.02142440120451406,,,,,,,,,,,,0.021345323009451602,,,,,0.026783758966623075,,,,,,,,,,,,,,,,,,,,,,,,0.015090585936094006,,,,,,,,,0.012446578980391384,,,,0.01484606827532189,,0.01635349170887053,,,,,,,,0.017074505605783344,,,,,,,,,,,,,,,,,,0.01821635604660179,,,,,,,,,,,,0.020529706754108982,,,0.006938140806406053,,,,,,,,,,,,,,,0.01753689339523802,,0.01912327047323809,,0.024419512669226182,,,,,,,0.01159048061539964,,,,,,,,,,,,,,,,,,0.01904792442416473,,,,,,,,,,,,,,,,,0.013517952595630113,0.01713150566196213,,,0.020703237543792895,,,,0.02252467691478279,0.015401528095841027,0.012363635797015932,,,,,0.0047240624223578,,,,0.02267480073289964,,,0.011186014094283258,0.01122350801425335,0.016703853124761962,,,,0.008038981175098239,0.024109547076982388,,,,,,,,,,,,,,,,,,,,,,,,,,,,,,,,,,,,,,,,,,,,,,,,,,,,,,,,,,,,,,,,,,,,,,,,,,,,,,,,,,,,,,,,,,,,,,,,,,,,,,,,,,,,,,,,,,,,,,,,,,,,,,,,,,,,,,,,,,,,,,,,,,,,,,,,,,,,,,,,,,,,,,,,,,,,,,
2014-01-31,,,,,,0.035259806735687294,,,,,,,,,,0.022268140329294504,,,0.01828305511332364,,,,0.028166623513237496,,,,,,0.015989031825134756,,,,,,,,0.01115279127561566,0.0208345394532364,0.0198915329400168,,,,0.010332335374425971,,,0.011079180572556576,,,,,,0.01542447266258714,,,0.025081651451245985,,,,,,,,0.012690682410223421,,,,,,,,,0.01464463239754332,,0.019440640882668954,,,,,0.01066321023814607,0.013185211803120229,,,,,,,0.007777378840508036,,,,,0.023455371249703535,,,,,,,,,,,0.025841008009256424,,,,,,,,,,,,,,0.01146501680494236,,,,,,,,,,,,,,,,0.018027197867323257,0.022401018842819906,,,,,,,,,,,,,,,,,,,,,,,,0.021395681734995557,,,,,,,,,0.019615401902447514,,,,0.011619644982642181,,0.012398253240055467,,,,,,,,0.01979309959247444,,,,,,,,,,,,,,,,,,,,0.019053652142799405,,,,,,,,,,0.03047608861085873,,,0.0083115768424971,,,,,,,,,,,,,,,0.01571655564973169,,,,0.030220613811760322,,,,,,,0.018168652744987142,,,,,,,,,,,,,,,,,,0.02584177807909267,,,,,,,,,,,0.02502681348894008,,,,,,,0.01523557630806818,,,0.03364264928190743,,,,0.02331157534507905,0.02396682036638329,0.011244571586248822,,,,,0.007645057386444684,,,,,,0.008265010793389904,0.004865779684014929,,0.022444074332673935,,,,0.009945133822697395,0.020584915296844447,0.027548281688257542,0.026089517940151335,,,,,,,,,,,,,,,,,,,,,,,,,,,,,,,,,,,,,,,,,,,,,,,,,,,,,,,,,,,,,,,,,,,,,,,,,,,,,,,,,,,,,,,,,,,,,,,,,,,,,,,,,,,,,,,,,,,,,,,,,,,,,,,,,,,,,,,,,,,,,,,,,,,,,,,,,,,,,,,,,,,,,,,,,,,,
2014-02-28,,,,,,0.04034771288102298,,,,,,,,0.015150291414499233,,,,,0.017667253138201316,,,,,,,,,,0.028591503346719574,,,,,,,,0.013429701627576599,0.010695805756810593,0.021781381037336036,,,,0.020627516112417223,,,0.009263908207479956,,,0.009927989502992703,,0.015268750776854927,0.012449265759888955,,,0.018706660827800394,,,,,,0.011877240900321374,0.017551191657313864,0.014912480278530336,,,,,,0.011566959390354237,,,0.016124109877140837,,0.019270200032634906,0.01909406314916481,,,,0.008162970761584367,0.024768353360057282,,0.025133970421474416,,,,,,,,,,0.01874758968171801,,,,,,,,,,,0.02884681988293658,,,,,,,,,,,,,,,,,,,,,,,,,,,,,,0.009897970580682355,0.009311379308766557,,,,,,,0.014252218874727742,,,0.02344720192666293,,,,,,,,,,,,,,,,,,,,,0.018250108505487462,,0.011760517946307935,,0.020277961972268388,,0.013128861563432442,,,,,,,,,,0.010843172738072426,,,,,,,,,,,,,,,,,,,,,,,,,,,,,,,,,0.00894938911138507,,,,,,,,,,,,,,,,,,,0.022129748464960738,,,,,,,0.013138175860400135,,,,,,,,,,,,,,,,,0.03916919212301315,0.014480867406953285,,,,,,,,,,,,,,,,,0.011715716694971793,,,,0.018888845082976592,,,,0.017105812420289326,0.011103913846665482,0.007322161475230601,,,,,0.00645633749112015,,,,,,,,,,0.015015399559925272,,,0.013901898007281588,,0.019812733061149317,0.022106662523839964,,,,,,,,,,,,,,,,,,,,,,,,,,,,,,,,,,,,,,,,,,,,,,,,,,,,,,,,,,,,,,,,,,,,,,,,,,,,,,,,,,,,,,,,,,,,,,,,,,,,,,,,,,,,,,,,,,,,,,,,,,,,,,,,,,,,,,,,,,,,,,,,,,,,,,,,,,,,,,,,,,,,,,,,,,,,
2014-03-31,,,,,,0.02787610848525707,,,,,,,,0.01555840119200702,,,,,0.013293806165822803,,,,,,,,,,0.02082939764062641,,,,,,,,,0.008590002587052092,,,,,0.009456383198219393,,,0.006460134479380151,,,0.005317785487911658,,,0.02191648959411908,,,,,,,,,0.009672185204901084,0.012571955258162484,0.011033175551469125,,,,,,0.015383524579951048,,,0.014973052765380088,,,0.01781124473391127,,,0.011097454246939338,,0.01974752433879285,,0.02067929532438869,,,,,,,,,,0.018343602743120198,,,,,,,,,,,,,,,,,,0.03373122573249699,,,,,,,0.01139017838765039,,,,,,,,,,,,,,,,,0.018792993641736366,,,,,,,0.016433241214759677,,,0.02658496473180521,,,,,,,,,,,,,,,,,,,,,,,0.010961820758147696,,0.018569035369686432,,0.007991076963682732,,0.011360699645794494,,,,,,,,,,,,,,,,,,,0.011921988838357666,,,,,,,,,0.015098554986153697,,,,,,,,,,,,,0.009843271363538988,,,,,,,,,,,,,,,0.015633629051264114,,,,0.022982952724754296,,,,,,,,,,,,,,,,,,,,,,,,0.02666812213975737,0.02362244942236859,,,,,,,,,,,,,,,,,0.005027541934863219,0.015057884912500355,,,,,,,0.02369407345436841,0.018182037388936284,0.004493976721659706,,,,,0.010926690687427881,,,,,,0.00896036618920949,,,,0.014343754987350904,,0.008928147726157739,0.011481547547630725,0.01645265579732406,0.02155308893646831,0.023748401908513343,0.01250695901458157,,,,,,,,,,,,,,,,,,,,,,,,,,,,,,,,,,,,,,,,,,,,,,,,,,,,,,,,,,,,,,,,,,,,,,,,,,,,,,,,,,,,,,,,,,,,,,,,,,,,,,,,,,,,,,,,,,,,,,,,,,,,,,,,,,,,,,,,,,,,,,,,,,,,,,,,,,,,,,,,,,,,,,,,,,,
2014-05-30,,,,,,0.02157736483231936,,,,,,,,,,,0.019037789797590143,,0.01612656252286691,,,,,,,,0.01563921725529124,,0.018928687201609,,,,0.028110382496062077,,,,,0.009018054233418978,,,,,0.01199824468548856,,,0.006408860643210643,,,0.0021209338977032748,,0.01844078204095003,0.006925018232476021,,,,,,,,,0.006747942126260451,,0.018702347779382386,,,,,,0.007878805582708686,,,0.011643500190421655,,,0.02129916235752166,,,,,0.017620318106901307,,0.02780047384526184,,,,0.015697675573015244,,,,,,0.020997766847016628,,,,,,,,,,,0.02649315722561303,,,,,,,0.018930515153335242,,,,,,,,,,,,,,,,,,,,,,,,,,,,,,,,,,,,,,,,,,,,,,,,0.022312326072074746,,,,,,0.023582315961148816,,0.01407264006021632,0.010825984052836883,,0.018229480998538498,,,,0.009707309260745216,,0.021710956261248845,,,,,,,,,,,,,,,,,0.012839345528848656,,,,,,,,,,,,,,,,,,,,,,0.006120590574398041,,,,,,,,,,,,,,,,,0.01991792028376498,,,,,,,,,,,,,,,,,,,,,,,,,,0.02130847592996197,0.015333867712461868,,,,,,,,,,,,,,,,,,,,,,,,,0.02452601577068472,0.026130368049793247,,,,,,0.006506955239167855,,,,,,,,,,,,0.010189418303248755,0.00845337307430657,0.013805583111818759,,0.026957257834196207,0.01343308390364493,0.01599846991788191,0.023115486579244084,0.016695617151977957,0.02885749894487172,0.023913674372921575,0.019337542749503892,,,,,,,,,,,,,,,,,,,,,,,,,,,,,,,,,,,,,,,,,,,,,,,,,,,,,,,,,,,,,,,,,,,,,,,,,,,,,,,,,,,,,,,,,,,,,,,,,,,,,,,,,,,,,,,,,,,,,,,,,,,,,,,,,,,,,,,,,,,,,,,,,,,,,,,,,,,,,,,,,,,,,
2014-06-30,,,,,,0.021407722840700236,,,,,,,,,,,0.014548317080575095,,0.014861457951200217,,,,,,,,0.01066291899728499,,0.026035586269304183,,,,0.021989099804664274,,,,,0.00789760750704015,,,,,0.009601088503949022,,,0.012185871371667895,,,,,,0.009302354438658423,,,,,,,,,0.006324935634454734,,0.010298746925177241,,,,,,0.011382458569109587,,,0.012923923453799046,,,0.012468288022236077,,,,,0.025581913071063514,,0.020389761155996108,,,,0.013804693383967637,0.015017756096176752,,,,,0.027256372362813305,,,,,,,,,,,,,,,,,,,,,,,,,,,,,,,,,,,,,,,,,,0.017276011398594752,,,,,,,,,,,,,,,,,,,,,,,,,,,,,,0.02543799754096744,0.03140394179367843,0.02677695753506286,,,0.028787195277545093,,,,,,,,,,,,,,,,,,,,,,,0.01335535984096337,,,,,,,,,,,,,,,,,,,,,,,,,,,,,,,,,,,,,0.019530519215281202,,0.003721794803455322,,0.02470710512772331,,,,,,,0.015541411746405505,,,,,,,,,,,,,,,,,,0.02173370759647042,,,,,,,,,,0.019507973047054896,,,,,,,,,,,0.0287333233932256,,,,0.014527769653262015,,,,,,,0.008099195876628414,,,,,,,,,,,,0.01281559383230875,0.010642775665474571,0.01409660699883365,,0.02507768880553499,0.027888548122924926,0.0212005091161814,0.027928533346246454,0.01798459713201725,,,0.021928815788165665,0.027907246818791562,0.025963600317972114,0.021908877005404295,0.016856914641850875,0.01329112773219963,,,,,,,,,,,,,,,,,,,,,,,,,,,,,,,,,,,,,,,,,,,,,,,,,,,,,,,,,,,,,,,,,,,,,,,,,,,,,,,,,,,,,,,,,,,,,,,,,,,,,,,,,,,,,,,,,,,,,,,,,,,,,,,,,,,,,,,,,,,,,,,,,,,,,,,,,,,,,,,,
2014-07-31,,,,,,0.03157034750805591,,,,,0.017657640749897355,,,,,,,,0.015776330913554196,,,,0.023646111165389654,,,,0.007917104482035862,,0.02336974706267275,,,,,,,,,0.010297112382763925,,,,,0.012366581896745058,,,0.010986223286317147,,,,,,0.01715657114606917,,,,,,,,,0.010772964762271025,,0.014453064900127408,,,,,,0.01624729855372567,,,0.02043947473680943,,,0.01947156668616219,,,,0.015233371659686636,0.03281183231321291,,,,,,0.017869348732930695,0.014906378037855604,,,,,0.025881236056283615,,,,,,,,,,,,,,,,,,,,,0.03341215775917294,,,,,,,,,,,,,,,,,,,,,0.021373898800043402,,,,,,,,,,,,,,,,,,,,,,,,,,,,,,0.01934119503249209,,0.016090375206160214,,,0.02728626836623455,,0.009499403821774043,,,,0.02608589575118168,,,,,,,,0.046691092511448026,,,,,,,,,0.01538420520225634,,,,,,,,,,,,,,,,,,,,,,0.005286360109646626,,,,,,,,,,,,,,,0.021119287754586814,,0.02388072776207929,,0.02163891379938827,,,,,,,,,,,,,,,,,,,,,,0.01017777734849321,,,0.03095496186816801,,,,,,,,,,0.02059874491474862,,,,,,,,,,,,,,,,,,,,,,0.015772683875668953,,,,,,,,,,,,0.012268408259510134,0.014379171188348042,0.01764361729216223,,,0.021530561873592584,0.034537845813910194,0.02431612876936161,,,,,0.02904595382853293,,0.031658893529487545,,0.02900337163293979,0.022550534162580044,0.020461042146681055,0.019180214586784483,,,,,,,,,,,,,,,,,,,,,,,,,,,,,,,,,,,,,,,,,,,,,,,,,,,,,,,,,,,,,,,,,,,,,,,,,,,,,,,,,,,,,,,,,,,,,,,,,,,,,,,,,,,,,,,,,,,,,,,,,,,,,,,,,,,,,,,,,,,,,,,,,,,,,,,,,,,,,
2015-04-30,,,,,,0.02352739484025763,,,,,,,,,,,0.010467228050387658,,0.02123859051842427,,,,0.032102664056891446,,,,0.015166545998612193,,,,,,,,,,,0.01219345355165287,,,,,,,,0.007634844655595504,,,,,,,,,,0.02273005586985603,,,0.018268529449669765,,0.006964323214058227,,,,,,,,,,0.01239913923229654,,,,0.012296144709240982,0.023525599201983736,,,,0.0221040381379211,,,,,,,,0.01520638204460463,0.0247469805739002,,,,,,,,,,,,,,,,0.013495179280761087,,,,,,,0.030788340560902804,,,,,,,0.01154962988659151,,,,,,,,,,0.022888768347229634,,,,,,,,,,,,0.019829375319099642,,,,,,,,,,0.008573788212028925,,0.01116796075553406,0.025509891809472652,,,,,,,,,,,,0.01220957292519402,,,0.029493952221385705,,,0.0176359336835501,,,,,,,,,,,0.011442257065311557,,,,,,,,,0.012824133192192203,,,,,0.015269240531382861,,,,,,,0.03478927212200488,,,,0.016461947363600345,,,,,,0.0062036186583058275,,,,,0.030335121587702445,,,,,,,,,,,,,,,,0.031919703417584606,,,,,,,,,,,,,,,,,,,,,,,,,,,0.020250679971860704,,,,,,,,,,,,,0.0094431818969788,,,,,,,,0.02061191854529006,,,,0.009146396663115734,,,,,,,,,,,,,,,,,0.011465543208046934,,,,,,,,,,,,0.02187590826635667,0.010945607548423907,,,,,,,,,,,,,,,,,,0.014645253475040306,,0.01941538593239472,0.017462031938615116,,,,,0.020430817133137182,0.02152346057036961,0.016725536357963682,0.009151666784319716,,,,,,,,,,,,,,,,,,,,,,,,,,,,,,,,,,,,,,,,,,,,,,,,,,,,,,,,,,,,,,,,,,,,,,,,,,,,,,,,,,,,,,,,,,,,,,,,,,,,,,,,,,,,,,,,,,,,,,,,,,,,,,,,,,,,
2015-07-31,,,,,,0.017779377955774285,,,,,,,,,,,,0.01791344234792771,0.014928904751247219,,0.01355151893171534,,,,,,0.009150944607121132,,,,,,,,,,,0.018383084336469364,,,0.00844520414570089,,,,,0.011363001309450761,,,,,,,,,,0.024512761474270294,,,,,,,,,,,,,,,,,,,,,,,,,,0.035111414711105474,,,,,0.005906740071997141,0.02600035269110345,,,,,,,,,,,,,,,,,,,,,,,,0.03210489940670571,,,,,,,0.009019091996770149,,,,,0.035166613233632835,,,,,0.0102508839595173,,,,,,0.016633814583365134,,,,,,0.024916843415919737,0.009632584245675676,,,,,,,,,0.013601252270507147,,0.015200181412639483,,,,,,,,,,,,,0.011619248152471149,0.016240917541640254,,,,,,,,,,,,,,,,,,,,,,,,,,,,,,,0.025575815593658433,,,,,,0.012313589012063763,,,,0.01846331860124401,,,,,,0.007774744182046112,0.020644709667686105,,,,0.025868315359718834,,,,,0.02867454708693672,,,,,,,,,,,0.02696956504366108,,,,,,,,,,,,,,,,,,,,,,,,,,0.010473099336137317,0.01499893130046852,,,0.02556845578657869,,,,,0.01915796845529605,,,,,0.02170031649136135,,0.031233926887654043,,,,,,0.03205900559973909,,,,,,,,,,,0.02143278166881003,,,,,,,,,,0.012306872601413835,,,,,0.013451567518076852,,0.02290396191815911,,,,,,0.0140457530876711,,,,,,,,,,,,,,,,,,,,,0.020176645569904336,,,,,,0.024638052346215307,0.015893817297770372,0.011083776133110077,,0.02010138810880295,0.018411428863333433,,,,,,,,,,,,,,,,,,,,,,,,,,,,,,,,,,,,,,,,,,,,,,,,,,,,,,,,,,,,,,,,,,,,,,,,,,,,,,,,,,,,,,,,,,,,,,,,,,,,,,,,,,,,,,,,,,,,,,,,,,,,,,,,,
2015-08-31,,,,,,0.014253877709297768,,,,,,,,,,,,0.012037655274975956,,,,,,,,,0.007885473667479173,,,,,,,,,,,0.00800718261944241,,,0.009261327030728005,,,,,0.006108912234138033,,,,,,,,,,0.013957035578736893,,,,,,,,,,,,,,,,,,,,,,0.00902901763418972,,,,0.01406430749257309,,,,,0.005719176593993004,0.012623768785458192,,,,,,,,,,,,,,,,,,,,,,,,,,,,,,,0.011310283391102367,,,,,,,,,,0.010957561743807973,,,,,,,,,,,,0.010221143180651392,0.01018281377355274,,,,,,,,,0.010168855145627024,,0.00901505910126588,,,,,,,,,,,,,,0.012424190189519421,,,,,,,,,,,,,,0.014446751387651953,,,,,,,,,,,,,,,,,0.01258167929293167,,,,,,0.014308745294840086,,0.01285055889021545,,0.010756121190257473,,,,,,0.007509854061571592,0.0148688021493769,,,,,,,,,0.014027195642492564,,,,,,,,,,,,,,,,,,,,,,,,,,,,,,0.01797174061934582,,,,,,,0.007549327347830375,0.009983479706640187,,,,,,,,,,,,,0.015095445359030697,,0.01700347596259769,,,,,,0.012755829196958644,,,,,,0.01037789858740259,,,,,0.01256400243915741,,,,,,,,,,0.010249021470433271,0.015814704753903085,,,,0.013857480216703489,,0.012255424100496504,,,,,,0.008211067508593264,,,,,,,,,,,,,,,,,,,,,0.01603459312119352,,,,,0.015801504133726156,0.012832227589691254,0.011979300737968695,0.005702446138360971,,0.016845576802533586,0.025700107923898693,0.013377133435999345,0.012478342982743784,0.009634063128416815,,,,,,,,,,,,,,,,,,,,,,,,,,,,,,,,,,,,,,,,,,,,,,,,,,,,,,,,,,,,,,,,,,,,,,,,,,,,,,,,,,,,,,,,,,,,,,,,,,,,,,,,,,,,,,,,,,,,,,,,,,,,,,
2016-01-29,,,,,,0.015273188133075774,,,,0.013195773868160282,0.011741475402675118,,,,,,,,,,0.013882991955641463,,,,,,,,,,,,,,,,,0.009008581575604767,,,0.006320254396960245,,,,,0.006129177450636493,,,,,,0.017986511152882707,,,,0.012820171848242001,,,,,,0.012645530983788513,,,,,,,,,,,,,,,,0.008915703611581397,,0.013966121708595493,,0.013530170262495955,,,,,0.006712459537293601,,,,,,,,,,,,,,,,0.01639367833195685,,,,,0.016348806835882464,,,,,,,,,,,,,,,,,,,,,0.008863752901338824,,,,,,,,,,,,,,,,,,,,,,,,0.00717269034333692,,0.016100899963897897,,,,,,,,,,,0.00998897430640486,,,,,,0.011139476293446053,,,,,,,0.011015025235509858,,0.012516227162231499,,,,,,,,,,,,,,,,,,,,,,,,,0.011804167709724924,,,0.016261750980952085,,,,,,,,0.012243922271922503,,,,,,,0.013704086892810894,,,0.011502498882549336,,,,,,,,,,,,,,,,,,0.014515775602997024,,,,,0.014576206656266497,,,,,,,,,,,0.007229015304494,0.01125534560911883,,,,,,,,,,,,,0.010748082016764984,,,,0.01697417044308707,,,,,,0.007641283745981766,,,,0.009997165529063101,,,,,0.013966236797216612,,,,,,0.009355250611870322,0.008302042049504823,,,0.011121799572456705,,,,,0.011051677315144096,,,,,,0.018118765362844715,,,,,,,,,,,,,,,,,,,,,,,,,,,,,0.01867215374792732,,0.00848893865172365,,,,,0.01050617086358046,0.007300039558212142,,0.009592928788134364,0.016295896757813108,,0.018609114740079247,0.015119601850430946,0.010571057902517422,,,,,,,,,,,,,,,,,,,,,,,,,,,,,,,,,,,,,,,,,,,,,,,,,,,,,,,,,,,,,,,,,,,,,,,,,,,,,,,,,,,,,,,,,,,,,,,,,,,,,,,,,,,,,,,,,,,,,,,
2016-02-29,,,,,,0.01863698503128502,,,,,,,,,,,,,,,0.011013546641799115,,,,,,,,,,,,,0.01238759548613344,,,,0.004269986060802997,,,0.0048767834706964905,,,,,,,,,,,0.007957531650210167,,,,0.009307687726303958,,0.007569301379233962,,,,,,,,,,,,,,,,,,,,,,0.010801373936857237,,0.009368550206152699,,,,,0.006744132825278103,,,,,,,,,,,,,,,,0.00648216170074347,,0.007552405589659608,,,,,,,,,,,,,,,,0.0163974386732372,,,,,,0.02005667715528548,,,,,,,,,,,,,,,,,,,,,,,,,,0.006656669285818346,0.013829796866401126,0.010006351002370737,0.01526147955432759,,,,,,,,,,,,,,,,0.01618963302812473,,,,,,,0.006855153103955251,,0.004994150565882139,0.012586822875701273,,,,,,,,,,,,,,,,0.012197477776001739,,,,,,,,,,,,,,,,,,,0.011371380546137571,,,,,,,0.007759134292044915,,,0.013033949930943945,,,0.010089124348524969,,,,,,,,,,,,,,,,,,,,0.00968697716656069,,,,0.013700654722023869,,,,,,,,0.009214428360328392,,,,,,,,,0.015099497842340675,,,,0.005356204658759705,,,,0.02033004710796799,,,,,,,,,0.0167946721236036,0.011610643725330577,,,,,0.010439888628337264,,,,,,,,0.009916205901006395,0.0068126615968609125,,0.01572371453649151,,,,0.008102877161554925,,0.014709265449762646,,,,0.008226953833418413,,,,,,,,,,,0.007936760565710486,,,,,,,,,,,,,,,,,,0.011417847638154134,,,,,,,,0.008255773845982941,0.01158723311652093,,0.009762726760365775,,,0.013779182010248492,,0.017172393847936725,0.012497113687469407,,,,,,,,,,,,,,,,,,,,,,,,,,,,,,,,,,,,,,,,,,,,,,,,,,,,,,,,,,,,,,,,,,,,,,,,,,,,,,,,,,,,,,,,,,,,,,,,,,,,,,,,,,,,,,,,,,,,,
2016-03-31,,,,,,0.014463723322556712,,,,,,,,,,,,,,,,,,,,,,,,,,,,0.007510378720270589,,,0.006732165940901229,,,,0.003107925622518857,,,,,,,,,,,0.014400260693820985,,,,,,0.020000249557661793,,,,,,,,,,,,,,,,,,,,,,,,,,,,,0.0061452389740477035,,,,,,,,,,,,,,,0.004092962169106399,0.011399006454465722,0.011539557694701275,0.009876348800656748,,,,,,,,,,,,,,,0.014250616119101594,,,,,,,0.014611640104749178,,,,,,,,0.02107112452113654,,,,,,,,,,,,,,,,,,0.007350457974767513,0.0114828769317936,0.013493022090808575,0.015937644901305004,,,,,,,,,,,,,,,,0.010123421940674593,,,,,,0.013372526318237125,0.009910335698214206,,,,,,,,,,,,0.007319367033716048,,,,,,,,,,,,,,,,,,0.010805995292468404,,,,,,,,0.014223155332446828,,,,,,,0.008946274266333536,,,0.009712466137878272,,,,,,,,,,,0.015978881695458604,,,,,,,,,,,,0.014180023204542399,,,,0.023634323614067428,,,,,,,,0.02079963738008334,,,,,,,,,,,,,,,,,0.015066334966142961,,,0.009769064546150258,,,,,,0.017492662203502603,0.0099458353630415,,,,,0.018586628510369907,,,,,,,,,,,0.013456692882643843,,,,0.006354121589418889,,0.015206720612651067,,,,,,,,,,,,,,,,0.011374757530608466,,,,,,,,,,,,,,,,,0.01291314383037787,,,,,,,,0.009335991163204738,,,0.0073333941629045345,,,0.015846662057191003,,0.017384552720545836,,0.026067065250554446,0.018530613925980245,0.017009749118162335,0.01694965688716644,0.01497226630423491,0.009320536408501636,0.007368446091432153,,,,,,,,,,,,,,,,,,,,,,,,,,,,,,,,,,,,,,,,,,,,,,,,,,,,,,,,,,,,,,,,,,,,,,,,,,,,,,,,,,,,,,,,,,,,,,,,,,,,,,,,,,,,,,
2016-04-29,,,,,,0.014237542838146674,,,,,,,,,,,,,,,,,,,,,,,,,,,,0.016269161013511193,,,0.02113578839448676,,,,,,,,,,,,,,,0.015155653146751864,,,,0.016274218893380495,,0.02034456416083325,,,,,,,,,,,,,,,,,,,,,,,,0.01706668268436807,,,,,,,,,,,,,,,,,,,,,0.010526238625017077,,0.005204726935408452,,,,,,,,,,,,,,,,,,,,,,0.01960860755847918,,,,,,,,,,,,,,,,,,,,,,,,,,0.011213847956996377,,0.016587291549265862,0.0313807496063429,,,,,,,,,,0.014577498638374774,,,,0.035908311830922995,,0.022436873748876103,,,,,,0.025692604797012665,0.016454359544299114,,,,,,,,,,,,0.01635270014547969,,,,,,,,,,,,,,,,,,0.014417246934054075,,,,,,,,,,,,,,,,,,,0.018342690272972143,,,,,,,,,,0.019104988598789552,,,,,,,,,,,,0.020775766935618212,,,,0.021229391158227605,,,,,,,,0.02089154779682841,0.018818821495120597,,,,,,0.02391518644809638,,,,,,,,,,0.02123911905809875,,,,,,,,,0.020167012366976406,0.011458218602622144,,,,,0.019862954608166603,,,,,,,0.016860844915721738,0.009771846862951955,,,0.030650750464330558,0.030475731997419674,,,0.008176532842194422,,0.027602196226326127,0.018555081864601728,,,,,,,,,,,,,,,0.019628554667130073,,,,,,,,,,,,0.022796583256231517,,,,,0.025548845963669704,,,,,,,,0.008386240013649023,,0.016716117218011806,,,,0.03227202644844247,,0.028153247057018226,,,,0.02870758337408914,0.020799046170604227,,0.008744040326282699,,0.029153786490039173,0.021691542550426067,0.018659034947335427,,,,,,,,,,,,,,,,,,,,,,,,,,,,,,,,,,,,,,,,,,,,,,,,,,,,,,,,,,,,,,,,,,,,,,,,,,,,,,,,,,,,,,,,,,,,,,,,,,,,,,,,,,,
2022-02-28,,,,,,0.022671970817143214,,,0.008810755375013716,0.00958552499054659,,,,,,,,,0.007613494045439676,,,,,,,,,,,,,,,,,,,,,,0.008435845436992485,0.007690392766554849,,,,,0.012670815747264854,0.014567164804421382,,,,0.008248202241398876,,,,,,,,0.01318897924251182,,,,,,,,,,,,,,,,,,,,,,0.013318675701396197,0.010797788919143207,,,,,,,,,0.011814163925195574,0.0045922578666279645,,,,,,,,,,,,,,,,,,,,,,,,,,,,,,,,,,,,,0.011290615931298612,,,,,,,,,0.009102267678799179,,,0.006050282895729996,0.0077383177856282,,,,,,,,,,,,,,,,,,0.01821261362011705,,,,,,,0.015364819506030717,,,,,,0.015302093819216054,,,,,0.005561991201114051,0.017264897878090435,,,,,0.013694324023648176,0.007957544088347288,,,,,,,,,,,,,,,,,,,,,,,0.014252311650247195,,,,,,,,,,,,,,,,0.013998324405030401,,,,,,0.01597440456675005,,,,,,,,0.014162101910673885,,0.013607957590696253,,,,0.011388357687739808,,,,0.011252116021648351,,,,,,,,,,,,,,,,,,,,0.010907352026946164,,,0.01778396608959244,,,,0.009252605364743552,,,,,,,0.014541531443576975,,,,,,,,,,,,,,,,,0.01150976674444064,,,,,0.010057004092452025,,,0.01766720993215606,,,,,,,,,0.006194332960726981,,,,,,,,,,,0.009893577825567292,,0.01722089288765543,0.01638388571845557,,,,,,0.01633938614856873,,0.025115493274453535,,,,,,,,,,,,,,,,,,,,,,,,0.01678904113370243,,,,,,,,,0.009597047809796125,,,,,,,,,,,,,,,,,,,,,,0.009062334623694357,,0.008364606809289112,,,,,,,,,,,,,,,,,,,,,,,,0.013246246052214463,,,,,,,,,,,,,,,,,,,,,,,,,,0.009122787188703147,,,,,0.01616494425363967,0.01552861946742131,0.011076342883246928,,,,,,,,,,,,,,,,,,,,,,,,,
2025-03-31,,,,,,0.018767116268397072,,,,,,,,,,,0.007053561600092396,,,,,,0.010076840182592587,,0.008539704609788043,,,,,,,,,0.008945866041845,,,,,,,,,,0.008131397808929733,,0.010480210750776785,,,0.010759312711842307,,,,,,,,,,,,,0.009618645863842094,,,,,,0.014673493013988426,,,0.005955379860494215,,,,,,,,,,,,,,,,,,,,,,,,,,,,,,,0.013956311377958474,,,,,,,,,,,,,,,,,,,,,,,,,,,,,,,,0.0068970517994586325,,,,,,,,0.010732555442066156,,,,,,,,,,,,,,,,,,0.019460729685322434,,,,,,0.007009870512813142,,,,,,,,,,,,,,0.011804610674726315,,,,,,,,,,,,,,,,,,,,,,,,,,,,,,,,,0.008771421631837384,0.007302908453703849,0.00945550980007383,,,,,,,,,,,,,,,,0.010996036197605877,,,,0.02013586712205533,,,,,0.019853866823796123,,,,,,,,,,,,,0.012364053433464348,,,,,,,,,,,,,,,0.007605644989810654,,,,,,,,,,,,,,,,,,,,,,0.004115947253446634,,,0.008962380485841508,,,,,0.012950542937071952,,,,,,0.0062489445545868836,,,,,,0.014287456729310486,0.012881992828220095,,,,,,,,0.014620479789811505,,,,,,,,,0.01446909913978656,,,,,,0.016265914525315155,0.01778434334793686,,,,,,0.01341646762429152,,,,,,,,0.010701727810361827,,,,0.022878809782291856,,,,,0.013400782374774123,,,,,,,,,,,,,,,,,,,,0.010127213247268807,,,,,,0.01757332364156831,,,,,,0.017682460708022107,,,,,,,,,,,,,,0.005909426222952569,,,,,,,,,,,,,,,,,,,,,,,,,,,0.00991664502692137,,,,,,,,,0.010397930790949104,,,,,,,0.004514500311297909,,,,,,,0.018517318526309987,,,,,,,,,,0.003560758213926341,0.002942080071948284,,,,,0.012498951206683345,0.04120750083693221,0.013378808229091134,0.01457597551781828,0.012322815528899298,0.006051616807319892,,,
2025-04-30,,,,,,0.012204573835759075,,,,,,,,,,,0.004665042895159532,,,,,,0.008370205940194345,,0.00636174254853522,,,,,,,,,,,,,,,,,,,,,,,,,,,,,,,,,,,,,0.0073501151091563445,,,,,,0.007145566694777237,,,,,,,,,,,,,,,,,,,,,,,,,,,,,,,,,,,,,,,,,,,,,,,,,,,,0.018729899352744994,,,,,,,,,,,,,,0.004310290437329541,,,0.009571322236714596,0.0076836996956352694,,,,0.0056441365185150045,,,,,,,,0.008808985116681059,,,,,,,,,,0.0113535286718145,,,,,,,,,,,,,,,,,,,,,,,,,,,,,,,,,,,,,,,,,,0.010649763662597497,0.008300555762781358,,,,,,,0.010603801337973121,,,,0.006735913526526856,0.007004318140430434,,,0.011311240132783038,,,0.011290344614429529,,,,,,,,,,0.005063136485497701,,,,0.008443358549108831,,,,,0.011625166072801795,,,,,,,,,,,,,0.008583337639626144,,,,,,,,,,,,,,,,,,,,,,,,,,,,,,,0.008972629595807363,,,,,,0.0034539225256237016,,,,,,,,0.008047724506365535,,,,,,0.004544180141721828,,,,,,0.004964326058350386,0.004732380970845476,,0.011578787756259095,,,,,,0.011077632235570557,,,,,,,,,0.007627100987549988,,,,,,0.011650749008120118,0.007662626453119418,,,,,,0.009196908728508445,,,,,,,,,,,,0.010419171502553762,,,,,,,,,,,,,,,,,,,,,,,,0.009682056531312606,0.005623464838872272,,,,,,0.013091458484027088,,,,,,,,,,,,,,,,,,,0.008702668025118179,0.003824863873772601,,,,,,,,,,,,,,,0.014048344395763714,,,,,,,,,,,,0.005643972170662597,,,,,,,,,,,,,,,,0.003997438282109957,,,,,,,0.006304968619917458,,,,,,,,,,0.0033632576917457095,0.0034214139807445224,,0.00545679453777514,,,0.006206602475929576,0.025778559139387546,0.007053704095320798,0.007254212500857577,0.00629082739950814,0.004630086816893143,,,
2025-05-30,,,,,,0.008836889545531976,,,,,,,,,,,0.005674454387445584,,,,,,0.0065953589557351654,,,,,,,,,,,,,,,,,,,,,0.005823062141413727,,,,,,,,,,,,,,,0.009829004624399939,,,0.002900520437622888,,,,,,0.010611270595024475,,,0.004120108175226463,,,,,,,,,,,,,,,,0.00912000284026477,,0.006524378989292483,,,,,,,,,,,,,0.006188670600096859,,0.008916439538294374,,,,,,,,,,,,,,,,0.0094125370912213,,,,,,,0.011226366627583785,,,,,,,0.004897516115678902,,,,0.010883990609839415,,,,0.005228494092415867,,,,,,,,,,,,,,,,,,0.01029659555584668,,,,,,,,,,,,,,,,,,,,,,,,,,,,,,,,,,,,,,,,,,,0.009578639943232574,0.011091014918238473,,,,,,0.013053602749392814,,,,0.003884842216076594,0.002594499021853985,,,,,,0.00886473015385963,,,,,,,,,,0.00978210361465544,,0.009079166037101584,,,,,,,0.005256508465384375,0.012008994756466808,,,,,,,,,0.011136671954575064,,,0.0141935013214798,,,,,,,,,,,,,,,,,,,,,,,,,,0.011028736658237797,,,,,,,,,,,0.004334638566423856,,,,,,,,0.013637779592504744,,,,,,0.006860655125762053,,,,,,,,,0.009613016118171936,,,,,,0.010708576779389864,,,,,,,,,0.014730175040463478,,,,,,0.010364726620016662,,,,,,,,,0.009336478260893118,,,0.006138088035314923,,,,,,,,,,,,,,,,,0.011987633947364771,,,,,,,,,,,,,,,0.005656696568030239,,,,,,0.012715962419379665,,,,,,0.010314148584501677,,,,,,,,,,,,,,,,,,,,,,,,,,,,,0.011403433478038958,,,,,,,,,,,,0.011276262460050968,,,,,,,,,,,,,,,,0.0029814775574380976,,,,,,,,,,0.008292897604989314,,,,,,,0.004165980036647805,0.0031595367763437485,,0.0043925622556259016,,,0.007150293794774229,0.025360406766995573,0.0072379256519086764,,,0.006601100667021512,,,
2012-10-31,,,,,,,0.020399249175936093,0.025414063684416417,,,0.007412817061538043,,,,,,,,,,,,,,,,,,,,,,,,,,0.00580009741190235,0.018621548838468324,0.019585361043145004,,0.009332380112953283,,,,,,,0.024222578464863725,,,,,,,,,,0.011573163140952206,,,,,,,,,,,,,,,,,,,,0.008939928522295573,,0.014351007901246488,,,,,0.011512740657209865,,,,,,,,,,,,,,0.018121271593608896,,,,,,,,,,,,,,0.02562838590572465,,,,,,,,,,,,,,,,0.025894778804308745,,,,,,,,,,,,,,,,,,0.020531454157566346,,,,,,,0.03431031086831914,,,,,,,,,,0.013640518371076823,,,,,,,,,,,,,,,,,,,,,,,,,0.015408317146709389,,,,,,,,0.030728558349377013,,,,,,,0.013048554499786981,,0.029718951416256828,,,,,,,,,0.021909042378745257,,,,,,,,0.022484036803998922,0.023605107684765345,,0.0222512161945046,,,0.03228114131542365,0.015914412208414358,0.02351289711684909,0.026193380858287672,0.03174483020906373,0.015576425754600675,,,0.04740582654865143,0.03316218839142342,,0.01563026031403936,,,,,,,0.013208332845169347,,0.02066377187181783,0.007762695829278971,0.011330525497450356,0.02682507407995992,0.03257235679675103,0.021180773001871746,0.014188611461609057,0.012539829934021049,0.03537926539668374,0.015734915352679988,,,0.014350279886339015,0.014107465519056683,,,,,,,,,,,,,,,,,,,,,,,,,,,,,,,,,,,,,,,,,,,,,,,,,,,,,,,,,,,,,,,,,,,,,,,,,,,,,,,,,,,,,,,,,,,,,,,,,,,,,,,,,,,,,,,,,,,,,,,,,,,,,,,,,,,,,,,,,,,,,,,,,,,,,,,,,,,,,,,,,,,,,,,,,,,,,,,,,,,,,,,,,,,,,,,,,,,,,,,,,,,,,,,,,,,,,,,,
2012-12-31,,,,,,,0.021033388700046774,0.01638147807105657,,,0.009833634153203607,,,,,,,,,,,,,,,,0.007883707717055167,,,0.01062663812288345,,,,,,,,0.010431038110940415,,,0.009542456650217317,,,,,,,0.01050631822243224,,,,,,0.017249345676019507,,,,0.01116042750084333,,,,,,,,,,,,,,,,,,,,0.014719615333187011,,0.02017818991299354,,,,0.016513133707206074,0.01447861522225885,,,,,,,,,,,,,,0.012980108946048032,0.020527819590657942,,,,,,,,0.010340073205814166,,,,,0.02047483072976133,,,,,,,,,,,,,0.021753573180575105,,,0.018561806369382615,,,,,,,,,,,,,,,,,,,,,,,,0.01413093833012884,0.02856013906029826,,,,,,,,0.02725834209744919,,0.01284137896529904,0.016872961506146186,,,,,,,,,,,,,,,,0.028445866251500314,,,,,,,,0.009014531750524543,,,0.009971365272230097,,,,,,,,,,,,0.017107679009250417,,0.022328211593710668,,,,,,,,,,,,,,,,,,0.017697475293511802,,0.018584738925606987,,,0.021576250266423062,,,,0.032991321728393155,,,,0.022643757446396323,,,0.018846906889860408,,,,,,,0.011172866496529692,,,,0.009560129021175185,0.021531198162721882,,0.016767426383958343,0.01605566871216976,0.010988016955808458,,,,,0.01584790905641757,,0.024613147475249838,0.01961213486633254,0.019786791768168152,0.01707858618283815,,0.01730151730553081,,,,,,,,,,,,,,,,,,,,,,,,,,,,,,,,,,,,,,,,,,,,,,,,,,,,,,,,,,,,,,,,,,,,,,,,,,,,,,,,,,,,,,,,,,,,,,,,,,,,,,,,,,,,,,,,,,,,,,,,,,,,,,,,,,,,,,,,,,,,,,,,,,,,,,,,,,,,,,,,,,,,,,,,,,,,,,,,,,,,,,,,,,,,,,,,,,,,,,,,,,,,,,,,,,
2013-01-31,,,,,,,0.023219678356744496,,,,0.013670416104401412,,,,,,,,,,,,,,,,,,,0.01114491502788061,,,,,,,,,,,0.0109524089513009,,,,,,,0.006315400266123684,,,,,,,,,,,,,,,,,,,,,,,,,,,,,,0.010369883418731206,,0.004807336612289628,,,,0.015330112713463193,0.013336867562245428,,,,,,,,,,,,,,0.018471626823129576,0.0094673047788304,,,,,,,,0.019057700881741822,,,,,,,,,,,,,,,,,,,,,0.014832234016139074,,,0.02970439963083306,,,,,,,,,,,,0.01860827033311786,,,,,,,,,,,,,,,,,,0.0336510073772161,,0.013865422312505815,,,,,,,,,0.01840390443344119,,,,,0.01736540829054368,,0.035987342463590345,0.019508516047726597,,,0.022359198944936137,,,0.014561381769576066,,,,,,,,,,0.015788899302935946,,,,,,,0.025359613476271532,,0.022837311690031368,,,,,,,,0.009152300383560717,,,,,,,,,,0.01770727682176549,,0.020867751086741878,,,0.020418920353742796,0.016897498067107188,,,0.02599140922526714,,,,0.035441480509911236,,,0.023493759381100307,,,,,,,0.013535110806221606,,,,0.011338632896215605,0.023709140471504377,,0.01856064865531689,0.010958988234505146,,0.037426808060619654,,0.02745476958666294,,0.011071768080651646,,0.01327067201989478,,0.029110050583609336,0.01438877756804084,,0.019732729358752806,0.01966852178553275,0.016227478525072784,,,,,,,,,,,,,,,,,,,,,,,,,,,,,,,,,,,,,,,,,,,,,,,,,,,,,,,,,,,,,,,,,,,,,,,,,,,,,,,,,,,,,,,,,,,,,,,,,,,,,,,,,,,,,,,,,,,,,,,,,,,,,,,,,,,,,,,,,,,,,,,,,,,,,,,,,,,,,,,,,,,,,,,,,,,,,,,,,,,,,,,,,,,,,,,,,,,,,,,,,,,,,,,,
2019-05-31,,,,,,,,0.021646589024401877,,,,,,,,0.01832964160092455,,0.009839575971919716,0.013517539810651655,,,,,,,,,,,,,,,,,,,0.011527107728306412,,,,,,,0.006445183744212388,,,,,,,,0.01654386735230853,,,,,,,,,,,,,,,,,,,,,,,,,,0.009059276504226617,,,,,,,,,,,,,,,,,,,,0.013039963528491884,,,,,0.015418437074597512,,,,,,,0.014010102976656674,0.017191951383998125,,,,,0.011911306499777693,,0.009676217886924788,,,,,,,,,,,,,,,0.008517905645233439,,,,,,,,0.008932531262829894,,,,,,,,,,,,0.023150919117285913,,,,,,,,,,,,,0.0163395345737427,,,,,,,,,0.0069573706659874545,,0.011907588955188168,,,,,,0.0183398636594347,,,0.014388306337552673,,,,,,0.020669221168682958,,,,,,,,,0.021807863487097335,,,,,,,,,0.026204878296913623,,,,,,0.020608777990877077,,,,,,,,,,,,,,,,,,0.027194247542873366,,,0.031990955798197676,,,,,,,,,,,,,,,,0.012933654368259821,,,,,,,,,0.026637918739897938,,,,,,,,0.025425121283486965,0.032544838078395213,,,,,,,,,0.021492235479787906,,,,,,,,,,,,,,,0.009806424274904411,,,,,,,,,,,,,0.012181249206129985,,,,,0.018421461944332907,,,,,,,,0.01674917926296928,,0.02193161495865842,,,,,,,,,,0.023086986233065113,0.016812782237057417,,,,,,,,,0.011858911152484474,,0.009931153251147188,,,,,,,,,,,,,,,,,,,,,,,,,,,,0.015888070621190853,,,,,,,,,,,,,,0.013975993523373203,,,,,,,,,,,,,,0.005073123016413753,,,,,,,,,,,0.022744686472684364,,0.005805064235800459,,0.008573161828898869,0.021875864578717694,,0.013011433485058189,,0.009384523112178142,0.019184277314765286,0.013661160229003613,,,,,,,,,,,,,,,,,,,,,,,,,,,,,,,,,,,,,,,,,,,,,,,,,,,,,,
2019-06-28,,,,,,,,0.01972454536580671,,,,,,,,,,,,,,,,,,,,,,,,,,,,,,,,,,,,,0.006284686795722995,,,,,,,,,,,0.016034098944465478,,,,,,,,,,,,,,,,,,,,,,,,,,,,,,,,,,,,,,,,,,0.022854898698546348,0.015340728874708554,,,,,,,,,,,,0.013768494490630423,0.014561126965169006,,,,,0.013686059857818907,,0.009177132481568108,,,,,,,,0.018569863285620172,,,,,,,0.008920909511716748,,0.019948406478049845,,,,,,,,,,,,,,,,,,0.021296188237600242,,,,,,,,,,,,,,,,,,,,,,,,0.011762903788337636,,,,,,,,,0.014667878943193746,,,,,,0.01668222540357745,,,,,,,,,,,,,,,,,,0.01265951639494907,,,,0.01154759095803264,,0.019249405995536616,,,,,,,,,0.022908948186415055,,,,,,,,,0.016079147523953275,,,0.021130400483434,,,0.02476124322026826,,,,,,,,,0.014834473868471884,,,,0.015905767423448028,,,,,,,,,0.01589760434562598,,,,,,,,0.012941521408107087,0.02372327279800319,,,0.011813407412087553,,,,,,,,,,,,,,,,,,,,,0.0093708717506652,,,,,,,,,,,,,0.014994011176824864,,,,,0.018325739259418685,,,,,,0.021675941978439302,,0.014194620584958555,,0.018287217637987498,,,,,,,,,,0.016738735905788577,0.01944090881864851,,,,0.023147487369733287,,,,,0.011099737065349228,,0.007196121839707531,,,,,,,,,,,,,,,,,,,,,,,,,,,,0.01551423481804272,,,0.018383739296768255,,,,,,,,,,,0.013042356510268445,,,,,,,,,,,,,,0.005685252053211917,,,,,,,,,,,0.023523521071852016,,,0.015755136885866692,0.008705053587280643,0.023240250602803506,,0.018407366870555626,,0.008732267732757542,0.011368530442221863,0.01448148506832633,0.0290647081728358,,,,,,,,,,,,,,,,,,,,,,,,,,,,,,,,,,,,,,,,,,,,,,,,,,,,,
2019-07-31,,,,,,,,0.016542894268251764,,,,,,,,,,0.01835342218153194,0.013939055081241825,,,,,,,,,,,,,,,,,,,0.012524077891458433,,,,,,,0.007222445836445568,,,,,,0.015775018100080546,0.017517055841359406,0.01779906283677934,,,,,,,,,0.015228378257482996,,,,,,,,,,,,,,,,,0.00799640623242988,,,,,,,,,,,,,,,,,,,,,,,,,,,,,,,,0.007168064517643322,0.015383069931457508,,,,,0.012342265536457916,,0.010824349164817611,,,,,,,,0.0162285161174889,,,,,,,0.01392835278713662,,,,,,,,,,,,0.017396181674602215,0.018974705522960537,,,,,,,0.029346851395641273,,,,,,,,,,,,,0.010425539235546672,,,,,,0.013650866931827167,,0.004602999050953046,,,0.01860790226780299,,,,,,,,,,,,,,,,,,0.026763170083247297,,,,,,0.029911995717211086,,,,,,,,,0.020035187313865287,,,,0.01837897823882637,,0.009327439016548204,,,,,,,,,,,,,,,,0.015482508595244422,,0.027126278324219974,,,0.02473270198001371,,,,,,,,,,,,,,,,0.01252630389356474,,,,,,,,,,,,,,,,,,0.017027954988989034,,,,,,,,,,,,,,,,,,,,,,,,0.013886051496137917,,,,,,,,,,,,,0.01678209013785747,,,,,0.016819470228732397,,,,,0.027872354147407755,,,,,0.022591140890847933,,,,,,,,,,0.02169601186446122,0.024528658413493894,,,,,,,0.028234910547420052,,0.01373448065919111,,0.011740682898836395,,,,,,,,,,,,,,,,,,,,,,,,,,,,,,,,,,,,,,,,,,0.012848347891164251,,,,,,,,,,,,,,0.006713004335462582,,,,,,,0.027475495286146744,,,,,,0.011584917790365565,,0.013400341921783188,0.016095754902121874,,0.020896698653915437,,0.011629620963007929,,,0.022301295350131086,0.019858309141154214,,,,,,,,,,,,,,,,,,,,,,,,,,,,,,,,,,,,,,,,,,,,,,,,,,,,
2024-06-28,,,,,,,,0.014573381748388084,,,,,,,,,,,,,,,,,0.010705830845247734,,,,,,,,,,,0.011283909478857124,,,0.01053296818108057,,,,,,,,,,,,,,,,,,0.018487408817863402,,,,0.004554983591277054,,,,,,,,,,,,,,,,,0.028575955902641247,0.01579809283212787,,,,,,,,0.017036359142915826,,,,,,,0.006790293157467791,,,,,0.01691104569711838,,,,,,,,,,0.012509959533915977,,0.01941644290726208,,,0.0114595317013137,,,,,,,,,,,,,0.017733403058969265,,,,,,,,0.017000319148942775,,,,,,,,,,,,,,,,,,,,,,,,,,,0.015483768841166052,,,,,,,,,,,,,,,0.024863993829383747,,0.00688329158206951,0.02783965482713063,,,0.027661780569331784,,,0.007734669435040336,,,,,,,,,,,,,,,,,,,,,,,,,,,0.013717565265891659,,,,,,,,,,0.01968446551790021,,,,,,,,0.017318849568625942,,,,,,,,,,,,,,,,,,,,,,0.02217731025139538,,,,,,0.020625540157240774,,,,,,,,,0.009634660110348182,,,0.028552561864165674,,,,,0.012567306577274291,,,,,,,,0.02046181649783822,,,,,0.01923814862424232,,,,,,0.012755423439539853,,,0.03404467099827075,,,0.02782987661654748,0.015009484359519057,0.013312475969908937,0.02136217340461358,,,,0.025611691762540176,,0.02712659555081923,,,,,,,,,,,,,,,,,0.021923082820993135,,,,,,,0.026269105095794294,,,,,,,,,,,,,,0.020212984145673404,,,,,,,,,,0.013752359478805227,,,,,,,,,,,,,,0.020762334983881095,,,,,,,,,,,,,,,,,,,,,,0.01049188446463413,,,,,,,,,,0.006781107432268007,,,,,,,,,,,,,,,,,,,,,,,,,,,0.013506888467837184,,,,,0.006737346810494418,,,,,,,,,,,,,,,,,0.004598550173810829,,,,,,,0.006882254374901803,,0.006322758854147298,,0.007137758604897956,0.00970501757850478,,,0.02412684816803375,,,,,,,,,,
2024-07-31,,,,,,,,0.01645204865014632,,,,,,,,,,,,,,,,,0.024799928288831482,,,,,,,,,,,,,,,,,,,,,,,,,,,,,,,,0.02004777222795817,,,,0.008637308515149137,,,,,,,,,,,,,,,,,0.02624443551559384,0.012666901602784346,,,,,,,,0.024561805684894907,,,,,,,0.009456689335217764,,,,,0.018149363728168368,,,,,,,,,,,,0.013334401639715762,,,0.010407883909535988,,,0.012493132029827516,,,0.027792282684838524,,,,,,,0.017392150217301845,,,,,,,0.023295123760521702,,,,,,,,,,,,,,,,,,,,,,,,,,,,,,,,0.007235671527518172,,,,,,,,,,,,,0.006525276734999271,0.020974316497973725,,,0.020442243701634864,,,0.018695165891455257,,,,,,,,,,,,,,,,,,,,,,,,,0.015463019893193725,,,0.014676457915943748,,,,,,,,,0.0345483318547533,,,,,,,,0.026366615444755256,,,,,,,,,,,,,,,,,,,,,0.018160535242850048,0.03532326862318288,,,,,,0.017769042359216565,,,,,,,,,0.012799634932873309,,,0.013479861483741643,,,,,0.02039337340744379,,,,,,,,,,,,,,,,,,,0.009530065542028439,,,0.020164010190724366,,,0.01739911165687955,0.01068111518883416,0.019960748214489954,0.02013103586981403,,,,0.04158366590852956,,0.01987900550619848,,,,,,,,,,,,,,,,0.016960107033325487,0.018737997783095827,,,,,,,0.03209741093945644,,,,,,,,,,,,,,0.023802792277106032,,,,0.020055304808296297,,,,,,0.012169762003026205,,,,,,,,,,,,,,,,,,,,,,,,,,,,,,,,,,,,0.00847094628023424,,,,,,,,,,0.005754017439218118,,,,,,,,,,,,,,,,,,,,,,,,,,,0.008768420473011261,,,,,0.0071469253374172,,,,,,0.021809792795338734,,,,,,,,,,,0.009605445381670295,,,,,,,0.007195633054171075,,0.006467781753226206,,0.009888214464059875,0.010029335662836068,,,0.02820274556657408,,,,,,,,,,
2024-08-30,,,,,,,,0.017141782227697133,,,,,,,,,,,,,,,0.012862611718391878,,0.013616167898388687,,,,,,,,,0.015986575796072197,,,,,,0.01789982919846225,,,,,,,,,,,0.013225438185018082,,,,,,0.010605682667547252,,,,0.002771359400085312,,,,,,,,,,,,,,,,,,0.009050006737931895,,,,,,,0.01095546015145818,0.014051176551453434,,,0.02051847582025196,,,,0.005707451747019559,,,,,,,0.015992845182628345,,,,,,,,,,0.018166826211407285,,,,,,,,,,,,,,,,0.013656570320265538,,,,,,,,,,,,,,,,,,,,,,0.01286434446322584,,,,,,,,,,,0.01909920724775701,,,,,,,,,,,,,,,,,,,0.0049878488436085385,0.013806985764803346,,,0.01630007927012015,,,0.012205905695540469,,,,,,,,,,,,,,,,,,,,,,,,,,,,,0.009959964634207716,,,,0.025204677400117836,,0.018608863941835415,,,,,,,,,,0.014094064076024366,,,,,,,,,,,,,,,,,,,,0.010497478802633813,0.011588354789701126,0.012709175245404448,0.013578143657435905,,,,,,,,,,,,,0.015582132569932539,0.008027805104392709,,0.010249951533288034,0.006907194612908359,,,,,,,,,,,,,0.01625447627103155,,,,,,,,,,,0.013087928152853166,,,0.020900683880919983,,,,0.011196915112311641,0.012355390917252629,,,,,0.007194434494932397,,0.013810593265008258,,,,,,,,,,,,,,,,,,,,,,,,0.01872795584702293,,,,,,,,,,,,,,0.027744892325779417,,,,,,,,,,0.021753878099406966,,,,,,,,,0.014965065952170873,,,,,,,,,,,,,,,,,,,,,,,,,,,0.01051185061832354,,,,,,,,,,0.007165903088186707,,,,,,,,,,,,,,,,,,,,,,,,,,,0.0122263159382328,,,,,,,,,,,,,,,,,,,,,,0.005911554096671084,,,,,,,0.009802047693678716,,0.0046738533932126295,,0.005912307670731015,0.0048333777098498055,,,0.023364650154207807,,0.02079415329881358,,,,,,,,
2024-10-31,,,,,,,,0.020038828380648775,,,,,,,,,0.01619016793290865,,,,,,0.013215804240442606,0.01847031896321714,,,,,,,,,,0.01115538839407628,,,,,,0.021789555253411794,,,,,,,,,,,0.027475385471435944,,,,,,0.025982983774988866,,,,,0.027003722711665817,,,,,,,,,,,,,,,,,,,,0.019674884423196714,,,,0.021476186411521124,0.009955430564085285,,,0.009795227593203865,,,,0.014562978465983352,,,,,,0.014327090182098533,0.028403877436020436,,,,,,,,,,0.01525036154220848,,,,,,,,,,,,,,,,,,,,,,,0.01563632553705728,,,,,,,,,,,,,,,,,,,,,,,,,,,,,,,,0.01237198315154194,,,,,,,0.010890410994111276,,,,,,0.011685303192233749,0.029960858437030335,,,0.0228573454608274,,,0.018608987175409396,,,,,,,,,,,,,,,,,,0.01884804138639969,,,,,,,0.025830273344371338,,,0.022564730296454644,0.01862115805188162,,,,,,,,,,,,,,,0.006471253159725789,0.020586712446807758,,,,,,,,,,,,,,,,,,,,0.012265234397901148,,0.02822560636612527,,0.011422474218838281,,,,0.010058628516588581,,,,,,,,,0.012205708335431538,,0.008188883336327689,,,,,,,,,,,,,,,,,,,,,,,,,0.0181544711676434,,,,,,,0.017072606236463214,,0.019184084323019508,,,,,,,,,,,,,,,,,,,,,,,,,,,,,,,,,,,,,,,,,,,,0.0220980337419337,0.013284346948018833,,,,,,,,,0.011967120743681801,,,,,,,,,0.025208869525610713,,,,,,,,,,,,,,,,,,,,,,,,,,,,,,,,,,,0.02562334327960434,,0.008451882814378515,,,,,,,,,,,,,,,,,0.0354779029230063,,,,,,,,,,0.01958927822671368,,,,,,,,,,,,,,,,0.010959005458551767,,,,,,,,,,,,,0.011817997196750831,,0.004784333014685932,,0.005985750542402731,0.011629890640424566,,0.02458659497140129,,,0.019166289663226026,0.05457906458476825,,,,,,,
2024-11-29,,,,,,,,0.02339461891437468,,,,,,,,,0.013481030973124733,,,,,,0.01667629127124513,0.01562442932651875,0.026662398222677765,,,,,,,,,0.02791541680579599,,,,,,,,,,,,,,,,,,,,,,,,,0.019930568254612747,,,,,,,,,,,,0.011288218090621253,,,,,,,,,,,,,,,0.011390979547850972,0.020868238716142233,,,0.01883161168723049,,,,,,,,,,0.01954814219786777,0.010142521089417631,,,,,,,,,,,,,,,,,,,,,,,,,,,,,,,,,0.007358105190019736,,,,,,,,,,,,,,,,,,,,,,,,,,0.017839226842457676,,,,,,0.016862406858279232,,,,,,,,,,,,,0.012723872614565144,0.023963240960466852,,,0.011572723185552733,,,0.012684875968086403,,,,,,,,,,,,,,,,,,,,,,,,,,,,0.004812963111510264,0.014717565056537275,,,,,,,,,,,,,,,,0.015706272730023278,,,,,,,,,,,,,,,,,,,,,,0.02850776999563929,,0.019600976102084493,,,,,,,,,,,,,0.00983111240291792,,,,,,,,,,,,,,,,0.02758744380120524,,,,,,,,,,,0.014843301343076633,,,0.025166292258233813,,,0.008548663844029462,0.020652237954412983,,0.011083267644804216,,,,,,0.02791998154745866,,,,,,,,,,,,,,,,,,0.028507643677380366,,,,,,0.027927421300020672,,,,,,,,,,,0.013831779017736582,,,0.015809731518316644,0.006986858245501246,,,,,,,,,0.01955334286231055,,,,,,,,,,,,,,,,,,,,,,,,,,,,,,,,,,,0.008830563151407836,0.011020167765959977,,,,,,,,0.010183283358549807,0.009837789357980818,0.007350621207835013,,,,,,,,,,,,,,,,,,,,,,,,,,,0.009803166318890003,,,,,,,,,,,,,0.010762418763511993,,,0.004974410332404172,,,,,,0.008086435467678496,,,,,,,0.00743734424729611,,0.0033105859380093833,,0.00606989420356472,0.0028199716365566907,,0.016420950664017872,,0.022167686278707955,,0.04785918137522252,,,,,,,
2024-12-31,,,,,,,,0.018282097717245996,,,,,,,,,0.00988683993035379,,,,,,0.011243011694072151,,0.01602204114097751,,,,,,0.019483005750296822,,,0.015844266102104976,,,,,,,,,,,,,,,0.010231112134955105,,,,,,,,,,0.013601042068055682,,,,0.010391521569180573,,,,,,,,0.007872390549320324,,,,,,,,0.012041958184409904,,,,,,,,0.012988382539127053,,,,,,,0.00823706241973313,,,,,,0.01122174516177915,,,,,,,,,,,,,,,,,,,,0.020702879927997648,,,,,,,0.013589123643223656,,,,,,,0.005166796712524923,,,,,,,,,,,,,,,,,,,,,,,,,,,,,,,,,,,,,,,,,,,,,0.009033227137150586,0.02129347351283453,,,0.009255510545520986,,,0.009035798195024959,,,,,,,,,,,,,,,,,,,,,,,,,,,,0.0076923922764918825,0.010143079418730645,,,,,,,,,,,,,,,,0.010849143042886745,,,,,,,,,,,,,,,,,,,,,,0.015919422216460075,,,,,,0.01391365051022981,,,,,,,,,0.011665092673981864,,,0.012833216481262268,,,,,0.010570466497988406,,,,,,,,0.027204778881356615,,,,,,,,,,,0.011921920121752054,,,0.019543568470645787,,,,,,0.012899765030808133,,,,0.022073929263185674,,,0.01205934303230659,,,,,,,,0.01951366918407246,,,,,,,,0.01541467753030026,,,,,,,0.020278103529090777,,,,,,,,,,,,,,,0.01134808880202453,,,,,,,,,0.009766891651754137,,,,,,,,,0.011131666490055914,,,,,,,,,,,0.013786669281646586,,,,,,,,,,,,,,,,0.008301186158258067,,,,,,,,0.009699005370077457,,0.006457146928764552,,,,,,,,,,,,,,,,,,,,,,,,,,,0.012096780214450804,,,,,,,,,,,,,,,,0.005125756275970649,,,,,,,,,,0.015665626482467672,,,0.010173602868762809,0.009211996455705338,0.0042371893344861425,,0.004128982635951049,0.0035513160309910727,,0.010215321247880526,,,,0.03789380890912948,,,,,,,
2022-01-31,,,,,,,,,0.011002011031461636,0.012247159086188423,,,,,,,,,0.006912128450925358,,,0.009691443885770524,,,,,,,,,,,,,,,,,,,0.008091776305394436,0.005534528467794747,,,,,0.011288392406269174,0.007782498944339584,,,,,0.01144974086326341,,,,0.014887574061946242,,,,,,,,,,,,,,,,,,,,,,,,,0.01341791687608268,,,,,,0.011400613636805182,,,,,,,,,,,,,,,,,0.010667160982039974,,,,,,,0.014615571913275106,,,,,,,,,,,,,,,,,,0.008645771083962608,,,,,,,,,0.010076134891610708,,,0.006419380950578731,0.007938846702704864,,,,,,,0.012083697925645518,,,,,,,,,,,0.028541944707017316,0.02008796581782523,,,,,,,,,,,,0.012886826553555508,,,,,0.006538907571183885,0.012926267862504306,,,,,,0.0087171837479973,,0.03236990346403553,,,,,,0.013666911733035256,,,,,,,,,,,,,0.01074117870479325,,,,,,,,,,,,,,,,,,,,,,,,0.014901561693890697,,,,,,,,0.01050039591401978,,0.013556632760530088,,,,0.009490605431922565,,,,,,,,,,,,,,,,,,,,,,,,0.008371844877792231,,,,,,0.006857640983617181,0.010014540859379811,,,,,,,,,,,,,,,,,,,,,,,,0.011882510958578101,,,0.007770212842356345,,,,,,,,,,,,,,,,,,,,,,,0.007340032567046637,,,,0.023200248721200342,0.012601592682446993,,,,,,,,,,,0.010808090007822225,,,,,,,,,,,0.013801249997884025,,,,,,,,,,,,,,,,,,,,,,,,0.012734312681493592,,,,,,,,0.009322951170414004,,,,0.016126364808853058,,,,,0.010921871333094118,,0.008080819148766117,,,,,,,,,,0.005699754715602815,,,,,,,,,,,,,,0.01251958152226386,,,,,,,,,,,,,0.004562537451721519,,,,,,,,,,,,,0.0069449916367614216,,,,0.01586166273115632,0.01154257847994759,0.02014245450225432,,,,,,,,,,,,,,,,,,,,,,,,,,
2022-03-31,,,,,,,,,0.009083627089003024,0.011487630461204022,,,,,,,,,0.006348840502639348,,,,,,,,,,,,,,,,,,,,,,0.006543581451294434,0.008954510150027373,,,,,0.013667783321956119,,,,,,0.007055491482015594,,,,,,,,,,,,,,,,,,,,,,,,,,,,,0.016019687948070935,,,,,,,,,,,,,,,,,,,,,,,,,,0.010635944801630834,,,,0.015355808179045688,,,,,,,,,,,,,,,,,,0.009528261110346086,0.005925238935392971,,,,,,,,0.010247542289364754,,,0.006138191571469826,0.006883227263685315,,,,,,,0.010208580598371153,,,,,,,,0.012236744504639992,,,,0.01103540969344592,,,,,,,,,,,,0.019120852810835528,,,,,0.00565702880868523,0.022066328673045713,,,,,,,,0.02148592476842966,,,,,,0.015902248019474315,,,,,,,,,,,,,,,0.018415913589327513,,,0.017654460018045978,,,,,,,,,,,,,0.018558969042342735,,,0.008841973824820836,,,0.012028265330108506,,,,,,,,0.008443295906923763,,0.016453106547159133,,,,,,,,,,,,,,0.017232227296501448,,,,,,,,,0.009526034386100727,,,,,,,0.021468086335744162,,,,,0.007326387045493851,,,,,,,0.011543338559393318,,,,,,,0.007008226543980531,,,,,,,,,,,,,,,0.009988065828230131,,,0.023993501324516327,,,,,,,0.010333275369377762,,0.010229320188101094,,,,,,,,,,,,0.013233067084418881,0.02471619066476878,,,,,,,,,,,,,,,,,,,,,,,0.020376057798648456,,,,,,,,,,0.017555862267304614,,,,,,,,,,,,,,,,,,,,,,,,0.00885282399407858,,,,,,,0.009469306463916576,,0.006934831095109075,,,,,,,0.025391743717495724,0.019183872396697027,,0.006462542934667798,,,,,,,,,,,,,,0.018405049923309054,,,,,,,,,,,,,,,,,0.004465414066905372,,,,,,,,,0.00953889759129278,,,,,,,,0.01561167239806203,,,,,,,,,,,,,,,,,,,,,,,,
2022-04-29,,,,,,,,,0.0137867581458294,0.010780073505809153,,,,,,,,,0.00851587261867456,,,,,,,,,,,,,,,,,,,,,,0.007426079051215456,0.01236483226505762,,,,,,,,,,,0.010636931722657582,,,,,,,,,,,,,,,,,,,,,,,,,0.016245848283136577,,,0.010082662218208383,0.010536562769584569,,,,,,0.016442270199792525,,,,,,,,,,,,,,,,,,,,0.014081748054472761,,,,0.015250304812457687,,,,,,,,,,0.02333978078476078,,,,,,,,0.012697618029876795,0.008262858443555766,,,,,,,,,,,0.00784219967960361,0.010875082060349353,,,,,,,0.013669539590628171,0.013577935816244132,,,,,,,0.014004681385200191,,,0.021227835724885406,,,,,,,,,,,,,0.01488093408868243,,,,,0.006814739399029525,0.01215633159979179,,,0.017474903333217984,,,,,,,,,,,,,,,,,,,,,,,,0.011077865926296759,,0.012540998776676126,0.01742816521361686,,,,,,,,,0.017348224978221357,,,,,,,,,,,,0.012730679110871678,,,,,,,,,,0.007783622848362089,,,,,,,,,,,,,,,,,,,,,,,,,,,,,,0.013023175689674015,,,,,,,,,,,,0.017311884060485127,,,,,,,0.006558073469433386,,,,,,,,,,,,,,,0.019027257679042432,,,0.015903399105654727,,,,,,,,,0.01004420862038897,,,0.010700275125257725,,,,,,,,,0.024974222727727202,0.015276607905540045,,,0.014030209583511118,,,,,,,,,,,,,,,,,,,,,,,,,,,,,,0.02295877380959948,,,,,0.008092979928983701,,,,,,,,,0.014270165910349306,,,,,,,,0.010481327091742428,,,,,,,,,0.009038672867567769,,0.008539521546346197,,,,,,,0.011458449280526074,0.014177217904857724,,0.007948656358126338,,,,,,,,,,,,,,0.010086289033086678,,,,,,,,,,,,,,,,,0.006332325825519716,,,,,,,,,0.009359298256125836,,,,,0.013297520101751049,,,,,,,,,,,,,,,,,,,,,,,,,,,
2024-01-31,,,,,,,,,,0.012167856700751982,,,,,,,0.014970177115487912,0.0165028399587777,0.015051508078444827,,,,,,,,,,,,,,,0.00989938321976543,,,,,,,0.010354400785136915,,,,0.007608053278424358,,,,,,,,,,,,0.023584721315783836,,,,0.0030618567849343163,,,,,,,,,,,,,,,,,,,,,,,,,,,,,,,,,,,,,,0.02556858478713178,,,,0.029029161597058088,,,,,,,,0.024727187612228783,,,0.0213734793195899,,,,,,,,,,,,,,,,,,,,,,,,,,,,,,,,,,,,,,,,,,,,,,,,,,,,0.012220590977850103,,,,,,,,,,,,,0.012945151018456965,0.032802321737124336,,,0.017593756489307052,,,0.020319581623631247,,,,,,,0.024746498524727708,,,0.022281302348108628,,,0.022198474759993668,,0.017810334893466232,,,0.021494176372474093,,,,,,,0.03331485731464989,,,,,,,,,,,,,,,,,,0.02052827549247937,,0.019197132817655053,,,,,,,,,,,,,,,,,,,,0.014200635422497004,,,0.013280046533234025,,,,,0.01879735653362155,,,,,,,,0.02016003208483855,0.020143455634488786,0.01489465167120025,,0.020666722130135245,,,,,0.017998126735642776,,,,,,,,,,,,,0.0162921558873032,,,,,,0.019538558086709824,,,,,,,0.017926372784110405,,,,,,,,,,,0.025907557513176166,,,,,0.022174543757518633,,,,,,,,,0.014178578166826898,,,,,,,0.02537760661331709,,,,0.021806162138414225,,,,,,,,,,,,,,,,0.02027857166609296,,,,0.02468734446525745,0.033185248133202734,,,,,,,,,,,,,,,,,,,,,,,,,,,,,,,,,,,,,,,,,,,0.010985230517652782,,0.019518307426816248,,,,,,,,,,,,,,,,,,,,,,,,,,,,,,,,0.010473282873369669,,,0.015108012420393885,,,,,,,,0.00983368644518088,,0.009553915203690375,,,,,,,,,,,0.01612943652909059,,0.006859026917905924,,,0.007170243708342073,,0.011833439487031888,,,,,,,,,,,
2012-07-31,,,,,,,,,,,0.004776104738063641,,,,,,,,,,,,,,,,,,,,,,,0.009673858128459577,,,0.0085232995735436,,,,0.004952721930751538,,,,,,,0.006785973864327842,,,,,,,,,,,,,,,0.010296352305934446,,,,,,,,,,,,,,,0.009910530737669015,,,,0.024027550065098543,,,,0.004690076941150471,,0.014761479466071476,,,,,,,,,,0.03339980857667634,0.012722229805334873,,,,,,0.011231180367693851,,,,,,,,,,,,,,,,,,,,,,,,,,,,,0.027496835709089118,,,0.024485755481883722,0.022284119124604755,,,0.011988698323841918,,,0.010700706467099435,,,0.019601809515790266,,,,,,,,,,,,,,,,0.020402423722488076,,,,,,,,0.01773173484948946,,,,,,,,,,0.011513476368358972,,,0.015083074041566901,,,,,0.01553881583127928,,,,0.02884865690889075,,,,0.022563127699927778,,,,,0.022834660803985593,,0.016300628124217606,,0.015602399073497673,,,,0.025278302265956034,0.019252591284698205,,,,0.006751764220476588,,,,,0.013573871978369081,,,0.013673155927430222,0.0072031355116954614,,0.018813643279587965,,,,0.007183101857504487,0.01758064977491941,,0.023791984646235734,,,,0.02398832744560759,0.032428779279416856,,,,,,0.021315557095713217,0.021288403680526535,,0.011560417074028015,0.02028985194871672,0.018003349717264194,0.011277234585222952,0.004847059062342558,,,,,,,,,,,,,,,,,,,,,,,,,,,,,,,,,,,,,,,,,,,,,,,,,,,,,,,,,,,,,,,,,,,,,,,,,,,,,,,,,,,,,,,,,,,,,,,,,,,,,,,,,,,,,,,,,,,,,,,,,,,,,,,,,,,,,,,,,,,,,,,,,,,,,,,,,,,,,,,,,,,,,,,,,,,,,,,,,,,,,,,,,,,,,,,,,,,,,,,,,,,,,,,,,,,,,,,,,,,,,,,,,,,
2012-09-28,,,,,,,,,,,0.01673755810312767,,,,,,,,,,,,,,,,,,,,,,,,,,0.013360415492622329,,,,0.00887084311422812,,,,,,,0.01424565524247502,,,,,,0.01914080717305665,,,,0.011586693499678601,,,,,,,,,,,,,,,,,,,,0.01494197375140139,,0.018759451131006643,,0.03576669898727504,,,0.012666288585925061,0.007450732670730097,,,,,,,,,,,0.021174361471376777,,0.020963256560568647,,,,,,,,,0.0209593545674141,,,,,0.027901408492104693,,,,,,0.013874508870330817,,,,,,,0.028141531657506328,,,,,,,,,,,,,,,,,,,,,,,,,,,0.015047039202351477,0.022673639219459696,,,,,,0.022276074046857726,,,0.02503593687204999,0.013896973482272059,,,,,,,0.025936242247911797,,,,,,,,,,,,,,,,,,0.019095948619887088,,,,,,,,,,,,,,,0.02576319417820311,,,,,,,,,,,0.019988768098331635,,,,,0.021919874817173477,,,,0.011964126322941422,,0.02240092647685268,,,0.017869789652462983,0.012556810112660643,,,0.03754811757926878,0.027856238074798274,,,0.033903036081933326,0.0349064258046989,,,,,,,,,0.012098450150932116,,,0.027070423833431997,0.009623219842896848,0.03200536164169038,0.03511382519944555,0.017219168842182955,0.018073330329689524,0.01264898759889855,0.03555357191374985,0.025905325885376772,0.021893689784679957,0.01995123430831263,0.015662710407769866,,,,,,,,,,,,,,,,,,,,,,,,,,,,,,,,,,,,,,,,,,,,,,,,,,,,,,,,,,,,,,,,,,,,,,,,,,,,,,,,,,,,,,,,,,,,,,,,,,,,,,,,,,,,,,,,,,,,,,,,,,,,,,,,,,,,,,,,,,,,,,,,,,,,,,,,,,,,,,,,,,,,,,,,,,,,,,,,,,,,,,,,,,,,,,,,,,,,,,,,,,,,,,,,,,,,,,,,,
2013-02-28,,,,,,,,,,,0.014190923620000894,,,,,,,,,,,,,,,,,,,0.013197389110214602,,,,,,,,,,,0.008751397483696202,,,,,,,0.015105952058436612,,,,,,,,,,0.0074268076315896865,,,,,,,,,,,,,,,,,,,,0.017762128398557724,,0.0028576605100525125,,0.027493670101508962,,,,,0.009524616685311486,,,,,,,,,,,,,0.015282086734928079,,,,,,,,,,,,,0.02871640672304375,,,,,,,,,,,,,,,,0.019275899174590962,0.019021998270492068,,,,,,,,,,,,,,0.0182010618206406,,,,,,,,,0.013063856568901102,,,,,,,,,,,0.013438249250067189,0.006395139564503096,,0.019408007657905953,,,,,,0.008770258553559807,,,,,,,0.03135888859658937,0.028159705732653233,,,,,,,,,,,,,,,0.013988846563779229,,,,,,,,0.018771090722964855,,,,,,,,,,0.005114325153745153,,,,,,,,,,0.013898350758261652,,0.017950438548726293,,,0.010486971074635351,0.015647123730621236,,,,,,,0.03395832455096543,,,0.018650622598869415,,,,,,0.02588482612567596,0.011559219892335304,,,,0.009653525203505244,0.022314861056888156,,0.02243866874079814,0.019878708512812142,0.010250531456879214,0.04605661583275355,,,,0.014530392561670552,,,,,,,0.023995356274260433,0.03597793689225268,0.012397150304345912,0.039610440012639456,0.036890226043320894,0.029763592372243425,0.026783863295267107,0.010460191938880642,0.009862454700882716,,,,,,,,,,,,,,,,,,,,,,,,,,,,,,,,,,,,,,,,,,,,,,,,,,,,,,,,,,,,,,,,,,,,,,,,,,,,,,,,,,,,,,,,,,,,,,,,,,,,,,,,,,,,,,,,,,,,,,,,,,,,,,,,,,,,,,,,,,,,,,,,,,,,,,,,,,,,,,,,,,,,,,,,,,,,,,,,,,,,,,,,,,,,,,,,,,,,,,,,,,
2013-03-29,,,,,,,,,,,0.013484221346588374,,,,,,,,,,,,,,,,,,,,,,,,,,,0.007421975191394644,,,,,,,,,,,,,,,,,,,,0.013750618669685381,,,,,0.009559276669027854,,,,,,,,,,,,0.022843205425939154,,,,,0.014512182680931292,,,,,,,0.008351564972949458,,,,,,,,,,,,,0.012675672835502185,,,,,,,,,,,,,,,,,,,,,,,,,,,,,0.02372614142991424,,,,,,,,,,,,,,,0.02012624815190018,,,,,,,,,,,,,,,,,,,,0.014314383604348098,,,0.01610753043164431,,,0.02894594335170357,,,0.019569803444135725,,,,,,,,0.02071689842883456,,,,,0.010915018730572946,0.012673938677657195,,,,,,,,,,0.007924278948288937,,,,,,,0.023631395361103934,,0.01777999828339426,,,,,,,,0.014058714107712469,,,,,,,,,,0.01836751856646946,,,,,0.011396050830317741,0.013504973237371723,,,0.0315789129852777,,,,0.025687837017343628,,,0.012917932512567825,,,,0.025600059722323945,,0.026880682733576102,0.012038438889037176,,,,0.01258810299150404,0.03980403744385393,,0.01613588665562524,0.02326783807433841,0.011654734187097714,,,,,0.010152533409111564,,,,,,,0.026588952671891476,0.02941187502372997,0.017358115449095105,0.032262132616759434,0.0270971807844732,,0.04682035639783436,0.009189587655941708,0.01741878867595598,0.034531974139210504,0.02661478380049286,0.024549608347600615,0.019708391546201156,,,,,,,,,,,,,,,,,,,,,,,,,,,,,,,,,,,,,,,,,,,,,,,,,,,,,,,,,,,,,,,,,,,,,,,,,,,,,,,,,,,,,,,,,,,,,,,,,,,,,,,,,,,,,,,,,,,,,,,,,,,,,,,,,,,,,,,,,,,,,,,,,,,,,,,,,,,,,,,,,,,,,,,,,,,,,,,,,,,,,,,,,,,,,,,,,,,,,,
2013-04-30,,,,,,,,,,,0.008739951740369473,,,,,,,,0.014750682785655195,,,,,,0.010515320119244467,,,,,0.014150633612280177,,,,,,,,0.014520705477819822,,,,,0.011238926481997981,,,,,,,,,,,,,,,0.010150033793489383,,,,,0.007858298163140001,,,,,,,,,,,,0.016561311976276347,,,,,0.017845290739221923,,,,,,,0.004417754472218075,,,0.01411491207773585,,,,,,,,,,,,,,,,,,,,,,,,,,,,,,,,,,,,,,,0.01269537544449738,,,,,,,,,,,,,,,,,,,,,,,,,,0.02952397308245437,,,,0.013259404921173315,,,,,0.011191238701210604,,,0.01881560814905393,,,0.011193099092616947,0.009735364966993388,,0.018676931891176664,,,,,,,,0.011382679773694606,,0.02149366971028844,,,0.011636941612510509,0.010770395494742171,,,,,,,,,,0.022653516313602153,,0.022774550594824954,,,,,,,,,,,,,,,0.009848416165212384,,,,,,,,,0.010093784083476939,,,,,,0.014521527958344353,,,,,,,,,,,0.011546943639675034,,,,,,,0.009349839589218055,,,,0.008188902961786216,0.0265334512421463,,0.014096574051392806,0.010558203376996877,0.008559468387547868,,,,,0.011567840852586686,,,,,,,0.02342858058248214,,0.012314540709549664,,,,,,0.008577417424905087,0.02639673841932246,0.029728698541476594,0.023095327291907834,,0.033474818759565414,0.02897487521812433,0.024656645081754008,0.013073919297391365,0.0025388729965195055,,,,,,,,,,,,,,,,,,,,,,,,,,,,,,,,,,,,,,,,,,,,,,,,,,,,,,,,,,,,,,,,,,,,,,,,,,,,,,,,,,,,,,,,,,,,,,,,,,,,,,,,,,,,,,,,,,,,,,,,,,,,,,,,,,,,,,,,,,,,,,,,,,,,,,,,,,,,,,,,,,,,,,,,,,,,,,,,,,,,,,,,,,,,,,,,,
2016-09-30,,,,,,,,,,,,0.016937645487070944,0.020870372073447628,,,,,0.010035748082612971,,,,,,,,,,,,,,,,0.023938893903477688,,,0.01737943753336412,,,,,,,,0.007106665014100995,,,,,,0.010678000720778989,0.020960553076672942,,,,0.018450288898894086,,,,,,0.008827709597127913,,,,,,,0.011999033121828338,,,,0.017455107016817552,,,,0.027103260420637407,,,,,,,,,,,,,,,,0.012378249176178555,,,,,,,,,0.009167491718813021,,,0.021148400067386365,,,,,,,,,,,,,,,,,,,,,,,,0.014024350422390397,,,0.01690367289368778,,,,,,,,,,,,,,,,,,,,,,0.018314882349003615,,,,,,,,,,,,,,,0.018831851841849528,,,0.032101799349504655,,,,,,,0.013281059925396164,,,,,,,,,,,,0.018720562232824364,,,0.022913601184995663,,0.018408458505086305,,,,,,,,,,,,,,,,,,,,,,,,,,,,0.0173121192253669,,,,,,0.019174025214232178,,,,,,,,0.021948689485082596,,,,,,,,,,,,,,,,,,,,0.01866848774015976,,,,,0.019352116066221975,,,,,,0.010588655946200051,,,,,,,,,0.025110784492558786,,,,,,,,,,,,,0.01994055823284053,,,,,,,,,,,0.023581574626244828,0.011616524221163053,,,,,,0.016888091549071924,0.02297541495339541,,0.017993170671573494,,,,,,,,,0.016642749821540286,,,,,0.014293128969174689,0.016125920416190608,,,,,,,,,,,,,,,,,0.023121171196637095,,,,,,,,0.020353161514233775,,,,,,,,,,,,,,,,,,0.047269758214919126,,,,0.015608129460992057,0.017291253328470202,0.018984298751605688,,,,0.02172211102933633,0.01884799864156292,0.017303172918955396,0.01610948646719832,,,,,,,,,,,,,,,,,,,,,,,,,,,,,,,,,,,,,,,,,,,,,,,,,,,,,,,,,,,,,,,,,,,,,,,,,,,,,,,,,,,,,,,,,,,,,,,
2016-10-31,,,,,,,,,,,,0.015482498369430494,,,,,,,,,,,,,,,,,,,,,,0.01328236297142262,,,0.015859164320410138,,,,,,,,0.005699543545621444,,,,,,0.01615343357361066,0.008460170276113814,,,,0.007036730780904146,,,,,,0.010663061232213925,,,,,,,0.014656346153690054,,,,0.02046457260409199,,,,,,,0.022306461636378127,,,,,,,,,,,,,0.016308500949861613,,,,,,0.018730301946602624,,,0.006543167112107727,,,0.004954822800338139,,,,,,0.025889038179523042,,,,,,,,,,,,,,,,,,,,,,,0.006160161462596765,0.014268181095491366,,0.028625457707068116,,,,,,,,,0.017037501288948383,,,,,,,,0.01890317673486936,,,,,,,,,,,,0.01652028357389537,,,0.029248978406252266,,,,,,,,,,0.013459875980917746,,,,,,,,,,,,0.01134670652209375,,,0.019896694905743282,,0.024991413226326118,0.014394777200430026,,,,,,,,,,,,,,,,,,0.022215673713479937,,,,,,,,,,,,,,0.018358941686172883,,,,,,,,,0.018365344996322013,,,,,,,,,,,,,,,0.02118508225052443,,,,,,,,,,,,,,,,,,,,,,,,,0.018931926590082686,,,,,,,,,,,,,,,,,,,,,,,,,,,,,,,,0.017592361154346495,,0.011831932834784146,,,,,,0.026202555694164752,,0.018961512230169647,0.025495795727172782,,,,,0.010585174236298138,0.013310946102665207,,,,,,,,,,,,,,,,,0.014279279464497278,,0.01147431441314325,,,,,,0.013361060051976114,,,,,,,,,,,,,,,,,,0.04374821385274585,,,,0.013821993213520145,,0.016004581871977643,,,,0.0216744912704813,,,,0.02141286238491268,0.01949708739163703,0.01732015312581769,0.014304402467021225,,,,,,,,,,,,,,,,,,,,,,,,,,,,,,,,,,,,,,,,,,,,,,,,,,,,,,,,,,,,,,,,,,,,,,,,,,,,,,,,,,,,,,,,,,,
2016-11-30,,,,,,,,,,,,0.01888710879060242,,,,,,,,,,,,,,,,,,,0.013049097295338133,,,0.012747410021058142,,,0.013166321069094131,,,,,,,,0.0051772375465805685,,,,,,0.010196714192726788,0.006067289581994936,,,,0.017222915296331288,,,,,,,,0.01350992012585207,,,,0.02265674477183673,0.0075711666317319634,,,,,,,,,,,,,,,,,,,,,,,,0.010650952363347541,,,,,,,,,0.006746688912895581,,,,,,,,,,,,,,,,,,,,,,,,,,,,,,,0.016312455469554784,0.010326334336119977,0.013972102617583157,,,,,,,,,,,,,,,,,,,,,,0.02127832498214094,,,,0.018921022424902293,,,,,,,0.015447964155949241,0.019740328410034026,,,,,,,0.018688941805281356,,,0.0033590057868376952,,,,0.012263659595038284,,,,,,,,0.008573777179612213,,,0.028051528074104968,,0.015122640367353004,,,,,,,,,,,,,,,,,,,,,,,,,,,,,,,,,,,0.007756527040584722,,,,,,,0.024418000485013164,,,,,,,,,,,,,,,0.021217099404556277,,,,0.01367113615919963,,,,,,,,,,,,,,,0.022908584783132704,,,,0.0142444810981727,,0.010147532156307709,,,,,,,,,,,,,,,,,,,,,,,,,,,,,,,,0.01615830992817425,,0.018857114715195654,,,,,,,,0.020591385830301564,0.014702563392274968,,,,,0.009506073675805348,0.011401821575314785,,,,,,,,,,,,0.03313128148473412,,,,,0.019183771752038736,,,,,,,,,,,,,,,,,,,,,,0.01269582164306646,,,,0.03989173947079248,,,0.012503370813424012,,,0.014849267894666026,,,,,0.012244194743723874,,,0.011023448285535947,0.011659364915518463,0.015905992333197047,,0.019992403146299593,0.013615851193218233,,,,,,,,,,,,,,,,,,,,,,,,,,,,,,,,,,,,,,,,,,,,,,,,,,,,,,,,,,,,,,,,,,,,,,,,,,,,,,,,,,,,,,,,,
2016-12-30,,,,,,,,,,,,0.011937501142597009,,,,0.017290916736348437,,,,,,,,,,,,,,,0.018166858407169036,,,,,0.009741675015212168,0.019606257422011646,,,0.018228228026838097,,,,,0.006782682146041839,,,,,,0.017373347714309907,,,,,,,,,,,,,0.006908633361918998,,,0.017716439935578313,0.029322997710578197,0.007816090141960523,,,,,,,0.019811832581198924,,,,,,,,,0.017001653579088227,,,,,,,,,,,,,,,,,0.0072246183781357765,,,,,,,0.02204055753252411,,,,,,,,,,,,,,,,,,,,,,,,0.01566948527380363,0.018488940079018627,0.023676830887751812,,,,0.019972179970149686,,,,,,,,,,,0.03619799979337816,,,,,,,,0.01930275859893783,,,0.02562152198977535,,,,,,,0.024954967669473558,,,,,,,,,,,0.006940258889547978,,,,0.015103568382739418,,,,,,,,0.017372518312965757,,,,,,,,,,,,,,,,,,,,,,,0.008384449220045562,,,,,,,,,,,,,,,,,0.01746997690405584,,,,,,,0.026479553058531953,,,,,,,,,,,,,,,0.023865896186846067,,,,,,,,,,,,,,,,0.028730376996065714,,,,,,,0.0146479899665463,,0.017501588560818578,,,,,,,,,,,,,0.022913768054266186,,0.021945055013971648,,,,0.013225154018617156,,,,,,,,,,,,,0.018431909110479837,,0.02424460114213354,,,,,,,,,,,,,,0.01216749018632919,0.016907023336818282,,,,,,,,,,,,,,,,,,,,,,,,,,,,,,,,,,,,,,,0.032965775246526184,,,,0.040433943707628865,,,,,0.03249725734730176,0.014160357378601232,,,,,0.02029526249897745,,,,0.020388971991514803,0.017850162787123154,,,0.029400933307607877,0.03545546098375292,0.019365723316386845,,,,,,,,,,,,,,,,,,,,,,,,,,,,,,,,,,,,,,,,,,,,,,,,,,,,,,,,,,,,,,,,,,,,,,,,,,,,,,,,,,,,,,,
2017-01-31,,,,,,,,,,,,0.016136184640259267,,,,0.013431415428425826,,,,,,,,,,,,,,0.016079579565955748,,,0.01689020184573158,,,0.007443394329519375,0.016695371796101293,,,0.016281526898108533,,,0.013654388583705606,,0.010216451334794424,0.009377170498097874,,,,,0.0183997239443434,,,,,,,,,,,,,,,,,,,,,,,,,0.025190535882963282,,,,,0.016205387841622905,,,,0.01380213710016745,0.008584201255430933,,,,,0.02376108716650763,,,,,,,,,,,,,,,,,,0.015590585270068064,,,,,,,,,,,,,,,,,,,,,,,,,0.014761871640196253,0.02698612887353625,,,,,,,,,,,,,,,,,,,,,,,0.02356748848818462,,,0.025961508452267548,,,,,,,0.040711284941297186,,,,,,,,,,,0.012269204583862986,,,,,,0.021492508574221317,,,,,,0.02827589703428309,,,,,0.030960981541013843,0.013092891938776214,,,,,,,,,,,,,,,,,0.01965211405818692,,,,,,,,,,,,,,,,,0.014493754456130794,,,,,,,,,,,,,,,,,,,,,,,,,,,,,,,,,,,,,,0.022078229798580915,,,0.0478015010642235,,,,,0.040225978500122536,,,,,,,,,,0.0228362940242828,,,,,,0.015509871210657956,,,,0.014984927512801813,,,0.021100152056188037,,,,,,,,,,0.01915672749768403,,0.02138964428786297,,,,,,,,,,0.014004318380860347,,,,0.008003322031438713,,,,,,,,,,,,,,,,,,,,,,,,,,,,0.01597923827327137,,,,,,,,,,,,,,,,0.046312657258640796,,,,,0.031142754758260973,0.02012350261558814,,,,,,,,,0.012566892606391104,0.0197168444499062,,,,0.029068198757610898,,0.022357004533814,0.012779893311540466,0.008214406651114581,0.004682662455397579,,,,,,,,,,,,,,,,,,,,,,,,,,,,,,,,,,,,,,,,,,,,,,,,,,,,,,,,,,,,,,,,,,,,,,,,,,,,,,,,,,,
2017-02-28,,,,,,,,,,,,0.02277832666536552,,,,,,,,,,,,,,,,,,0.018282930304463083,,,,,,0.010593218636776822,0.014347391226177028,,0.021175306969514227,0.020287266468408793,,,0.01649317403763886,,0.004766652971004207,0.010483689872798182,,,,,0.015330157737635033,,,,,0.033498229316517004,,,,,,,,,,,,,,,,0.009994960878363397,,,,0.024363773680919316,,,,,0.023859551058012275,,,,0.01947164070559419,0.011768710986889743,,,,,,,,,,,,,,,,,,,,,,,0.020394041540726472,,,,,,,,,,,,,,,,,,,,,,,,0.013503543884836896,0.02077446571146599,,,,,,,,,,,,,,,,,,,,,,,,0.02104304658265413,,,0.028539445818739923,0.010540252556481597,,,,,,0.02132316724985542,,,,,,,,,,,0.008011731110961432,,,,,,0.0220439016757282,,,,,,,,,,,,0.032153530803701445,,,,,,,,,,,,,,,,,,,,,,,,,,,,,,,,,,,,,,,,,,,,,,,,,,,,,,,,,,,,,,,,,,,,,,,0.012063004480120303,,,,,,,,,0.03848306511689101,0.025338794891728068,,,,,,0.028078776021478527,,,0.0192379394597626,,,,0.016590982880883728,,0.014468286450610452,,,,0.013135731412041928,0.017905473691061116,,0.013170083862256465,0.023250736471505242,,,,,,,,,,,0.008237647534130012,,,,,,,,,,0.02482313717265772,,,,0.010417612670358933,0.02372578781405042,,,,,,,,,,,,,,,,,,,,,,,,,0.02294465642278053,,,,,,,,,,,,,,,,,,0.042583075637224355,,,,,0.026834608910285884,0.024430963166608092,,,,,,,,,0.015609574241929443,0.011507600641505876,,,,0.04071478395770025,,,0.015848182276894024,,0.02153918400194232,0.013238202362363605,,,,,,,,,,,,,,,,,,,,,,,,,,,,,,,,,,,,,,,,,,,,,,,,,,,,,,,,,,,,,,,,,,,,,,,,,,,,,,,,,,
2017-03-31,,,,,,,,,,,,0.025504396777561403,,,,,,,,,,,0.02003059132487659,,,,,,,0.013756109152087338,,,,,,,0.019953197118594536,,0.011962706380280366,0.014515301467058341,,,0.01068167548122394,,0.00869037040913312,0.008466707316267032,,,,0.026273372652682897,0.013578341407039007,,,,,0.015281987281045345,,,,,,0.01173888461140212,,,,,0.021797800035123112,,,,,,,,,0.017432132873171777,,,,,0.015729229831111868,,,,0.014418365583843303,0.012445000008752422,,,,,,,0.018884080772059053,,,,,,,,,,,,,,,,0.012095968368274493,,,,,,,,,,,0.033834877297129036,,,,,,,,,,,,,0.019020510833491204,0.008042120165074393,0.025745643434767734,,,,,,,,,,,0.03558575340618415,,,,,,,,,,,,0.028524045296551528,,,0.022162094095103554,0.018169429649386643,,,,,,,,,,,,,,,,,0.01479440248232194,,,,,,,,,,,,0.025528615163391378,,,,,,,,,,,,,,,,,,,,,,,,,,,,,,,,,,,,,,,,0.01260497035064993,,,,,,,,,,,,,,,,,,,,,,,,,,,0.024748926270497774,,,,,,,,0.02956683899574016,,0.01184984142652602,,,,0.049260339285920454,,,,,,,,,,,,0.016967091468852072,,,,,,,,,0.014636885059322076,,,,0.014082461985585574,,,,,,,,,,,,,,,0.027033306128850357,,,,,,,,,,0.01950632593956012,,,,0.009270125804076861,0.019631421058947548,,,,,,,,,,,,,,,,,,,0.019533120171781215,,,,,,0.029904640119136534,,,,,,,,,,,,,,,,,,,,,,,,0.024835168473184937,,,,,,,,,0.018061529335364375,,,,,0.046039801095881294,,,0.015360558461787193,0.01859117001710479,0.01675239937179884,,0.017119368504442296,,,,,,,,,,,,,,,,,,,,,,,,,,,,,,,,,,,,,,,,,,,,,,,,,,,,,,,,,,,,,,,,,,,,,,,,,,,,,,,,,
2017-04-28,,,,,,,,,,,,0.02272396426713851,,,,,,,,,,,,,,,,,,0.015133664457437844,,,0.01178923497460255,,,,0.007697634467570853,,,,,,0.012737029067517962,,0.008002110361333137,0.007123836880090537,,0.005209514242449125,,,0.024134269648128065,,,,,0.035032381773709986,,,,,,,,,,,0.02343505816857929,,,,,,,,,,,,,,0.017617672640933394,,,,0.01258465667476585,0.010803963698048733,,,,,,,0.02730788302132526,,,,,,,0.011800061244178353,,,,,,,,,0.013088064564870562,,,,,,,,,,,0.02872831013685821,,,,,,,,,,,,,0.0234912953184436,0.012072132196283673,0.012703888363606612,,,,,,,,,,,0.02053424871808065,,,,,,,,,,,,,,0.017336377138957474,0.03825252285427929,0.027173621173868442,,,,,,,,,,,,,,,,,0.009901111555126508,,,,,,,,,,,,0.02109723018827413,,,,,0.025082221095639536,,,,,,,,,,,,,,,,,,,,,,,,,,,,0.03660902838921336,,,,,,,0.01714543319528648,,,,,,,,,,,,,,,,,,,,,,,,,,,,,,,,,,,,,0.01333919027999342,,,,0.03159683098924464,,,,0.014327013589741503,,0.030470961048493478,,,,,,0.013917295348796302,,,,,,,,,0.01398845632358395,,,,0.022438793163833105,,,,0.023878643436537134,,,,,,,,,,,0.024133297570623533,,,,,,,,,,,0.02445374912996734,,,0.009043520243377795,0.02824337913848508,,,,,,,,,0.043724834632432825,,,,,,,,,,0.028110530320424498,,,,,,0.023271500528259777,,,,,,,,,,,,,,,,,,,,,,,,0.016802210956523168,,,,,,,,,0.015340385457648782,,,,,0.014575108312354696,,,0.014619546144504284,0.025017203878602977,0.012359129029973806,,,,,,,,,,,,,,,,,,,,,,,,,,,,,,,,,,,,,,,,,,,,,,,,,,,,,,,,,,,,,,,,,,,,,,,,,,,,,,,,,,,
2020-08-31,,,,,,,,,,,,0.01562779260600039,0.030526236814476918,,,,,0.019641783631098076,,,,,,,,,0.01712328863039712,,,,,,,,0.02590232887249374,0.009347480973175334,0.019866683603435534,0.012926107866318622,,,,,,,0.007575755340750219,,,,,,,,,,,,,0.02763543586576297,0.011964616150973394,,,,,,,,,,,,,,,,,,,0.015944894029136018,,,,,,,,,0.008673111574184225,,,,,,0.011277897693112268,,,,,,,,,0.009980726406097878,,0.03664204681563378,,,,,,,,,,,,,,,,,,,,,,,,,,,,,,,0.02947660254806632,0.023860707517163054,,,0.039762472888306366,,,0.01320693512353084,,,,,,,,,,,,0.02113668564607508,,,,,,,,,,,,,0.02278916766961505,,0.026640317951909347,,,0.030168648683491336,0.011446441378013499,,,,,,0.01169282352495659,,,,,,0.023039215627983826,0.014017593854010421,0.012883718870197871,,0.014108076047049844,,,,,,,,,0.028778891710541835,,,0.009340763210728895,,,,,,,0.01696427470847594,,,,,,0.010746566446012028,,,,,,,,,,0.021908075366912017,,,,0.02081752867142256,,0.016182882140203483,,,,,,,,,,,,,,,,,,,,,,,,,,,0.023873536091350078,,0.017731765752397984,,,,,,,,,,0.017722090511412016,,,,,,,0.018605991891856234,0.03139281701765873,,,,,,0.02452738248362805,,,,,,,0.00571489225508152,,,,,,,,,,,,,,,,,,,,,,,,,,,,,,,,,,,,,0.017654935535332227,,,,,,,,,,,,,0.0149127839023152,,,,0.01945044264935113,,,,,,,,0.017373039158110115,,,,,,,,,,,,,,,,,,,,,,,,,,,,,0.027601100117519387,,,,,,,0.01719245791354512,,,,,,,,,,0.0085845371101091,,,,0.011138908821979087,,,,,,,,,,,,,,,,,,,0.01649601205816225,,,,,,,,,,,,0.010402730272479075,,,,,,,,,,,,,,,,,,,,,,,,,,,,,,,,,,,,,,,,,,,,,
2018-02-28,,,,,,,,,,,,,0.012319978250974788,,,,,,,,,0.018283867368662794,0.012874331518590777,,,,,,,,,0.010251839938610764,,0.012321894176838048,,0.00742818265523077,0.008827191852620032,,,,0.010961689163910424,,0.00672394922905043,,,,,,,,,,,,,,,,,,,0.011228198135238843,,,,,,,0.0096230372793352,,,,,0.009961594033996804,,,,,0.011245961224916915,,,,,,,,0.009070174611699658,,,,,,,,,,,,,,,,,,,,,,,,,,,,,,,0.011271376331515271,0.012942070592874111,,,,,,,,,,,,,,,0.012881311532610953,,,,,0.011454530855807285,,0.014344887036255864,,,,,,,,,,,,0.014056363898109544,,,,,,,,,,,,,,0.019055090757520453,,,,,,,,,,,,0.0074004557092934,,,,,0.013046448089653525,,,,,,,0.007022495616254255,,,,,,,,0.008103387537110783,,,,,,0.011817661837837643,,,,,,,,,,,,,,,,,,,,,,,,,,,,0.012017122995702808,,,,,,,,,,,,,,,,,,,,0.009436888418108887,,,,0.015764195062490223,,,,0.013965471651181657,,,,,,0.009384084642622659,0.011624937976276999,,,,,,,,0.011100069811092763,,,,,,0.013689924240200584,,,0.009805404056254753,,,,,,,,,0.012910766733547924,,0.00971165208691251,0.010901996905821087,,,,,,,0.01050982349067684,,,,,,,,,,,,,,,,,0.015438084902713567,,0.011323240445581091,,,,,,,,,,,,,,,,,,,,,,,0.010952066628974506,,,,,,0.011127647325910458,,,,,,,,,,,,,,,,,,,,,,,,,,,,,,,,,,,,0.009743554861814299,,,,,,0.004816810483475987,,,,0.008092964264136039,,,,,0.010539103809528163,0.013226354614787012,0.017603743212187696,0.01003767389171414,,0.015571707401602467,,0.014064237157225034,,,,,,,,,,,,,,,,,,,,,,,,,,,,,,,,,,,,,,,,,,,,,,,,,,,,,,,,,,,,,,,,,,,,
2014-04-30,,,,,,,,,,,,,,0.01127555342451023,,,,,0.011741275255163141,,,,,,,,0.009852833157778646,,0.017349427415604964,,,,,,,,,0.00840171685467567,0.01822521212895121,,,,0.008090736946119476,,,0.006448804930642544,,,0.005684815926233198,,,0.017564950007059876,,,,,,,,,0.011367761624398445,0.009372386141796502,0.010141813498999761,,,,,,0.008559989025762974,,,0.008443267761830167,,,0.01697332139979387,,,,,0.020625868318550202,,0.03037714886607475,0.017082054176615985,,,0.010361532663460023,,,,,,0.012582562883700644,,,,,,,,,,,,,,,,,,0.03447025331239126,,,0.02921584441679902,,,,,,,,,,,,,,,,,,,,,0.018288295990694495,,,,,,,,,,,,,,,,,,,,,,,,0.027445131692703833,,,,,,0.022843456235319467,,0.010947539460149898,0.007869957433770254,,,,,,0.01685475191624331,,,,,,,,,,,,,,,,,,,0.00964520108145804,,,,,,,0.017945512947683272,,,,,,,,,,,,,,,0.009905501988604251,,,,,,,,,,,,,,,0.013346612380542919,,,,0.02263754472827752,,,,0.03774143506522574,,,,,,,,,,,,,,,,,,,,0.027004316483363405,0.01637552492986869,,,,,,,,,,,,,,,,,,,,,,,,,,0.017767327745683376,,,,,,0.0074275933765155806,,,,,,,,0.010386674617318866,,0.012507698888083039,,0.008118885123447687,0.010592468238693944,0.008068486884946652,,0.018111457283526557,0.011981110803828278,0.020523012056754483,0.01840364101040166,0.016774647979698208,,,,,,,,,,,,,,,,,,,,,,,,,,,,,,,,,,,,,,,,,,,,,,,,,,,,,,,,,,,,,,,,,,,,,,,,,,,,,,,,,,,,,,,,,,,,,,,,,,,,,,,,,,,,,,,,,,,,,,,,,,,,,,,,,,,,,,,,,,,,,,,,,,,,,,,,,,,,,,,,,,,,,,,,
2017-05-31,,,,,,,,,,,,,,0.017229373645782087,,,,,,,,,,,,,,,,0.01442108745408398,,,0.021007188249292066,,,,0.011289795802039478,,0.015659595814292677,,,,0.010849943797780095,,0.005275828300910476,0.009295189324739626,,0.016041706768793157,,0.04618178203490166,,,,,,,,,0.01334798203419504,,,0.011071476863114047,,,,,0.019736215801233054,,,,0.012003337701456288,,,0.024272789650747154,,,,,,,,,,,,0.011365086248116855,,,,,,,0.029570746623542078,,,,,,,,,,,,,,,,0.01533319627203514,,,,,,,,,,,,,,,,,,,,,,,,0.01759724746096243,0.01738360762446211,0.018900014212138064,,,,,,,,,,,,,,,,,,,,,,,,,0.03581417789760587,0.035176264811308935,0.004822288270281157,,,,,,,,,,,,,,,,,0.0050327933450221565,0.029688020661531173,,,,,,0.016255190284702337,,,,,0.007957610059106463,,,,,,,,,,,,,,,,,,,,,,,,,,,,,,,,,,,,,,,,,,0.02063943134693349,,,,,,,,,,,,,,,,,,,,,,,,,,,,0.01819391400162842,,,,,,,,,,,0.032718248072127164,,,,0.017923924089994554,,0.011196243186717173,,,,,,0.021778065656666408,,,,,,0.008773740120428069,,,0.015035338137701417,,,,0.0045227861238842015,,,,0.016619954689064933,,,,,,,,,,,0.024621968444347556,,,,,,,,,,,0.014742701416976296,,,0.012886268154382485,0.030070102534616904,,,,0.02341946315000674,,,,,0.042846193585834566,,,,,,,,,,0.014701771861696564,,,,,,,,,,,,,,,,,,,,,,,,,,,,,,,,,,,,,,,0.020053853727576895,,,,,0.033746584026719734,,,0.01348118531164245,0.01645155081985927,0.017259488335424254,,,0.008451580687219844,,,,,,,,,,,,,,,,,,,,,,,,,,,,,,,,,,,,,,,,,,,,,,,,,,,,,,,,,,,,,,,,,,,,,,,,,,,,,,,,
2023-09-29,,,,,,,,,,,,,,0.013997532422700635,0.009441944760897351,,0.009390144476367103,,,,,,,,,0.009882798760995725,,,0.014724815499973506,,,0.01302377637219006,,0.010937266958027844,,,0.006974016545367424,,,,0.005556146904182557,,,,,,,,0.003957802280877951,,,,,,,,,,,,0.0049349362345481726,,,,,,,,,,,,,,,,,,,,,,,,,0.009664785790637504,0.010196425434906294,,,0.010264438558980018,,,,,,,,,,,,,,,,,,,,,,,,0.009921753081812163,,0.011767547047575082,,,,,0.014831212114159949,,,,,,,,,,,,,,,,,,,,0.019275937340718904,,,,,,,,,,,,,,,,,,,,,0.01135876623465184,,,,0.008979124694385866,,,,,,,,,,,,,0.009979958812801107,,,,0.013372240382009678,0.021714274134196923,,0.010776448448898126,,,,,,,0.01976828734855232,,,,,,,,,,,,,,,,,,,,,0.010562892449667448,0.014020084274370419,,,,,,,,,0.012927446786426433,,,,,0.015974248288836784,,,,,,,,,,,,,,,0.014952736850782704,,,,,,,0.0077949813777727,,,,,0.009505476255543054,,,,,,,,,,,,,0.015411998193631038,,0.011758660726917804,,,,,0.012004128671397878,,,,,,,,,,,,,,,,,,,0.012398719484507732,,,,,,,0.010445069098276145,,0.013129777001685192,,,,,,,,0.01108054741523783,,,,,,0.015127952266888275,,,,,,,0.014856472435160504,0.008178183009490112,0.011110995690725094,,,,,,,0.012156834793327095,,,,0.01472013413130154,,,,,,,,,,,,,,,,,,,,0.014125845500510718,,,,,,,,,,,,,,,,,,,,,,,,,,,,,,,,,,,,,,,,,,,,,,0.010927746227530519,,,,,,,,,,,,,,,,,,,,,,,,,,,,,,,0.010973301469590867,,,,,,,,,,,0.007977966914556487,0.005887564421959566,,0.007731074412901481,,,,,,,,,,,0.010310595389780004,0.005014904933990338,,0.018490480124976744,,0.006014152468146669,,,,,,,,,,,,,
2023-10-31,,,,,,,,,,,,,,0.01149209875423074,,,0.009599020788266426,,,,,,,,,,,0.009911007680515817,0.019678830946949638,,,,,,,,0.0034772777542902023,,,,0.007490988229343665,,,,,,,,,,,,,,,,,,,,0.005127018721515785,,,,,,,,0.010089677897253261,,,,,,,,0.018437308937664338,,,,,,,,,,,,,,,,,,,,,,,,,,,,,,,,,,,,,,,0.012307315073520496,,,,,0.011623061333922859,,,,,,,,,,,,,,,,0.019265403577971928,,0.009814130318030065,,,,,,,,,,,,,,,,,,,,,,,,,0.013671568977475516,,0.009926785668112146,,,,,,,,,,,,,0.007898031204188048,,,,0.014466386812230753,0.012150437588474915,,0.010174856953383186,,,,,,,0.012171554457619627,,,0.013225671395777544,,,0.02482217348951965,,,,,,,,,,,,,,,,0.008251225422190783,,,,,,,,,0.009636383278207386,,0.008780967734488,,,0.011962863268411807,,0.01400727374813419,,,,,,,,,,,,,,,,,,,,0.010908741753742752,,0.02166076774126638,0.008491666478404322,,,,,0.004432551864768423,,0.013006864741217731,,,,,,,,0.008342608368158535,,0.009319137805673046,,,,,0.01157524045732979,,,,,,,,0.014128638222617843,,,,,,,,,,,,,,0.00985446004004349,,,,0.009077847371322289,,,,,,,,,,,,,,,,0.010172599500107748,,,,,,,0.011772151487593342,,0.01061015678911035,,,,,,,0.01239963302261773,,0.017990074026025506,,,,,,,,,,,,,,,,,,,,,,0.008921917508955182,0.010808602934204936,,0.01615908538419135,,,,,,,,,,,,,,,,,,,,,,,,,,,,,,,,,,,,,,,,,0.00564237663620604,,0.012921508562484876,,,,,,,,,,,,,,,,,,,,,,,,,,,,,,,0.011477050170845994,,,,0.007753026893879947,,,,,,,,0.005847035887110375,,,,,,,,,,,,,0.01280391634348217,,,,,0.00934858165739427,0.009356884886231955,0.006285464223260485,,,,,,,,,,,
2023-06-30,,,,,,,,,,,,,,,0.015164600332082022,,0.01469156783272264,,,,,,,,,,,0.014403304030320937,,,,,,0.020408686786280824,,,,0.013087691931973382,,,0.012236296118408676,,,,,,,,0.01657504267302395,,,,,,,,0.015575379820693326,,,,0.006530011965416109,,,0.013276381213427158,,,,,0.018330911091970752,,,,,,,,,,0.01597392497677431,,,,,,,,0.013927038388964736,,,,,0.020709832156776707,,,,,,,0.022592142877326866,,,,,,,,,,,,,,,,,,,,,,0.022361117181386503,,,,,,,,,,,,,,,,0.02584577791951927,,,,0.020399802294512125,,,,,,,,,,,,,,,,,,,,,,0.023272189398198685,,,0.011070356382744515,0.016289181738933012,,,,0.018746947553193297,,,,,,,,0.009925495543665614,,,,0.01732778301152639,,,,,,,,,,,,,0.0286822738220532,,,,,,,,,,,,,,,,,,0.014222206034545472,0.016190313722823348,,,,,,,,,0.019390980364065558,,,,,,,,,,,,,,,,,,,,0.01630319239873212,,,,,,,0.016575225666718235,,0.03055494320485877,,0.023069593451753072,,,,,,0.016241048546263244,0.029336237783979247,,,,,,,,,,0.02191402494395685,,,,0.017992030092098175,,,,,,,,,0.013414638382450767,,,,,,,,,,0.015974494691014505,,,,,,,,,0.015492505321189122,,,,,,,0.028101162280653087,,0.02189737239995592,,,,,,,,,,,,0.018646795050768557,0.010345413583855847,,,,,,,,,,0.021239668751172766,,0.01919217613893333,,,,,,,,,,,,,,,,0.028487271940431453,,,,0.021131489998821595,,,,,,,,0.023172575201225423,,,0.020079666055281314,,,,,,,,,,,,,,,,,,,,,,,,,0.009710136383810734,,,,,,,,0.018762229949406833,,,0.027810477097743286,,,,,,,,,,,,,,,,,,,,,,,,,,,,,,,,,,0.01074485282054381,,,,,,,,,,,,,,,,,,,,,0.022017816236988695,,0.004585724464063728,,,,,,,,,,,,,,,,
2023-07-31,,,,,,,,,,,,,,,0.010881461186233678,,0.011107470404649964,,,,,,,,,,,0.021533112603028193,,,,,,0.014290268124967618,,,,0.011807016931319983,,,0.013859207731986945,,,,,,,,,,,,,,,,0.029175497552646427,,,,0.009525504639663286,,,,,,,,,,,,,,,,0.036707998829396564,,0.01612567994568932,,,,,,,,0.009076411895339902,,,0.016646666480074974,,0.023552741182720025,,,,,,,0.02964187220450923,,,,,,,,,,,,,,,,,0.01602956221987461,,,,,0.015131525039339387,,,,,,,,,,,,,,,,0.02560213759862052,,,,0.026106121493732173,,,,,,,,,,,,,,,,,,,,,,0.017346081609896088,,,0.017064731735934147,0.010115984784463712,,,,,,,,,,,,0.01291135455675786,,,,0.02265872966330697,,,,,,,,,,,,0.016763844267503852,,,,,,,,,,,,,,,,,,,0.01519422628400461,0.01959172290204008,,,,,,,,,0.022637532504387856,,,,,,,,,,,,,,,,,,,,0.021694618047687332,,,,,,,0.010878749658636321,,0.03169547235168698,,0.028441631109321013,,,,,,0.016872977899643978,0.024018358414472467,,,,,,,,,0.017113019391494448,,,,,0.01834349673711163,,,,,,,,,0.009430636210219502,,,,,,,,,,0.013877014767114285,,,,,,,0.010995030065870135,,0.01439056162532209,,,,,,,,,0.032087115702137285,,,,,,,,,,,,0.018966910792502314,0.011918140441247341,,,,,,,,,,0.02860999823211768,,0.018051220688258172,,,,,,,0.01162379480860862,,,,,,,,,0.020578255218152507,,,,0.014410229511873854,0.020217687606794103,,,,,,,,,,,,,,,,,,,,,,,,,,,,,,,,,,,,,,,,,,,0.008464367571732275,,,0.013698658069242125,,,,,,,,,,,,,,,,,,,,,,,,,,,,,,,,,,0.012505041908294486,,,,,,,,,,0.011560506000470568,,,,,,,,,,,0.021823961991593376,0.02010788529479661,,0.02654019551151055,,,,,,,,,,,,,,,
2023-08-31,,,,,,,,,,,,,,,0.019269617728203056,,0.014049508318969508,,,,,,,,,,,0.01139962596518789,0.02769811222781116,,,0.022377121308097783,,0.01417779135849321,,0.016692090184447877,0.015425801723099633,0.009392815895335102,,,0.0071303115628706575,,,,,,,,0.00761675643123844,,,,,,,,0.02425297346347799,,,,0.0038399562888212146,,,,,,,,0.014743856898234466,,,,,,,,,,,,,,,,,0.013543053207011876,0.01263229129966745,,,,,0.02584008296884101,,,,,,,,,,,,,,,,,,,,,,0.02839616300834319,,0.03040504904700586,,,,,0.01870260888330207,,,,,,,,,,,,,,,,,,,,0.012619193510465667,,,,,,,,,,,,,,,,,,,,,,,,,0.011759616716820916,0.02632921227206395,,,,0.02595690652017359,,,,,,,,0.007994752321290344,,,,0.023083723480051235,,,,,,,,,,,,,,,,,,,,,,0.03688017299869429,,,,,,,,,,0.01899850622059545,,,,,,,,,0.027845504069299733,,,,,,,,,,,,,,,,,,,,0.016061176261567774,,,,,,,0.013418599405444846,,,0.015810107284237603,,0.013802020169965732,,,,,0.019188769368989556,,,,,,,,,,0.007722149575881759,,,,,0.016990554590471486,,,,,,,,,0.009752137817205502,,,,,,,,,,0.02239966895745115,,,,,,,0.014527544331243817,,0.020423584324369564,,,,,,,,0.014878435541372796,,,,,,0.03379384116131013,,,,,,,,,,,,,,,,,,0.027397972195226748,,0.02895987617077253,,,,,,,,,,,,,,,,,,,,0.02098364077151649,0.03071290179178722,,,,,,,,,,,,,,,,,,,,,,,,,,,,,,,,,,,,,,,,,,,,,0.015928383712171604,0.022385614050742315,,,,,,,,,,,,,,,,,,,,,,,,,,,,,,,,,,0.016004590529824607,,,,,,,,0.005501374729107781,,0.01131625974431829,,,,,,,,,,,0.023793610949490538,,0.005865340869496353,0.028663368673747452,0.014665301144371624,,,,,,,,,,,,,,
2013-10-31,,,,,,,,,,,,,,,,0.022188845666161573,,,0.011051423271693221,,,,0.015038002235580003,,,,,,,,,,,,,,,0.012540751979790203,0.012898018208262425,,,,0.00991915295648535,,0.00667882815760652,0.007625382944676386,,,,,,0.01546098257522795,,,,,,,,,,,0.017927953193613084,,,,0.01993983644548555,,,,0.013450281436065687,0.01415074623884071,,0.01570947309655174,0.023698499614308813,,,0.010297789797891763,0.005096725526559646,0.018219610492411643,,0.01971912725136212,,,,,0.006413683925391319,0.037458249089693425,,0.025991440641987308,,0.019456474998817797,,,,,,,,,,,,,,,,,,,,,,,,,,,,,,,,,,,,,,,,,,0.018146065195406055,,,,,,,,,,0.014789008399845108,,,,,,,,,,,,,,,,,,,,0.019966857132817296,,,0.018079585354906887,,,,,,,,,,,,,,0.00984376858857478,,,,,,0.011980174435311592,,,,,,,,,,,,0.019155758685258185,,,,,,,,,,,,,,,0.00667245853756887,,,,,,,,,,,,,,,0.009304160756491738,,,,,,,,0.024443921137249667,,,0.010877672888417619,,,,,,,,,,,,,,,,,,0.02382595948704742,,,,,,,,,,0.012220677647157212,,,,,,,0.01146062944241299,0.013063441793607647,,,,,,,0.024789622672897676,0.022516790130886973,0.007965464062377595,,,,,0.00859389694345902,,0.01607409358792523,,,,,0.01172691033215957,0.014189775821872181,,0.01474991519299993,0.025995793591461567,0.00972952046686968,0.007512327176315882,,,,,,,,,,,,,,,,,,,,,,,,,,,,,,,,,,,,,,,,,,,,,,,,,,,,,,,,,,,,,,,,,,,,,,,,,,,,,,,,,,,,,,,,,,,,,,,,,,,,,,,,,,,,,,,,,,,,,,,,,,,,,,,,,,,,,,,,,,,,,,,,,,,,,,,,,,,,,,,,,,,,,,,,,,,,,,,
2013-11-29,,,,,,,,,,,,,,,,0.01656336768727845,,,0.011099018637851708,,,,,,,0.015098812382157947,,,,,,,,,,,0.012047032693613157,0.004856011791178915,0.015873664253935195,,,,0.012681111194723503,,,0.00794966006155765,,0.018823280287330078,,,,0.019779011754866637,0.012313988938465812,,,,,,,,,,0.01843041817688036,,,,0.023976673247614325,,,,0.010565357257299597,0.016263613070074377,,0.018267477079640826,0.022278308118480535,,,,0.010934184445087064,0.027557615025857497,,0.01699507473030186,,,,,0.01534023823326386,,,0.01827919049599539,,,,,,,,,,,,,,,,,,,,,,,,,,,0.02148977156504852,,,,,,,,,,,,,,,,,,,,,,,,,,,0.03736014264755415,,,,,,,,,,,,,,0.014118392480229289,,,,,,0.020020925933486425,,,0.01734775886977619,,,,,,0.01575747040971714,,,,,,,,0.015007880137440265,,,,,0.019010950247292727,,,,,,,,,,,,,,,,,,,,,,,,,,,,0.007664482748985854,,,,,,,,,,,,,,,0.01937815337206543,,0.02168059037805991,,0.021392065210650513,,,,0.027492272263895945,,,0.015371041484099903,,,,,,,,,,,,,,,,,,0.02443256158325841,,,,,,,,,,0.024461843671746794,,,,,,,,0.01175493128552422,,,,,,,0.022024277622587123,0.012090810197474022,0.00539491255718513,,,,,0.0048613123512580856,,,0.022784918378027666,,,,0.007859652952133507,0.017123472466773725,0.009047777773821356,0.016201244487550424,,,0.009012562556559078,,,,,,,,,,,,,,,,,,,,,,,,,,,,,,,,,,,,,,,,,,,,,,,,,,,,,,,,,,,,,,,,,,,,,,,,,,,,,,,,,,,,,,,,,,,,,,,,,,,,,,,,,,,,,,,,,,,,,,,,,,,,,,,,,,,,,,,,,,,,,,,,,,,,,,,,,,,,,,,,,,,,,,,,,,,,,,,
2019-01-31,,,,,,,,,,,,,,,,0.013008265964404723,,0.007228859666779409,,,,,,,,,,,,,,,,,,,,0.004909089563259203,,,,,,,0.00242259838822012,,,,0.007787684474753632,,0.01237705022677263,,,,,,,,,,,,,,,,,,,,0.0068407919392594095,,,,,,,,0.00575488600972893,,,,,0.007338325577152685,,,,,,,,,,,,,,,,,,,,,,,,,,,0.018936908705022154,,,,,,0.008234841663920068,,0.0052178280470991985,,,,,,0.008815897691082493,,0.014698749973666422,,,,0.00785895868500797,,,0.007795134149210245,0.008096582216769108,,0.013690190079840302,,,,,0.007601616730748473,,,,,,,,,,,,,0.012882528371318518,,,,,,,,,,,,,,,,,,,,0.007285767683434011,,,,,,,,,0.00861784797739008,,,,,,,,,0.012853411216518559,,,,,0.010389558800480425,,,,0.01151876825750914,,,,0.010090428513766996,,,,,0.01373692375865419,,,0.007017444919062593,,,,,,,,,,,,,,,,,,,,,,,,,,,0.013141230780423035,,,,,,,,,0.009411402958153575,,,,,0.010842027787351882,,,,,,,,0.00646646395454735,,,,,0.010539455579109422,,,0.0096331319463652,,,,,,,,,,,,,,,,,,,,,,,,,,,0.008381866204068066,,,,,,,,,,,,,,,,0.012914777297114249,,,,,,,,,,,,,,,,0.01611641063840324,,,,0.02049396111092179,,,,,,,,,0.013145784307229725,0.008233289775150143,,0.008128477129837955,,,,,,,,,,,,,,,,,0.02030452274998191,,,,,,,,,,,0.01933636776228673,,,,,,,,,,0.02461358785302758,,,,,,,,,,,0.011319499858891597,,,0.003194698752179513,,,,0.005386179900616561,,,0.007579622670148292,,,,,,,,0.011736367876953766,0.010060740633246365,0.00680771881801874,0.017145836471285245,0.006409343762986719,,,,,,,,,,,,,,,,,,,,,,,,,,,,,,,,,,,,,,,,,,,,,,,,,,,,,,,,,,,,,
2019-03-29,,,,,,,,,,,,,,,,0.0197723588633784,,0.005944318577942632,,,,,,,,,,,,,,,,,,,,0.007418510483673676,,,,,,,0.0054926059114177245,,,,0.009113384078784271,,0.026807406158083462,,,,,,,,,,,,,,,,,,,,,,,0.010413987387270857,,,,,0.015879866023991277,,,,,,,,,,,,,,,,,,,,0.02209261406277586,,,,,,,,,,,,0.018382926586793916,,,,,,0.0242994648778344,,0.006816489684409702,,,,,,,,0.027376189961562006,,,,0.011421116127705641,,,0.01186965617850271,,,,,,,,0.01158492071703562,,,,,,,,,,,,,0.02558869115252861,,,,,,,,,,,,,,,,,,,,,,,0.02311724223117682,,,,,,0.021814219399305782,,,,,,,,,0.020420352641767607,,,,,,,,,,,,,0.023430007823692475,0.015150127237266857,,,,0.0395688110744976,,,0.0077181404170677745,,,,,,,,,,,,,,,,,,,,,0.025694706171935307,,,,,,0.019614261975563162,,,,,,,,,0.0226458356391968,,,,,0.012533912707593348,,,,,,,,0.024195601521995257,,,,,0.01692771806327952,,,0.02100460042364936,,,,,,,,,,,,,,,,,,,,,,,,,0.014405955612213849,,0.014504390351616584,,,,,,,,,,,,,,,,0.026190919348402297,,,,,,0.01004813072903976,,0.01903009416338594,,,,,,,,,,,,0.020382904603793137,,,,,,,,,,0.01906519219761172,,0.011749713324130209,,,,,,,,,,,,,,,,,,,,,,,,,,,,0.02557627970751,,,0.023788627353979682,,,,,,,0.018035213625186713,,,,0.017714941282695747,,,,,,,0.022775081419272453,,,0.01065510187511057,,,,0.006947097328820746,,,,,,,,,,,0.03334287401912823,0.029447615305075028,0.021103753599938886,0.019706441331245793,0.012227427955705989,0.03674070802894744,0.03245149267551091,,,,,,,,,,,,,,,,,,,,,,,,,,,,,,,,,,,,,,,,,,,,,,,,,,,,,,,,,,,
2019-04-30,,,,,,,,,,,,,,,,0.02664489878331808,,0.017593598076454792,,,,,,,,,,,,,,,,,,,,0.00911297480076084,,,,,,,0.00782187720872327,,,,0.005892267171849969,,0.028233563380261,,,,,,,,,,,,,,,,,,,,,,,,,,,,0.016492236568796816,,,,,,,,,,,,,,,,,,,,0.01811251855246779,,,,,,0.01173982590812408,,,,,,0.016562647832218978,0.02206108223402399,,,,,0.014075458895687983,,0.006367023200408252,,,,,,,,,,,,,,,0.008262148873477834,,,,,,,,,,,,,,,,,,,,,,,,,,,,,,,,,,,,,,,,,0.009664226998781365,,,0.015912103392172847,,,,,,0.026004239142297426,,,,,,,,,0.03813713206111856,,,,,,,,,,,,,0.041391581603697804,,,,,0.02751476546415026,,,0.009605491411742455,0.01655679580207078,,,,,,,,,,,,,,,,,,,,0.020873681293647438,,,0.012298621992253816,,,,,,,,,,,,0.014044481538870114,,,,0.019557757233797386,,,,,,,,,0.02879911018408545,,,,,0.027301810217401863,,,0.01441790562879695,,,,,,,,,,,,,,,,,,,,,,,,,,,,,,,,,,,,,,,0.027894171237088185,,,,0.02089716842448093,,,,,,,,0.018788432794198576,,0.023526015319884543,,,,,,0.024154431744551248,,,,0.014122915496044604,0.03107358638524941,,,,,,,,,0.02617429499393109,,0.01444943187514108,,,,,,,,,,,,,,,,,,,,,,,,,,,,0.017016073520639746,,,0.028768363340467045,,,,,,,,,,,0.020462469379943594,,,,,,,,,,0.013836945100957307,,,,0.008356866390375845,,,,,,,,,,,0.013456489057923416,0.02708640061539783,0.012039214505577454,0.015061524196279836,0.011483452419734969,0.019885438716107776,,0.022872866329975667,0.02220233330734524,0.020346609932218256,0.014992679465028145,,,,,,,,,,,,,,,,,,,,,,,,,,,,,,,,,,,,,,,,,,,,,,,,,,,,,,,
2022-12-30,,,,,,,,,,,,,,,,0.01609542185613374,,,,,0.017687803361151264,,,,,,,,,,,,0.0085287326183439,,,,,,,,,,,,,,,,0.011742844654114525,,,,,,,0.012740907213157793,,,,,0.00510375550621444,,,0.008899466665168432,,,0.013538776235525546,,,,,,,,,,,,,,,,,,,,,,,,,,,,,,,,,,,,,,,,,,,,0.0072856836882153105,,,,,,,0.019001043236076615,,,0.01476560572623391,,,,,,0.022285917609877273,,,0.01525453163173654,,,0.015704906311654734,0.006413100700488394,,,,0.017274720492662498,,,,,0.01106219025208866,,,,,,,,,,,,,,,0.016899418902727132,,,,,0.01184750050354589,,,,0.012007136229450016,,,,,,,,,,,,,,,,0.011436340816115258,,,,,,,,,,,,,,,,,,,,0.01315477032978355,,,,,,,0.016897371172734963,,,,,0.013621794689588964,,,,,,,,,,,,,,,,,,,,,,0.01594086900103959,,,,0.01847625532732552,,,0.01764406946641513,,,,,,,,,,,,,,0.013614906230979006,,,0.008891005219093664,,,,,,0.011799861828545012,,,,0.01455253942836248,,,,,,,,,,,,,,0.007612796703551233,,,0.010680361685589213,,,,,,,,,,,,,0.01965615356600617,,,,0.014357418380833058,0.017704104569642085,,0.014754872815193892,,,,,0.013246136272230181,,,,,,,,,,,,,0.0084709164593174,,,0.019213159306318398,,,,,,,,,0.013497138150125614,,,,,,,,,,,,,,,,,,,,,,,,,,,,,,0.010127178807465737,,,,,,,,,,,,,,,,,0.012278127660045136,0.01392669753674485,,,,,,,,,,,,,,,,,,,0.02147801220779473,0.007520922453892646,,,,,,0.018604323302678194,0.0201144311043222,,,,,,,0.015016275639761292,,,,,,,,,,,,,,,,,,,,,,,,,,,,,,,,,,,0.012403358532616895,0.017234750441830034,0.012858170410313329,0.011089153877599027,0.01798629321157895,,,,,,,,,,,,,,,,,,,
2023-01-31,,,,,,,,,,,,,,,,0.00937085037710648,,,,,0.014086929339104742,,,,,,,0.010568596366660164,,,,,0.011891071358608956,,,,,,,,,,,,,,,,0.005333057598962581,,,,,,,0.021089138569434663,,,,,0.004736431678273376,,,,,,0.01636016857400699,,,,,,,,,,,,0.019270542712889444,,,,,,,,,,,,,,,,,,,,,,,,,,,,,,,,0.01408161443710517,,,,,,,,,,0.022605587983291986,,,0.01112089188152094,,,0.01311683890207813,,,0.016853064543149103,,,0.016946084191416876,0.008024599204300343,,,0.017490556108332226,0.018338042190346644,,,,,,,,,,,,,,,,,,,,0.012580084851627408,,,,,0.01522296947396413,,,,0.011636088246528875,,,0.016076801354982784,,,,,,,,,,,,,0.012176412023054844,,,,,,,,,,,,,,,0.01652684721555013,,,,,,,,,,,,0.01566278896324897,,,,,0.011345342062714175,,,,,,,,,,,,,,,,,,,,,,,,,,0.01662798196556707,,,0.014705446686715268,,,,,,,,,,,,,0.009696648488819251,0.01596406499343451,,,0.009617335046930783,,,,,,,,,,0.0160026454853925,,,,,,,,,,,,,,0.005625919384158502,,,0.01692736051556428,,,,,,,0.012504331095814517,,,,,,,,,,0.01011027258601789,0.017378995952961336,,0.020523445540302707,,,,,0.016823234125302986,,,,,,,,,,,,,0.00719625085652365,,,,,,,,,,,,0.016115495398750908,,,,,,,,,,,,,,,,,,,,,,,,,,,,,,0.010817745736649337,,,,,,,,,,,,,,,,,0.01148968613166661,,,,,,,,,,,,,,,,,,,,0.008170153363865059,0.007356087195232933,,,,,,0.013699529678476648,0.01627521935418381,,,,,,,0.014361584349023173,,,,,,,,,,,0.013965240329912445,,,,,,,,,,,,,,,0.007315762245596953,,,,,,,,,0.01632532946479201,0.01734034454043932,0.016042315635056592,0.019150778882569858,,0.00935939476201901,,,,,,,,,,,,,,,,,,
2023-02-28,,,,,,,,,,,,,,,,0.012033313811768028,,,,,,,,,,,,0.017946180085099156,,,,0.013732058915410407,,,,,,,,,,,,,,,,,0.01186249817981025,,,,,,,0.019338417407150733,,,,,0.005154996775906708,,,0.014519918389071192,,,0.01433298574176688,,,,,,,,,,0.012203393304299731,,0.01410550775308523,,,,,,,0.010981570535640039,,,,,,,0.005629778124452232,,,,,,,,,,,,,,,,,,0.01648811106363407,,,,,,,,,,0.013228703755824078,,,,,,0.020620322406401242,,,,,,0.014647441027323965,0.008081676580105404,,,0.017216490449729633,0.014716550645081278,,,0.020391054604120985,,,,,,0.01653110644977637,,,,,0.015828035486991528,,,,,,,,,,,0.01417488130833442,,,,0.009732841856412548,,,,0.012261792263045877,,,,,,,0.008739845398978957,,,,,0.011649052471652169,,,,,,,,,,,,,,,,,,,,,,,,,,,,,,,0.009953861664215488,0.013541156520312875,,,,,0.02223736022069252,0.020215230183757246,,,,,,,,,,,,,,,,0.013591168718844575,,,0.011760470962886255,,,,0.00990766184299953,,,,,,,,,,,,,,,,,0.00831502292560802,,,,,,0.010817535098277384,,,,,,,,,,,,,,,,,,0.007503800913805648,,,,,,,,,,0.0074312285077094385,,,,,,,,,,,,,0.019527636571401077,,,,,0.013236919294856719,,,,,,,,,,,,,0.009744223608320403,,,,,,,,,0.009736010616630522,,,0.016519669649610564,,,,,,,,,,,,,,,,,,,,,,,,,,,,,,0.008360783013124385,,,,,,0.021925707303806302,,,,,,,,,,,0.009194293823176703,,,,,,,,,,,,0.01190928429769789,,,,,,,,0.02158032372362185,,,0.011074378705311855,,,,0.03166782676559509,0.013037770933198023,,,,,,,,,,,,,,,,,,,,,,,,,,,,,,,,,,,,,,,,,,0.01231060810516604,0.013971485544049644,,,,0.00855524578490738,0.01622480990954351,,,,,,,,,,,,,,,,,
2023-03-31,,,,,,,,,,,,,,,,0.010843141737023354,,,,,0.012539851870513631,,,,,,,0.013148558345467678,,,,,,,,,,,,,0.010828645483135044,,,,,,,,0.015084480189159359,,,,,,,0.017670657797529667,0.008631538992093322,,,,0.005187548467697491,,,0.011320714747059545,,,0.007062101221996382,,0.012487002198776426,,,,,,,,,,0.010636573986089196,,,,,,,0.006615242497731607,,,,,,,,,,,,,,,,,,,,,,,,,0.012288423527099891,,,,,,,,,,0.007631266873029244,,,,,,0.009343506154938511,,,,,,0.018850725538848857,,,,,0.009244969346286698,,,0.017262565351920202,,,,,,,,,,,0.013521043009110185,0.009566312498460277,,,,,,,,,,0.009816178863529578,,,,0.015864310105053615,,,,0.017962537503546254,,,,,,,0.015428057363915816,,,,,0.012437598725197997,,,,,,,,,,,,0.013901659320384587,,,,,,,,,,,,,,,,,,,0.012506813395124586,0.010272836934291464,,,,,,,,,,,,,,,,,,,,,,,,,0.015593896218487273,,,,0.0075278578737743105,,,,,,,,,,,,,,,,,0.010492414580048594,,,,,,,,,,,,,,,0.005839754835196407,,,,,,,,,0.01177198864667858,,,0.021397563752158774,,,,,,,0.013670237634338327,,,,,,,,,0.0064914657943037045,,,,0.01604955721076936,,,,,0.01280899534560517,,,,,,,,,,,,,0.005648628116661424,,,,,,,,,0.013125943086573121,0.011209949186665975,,0.01444969484721864,,,,,,,,,,,,,,,,,,,,,,,,,,,,,,,0.01062774163429861,,,,,,,,,,,,,,,,,,,,,,,,,,,,0.015235934710516036,,,0.009254211744890163,,,,,0.018556555505527046,0.00701145197991617,,,,,,0.012538223639238202,0.013229489984873274,,,,,,,,,,,,,,,,,,,,,,,,,,,,,,,,,0.008270193447170967,,,,,,,,,0.01912571074773284,0.012117278643762608,,0.012799018052815494,,0.01596472189937275,,,,,,,,,,,,,,,,,,
2023-04-28,,,,,,,,,,,,,,,,0.010710232263244825,,,,,,,,,,,,0.010368961679018155,,,,,,,,,,,,,0.008717953448554971,,,,,,,,0.007990939104905767,,,,,,,,,,,,0.004168188573815159,0.02220203994430519,,0.009673591170200807,,,,,0.009623616568349808,,,,,0.011164328595127011,,,,,0.015565970716305976,,,,,,,,0.010294218542458149,,,,,,0.005092310905837385,,,,,,,,,,,,,,,,,,0.012757281031627488,,,,,,,,,,0.01984294525504098,,,,,,0.01006988360069868,,,,,,,0.007486148410367866,,,,,,,0.01862176999303371,,,,,,,,,,,0.011820611311685639,,,,,,,,,,,,,,,0.008501489149382471,,,,0.011175259261615118,,,,,,,,0.010142992665560848,,,,0.01453382894532354,,,,,,,,,,,,0.009498448774458514,,,,0.023472419870039764,,,,,,,,,,,,,,,0.012446182901115335,0.014541907008763979,,,,,,,,,0.013721487094969776,,,,,,,,,,,,,,,,0.015308098225350855,,,,0.020070340534907874,,,,,,,0.01388571119035523,,,,0.014370944491831497,0.009451520311432687,,,,,0.0073160410008905555,,,,,,,,,,,,,,,0.01108013122640571,,,,,,,,,0.005763401029378761,,,0.018379629825253846,,,,,,,0.00750400391537878,,,,,,,,,0.013103107666985025,,,,,,,,,0.01538878236379412,,,,,,,,,,,,,0.006442849461231272,,,,,,,,,0.015880015545701766,0.01786300052882247,,0.019590452795801985,,,,,,0.0053766939209572645,,,,,,,,,,,,,,0.014643774562209087,,,,,,,,,,,0.010764517789757169,,,,,,,,,,,,,,,,0.014518931582986092,,,,,,,,,0.010499887012753131,,,,,,,,,,,0.021869497730360413,0.007934174717185872,,,,,,0.01851618281376808,0.015782546445191104,,,,,,,,,,,,,,,,,,,,,,,,,,,,,,,,,,,,,,,,,,0.03270947506386025,,,0.013252816101436504,,0.014984911101637972,,,,,,,,,,,,,,,,,,
2017-06-30,,,,,,,,,,,,,,,,,0.019108107634525636,,,,,,0.018918493043887163,,,,,,,0.017680212009910684,,,,,,,0.014157264343258534,,0.010349451436974414,,,,0.009083757852640541,,0.005913257791905928,0.008216273024116594,,,,0.03394496076156064,,,,,,,,,0.016827989190975022,,,,,,,,0.02024837761207993,,,,0.023399807950626544,,,,0.02985313100416342,,,,,,,,,,0.015140077490766273,0.010669214645319955,0.012927962951478494,,,,,,0.014898146470389728,,,,,,,,,,,,,,,,0.020840158610740293,,,,,,,,,0.030732334367663944,,,,,,,,,,,,,,,,0.015357732580692332,0.014781939586070882,,,,,,,,,,,0.023358098989687097,,,,,,,,,,,,,,0.033050388548470006,0.030874476549335554,0.022170889246592173,,,,,0.015971572291831635,,,,,,,,0.01946378802379949,,,,0.008233645217440227,0.013520708281758371,,,,,,,,,,,0.013689376158261189,,,,,,,,,,,,,,,,,,,,,,,,,,,,,,,,,,,,,,,,,,0.02927117383578746,,,,,,,,,,,,,,,,,,,,,,,,,,,,0.01690652524621816,,,,,,0.011148719846293911,,,,,,,,,0.013440211530305368,,,,,,,,0.026817341339682044,,,,,,0.01119480923466112,,,0.021726851200604785,,,,0.020401045900070088,,,,0.026038537162207644,,,,,,,,,,,0.014663504509761784,,,,,,,,,,,0.018458411962649482,,,0.010595307493374857,,,,,0.03467920923976173,,,,,0.04286652353828393,,,,,,,,,,0.012265558376866983,,,,,,,,,,,,,,,,,,,,,,,,,,,,,,,,,,,,,0.015303635815683657,,,,,,,,,,0.018802473241378896,0.01212091543188301,0.022438405782422843,,,0.009406054196839292,0.04145966362008483,0.016552400499219758,,,,,,,,,,,,,,,,,,,,,,,,,,,,,,,,,,,,,,,,,,,,,,,,,,,,,,,,,,,,,,,,,,,,,,,,,,,,,,
2017-07-31,,,,,,,,,,,,,,,,,0.023538407974056586,,,,,,0.027213313834833153,,,,,,,0.023927116413611744,,,,,,,0.009590773254834302,,0.010735142611060882,,,,0.010685778651234188,,0.007665226027154157,0.01235805975125562,,,,,,,,0.029822506651381562,,,,,,,,0.015319524948189587,,,,,,,,,0.01150702358192921,,,0.011172608538657001,0.016596615526708842,,,,,0.03223878446271527,,,,,0.028657281999143303,,0.007449769984786757,,,,,,,,,,,,,,,,,,,,,,0.018048101748780923,,,,,,,,,0.024031230410397206,,0.010666333030163417,,,,,,,,,,,,,,0.0211516775992832,0.009838352514434646,,,,,,,,,,,0.024344895024379573,,,0.024733839450906344,,,,0.02063975165636544,,,,,,,0.028144160350474397,0.039516502607817174,0.019937105058048597,,,,,0.024576816667093535,,,,,,,,0.02320973708370116,,,,0.011451206022701993,,,,,,,,,,,,0.019572032177495126,,,,,,,0.019716603016182215,,,,,,,,,,,,,,,,,,,,,,,,,,,,,,,,,,,,,,,,,,,,,,,,,,,,,,,,,,,0.03936469412078715,,,,0.024783107525779696,,,,,,,0.003661930738951562,,,,,,,,0.023387882251288083,,,,,,,,0.0280503332382959,,,,,,0.008552613251296082,,,0.021094468887922095,,,,0.011181629848720093,,,,0.025184145779104,,,,,,,,,,,0.019654751465532465,,,,,,,,,,,,0.020834188182097556,,0.013637017925788962,,,,,0.02402768064675209,,,,,,,,,,,,,,,0.015655509796773225,,,,0.026952893156311875,,,,,,,,,,,,,,,,,,,,,,,,,,,,,,,,,0.01772757592474551,,,,,,,,,,0.018431305573850726,0.015427900815858405,0.014118232777444104,,,0.010215859462923357,,,,,,,,,,,,,,,,,,,,,,,,,,,,,,,,,,,,,,,,,,,,,,,,,,,,,,,,,,,,,,,,,,,,,,,,,,,,,,,,
2017-08-31,,,,,,,,,,,,,,,,,0.018373569278796013,,,,,,0.017631866240226248,,,,,,,0.017474713986284435,,0.031367228575895106,,,0.024077091886129668,,0.012728193639087003,,0.01138606034699204,,,,0.010567697702964549,,0.00905925786357862,0.007548854093606981,,,,,,,,,0.01846101558413597,,,,,,,,,,,,,,,,,,,0.026535893932063247,0.013525976181088795,,,,,0.05008621994736181,,,,,0.018919009767065342,0.010662675794748519,0.01485045068954872,,,,,,0.012178296555660892,,,,,,,,,,,,,,0.023289964015672893,,,,,,,,,,,0.014534209454331464,,,,,,,,,,,,,,,,0.012323706595422507,,,,,,,,,,,,0.025243753300297232,,,,,,,0.021156947935077757,,,,,,,0.02817278004983703,0.03877153001549843,0.028061282342304237,,,,,0.029602086896542673,0.03426010126664089,,,,,,,,,,,0.008448693855717598,,,,,,,,,,,,0.015379909628798887,,,,,,,0.028064661949498092,,,,,,,,,,,,,,,,,,,,,,,,,,0.022836985820235595,,,,,,,,,,,,,,,,,,,,,,,,,,,,,0.029123246220972333,,,,0.05008741990551408,,,,0.016010558642357755,,,,,,0.012178238483737103,0.0163613802527325,,,,,,,,0.013700211396797259,,,,,,,,0.017276804746288645,,,,,,0.013097452341848616,,,0.01842324704025806,,,,0.007595012931511347,,,,,,,,,,,,,,,,,,,,,,,,,,,,,0.014167561386350497,,,,,0.025067745982157223,,,,,,,,,0.011329884442215778,,,,,0.013939651884605407,,,,,,,,,,,,,,,,,,,,,,,,,,0.01844623281129951,,,,,,,,,,,,0.013740731670048264,,,,,0.019648038991864337,,,,,,0.005178316627006435,0.01624534842409787,,,0.012802230627227825,,,,,,,,,,,,,,,,,,,,,,,,,,,,,,,,,,,,,,,,,,,,,,,,,,,,,,,,,,,,,,,,,,,,,,,,,,,,,,,,
2017-09-29,,,,,,,,,,,,,,,,,0.01221662794607074,,,,,0.02823201419777904,,,,,,,,0.016057426273231905,,,,,0.028056123367800247,,0.018665608285148287,,,,0.01607133936771332,,0.009021242261914728,,0.00907243900409635,0.011883954319257336,,,,,,,,,,,,,,,,,,,,,,,,,,,,0.026674784799781876,,,,,,0.050251705257324766,,,,,,0.018975714147829382,,,,,,,0.01176399316321214,,,,,,,,,,,,,,,,,,,,,,,,,,,,,,,0.0226478428698255,,,0.013151363185661104,,,,,,,0.013895733338494327,,,,,0.02977205492744834,,,,,,,0.03123106141839689,,,0.01925928739571533,,,,0.023653164531257074,,,,,,,0.031743149212360704,0.023101670160421733,0.014401670945765891,,,,,,,,,,,,,,,,,0.00915468620617929,,,,,,,,,,,,0.012160672369160533,,,,,,,0.03394184816904371,0.028133915490351175,,,,,,,,,,,,,,,,,,,,,,,,,0.02039132278555195,,,,,,,,,0.02202808944140042,,,,,,,,,,,,,,,,,,,,,,,,0.025295189840833714,,,,0.014269109713095654,,,,,,0.022629682304534764,0.011081991012963954,,,,,,,,0.016068753506091108,,,,,,,,0.01803404710635088,,,,,,0.010185973791414837,,,0.017871987558466536,,,,,,,,,,,,,,,,,,,,,,,,,,,,,,0.02513243800018098,0.0213248162375456,,0.01709771097994091,,,,,0.017173076166917236,,,,,,,,,0.010649851904240493,,,,,0.012773816362570613,0.02016989990946942,,,,,,,,,,,,,,,,,,,,,,,,,0.021372018637244614,,,,,,,,,,,,0.028059499465681866,,,,,0.020355977492173827,,,,,,0.011584420545216127,0.019774217421258497,,,0.012350478839400918,,,0.01375430195034898,0.007380236415864431,,,,,,,,,,,,,,,,,,,,,,,,,,,,,,,,,,,,,,,,,,,,,,,,,,,,,,,,,,,,,,,,,,,,,,,,,,,,
2017-10-31,,,,,,,,,,,,,,,,,0.01626795827999386,,,,0.02190187048536652,0.032798869202375666,0.03102097557050859,,,,,,,0.0208645455176877,,0.018025335105961614,,0.01873801254938189,0.012989462340509267,,0.006201098316889465,,,,0.014496541531380398,,0.009870071421404647,,0.006007508326659839,,,,,,,,,,,,,,,,,,,,,,,,0.014181162472076538,,,,,0.02070838212053249,,,,,,0.018808262141463965,,,,,,0.014091628727675273,,,,,,0.01970572450949742,0.027463714379417182,,,,,,,,,,,,,,,,,,,,,,,,,,,,,,,,,,0.03449801597688622,,,,,,,0.014039436988468044,,,,,,,,,0.014305550655480689,,0.03260274557274581,,0.020394491822047583,,0.020620783224459135,,,,0.031088471076777913,,,,,,,0.01793686051248626,0.031283280560560865,,,,,,0.014205236874429343,,,,,,,,0.016753458887361045,,,,0.018177369525901925,,,,,,,,,,,,0.017284317769464267,,,,,,,,0.03149660611090248,,,,,0.0351707935742363,,,,,,,,,,,,,,,,,,,,,,,,,,,,,,,,,,,,,,,,,,,,,,,,,,,,,,,,,0.022677306006873954,,,,,,0.01409306335683554,0.01754939524746919,,,,,,,,0.021116606929818475,,,,,,,,,,,,,,0.010964188856646758,,,,,,,,,,,,,,,,,,,,,,,,,0.029563620282551478,,,,,,,,0.027785694200787237,,,,0.013298300641834114,,,,0.013088838969038261,,,,,,,,,0.020252780018586013,,,,,,,,,,,,,,,,,,,,,,,,,,,,,,,0.010750801136299648,,,,,0.021963818153039504,,,,,,,,,,,,0.013098664841909035,,,,,,0.022944273588882687,0.016876709289967807,,,0.014726913691323664,,,,0.012720244275970889,0.013892106006201057,0.008638132374974317,,,,,,,,,,,,,,,,,,,,,,,,,,,,,,,,,,,,,,,,,,,,,,,,,,,,,,,,,,,,,,,,,,,,,,,,,,
2023-11-30,,,,,,,,,,,,,,,,,0.011865135451806907,,,,,,,,,,,0.00880679395844002,,,,,,,,,,,,,0.008961328183509198,,,,,,,,,,,,,,,,,,,,0.005915723811891617,,,,,,,,,,,,,,,,,,0.019245421363963202,,,,,,,,0.024370568936740278,,,,,,,,,,,,0.011340585568249595,,,,,,,,,,,,,,,,,0.017506884486913267,,,,,0.014296850204382868,,,,,,0.025243828891368163,,,,,,,,,,0.023030786435442537,,,,,,,,,,,,,0.023727572881432502,,,,,,,,,,,,,,,,0.013560790418656304,,,,,,,,,,,,,0.014045083649744243,,,,0.015223950734605375,,,,,,,,,,0.015193786576088116,,,0.017355371581947363,,,0.018540170657930514,,,,,,0.03461783307706549,,,,,,0.02592328540865269,,,,,,,,,,,,,0.020566799279980324,,,,,,,0.011346026561329518,,,,,,,,,,,,,0.01531767920066915,,,,,,,0.012172785787601522,,0.01283215376344987,0.01934923907044819,,,,,,,0.014593181843209447,,,,,,,,0.015606598451735117,,0.010924492583565107,,,,,,,,,,,0.016886939935597867,,0.01702239330089092,,,,,,,,,,,0.01741946379042691,,,,,,,0.0207818284625594,,,,,,0.01705616835671261,,,,,0.014555466860717006,,,,,0.022044823727880955,,,,,,,,,0.015909860916545625,,,,,,,0.01940936629453624,,,,0.016168423514477104,,,,,0.022440641979214908,,,,,0.021754578242786704,,,,0.02093258921441723,,,,,,0.023066374478209348,,,0.014759870151287722,,,,,0.021247839973986323,,,,,,,,,,,,,,,,,,,,,,,,,,,,,,,,,,,,0.005382902127191848,,0.021501030962498308,0.021085346537572033,,,,,,,,,,,,,,,,,,,,,,,,,,,,,,0.0201618095998895,,,,0.015320960602052963,,,,,,,,0.004704215574986909,,,,,,,,,,,,,0.01100890883360717,,0.007649315752596519,,,0.006782862175684939,,0.0062245942068417355,,,,,,,,,,,
2023-12-29,,,,,,,,,,,,,,,,,0.014368457586427023,,0.01020808880460195,,,,,,,,,,,,,,,,,,,,,,0.009114708951541341,,,,,,,,,,,,,,,,,,,,0.006799005409166104,,,,,,,,,,,,,,,,,,,,,,,,,,0.015331577936916784,,,,,,,,,,,,0.025053188094021503,,,,0.021577730251541097,,,,,,,,,,,,,,,,,,,,,,,,,,,,,,,,,,,,,,,,,,,,,,,,,,,,,,,,,,,,,,0.026653153384725917,,,,,,,,,,,,,,0.014525754111587305,0.015994601815028296,,,0.026497465038833053,,,0.01651260975867278,,,,,,,0.019999014047711153,,,0.020139071303351668,,,0.019282115862917688,,,,,,,,,,,,0.032715439671828536,,,,,,,,,,,,,0.029320173215521,,,,,0.018387136113345956,,0.02066064989974458,,,,,,,,,,,,,,,,,,,,0.01309480515878788,,0.027702491806224836,0.016707374433031295,,,,,0.018076165025935228,,0.01467619491978065,,,,,,,0.024920135060198464,0.02064405790439284,,0.017456972135828475,,,,,0.018536297921545302,,,,,,,,0.023690651616994348,,,,,0.022096686935920387,0.011891913966276042,,,,,,,,,,,,0.01720199627076323,,,,,,,,,,,0.017023807803361726,,,,0.013029001900747997,0.027585861949088967,,,,,,,,,0.023488312004612856,,,,,,,0.021315340831083884,,,,0.019520262926069176,,,,0.01943316034087127,,,,,,,,,,,,0.031697500029618686,,,,0.02159165076146169,,,,,,,,0.02149348837555531,,,,,,,,,,,,,,,,,,,,,,,,,,,,,,,,,,0.022375051143643635,,0.011513098964955405,,0.01851822044003967,,,,,,,,,,,,,,,,,,,,,,,,,,,,,,,0.008503074231623511,0.02369018195324413,,,0.016552585327312085,,,,,,,,0.00834703084138832,,0.00921068200367418,,,,0.011352167699595165,,,,,,,0.011920916565879566,,0.005520234010569434,,,0.0095891827110348,,0.0168935027714059,,,,,,,,,,,
2024-02-29,,,,,,,,,,,,,,,,,0.011365865710866788,,0.014343169960137438,,,,,,,,,,,,,,0.016031311922729694,0.02643266817002555,,,,,,,0.016568582954085313,,,,0.006329488493263,,,,,,,,,,,,,,0.01795727173101193,,0.0022462313732337655,,,,,,,,,,,,,,,,,,0.006938508824680283,,,,,,,,0.015468012175117368,,0.025413034757189753,,,,,,,,,,0.0210402084843115,,,,,,,,,,,,0.009157103788008731,,,0.013249615867374638,,,,,,,,,,,,,,,,,,,,,,,,,,,,,,,,,,0.01949820367199376,,0.03772996826023825,,0.029871394501464015,,,,,,,,,,,,,,,,,,,,,,,,,,,0.005698743330635676,0.0347398195943657,,,0.01153168316581705,,,0.013747382323873361,,,,,,,0.02680544044254416,,,,,,0.019480876337298347,,,,,0.02558920007962041,,,,,,,,,,,,,,,,,,,,0.015292758581725711,,,,,0.009784009984859359,,,,,,,,,,,,,,,,,,,,,,0.015274083253307575,,,0.014792750479961543,,,,,,,0.01613399075114513,0.015787379563520186,,,,,0.019643238902568406,0.020309854160019382,,,0.012070408500051324,,,,,0.018095684416304044,,,,,,,,,,,,,0.01918660633625834,,,,,,,,,,,,,0.005056280326896848,,,,,,0.017412819026359518,,,,,0.015482883158071633,,,0.023406096655105887,,0.019510538232756544,,,,,,,,,0.009475075719465001,,,,,,,,,,,,,,,,,,,,,,,,,0.01079220263696743,,0.020526390315650494,,,,0.027876609449828362,0.02273671953787115,,,,,,,,,,,,,0.015446595781596935,,,,,,,,,,,,,,,,,,,,,,,,,,,,,,,,0.01137553678802631,,,,,,,,,,,,,,,,,,,,,,,,,,,,,,,,0.007489264750992991,,,0.006653004196888005,,,,,,,,0.0032669591083892085,,,,,,0.008831622152411855,,,,,,,0.005467935650188734,,0.003773013241707193,,,0.0037639603318872375,,0.007832283075998002,,,,,,,,,,,
2024-03-29,,,,,,,,,,,,,,,,,0.015099673302041917,,0.014638753435989204,,,,,,,,,,,,,,0.02161376701730738,0.013431024648899786,,,,,,,0.011878016709825455,,,,,,,,,,,,,,,,0.018630827157103173,,,,0.003693794587425071,,,,,,,,,,,,,,,,,,0.014173463535759481,,,,,,,0.01446687453771435,0.016474018485412963,,0.03673827513445944,,,,,0.00539701218306144,,,,,0.022399077646057235,,,,0.024870467898155366,,,,,0.029066502493230895,,,0.017349075750127032,,,0.01904583856705759,,,,,0.020680529035205966,,,,,,,,,,,,,,,,,,,,,,,,,,,,,,,,,,,,,,,,,,,,,,,0.007196741184428673,,,,,,,,,,,,,0.007746445780866489,0.011220319271909893,,,0.015416797519714772,,,0.01700926207747919,,,,,,,,,,,,,,,,,,0.021701161637798585,,,,,,,,,,,,,,,,,,,,,,,,,,,0.027693148165847267,,,,,,,,,,,,,,,,,,,,0.014586064655915937,,0.035264294333066985,0.019002357276100536,,,,,0.01192613036971385,,,0.02437120036516027,,,,,,0.014277560140680465,,,0.014510032820859905,,,,,0.021152093294917268,,,,,,,,,,,,,0.018665404765459578,,,,,,0.019149590439625486,,,,,,,0.011842001800036568,0.028478272707452228,,,,,,,,,,0.01572047693693086,,,,,0.022338155587095076,,,,,,,,,0.015067755500726476,,,,,,,,,,,,,,,,,,,,,0.02400673995968738,,,,,,0.02079729251944046,,,,0.013154650901205918,,,,,,,,,,,,,,,,,,,,,,,,,,,,,,,,,,,,,,,,,,,,,,0.008730276517306838,,,,,,,,,,,,,,,,,,,,,,,,,,,,,,,,0.007128526100885265,,,0.01623807554562312,,,0.022919338597646728,,,,,0.0070841448662570675,,,,,,0.003140124490797881,,,,,,,0.010872523454551582,,0.004110856688540653,,0.006846131397789523,0.007999473324336002,,0.012502968087753601,0.043835000297428775,,,,,,,,,,
2024-04-30,,,,,,,,,,,,,,,,,0.01116755496919943,,,,0.03787163915614013,,,,,,,,,,,,0.015689760551686634,,,,,,,,0.010445596322010038,,,,,,,,,,,,0.011920578171386807,,,,0.017880769910834794,,,,0.0035066146864825253,,,,,,,,,,,,,,,,,,0.00978027028434599,0.022548710771124907,,,,,,0.008914254634513405,0.008442697463945934,,0.02899309417561131,,,,,0.01636349043651396,,,,,,,,,0.019689239675797162,,,,,,,,0.02727946643930453,,,0.013615572824916265,,,,,,,,,,,,,0.02061335391929544,,,,,,,,,,,,,,,,,,,,,,,,,0.013285158314146703,0.014509587575553151,,,,,,,,,,,,,0.009281466323297563,,,,,,,,,,,,,0.006348438629473983,0.030295355015309274,,,0.017541367300650198,,,0.013078365019416787,,,,,,,,,,,,,,,,,,,,,,,,,,,,,,,,,,,,,,,,,,,,,,,,,,,,,,,,,,,,,,,,,0.011365109882288393,0.015866891384793674,0.02964914091473931,0.012962421298142962,,,,,0.016548847865996252,,0.009917967346003344,0.022466903258449734,,,,,,0.011943781413566638,,,0.012514536134894757,,,,,0.012402321521378703,,,,,,,0.01914504824710952,,,,,,0.013602846926915149,,,,,,0.014336621943642045,,,,,,,0.008139512902967931,,,,,,0.026094626664019436,,,,,,,,,,,,,,,,,,0.0159640534916098,0.015791156918890076,,,,,,,,,,,,,,,,,,,,,0.027006292070815664,,,,,,0.01811524416860033,,,,0.007971260994078466,,,,,,,,,,,,,,,,,,,,,,,,,,,,,,,,,,,,,,,,,,,,,,0.006679137716614382,,,0.011831750710385407,,,,,,,,,,,,,,,,,,,,,,,,,,,,,0.01108308743895207,,,0.012927564092414122,,,,,,,,0.011177295749234904,,,,,,0.007285685716818445,,,,,,,0.01161795087685538,,0.004716756528508219,,0.008475289098501041,0.007255609609500978,,0.01144702964368387,,,,,,,,,,,
2025-01-31,,,,,,,,,,,,,,,,,0.007607336138934182,,,,,,0.011363695363942458,,0.015048041058794167,,,,,,,,,0.010267603857996733,,,,,,,,,,,,,,,0.013190553947002793,,,,,,,,0.021428698084747948,,,,,0.01635479904691659,0.00940449820970698,,,,,,,,0.009895118648063398,,,,,,,,,,,,,,,,0.008987184853641103,,,,,,,0.012852498786811455,,,,,,0.010019549668814442,,,,,,,,,,,,,,,,,,,,0.018017828937959383,,,,,,,,,,,,,,0.008555138846737826,,,,,,,,,,,,,,,,,,,,,,,,,,0.017336831351589827,,,,,,0.005376058424879501,,,,,,,,,,,,,0.004446509354135433,,,,0.00953407679382608,,,0.010557141196315154,,,,,,,,,,,,,,,,,,,,,,,,,,,,0.011655703637775301,0.013010052329455448,,,,,,,,,,,,,,,,0.011181005698160594,,,,0.008879794207776254,,,,,0.021728323851208986,,,,,,,,,,,,,0.024745146374328557,,,,,,0.018537511208209942,,,,,,,,,0.0056285054449962445,,,,,,,,0.012306305477200005,,,,,,,,0.0101158149933898,,,,,,0.006703848478824358,,,0.01313599812369276,,0.004890706374700083,,,0.02018882752691209,,,,,,0.007567673130362145,,,,,,0.02521442339466621,,,,,,,,,0.01341294128594367,,,,,,,,,,,,,,,0.015471984132385843,,,,,,,,,,,,,,,0.01209718779178326,,,,,,,,,0.012066632450922899,,,,,,,,,0.015740858406146477,,,,,,,,,,,0.012325024224104515,,,,,,,0.005005191725821632,,,,,,,,,0.004042710208831221,,,,,,,,0.010870545636893512,,0.002828280607345756,,,,,,,,,,,,,,,,,,,,,,,,,,,0.01264385786861661,,,,,,,,,0.013651634679722432,,,,,,,0.006291185230765841,,,,,,,,,,0.016045679174179837,,,0.0028203723278996907,,0.005855776621199289,,0.006275791946409126,0.006840710459016815,,,,,0.01677495524491467,0.037660868270304265,,,,,,,
2025-02-28,,,,,,,,,,,,,,,,,0.01092242121414197,,,,,,0.01808277287427235,,0.016491425319568112,,,,,,,,,0.018466233923130283,,,,,,,,,,,,,,,0.011436854747316672,,,,,,,,,,,,,0.015385974378883286,0.011822875885941603,,,,,0.02461326524454831,,,0.009795751176545839,,,,,,,,,,,,,,,,,,,,,,,0.011777020953187558,,,,,,0.012168001242379854,,0.011100335478937622,,,,,,,,,,,,,,,,,,0.025903944327330074,,,,,,,,,,,,,,0.009823050098982178,,,,,,,,,,,,,,,,,,,,,,,,,,0.01110843346547048,,,,,,0.009003497673468011,,,,,,,,,,,0.010268521206663956,,,,,,0.013160742997465941,,,0.011192629468141709,,,,,,,,,,,,,,,,,,,,,,,,,,,,0.004642493650583497,,,,,,,,,,,,,,,,,0.013465747949112662,,,,0.019517266202623212,,,,,0.013489633635590366,,,,,,,,,,,,,0.01281267148829792,,,,,,0.009276350628190348,,,,,,,,,0.007884654581846215,,,,,,,,,,,,,,,,,,,,,,0.007822060763044345,,,0.01702833960143524,,0.010407566018490168,,,0.02327302181261086,,,,,,0.010123702590104228,,,,,,0.0084709983403488,,,,,,,,,0.01765729762280024,,,,,,,,,0.02621792976939127,,,,,,0.0211473847586842,0.017988986982798768,,,,,,,,,,,,,,0.01589026287190772,,,,,,,,,0.020278710302991502,,,,,,,,,0.0081881327443723,,,,,,,,,,,,,,,,,0.013345774383723598,,,,,,,,,0.019189745250068457,0.008260227947637967,,,,,,,,,,0.006794283356436069,,,,,,,,,,,,,,,,,,,,,,,,,,,0.013681215455616347,,,,,,,,,0.016937679724577125,,,,,,,0.003777361996506057,,0.011993657758936632,,,,,,,,,,,0.008439188187215044,,,,0.005126721339487484,0.003748020428468886,,,,,0.021523179039900874,0.044979671508519115,0.018323245306099495,0.0165669585636834,0.016549731579850888,,,,
2025-06-30,,,,,,,,,,,,,,,,,0.007389548442004596,,,,,,0.00934483431196849,,,,,0.006362289369774598,,,,,,,,,,,,,,,,0.009168556289525556,,,,,,,,,,,,,,,,,,0.012164175213821925,,,,,,0.01189686196326076,,,0.0043852325132067846,,,,,,,,,,,,,,,,0.012196255745621205,,,,,,,,,,,,,0.01894783456988893,,0.005518365108316129,,,,,,,,,,,,,,,,,,,,,,,,,,,,,0.00822748066169429,,,0.008281829496210617,,,,0.014688897235466649,,,,0.009436168107483867,,,,,,,,,,,,,,,,,,0.013640037328050116,,,,,,0.006428964415358727,,,,,,0.018853474979487188,,,,,,,,,,,,,,,,,,,,,,,,,,,,,0.007398888898367972,,0.012354143463915175,,,,,,,0.012644542780926997,,,0.008740060834048699,0.010465536030987455,,,,,,,,,,0.004220297458626895,,,,,,,,,,,0.011976557448368888,,,,,0.009025395394725189,,,,,,,,,,,,,0.014902557007989214,,,,,,,,,,,,,,,0.007512129710450363,,,,,,,,,,,,,,,0.005662128749610857,,,,,,,0.0030546217515558705,,,,,,,,0.013286081037309078,,,,,,0.007768622164344427,,,,,,,,,0.011940452414292368,,,,,,0.01443695891949739,,,,,,,,,0.01168959452470456,,,,,,0.012343231882297424,,,,,,,,,0.013271138288954949,,,0.00757886144970924,,,,,,,,,,,,0.008933353543595954,,,,,,,,,,,,,,,,,,,,0.006757221295339407,,,,,,0.016131543889954362,,,,,0.01405558921030295,,,,,,,,,,,,,,,0.006423211144462319,,,,,,,,,,,,,,,,,,,,,,,,,,,0.010020359282432204,,,,,,,,,,,,,,,,0.0037572937491010885,,,,,,,,,,0.01720878913275615,,,0.006152147659219174,,,,0.0035573074242014244,0.0038376733378947757,,0.008331810933149011,,,0.010081169029379075,0.020253405030583153,0.010510455017397325,0.010750346825569978,,0.0076906564401624175,0.012987499174889663,,
2025-07-31,,,,,,,,,,,,,,,,,0.014197378666676901,,,,,,0.01335777189316317,,,,,0.015086720509685654,,,,,,,,,,,,,,,,0.022430886304551673,,,,,0.024286449901278487,,,,,,,,,,0.020830693925748545,,,0.020235944568042643,,,,,,0.017979344578843745,,,0.007375415948025165,,,,,,,,,,,,,,,,0.01518302443832741,,,,,,,,,,,,,,,0.01003038276086152,,,,,,,,,,,,,,,,,,,,,,,,,,,,,0.01587620900287566,,,,,,,,,,,0.01191169454388113,,,,,,,,,,,,,,,,,,0.011626760593537682,,,,,,0.01683364545383186,,,,,,,,,,,,,,,,,,,,,,,,,0.025749575754917303,,,,,,,,,,0.00877758059853231,,,,,,,,,,,,0.025375172441311728,0.009850016280820063,,,,,,,,,,,,,,,,,,,,,,,,,,0.014378797758015835,,,0.01295055499219233,,,,,,,,,,0.029347938761190077,,,,,,,,,,,,,,,0.012947657528086017,,,,,,,,,,,,,,,0.020789817728573506,,,,,,,,,,,,0.011684245880047567,,,0.020598613110823852,,,,,,0.01264569980215492,,,,,,,,,0.028472030511650356,,,,,,0.02821573377457784,,,,,,,,0.02849065806186866,0.03467614193166478,,,,0.017797195891287716,,0.019548017229770443,,,,,,,,,0.02697555792267324,,,,,,,,,,,,,,,0.023210538580207697,,,,,,,,,,,,,,,,,,,,0.015650516175680605,,,,,,0.026312535877706517,0.01672281326018198,,,,0.014418323390527408,,,,,,,,,,,,,,,0.009921750301894188,,,,,,,,,,,,,,,,,,,,,,,,,,,0.013253438333758423,,,,,0.015065317317191126,,,,0.02299058834218003,,,,,,,0.015041514394739679,,0.018524880679002757,,,,,,,,0.031309030537579816,,,0.013870384293172446,,0.012166243405901415,,0.009703231975700338,0.009702985558372927,,0.015886379184087925,,,,0.051893070280396136,,,,0.007806769765110745,0.01933724694401889,0.010699112353099113,
2025-08-29,,,,,,,,,,,,,,,,,0.01440400806023159,,,,,,0.024365403333509818,,,,,0.0148468881445499,,,,,,,,,,,0.0185138452551218,,,,,0.017320841221482513,,,,,,,,,0.022768165249430632,,,,,,,,,0.01267224060266868,,,,,,,,,0.010510636302540963,,,,,,,,,,,,,,,,0.020701724077112345,,0.017463253769447535,,,,,,,,,,,,,0.020135774394783673,,,,,,,,,,,,,,,,,,0.03698618222319783,,,,,,,,,,,0.008689514727484285,,,,,,,,,,,,,,,,,,0.02189011388202259,,,,,,,,,,,0.02349390756878319,,,,,,0.015034999705868987,0.017806743482760113,,,,,,,,,,,,,,,,,,,,,,,,,,,,,,,,,,0.019186230461147463,,,,,,,,,,,,0.01291110264932593,0.006531691629823009,,,,,,,,,,,,,,,,,,,,,0.02306365534497205,,,,,0.013837283335174779,,,,,,,,,,,,,0.0182667539341731,,,,,,,,,,,,,,,0.008424711409381528,,,,,,,,,,,,,,,0.018497002301427905,,,,,,,,,,,,0.02307555808263644,,,0.027966825720178046,,0.024205354727280668,,,,0.01530223857713009,,,,0.015581259167119645,,,,,0.013900680298350879,,,,,,0.030530844928068533,,,,,,,,0.030190086205299945,0.02876042066489124,,,,0.027887669588840775,,0.033067569418742775,,,,,,,,,,,,,,,,,,,,,,,,0.02092498749277238,,,,,,,,,,,,,,,,,,,,0.007000688881681518,,,,,,,0.025449279368772677,,,,0.023467868620487397,,,,,,,,,,,,,,,0.012772393531125309,,,,,,,,,,,,,,,,,,,,,,,,,,,0.023401329622727556,,,,,0.012574712781678345,,,,,,,,,,,0.00856674143669071,,0.013102213158702063,,,,,,,,0.02881272770662968,,,0.01594466127381593,0.01232857375859912,0.010032827090777071,,0.009094295657399434,0.007228773387491279,,0.012209578826221423,,,,,,,,0.015032263311577282,,0.024850164976533275,0.008414738671356338
2015-09-30,,,,,,,,,,,,,,,,,,0.004890342257937125,,,0.01387144393472972,,,,,,0.008189357533013666,,,,,,,,,,,0.005940744578834601,,,0.006602323858052177,,,,,0.003886830718226271,,,,,,,,,,,,,,,,,,,,,,,,,,,,,,,,,,0.013301743260870892,,0.013905504010528124,,,,,0.006456592321159128,0.01104733106247752,,,,,,,,,,0.023381880662046724,,,,,,,,,,,,,,0.012666528406108732,,,,,,,0.00784298561327659,,,,,,,,,,0.011076492605829436,,,,,,,,,,,,0.01674719165369344,0.010562608398421994,,,,,,,,,0.0068186552689864606,,0.009413483266470239,,,,,,,,,,,,,,,,,,,,,,,,,,,,0.011476820416613513,,,0.012843285543470685,,,,,,,,,,,,,,0.01404007793766894,,,,,,,,0.01198551735203981,,0.010929785299132898,,,,,,0.007610616616734707,0.014651263592395977,0.01997890293068251,,,,,,,,0.011134982457901142,,,,,,,,,,,,,,,,,0.012382608720362264,,,,,,,,,,,,,0.012282976377104283,,0.009129525024518099,,,,,0.011052982732636456,0.0077788026513834945,,,0.014490633348283318,,,,,,,,,,0.008729425535691355,,,,0.02034293737441817,,,,0.010864426719982605,,,,,,0.010738780400597683,,,,,0.014363887425626685,,,,,,,,,,0.009498350213403114,,,,,0.013671853484887241,,0.011809185410341417,,,,,,0.008249643209518633,,,,,,,,,,,,,,,,,,,,,,,,,,,0.010524952741795306,0.009158162439504021,0.006890626546826286,,,0.01810406864770681,,0.010049826538822273,0.01032303806573362,0.0148773521977835,0.00971671658202506,,,,,,,,,,,,,,,,,,,,,,,,,,,,,,,,,,,,,,,,,,,,,,,,,,,,,,,,,,,,,,,,,,,,,,,,,,,,,,,,,,,,,,,,,,,,,,,,,,,,,,,,,,,,,,,,,,,,,,,,,,,,
2018-04-30,,,,,,,,,,,,,,,,,,0.01594796129049207,,,,0.01708462298544283,0.013093274590478803,,,,,,,,,,,0.006664848777758817,,0.0040846864118587525,0.0052317030614182775,,,,,,0.004728589964107216,,,,,,0.010395106673421504,,,,,0.011969489674641808,,,,,,,,0.01196670371346672,,,,,,,0.010055243158661934,,,,,0.007626407334375302,,,,,0.010260831442007137,0.01603864021087447,,,,,,0.006398576076098796,0.006366309584724834,,,,,,,,,,,,,0.012979942326361597,,,,,,,,,,,,,0.016649275918568615,,,,,,0.012472550192033771,,,,,,,,0.015622100153001698,,,,,,,0.015236660585005382,,,,,0.007959304010582754,,,,0.009344200333645294,,,,,,,,,,0.013278925846155263,,,,,,,,,,,,,,0.00956609483815885,,,,,,,,,,,,0.007066241438772452,,,,,0.010754100783545599,,,,,,,,,,,,0.01697919404008389,,,,,,,,,,,,,,,,,,0.008229246697918207,,,,,,,,,,,,,,,,,,,0.010844403308693054,,,,,,,,,,,,,,,,,,,,,,,,0.021193483767839263,,,,0.0071193164868901425,,,,,,,0.0161666849062424,,,,,,,,,,,,,,,,,0.005528579799678787,,,,,,,,,,,0.008523606778989591,,,,,,,,0.008666620213587474,,,,,,,,,,,,0.015161347888471122,0.010691191848272167,,,,0.011492655633516221,,0.013298726776015094,,,,,,,,,,,,,,,,,,,0.014611529350670147,0.012765697640505972,0.01839012229258031,,0.00988470572592236,,,,,,0.007672702563859796,,,,,,,,,,,,,,,,,,,,,,,,,,,,,,,,,,,,0.00850732177251549,,,,,,0.005601690326376638,,,,0.004921973843150119,,,,,,0.009407782914809915,0.015059294131038709,0.006460076380655496,,,,0.012622829311511529,,,,,,,,,,,,,,,,,,,,,,,,,,,,,,,,,,,,,,,,,,,,,,,,,,,,,,,,,,,,,,,,,,,,
2018-05-31,,,,,,,,,,,,,,,,,,0.017360958084165507,,,,0.02557371219106542,0.027083928199500406,,,,,,,,,0.01873230288518975,,0.02322649732386227,,,0.018148847835866597,,,,,,,,,,,,0.005792004113455644,,,,,,,,,,,,,0.015161556560335791,,,,,,,0.01712815127301703,,,,,0.01656455524836893,,,,,,,,0.025301194168398076,,,,,0.01915598438732445,,,,0.019590867537858145,,,,,,,,,,,,,,,,,,,,,,0.01787856787894801,,,,,,,,,,,,,,0.024221611389401643,,,,,,,0.010530479937841706,,,,,0.018157102543320817,,,,0.014896147004660508,,,,0.011382797496197248,,,,0.023711389864148568,,0.018445565617815844,,,,,,,,,,,0.01408951928108155,,,0.022909098626144948,0.02148192227230252,,,,,,,,,,,0.014037077762483084,,,,,0.03886450532375442,,,,0.027079842298810303,,,,,,,0.018222877263461397,0.015690006359471438,,,,,,,,,,,,,,,,,0.007754438818834215,0.004663793039289321,,,,,,,,,,,,,,,0.018649569715327087,,,,,,,,,,,,,,,,,,,,,,0.016425749057996434,,,,,,,,,,,,,,,,,0.012298856019001788,,,,,,,,,,,,,,0.023869389061241093,,,0.01309801228936414,,,,0.018438110323526515,,,,,,,0.017828624013475926,,,,0.017702676983890928,,,,0.015532464888359259,,,,,,,,,,,,0.018907618816331684,0.019417060019525405,,,,,,,,,0.018052922207417155,,,,,,,,,,,,,,,,,,0.024819073051817547,,0.016342825246609714,,,,,,0.037229969749763614,,,,,,,,,,,,,,,,,,,,,,,,,,,,,,,,,,,,,,,,,,0.010151630499449999,,,,0.013093359918975552,,,,,0.014990072858454627,0.018371401945409916,0.023625775031381264,,,,,0.018388633816254014,,,,,,,,,,,,,,,,,,,,,,,,,,,,,,,,,,,,,,,,,,,,,,,,,,,,,,,,,,,,,,,,,,,,
2013-05-31,,,,,,,,,,,,,,,,,,,0.011191283972825006,,,,,,0.016051821014118207,,,,,0.016495190637676287,,,,,,,,,0.01755399368838082,,0.012407983979217,,0.012948386874865091,,,,,0.014329686035544189,,,,,,,,,,0.013803004388043102,,,,,0.011064718292274883,,,,,,,,,,,,0.018005119869102918,,,0.009292033730854226,,0.018487461441417725,,0.023674865220528515,,,,,0.009003350746827374,,,0.01440079919946099,,,,,,,,,,,,,,,,,,,,,,,,,,,,,,,,,,,,,,,0.028473008157019634,,,,0.016007578795051575,,0.016636242619019595,,,,,,,,,,,,,,0.01701263108368056,,,,,,,,,,0.01390462022755779,,,,,0.01465640561357893,0.017965641156059715,,,,,,0.014953811694701101,,0.015904011483780546,,,,,,,,0.01956680065781449,,,,,0.013103691497708628,,,,,,,,,,,,,,,,,,,,,,,,,,,,0.010338932150946542,,,,,,,,,,,,,,,0.014887289257461418,,,,0.024455792855740708,,,,,,,0.01188953720631522,,,,,,,,,,,0.013123469103178832,,,,0.018675759185785762,,,,,,0.011915168865550867,,,,,,,0.01844971771264628,,0.012995294903479,,,,,,0.008128959917598733,0.021635065628545332,0.022276773219246787,0.026563550921710283,,0.024403481552008388,,0.021024723091501506,0.02248632137509361,0.00588888034951917,0.026127741901475692,0.023280855446995045,0.016832660904422213,0.01593397503235892,0.0030802257456593977,,,,,,,,,,,,,,,,,,,,,,,,,,,,,,,,,,,,,,,,,,,,,,,,,,,,,,,,,,,,,,,,,,,,,,,,,,,,,,,,,,,,,,,,,,,,,,,,,,,,,,,,,,,,,,,,,,,,,,,,,,,,,,,,,,,,,,,,,,,,,,,,,,,,,,,,,,,,,,,,,,,,,,,,,,,,,,,,,,,,,,,,,,,,
2019-08-30,,,,,,,,,,,,,,,,,,,0.01016798084731224,,,0.006469780222252243,,,,,,,,,,,,,,,,,,,,,,,,,,,,,0.011784103729386344,,0.013812059995260006,,,0.0032256236600689916,,,,,,,,,,,,,,,,,,,,,,,,,,,,,,,,,,,,,,,,,,0.030494748823775238,0.0067665827327325215,,,,,,0.015019301131377248,,,,,,0.009577958118032675,,,,,,0.016734425289053258,,,,,,,,,,,,,,,,,,,,,,,,,,,,,0.01192330778886135,,0.019359040677541905,,,,,,0.020957542327032744,,,,,,,,,,,,0.009815075997833194,0.013103257246793936,,,,,,0.01644976890000181,,,,,0.008867469396560803,,,,,,,,,,,,0.012459932120096509,,,0.022801097566287565,,,,,,,,,0.01823952326267398,,,,,,,,0.015669464571877977,0.01543185026015345,,,,0.008479315085887363,,0.018233066278274805,,,,,,,,,,,,,,,,0.0215765387718344,,0.014896111105644996,,,0.013561318231744961,,,,,0.013208196407461627,,,,,,,,,,,,,,,,,,,,,,,,,,,,,0.019438170477979702,,,0.008926348550197834,,,,,,,,,,,,,,,,,,,,,0.011443863024328522,,,,,,,,,,,,,0.011963030476665366,,0.012299793900327318,,,0.014932102148449797,0.017341314089387643,,,,,0.013061355926307017,,,,0.024777871048977017,,,,,,,,,,0.026927032738266972,0.016411225472154553,,,,0.01669759529488653,,,0.009759443265358285,,,,0.009229448533600781,,,,,,,,,,,,,,,0.013515808426264759,,0.02193688438325522,,,,,,,,,,,,,,,,,,,0.015233956509750296,,,,,,,,,,,,,,,,,,,,0.006608091220844014,,,,,,,,,,,,,0.005507315732585314,,,0.017865938152322312,,0.015149207377927536,,0.009349150185579858,,,0.014102506006369487,,0.021426486459099663,0.008779616211713701,,,,,,,,,,,,,,,,,,,,,,,,,,,,,,,,,,,,,,,,,,,,,,,,,,
2019-09-30,,,,,,,,,,,,,,,,,,,0.010141037672248537,,,,,,,,,,,,,,,,,,,,,,,,,,,,,,,,0.0187444398552796,0.008544034213718455,,,,,,,,,,0.006059534314327878,,,,,,,,,,,,,,,,,,,,,,,,,,,,,,,,,,,,0.015432426536300019,0.014358907160486798,,,0.01169722174086582,,,0.012439981616404267,,,,,,0.0092994528853222,,,,,,0.00979700056811548,,,,0.023521125059303268,,,,,,,,,,,,,,,,,,,,,,,,,,0.01595887851692716,,,,,,,0.018706961000064817,,,,,,,,,,,,,0.009182637501258386,,,0.01321336381619528,,,0.008399372239847599,,,,,0.011781436415431532,,,,,,,,,,,,0.016749552632149674,,,,,,0.011307159249113581,,,,,,0.01470601843215489,,,,,,,,0.02906495050721455,,,,,0.006930054580514243,,0.014994998164498015,,0.010388556585258732,,,,,,,0.015796854961839208,,,,,,,0.009186039699260701,,0.028286787719292453,,,0.02313532989963354,,,,,,,,,,,,,0.02125123213323586,,,,,,,,,,,,,,,,,,,,,0.015350392715350365,,,,,,,,,,,,,,,,,,,,,,,,,,,,,,,,,,,,,,,0.01388297292985585,,,0.01019523534233684,,,,,0.02689030431785143,,,,,0.009786461096099708,,,,,,,,,,0.014448993179465424,0.012255091143729746,,,,0.01654926680286141,,,0.015952663025289943,,0.00875285413170271,,0.006419827592942571,,,,,,,,,,,,,,,0.010278123238365121,,,0.014935936920233754,,0.01785312694311249,,,,,0.010824451476440795,,,,,,,,,,,0.017722826552962104,,,,,,,,,,,,,,,,,,,0.011944134616095043,0.006651131734721437,,,,,,,,,,,,,0.012389051157898108,,,0.020576495032390646,,0.01206237455704382,,0.0107850960356184,,,0.013234059474410283,,,,0.009748413858700246,,,,,,,,,,,,,,,,,,,,,,,,,,,,,,,,,,,,,,,,,,,,,,,,,
2019-10-31,,,,,,,,,,,,,,,,,,,0.01245173803935912,,,0.01098821385637223,,,,,,,,,,,,,,,,,,,0.01110073553946129,,,,0.010096865229116656,,,,,,0.016038950236332283,,0.015398067514946628,,,,,0.015409967729064184,,,,0.012328688927748797,,,,,,,,,,,,,,,,,,,,,,,,,,,,,,,,,,,,0.022519273184538644,0.01530103570855279,,,,,,0.011134608729849822,,,,,,,,,,,,0.010999393647227053,,,,0.015921123341264436,,,,,,,,,,,,,,,,,,,,,,,,,,0.02179418194758439,0.02186438981404616,,,,,,,,,,,,,,,,,,,0.012585097101080314,,,,,,0.007196431803747515,,,,,,,,,,,0.011091573504373698,,,,,,,,,,,,0.02145037808733182,,,,,,,,,,,,,,0.009912659682951347,,,,,0.010106045195826524,,0.023668416746400956,,0.017358656164612987,,,,,0.02522251752634504,,,,,0.013109964659912295,,,,0.015003106021241884,,0.029220535603256468,,,0.014143047980294369,,,,,,,,,,,,,0.012701592412229621,,,,,0.014958042371441285,,,,,,0.025837381137133394,,,,,,,0.019498597840280785,,,0.015393230785872505,,,0.007849338080411708,,,,,,,,,,,,,,,,,,,,,,,,,,,,,,0.014489743976188388,,,,0.012158586922841363,,,,,0.010977408791530769,,,,,0.01991655093611672,,,,,0.01430085591361127,,,,,,,,,,,,,,,,0.0053997279660418125,,0.01595058057506652,,0.011235085692572928,,0.006611700892681105,,,,,,,,0.023802090577147036,,,,,,,,,,0.007842423609345178,,0.014572642469757487,,,,,0.013065428515170103,,,,,,,,,,,0.02120493719162151,,,,,,,,,,,,,,,,,,,0.009500477819435223,0.0051652990339832,,,,,,,,,,,,,0.008689045337811738,,,0.0157560567332013,,,,,,,0.01742971453050827,,,,,,,,,,,,,,,,,,,,,,,,,,,,,,,,,,,,,,,,,,,,,,,,,,,,,
2022-06-30,,,,,,,,,,,,,,,,,,,0.0047979180429311525,,,,,,,,,,,,,,0.005389660521561955,,,,,,,,0.005022353205384369,,,,,,,,0.008420535429416077,,,,0.005972614972798671,,,0.007181739329487492,,,,,0.004599829496600543,,,,,,,,,,,,,,,,,,,,,,,,,,,0.01176159179926353,0.011264938554950086,,,,0.005198205378698003,,,,,,,,,,,,,0.00862467078274937,,0.006479903283673286,,,,,,,,,,,,,0.009937548113486546,,,,,,0.009008838875282013,,,,0.00519212981739529,,,,,,,,,,,0.005350580354520627,0.004969344302617413,,,,,,,,,,,,,,,0.006566397293869827,0.008275417599959336,,,0.0071772905774100575,,,,0.00867016277360454,,,,,,,,,,,,,,,,,0.00789210607252831,,,,,,,,,,,,,,,,,,,,,,,,,,,0.010468025645694577,,0.01000359266846722,,,,0.010971912593557644,,,,,0.010035970451487176,,,,,,,,,0.004509225683901547,,,,,,,,,,,0.011511001350084505,,,,,,,,,,,,,,,,,,,,,,,,,,,,,,0.008383965209179868,,,0.010643333791612277,,,,,,,,,0.007494284690036798,,,,,,,,,,,,,,,,0.007182259724719111,,,,,,0.008432302237956336,0.00998456866872351,,0.012415013614885726,,,,,,,,,0.007368944961551625,,,,,,0.006626128595820031,,,,,,0.010199235612890208,0.009020511625152999,0.009409184462023688,,,,,,,,,,0.007463909458953496,,,,,,,,,,,,,,,,,,,,,,0.010904427078827295,,,,,0.005331045784853584,,,,,,,,,0.008163388961223279,,,,,,,,0.00548449581090185,,0.004426689161569242,,,,,0.006260674800546687,,,,0.004309768400083875,,,,,,,0.010934240532954529,0.006556630108954839,,0.004773071104292691,,,,,,,,,,,,,,0.012874234886249517,,,,,,,,,,0.007755069302840098,,,,,,,,,,,,,,,,,,,,,0.007920288319852828,,,,,,,,,,,,,,,,,,,,,,,,,,,
2013-07-31,,,,,,,,,,,,,,,,,,,,,0.024675639534574773,,0.023694416503414566,,,,,,,0.018664414928281726,,,,,,,,0.010369616522975359,0.012123434588301361,,0.008423765165139584,0.018194367696861443,0.008622321338841188,,,,,,,,,0.030313038857330922,,,,,,,,0.019304826903535056,,,0.012087023824134456,,,,,,,,0.008639336019226122,,,,,,,0.010143978728788434,,0.025141207653349228,,0.024604743280178053,,,,0.008865306363713294,0.009595016625941612,,,0.014291936455172294,,,,,,,,,,,,,,,,,,,,,,,,,,,,,,,,,,,,,,,,,,,,,0.013780696747955642,,,,,,,,,,,,,,0.021607975987592273,,,,,,,,,,,,,,,0.02055518172388665,,,0.006182540504610837,,,,,,0.015268869117080914,,,,,,,,0.01690586059976703,,,,,,0.01283691732021049,,,,,,,,,,,,0.030478871070355316,,,,,,,,,0.011098480318680567,,,,,,0.021184937741139956,,,,,,,,,,,,,,,0.022046729921871344,,,,,,,,0.02725469217436208,,,0.017974896150065738,,,,,,,,,,,,,,,,,,,,,,,,,,,,0.016459430645101643,,,,,,,0.01623654645002033,0.012601366043174024,0.037578751193577106,,0.031830453953336356,,,,0.029045174483183542,0.02674772957599306,0.011195388168345236,,,,0.011646317377375303,0.005417032211500208,,0.020144276032110997,0.016646819964436965,0.02562622964683459,0.018896295481639555,0.013405096818532428,0.013049121417638419,0.007829823691128045,,,,,,,,,,,,,,,,,,,,,,,,,,,,,,,,,,,,,,,,,,,,,,,,,,,,,,,,,,,,,,,,,,,,,,,,,,,,,,,,,,,,,,,,,,,,,,,,,,,,,,,,,,,,,,,,,,,,,,,,,,,,,,,,,,,,,,,,,,,,,,,,,,,,,,,,,,,,,,,,,,,,,,,,,,,,,,,,,,,,
2013-08-30,,,,,,,,,,,,,,,,,,,,,0.025919135675901275,,0.016424439947687424,,,,,,,0.022344132932495347,,,,,,,,0.0046776797215237085,,,,0.01616032172398558,0.00835008232934387,,,,,,,,,0.010431302324727632,,,,,,,,0.02520208794298416,,,0.008403451295216543,,,,,,,,0.008514324940701886,,,,0.022095294527049676,,,0.011935076574831163,,0.024604874857050037,,0.017045539830175566,,,,0.01383361572932774,0.011347204552313962,,,0.017865605414011353,,,,,,,,,,,,,,,,,,,,,,,,,,,,,,,,,,,,,,,,,,,,,0.024643125185297418,,,,,,,,,,,,,,,,,,,,0.024831305705482254,,,,,,,,,0.019248628268460653,0.013665208039707196,,0.019363200994621372,,,,,,0.018240135081780337,,,,,,,,0.02111341645841182,,,,,,0.01736847946222996,,,,,,,,,,,,0.013108196401573317,,0.019870755740411195,,,,,,,0.014917389257118397,,,,,,0.007552327931996393,,,,,,,,,,,,,,,0.013416224406532683,,,,,,,,0.02717229637381245,,,0.0163282293864632,,,,,,,,,,,,,,,,,0.03221313915612768,0.022625473954134934,,,,,,,,,,,,,,,,,0.009435973091132251,0.016582940479981583,,,0.027342362352912482,,,,0.023742958854007762,0.018764418437807164,0.006642546984592725,,,,,0.005607796888605112,,0.016747464607746246,0.017871823644998272,0.018196136051320998,,0.010781506049410108,0.00671214417290388,0.016483312045339444,0.007529759981858654,,,,,,,,,,,,,,,,,,,,,,,,,,,,,,,,,,,,,,,,,,,,,,,,,,,,,,,,,,,,,,,,,,,,,,,,,,,,,,,,,,,,,,,,,,,,,,,,,,,,,,,,,,,,,,,,,,,,,,,,,,,,,,,,,,,,,,,,,,,,,,,,,,,,,,,,,,,,,,,,,,,,,,,,,,,,,,,,,,,
2013-09-30,,,,,,,,,,,,,,,,,,,,,0.018644243818358712,,,,,,,,,0.030865492346223485,,,,,,,,0.010087486382824295,0.019650529984090753,,,,0.0140988979957876,,,0.012929614891116508,,,,,,0.024920408877907998,,,,,,,,0.021877830898226727,,,0.01065966412730249,,,,,,,,,,,0.022279848237012727,,,,0.010152886878573998,,0.02450109049823168,,0.018645396465285232,,,,0.01555789954287078,0.012107250696661877,,,,,,,,,,,,,,,,,,,,,,,,,,,,,,,,,,,,,,,,,,0.03239217765158403,,,,,0.028380720730492817,0.028138604358548966,,,,,,,,,,,,,,,,,,,,0.03188724475650541,,,,,,,,,0.029086479139052296,,,0.021707033039598814,,,,,,0.02262585667346638,,,,,,,,0.021922437809988368,,,,,,0.01536386464216674,,,,,,,,,,,,0.03153150067181107,,,,,,,,,0.015531594392609508,,,0.027612933003778296,,,0.010968481191194894,,,,,,,,,,,,,,,0.02336535403721173,0.028886198009689106,,,0.030404245245809442,,,,0.025262001532536837,,,0.02221138692757193,,,,,,,,,,,,,,,,,0.020897713056042738,0.03166664198123218,,,,,,,,,,0.02132008520760928,,,,,0.03183043507189399,,0.015280377994921128,0.014755232910191684,,,,,,,0.027269864642101103,0.009632167111472254,0.012519890744014122,,0.015684597321768013,,,0.011888595233351437,,0.025579816875475773,,,,,0.019954281797173883,0.013762715662122829,,0.013700928936538053,,,,,,,,,,,,,,,,,,,,,,,,,,,,,,,,,,,,,,,,,,,,,,,,,,,,,,,,,,,,,,,,,,,,,,,,,,,,,,,,,,,,,,,,,,,,,,,,,,,,,,,,,,,,,,,,,,,,,,,,,,,,,,,,,,,,,,,,,,,,,,,,,,,,,,,,,,,,,,,,,,,,,,,,,,,,,,,,,,
2022-08-31,,,,,,,,,,,,,,,,,,,,,0.02006489465228337,,,,,,,,,,,,,,,,,,,,0.009775583733841898,0.010042678427854269,,,,,,,0.02004616214990502,,,,0.014040412796971121,,,,,,,,0.005722991807225924,,,,,,,,,,,,,,,,,,,,,,,,,,,0.008383418469868821,,,,,,,,,,,,,,,,,,0.018858224048930426,,,,,0.020879871392820104,0.019488521495064748,,,,,,,,,,,,,,,0.019571582662703056,,,,0.008078840564054448,,0.022231788662436986,,,,0.020483360067669786,,,,,,0.008946486480324955,,,,,,,0.02111427493255535,0.01319195652251794,,,,,0.013574482076146298,,0.016672710517794266,0.015337229368422,,,,,,,,,0.024745678699377074,,,,,,,,,,0.01713343562643462,,,,,0.01121154492247001,,,,,,,,,,,,0.018253373523058718,,,,,,0.00814124321370065,,,,,,,,,0.017516303790373736,,,,,,0.0329312244330289,,,,,,,,,,,,,,,,,,,,,,,,,0.025650556478369817,,,,,,,,,,,,,,,,,,,,,,,,,,0.011846862723618711,,,,,0.026235496000412802,,,,,,,,,,,,,,,,,,0.009131085732115256,,,,,,,,,0.007332592452002342,,,,,,0.022702502093195156,0.028178872455342407,,0.01615736962109846,,,,,,,,,,,,,,,,,,,,,,0.02064198345585458,0.01823855761763286,,,,,,,,,,0.015126000998566418,,,,,,,,,,,,,,,,,,,,,,,0.008535128071954837,,,,0.0063739625468006616,,,,,,0.0269390093031003,,,,,,,,,,,0.013582770100560934,,,,,,,,,0.011513246318430993,,0.008178316657126044,,,,,,,,0.012602031935526663,,0.00582483848952081,,,,,,0.02336485703906556,,0.020272135303096725,,,,,,0.01922237331351551,,,,,,,,,0.017890642796317188,,0.01695400228420298,,,,,,,,,,,,,,,,,,,,,,,,0.030196406222317142,0.024173904817086957,0.01560306656677877,,,,,,,,,,,,,,,,,,,,,
2022-09-30,,,,,,,,,,,,,,,,,,,,,0.0116173311902402,,,,,,,,,,,,,,,,,,,,,0.003918493750271545,,,,,,,0.010051744514842004,,,,0.004534262450731907,,,0.007187204924804955,,,,,0.004184305890897688,,,,,,0.007872953306491811,,,,,,,,,,,,,,,0.009348170226399477,,,,,,0.006975264094662985,,,,,,,,,,,,,,,,,,0.008034825777909921,,,,,0.011088755382578657,,,,,,,,,,0.00636206793446738,,,,,,0.008193807901499603,,,,0.0038236864528283445,,0.007611261885890769,,,,0.010135628483559131,,,,,,0.003758938313102313,,,,,,,,0.006189523773091661,,,,,0.011055071703751305,,0.006158186480773491,,,,,,,,,,0.010081781044579281,,,,,,,,,,0.007957525593117788,,,,,0.004013468185416993,,,,,,,,,,,,0.00915433593093534,,,,,,0.003526668234186976,,,,,,,,0.00914387632027666,0.008198537617408491,,,,,,0.007822998944062761,,,,,,,,,,,,,,,,,,,,,0.0069824343470122445,,,,0.008560598843729535,,,,,,,,,,,,,,,,,0.011367377607894876,,,,,,,,,0.006648151664100914,,,,,0.01105732891980893,,,,,,,,,,,,,0.00546788323080149,,,,,,,,,,,,,,,,,,,,0.00792618058791064,0.011507336585539017,,0.009109381329758255,,,,,0.007712931040815433,,,,0.0072004899652600325,,,,,,,,,,,,,,,,,,,,,,,,0.00790466438979901,,,,,,,,,,,,,,,,,,,,,,0.012382429099689816,,,,,0.0057146055787591155,,,,,,,,,,,,,,,,,0.006200822245738335,,,,,,,,,0.006022845781909189,,0.0037283157435436466,,,,,,,,0.006708170218901399,,0.004665968456764113,,,,,,0.00810437352769216,,0.009335108771772307,,,,,,0.007851785101509308,,,,,,,,,0.008310452987240518,,,,,,,,,,,,,,,,,,,,,,,,,,0.007618746156478135,0.008527012288005571,0.008038722517735701,,,,,,,,,,,,,,,,,,,,,
2022-10-31,,,,,,,,,,,,,,,,,,,,,0.014978177603140155,,,,,,,,,,,,0.01457574804606392,,,,,,,,,,,,,,,,0.020559832503293976,,,,,,,0.012356401571688328,,,,,0.005250443084667643,,,0.004756823442375494,,,0.008892749454272306,,,,,,,,,,,,,,,,,,,,,,,,,,,,,,,,,,,,,,,0.00619578717676004,,,,,0.011061656665352278,,,,,,,,,,0.006637770420519239,,,,,,0.010179812487956418,,,,0.006114977065063164,,0.0104149110886625,,,,,0.011987722038758822,,,,,0.006832856737956704,,,,,0.010517980770278133,,,,,,,,0.01689796550695643,,0.010476785286370553,,,,,0.007974523863879535,,,,,,,,,,,,,,,,,,,,0.010185186673102637,,,,,,,,,,,,0.008920958959702279,,,,,,0.005713796761397914,,0.011024682877541301,,,,,,0.011404066222281007,0.010519211699593058,,,,,0.007735162909945029,0.011636934262442382,,0.016215000817475417,,,,,,,,,,,,,,,,,,,0.011326435543826705,,,,0.013123517978028788,,,,,,,,,,,,,,,,,0.011784786047897592,,,,,,,,,0.007034280211375325,,,,0.015424606560158963,0.01814519564409014,,,,,,,,,,,,,0.006270687756209283,,,,,,,,,,,,,,,,,,,,0.008336314300107193,0.008677474398009255,,0.015265853079419883,,,,,0.012182108807083194,,,,,,,,,,,,,,,,0.012411662990684996,,,,,,,,,,,,,,,,,,,,,,,,,,,,,,,,,,,,,,0.011220999985022333,0.008910169297312349,,,,,,,,,,,,,,,,,0.008420035199408055,,,,,,,,,0.006072895799732207,,0.008331262571922186,,,,,,,,,0.013521418695176254,0.0050890313546719905,,,,,,0.011220973784132686,,,,,,,,0.012052478069068019,,,,,,,,,,,0.010427785827879142,,,,,,,,,,,,,,,,,,,,,,,,0.01689275206819319,0.012553943631051105,0.009683060973421236,0.011838565720286012,,,,,,,,,,,,,,,,,,,,
2022-11-30,,,,,,,,,,,,,,,,,,,,,0.012991733051672803,,,,,,,0.011541009739900172,,,,,0.007943809550616927,,,,,,,,,,,,,,,,0.016083102710289596,,,,,,,0.013061058932055173,,,,,0.005555490772674925,,,,,,0.012525328033461451,,,,,,,,,,,,,,,,,,,,,,,,,,,,,,,,,,,,,,,,,,,,0.010247538529379607,,,,,,,,,,0.019526194265620495,,,,,,0.017983827755645276,,,,0.00661156335935738,,0.020013793390121323,,,,,0.018004573261828364,,,,,0.007046131371915705,,,,,,,,,,,,,0.00996846575561117,,0.018632526117169857,,,,,0.012338728712395115,,,,0.01319456807636601,,,,,,,,,,,,,,,,0.011340575590324099,,,,,,,,,,,,,,,0.01451198569948833,,,0.00654796695616744,,0.020090349993858326,,,,,,,0.014249243732002937,,,,,0.00320592493550943,,,0.01905233666241886,,,0.02424938359455339,,,,,,,,,,,,,,,,0.014026678816712938,,,,0.018590829201086817,,,,,,,,,,,,,,,,,0.010976690882272525,,,,,,,,,0.020125531130667042,0.009855933014657774,,,0.015278561622419654,0.015654225090047137,,0.02693686589218911,,,,,,,,,,,0.0077968499977074555,,,,,,,,,,,,,,,,,,,,0.010531180417392868,0.015577451076659551,,0.012980111564994038,,,,,0.013104271223349766,,,,,,,,,,,,,0.009349689821887726,,,0.018802219841698057,,,,,,,,,0.014212862294452054,,,,,,,,,,,,,,,,,,,,,,0.027033330194479427,,,,,,,0.007730745309998223,0.007057179409889849,,,,,,,,,,,,,,,,,0.010119515179277604,,,,,,,,,,,0.005905880909817508,0.010497865982779703,,,,,,,,0.015642416370439165,,,,,,,0.01726663840848506,,,,,,,,0.0184814340752513,,,,,,,,,,,0.011842919599519771,,,,,,,,,,,,,,,,,,,,,,,,0.019335961019178366,0.01838065429641495,,,,,,,,,,,,,,,,,,,,,,
2017-11-30,,,,,,,,,,,,,,,,,,,,,,0.031211996264930198,,,,,,,,,,0.023791243996779354,,0.0282562333850687,0.013887519832148875,,0.01675470675084583,,,,0.01170739060991267,,0.009316559877025836,,,,,,,,,0.03553355749201211,,,,,,,,,,0.005535214760518149,,,,,,,,,,,,0.029917757605573827,,,,,,0.02769520129311869,,,,,,0.018789401296946985,,,,,,,0.012955994120483084,,,,,,,,,,,,,,,,,,,,,,,,,,,,,,,,,,0.04337336597317196,,,,,,,0.029892741564072532,,,,,,,,,,,0.02777161001893133,0.020035021312539737,,,,,,,0.024936337167315036,,,,,,,,,,,,,,0.02929387532440139,,,,,,,,,,,,0.01109711795384988,,,,,,,,,,,,0.009043806213686353,,,,,,,,0.023213868582516818,,,,,0.02652656163189754,,,,,,,,,,,,,,,,,,,,,,,,,,,,,0.014325938071717116,,,,,,,,,,,,,,,,,,0.03421150187056118,,,,,0.028335045884305576,0.02616966441528169,,,,0.023244430612957615,,,,,,0.01784072725941354,0.0123170031178954,,,,,,,,0.014358401831166566,,,,,,,,,0.014580608582785815,,,,,0.011071284403425703,,0.01478016171932685,,0.02405686503308729,,,,,,,,,,0.02900750384157844,,,,,0.016059609639064564,,,,,,,,,,,,,,,0.016208708020983103,,,,,,,,,,,,,,,,0.010393481666613079,,,,0.014927255541925857,,0.01355381444561493,,,,,,,,,,,,,,,,,,,,,,,,,0.023890215250511306,,,,,,,,,,,,,,,,,0.01130980681901816,,,,,,0.007068150395048622,0.01392476108502152,,,0.005250320505540663,,,0.015981946288913796,0.00668264696085343,,0.017912617876757436,0.028468593898426504,0.014760848201669776,0.008771003732787521,,,,,,,,,,,,,,,,,,,,,,,,,,,,,,,,,,,,,,,,,,,,,,,,,,,,,,,,,,,,,,,,,,,,,,,
2017-12-29,,,,,,,,,,,,,,,,,,,,,,0.026588193368459745,,,,,,,,,,0.018980824148567797,,0.010607529790212445,,,0.006608666148984894,,,,0.015018938529665623,,0.008507210850795062,,,,,,,,,,,,,,,,,,,0.01758373469506816,,,,,,,0.020744155824791017,,,,,0.019458459800728464,,,,,,0.03216514378161251,,,,,,,,,,,,,0.018507024989731065,,,,,,,,,,,,,,,,,,,,,,,,,,,,,,,,,,,,,,,,,0.01601854522801681,,,,,,,,,,,0.03973008364837096,,,,,,0.010813244453957923,,0.018780398183374944,,,,,,,,,,,,0.03555895778581897,,0.02003515971850521,,0.025240376231869175,,,,,,,,,0.020771426635573645,0.010814002072538166,,,,,,,,0.014455350582590211,,,,0.010029240120011556,,,,,0.03723297574803952,,,0.034098622253773254,,,,,0.0206539401303078,,,,,,,,,,,,,,,,,,,,,,,,,,,,,0.015739538126062165,,,,,,,,,,,,,,,,,,0.017645236775509617,,0.037068268302945066,,,0.025277086904620535,0.02696582119006497,,,,,,,,,,0.01346092953040528,0.012742559465056933,,,,,,,,0.014578001425337017,,,,,,0.011495321767983442,,,0.006853699984261313,,,,,,,,,0.02132106955591117,,,,,,,,,,0.018647651976907882,,,,,,,,,,,,,,,,,,,0.022825230736832982,0.01935657071898472,,,,,,,0.019899211730949714,,,,,,,,,0.012450275422275461,,,,0.03105864571433848,,0.012984123514497486,,,,,,,,,,,,,,,,,,,,,,,,,0.021624080062779487,,,,,,,,,,,,,,,,,0.01311436138775026,,,,,,0.008449062010424079,0.01041412372751469,,,0.009687227644180247,,,,0.00686612900191355,,,0.021352181919248685,,,0.034091068405507664,0.025030318276372247,,,,,,,,,,,,,,,,,,,,,,,,,,,,,,,,,,,,,,,,,,,,,,,,,,,,,,,,,,,,,,,,,,,,,
2018-01-31,,,,,,,,,,,,,,,,,,,,,,0.024738104019858587,0.0262265843404725,,,,,,,,,0.02254815212815336,,0.013250593591825226,,,0.013104381633940133,,,,0.014639944626501472,,0.010328435113655436,,,,,,0.022348632239283277,,,,,,,,,,,,,0.008018965511314652,,,,,,,0.006584165370065011,,,,,0.01304498703679681,,,,,,0.025475213487883865,,,,,,,,,,,,0.01490839616053478,0.011012706478694694,,,,,,,,,,,,,,,,,,,,0.024672123925855414,,,,,0.026214406869166245,,,,,,,,,,,,,,,,0.00886211311287735,,,,,0.02931453093145439,,,,,,,,,,,,0.020415291539486322,,0.02203417422822971,0.02024692122895912,,,,,,,,,,,,,0.019514585243090028,,,,,,,,,,,0.01986410765664739,0.014555434764838797,,,,,,,,,,,,0.013777723322790017,,,,,0.027219312678516988,,,0.028123288076544135,,,,,0.02656462919071707,,,,,,,,,,,,,,,,,,,,,,,,,,,,,0.020377272821080428,,,,,,,,,,,,,,,,,,,,,,,0.01358516625910339,0.021834719038766704,,,,0.021958429282849818,,,,,,0.02404623149001088,0.01964785036657359,,,,,,,0.029701994978612343,0.019358938410803928,,,,,,,,,0.01012567837503781,,,,,,,,,0.02026779997178808,,,0.015034619091392962,,,,,,,0.021147868353081457,,,,,,,,,,,,,,,,,,,0.02710203895359758,,,,,,,,,,,,,,,,,0.010269168894701605,,,,0.0279527330554195,,0.01606206478119386,,,,,,,,,,,,,,,,,,,,,,,,,0.012589478251753878,,,,,,,,,,,,,,,,,0.022293074601352058,,,,,,0.013090558856815905,,,,0.008960776454277569,,,,,0.007669154484380127,,0.026864725336521747,,,0.027818587718568467,,0.016975017130327816,,,,,,,,,,,,,,,,,,,,,,,,,,,,,,,,,,,,,,,,,,,,,,,,,,,,,,,,,,,,,,,,,,,,
2016-05-31,,,,,,,,,,,,,,,,,,,,,,,,,,,,,,,,,,0.02176009458935674,,,,,,,,,,,0.009369920223233028,,,,,,,0.020866670881339,,,,0.009461427043218151,,0.017129468289406674,,,,,,,,,,,,,,,,,,,,,,0.016974545259506632,,,,,,,,,,,,,,,,,,,,,,0.006776140664931575,0.02524698907570785,,0.01629287171087866,,,,,,,,,,,,,,,,,,,,,,0.025578089629921058,,,,,,,,,,,,,,,,,,,,,,,,,,,0.025023770357238947,0.009971825443830143,0.02196037624497797,,,,,,,,,,,,,,0.01702444663615711,,0.01995953316768341,,,,,,,0.006456919596250019,,0.01361847018520927,,,,,,,,,,,,,,,0.009761843385414274,,,,,,,,,,,,,,,,,,,0.01255550252002705,,,,,,,,,0.019868851805169743,,,,0.02123867725150945,,,,,,,,,,0.02485637035288645,,,,,,,0.021018122709583673,,,,0.021493006451407327,0.02205680454992694,,,,0.02444954648848801,,,,,,,,0.015081058953270892,,,,,,,0.017058415085447042,,,,,,,,,,0.02169787421012703,,,,,,,,,,0.021646113588898987,,,,,0.020046975115822013,,,,0.02873490426702008,,,,0.026277827758723844,0.012682431458358427,,0.023041042009692668,0.02648460573018211,,,0.024389036790448886,,0.01941692634439999,0.0191531609719377,,,,,,0.023160759359393452,,,,,,,,,0.018092717373011095,,,,,,,,,,,,0.037984719371668786,,,,,0.020664986978083215,,,,,,,,0.0163612874846491,,,,,,,,0.023627281098108792,,,,0.024672981263442202,,,,,0.030479620645648808,0.014182018970253613,,0.022945139106898115,0.015842987302660306,0.015504844248593799,,,,,,,,,,,,,,,,,,,,,,,,,,,,,,,,,,,,,,,,,,,,,,,,,,,,,,,,,,,,,,,,,,,,,,,,,,,,,,,,,,,,,,,,,,,,,,,,,,,,,,,,
2016-06-30,,,,,,,,,,,,,,,,,,,,,,,,,,,,,,,,,,0.016884490055906903,,,0.015668383043140558,,,,,,,,0.004180213926879345,,,,,,0.012007088778750409,0.01216654040817879,,,,0.022701646449524767,,0.01263023794202803,,,,,,,,,,,,,,,,,0.00897231344209789,,,,,,,,,,,,,,,,,,0.009110857641466664,,,,,,,,,0.007610765676118357,0.014140427171551437,,0.014328657775249101,,,,,,,,,,,,,,,0.029079247572276062,,,,,,,,,,,,,,0.017697007836129864,,,,,,,,,,,,,,,,,,,,0.022952086657155556,,0.01685857793908288,,,,,,,,,,,,,,,,0.01639631789554839,,,,,,0.015554319564315496,0.01098689392828792,,,,,,,,,,,,0.01060916892031874,,,,,0.01424321875840871,,,,,,,,,,,,,,,,0.013430852498647887,,,,,,,,,,,,0.018230754882016215,,,,0.017316436720880204,,0.009309891306087103,,,,,,,,0.015984726328423238,,,,,,,,,,,,0.012224740987414405,,,,,,,,0.017614377616054718,,,,0.01408630654701743,,,,,,,0.013707566378545238,,,,,,,,,,0.01941235108430067,,,,,,,,,,,,,,,,,,,0.014653648965757469,,,,,0.008173549333707817,,0.026277029695277707,0.0325960563769384,,,0.008695046856029448,,0.017900442274878383,0.012828244364045702,,,,,,0.014113765220137183,,,,,,,,,0.021653264190738174,,,,,,,,,,,,0.031340817099971635,,,,,0.01201813706935915,,,,,,,,0.01733169650995326,0.01921135637503946,,,,,,,0.021035657872582582,,,,0.020756979079685982,,,,,,0.042488103942417664,0.016912320441077926,0.015858614284204077,,,0.02634997567321875,0.010621628374428807,,,,,,,,,,,,,,,,,,,,,,,,,,,,,,,,,,,,,,,,,,,,,,,,,,,,,,,,,,,,,,,,,,,,,,,,,,,,,,,,,,,,,,,,,,,,,,,,,,,,,,
2022-05-31,,,,,,,,,,,,,,,,,,,,,,,,,,,,,,,,,,,,,,,,,0.007166266938958133,,,,,,,,0.011800045264636455,,,,0.00654407833694836,,,0.006146570580186393,,,,,,,,,,,,,,,,,,,,,,0.012584563760786687,,,,0.009141173801659354,,,,,,0.004335824223686174,0.0126697231727036,,,,,,,,,,,,,,,,,,,,,,,0.013283087936519843,,,,,,,,,0.01948348295148134,,,,,,,,,,0.005504641874924885,,,,,,0.013151775468390374,,,,,0.007703466946000545,0.007092451525066637,,,,,,,0.01151295729286172,,,,,,0.018477510988268636,,0.012527078862776413,,,,,,,,,,,,,,,,,,,,,,0.007533364447214304,,,0.009915490533455668,,0.009972624291117444,,0.007217972357832148,,0.008684470949318053,,,,,0.014744924991450237,,,,,,,,0.013113411073633277,,,,,,,0.012389645085930292,0.018552973759795477,,0.018783211456739533,,,,,,,,,,,,,,,,,,,,,,,,,,,,,,,,,,,,,,,,,,,,,,,,,,,,,,,,,,,0.013162862395372135,,,,,,,,,,,,0.011561503575833387,,,,,,,0.004924416492013168,,,,,,,,,0.00819452285113272,,,,,,0.016725560422032194,,,0.012460513735811838,,,,,,,,,0.005849607045762443,,,,,,0.008106696144146781,,0.013890624980241871,,,,0.013616073939557851,0.01907766454542293,,,,,,,,,0.018831656045136466,,,,,,,,,,,,,,,,,,,,,,,,0.014337143704044,,,,,0.006724266445124288,,,,,,,,,0.012802821058541346,,,,,,,,0.010390819728237655,,,,,,,0.00834300662072437,,0.007815215138258481,,0.006582582193315396,,,,,,0.003491407492090761,0.024217506783446443,0.008481005084373931,,0.006666907399484824,,,,,,,,,,,,,,0.007732300867442248,,,,,,,,,,,,,,,,,0.004441956751508629,,,,,,,,,0.0075604970377501765,,,,,0.01824514955780423,,,,,,,,,,,,,,,,,,,,,,,,,,,
2022-07-29,,,,,,,,,,,,,,,,,,,,,,,,,,,,,,,,,,,,,,,,,0.01001569302538277,,,,,,,,0.00824104740994399,,,,0.009184851397118526,,,0.011139909733265717,,,,,0.0060510525826242495,,,,,,,,,,,,,,,,,,,,,,,,,,,0.009136365307941203,,,,,,,,,,,,,,,,,,0.011430275965637109,,,,,,,,,,,,,,,0.01295219320689479,,,,,,0.009997668099002432,,,,0.0069254323680747005,,,,,,0.015676533488864004,,,,,0.006742183807254039,0.007418011405881439,,,,,,,,,,,,,,,0.009107892292201273,0.016575379960262277,,,,,,,,,0.010800026246572848,,,,,,,,,,,,,,,0.012498965435938763,,,,,,,,,,,,,,,,,,0.005286528524157548,,0.012632948581798168,,,,0.009569921147631132,,0.015476095577006917,0.01082241507962047,,0.014554709694771396,,,,0.012274224131622043,,,,,0.010237522132321231,,,,,,,,,,,,,,,,,,,,0.01611096387517201,,,0.010408751031343052,,,,,,,,,,,,,,,,,,,,,,,0.01542215687133414,,,,0.016830500087222172,0.019352415318660093,,0.011986413630754714,,,,,,,,,,,,,,,,,,,,,,,,,0.01117938231536352,,,,,,0.00941199430572883,0.01236502026555561,,0.01778976729298504,,,,,,,,,0.007313990809638193,,,,,,,,,,,,0.013001470448790584,0.011411240222266977,0.008214943281384002,,,,,,,,,,0.009485500176058908,,,,,,,,,,,,,,,,,,,,,,0.014593296399690339,,,,,0.007200417251374581,,,,,,0.016112801405860664,,,,,,,,,,,0.007831376332496427,,,,,,,,,,,0.006323070973509084,,,,,,,0.015392585365739989,0.008153888881088651,,0.005422238933967408,,,,,,,,,,,,,,0.01702283091138971,,,,,,,,,0.010507318897044442,,,,,,,,,,,,,,,,,,,,,,,,,0.009629789166153764,0.022539886471333457,0.017618466108832696,0.014142895689301455,,,,,,,,,,,,,,,,,,,,,
