date,ticker,px_last,volume
2010-01-04,GLD,109.80000305175781,16224100
2010-01-05,GLD,109.69999694824219,14213100
2010-01-06,GLD,111.51000213623047,24981900
2010-01-07,GLD,110.81999969482422,13609800
2010-01-08,GLD,111.37000274658203,15894600
2010-01-11,GLD,112.8499984741211,17253000
2010-01-12,GLD,110.48999786376953,29182600
2010-01-13,GLD,111.54000091552734,20014000
2010-01-14,GLD,112.02999877929688,18305300
2010-01-15,GLD,110.86000061035156,18002700
2010-01-19,GLD,111.5199966430664,10468200
2010-01-20,GLD,108.94000244140625,17535000
2010-01-21,GLD,107.37000274658203,25748400
2010-01-22,GLD,107.16999816894531,24210100
2010-01-25,GLD,107.4800033569336,13200500
2010-01-26,GLD,107.55999755859375,12297100
2010-01-27,GLD,106.52999877929688,19005100
2010-01-28,GLD,106.4800033569336,16793900
2010-01-29,GLD,105.95999908447266,20278800
2010-02-01,GLD,108.3499984741211,14901900
2010-02-02,GLD,109.12999725341797,14292200
2010-02-03,GLD,108.69999694824219,13393200
2010-02-04,GLD,104.37000274658203,39991900
2010-02-05,GLD,104.68000030517578,32656700
2010-02-08,GLD,104.04000091552734,17176600
2010-02-09,GLD,105.41000366210938,25959200
2010-02-10,GLD,105.12000274658203,16215200
2010-02-11,GLD,107.12999725341797,19350100
2010-02-12,GLD,107.04000091552734,14464200
2010-02-16,GLD,109.62000274658203,20895700
2010-02-17,GLD,109.25,19593400
2010-02-18,GLD,109.9800033569336,19177400
2010-02-19,GLD,109.47000122070312,21928700
2010-02-22,GLD,109.06999969482422,10742800
2010-02-23,GLD,107.88999938964844,13629600
2010-02-24,GLD,107.36000061035156,17207400
2010-02-25,GLD,108.30999755859375,23400400
2010-02-26,GLD,109.43000030517578,13033900
2010-03-01,GLD,109.43000030517578,12830900
2010-03-02,GLD,111.0199966430664,20102200
2010-03-03,GLD,111.62999725341797,16222100
2010-03-04,GLD,110.83000183105469,12944800
2010-03-05,GLD,110.80999755859375,11091400
2010-03-08,GLD,109.87999725341797,12753800
2010-03-09,GLD,109.72000122070312,12650800
2010-03-10,GLD,108.47000122070312,21982100
2010-03-11,GLD,108.5999984741211,9513300
2010-03-12,GLD,107.94999694824219,11849000
2010-03-15,GLD,108.36000061035156,7698600
2010-03-16,GLD,110.4000015258789,17749300
2010-03-17,GLD,109.58999633789062,13784300
2010-03-18,GLD,110.33999633789062,13848400
2010-03-19,GLD,108.27999877929688,24329100
2010-03-22,GLD,107.75,11579400
2010-03-23,GLD,108.31999969482422,11274400
2010-03-24,GLD,106.30000305175781,14236700
2010-03-25,GLD,106.77999877929688,16866700
2010-03-26,GLD,108.58999633789062,17433600
2010-03-29,GLD,108.75,11527000
2010-03-30,GLD,107.97000122070312,9817700
2010-03-31,GLD,108.94999694824219,14006800
2010-04-01,GLD,110.26000213623047,11370500
2010-04-05,GLD,110.88999938964844,8207900
2010-04-06,GLD,111.02999877929688,10322300
2010-04-07,GLD,112.48999786376953,19139500
2010-04-08,GLD,112.6500015258789,12445400
2010-04-09,GLD,113.63999938964844,16427800
2010-04-12,GLD,113.01000213623047,11118900
2010-04-13,GLD,112.69000244140625,11261100
2010-04-14,GLD,113.02999877929688,10572100
2010-04-15,GLD,113.6500015258789,10952100
2010-04-16,GLD,111.23999786376953,24572600
2010-04-19,GLD,111.1500015258789,7993700
2010-04-20,GLD,111.45999908447266,7019800
2010-04-21,GLD,112.30999755859375,6842900
2010-04-22,GLD,111.83999633789062,9598900
2010-04-23,GLD,113.19000244140625,12505800
2010-04-26,GLD,112.75,8335400
2010-04-27,GLD,114.62999725341797,25057100
2010-04-28,GLD,114.30999755859375,26891900
2010-04-29,GLD,114.27999877929688,10374300
2010-04-30,GLD,115.36000061035156,13403100
2010-05-03,GLD,115.7300033569336,13570800
2010-05-04,GLD,114.87000274658203,21512100
2010-05-05,GLD,115.08999633789062,21616700
2010-05-06,GLD,118.48999786376953,50546300
2010-05-07,GLD,118.2699966430664,34272700
2010-05-10,GLD,117.56999969482422,28433800
2010-05-11,GLD,120.66000366210938,36731800
2010-05-12,GLD,121.4000015258789,32703600
2010-05-13,GLD,120.55999755859375,22340400
2010-05-14,GLD,120.37000274658203,34643200
2010-05-17,GLD,119.36000061035156,27898000
2010-05-18,GLD,119.48999786376953,26595300
2010-05-19,GLD,116.62999725341797,34412400
2010-05-20,GLD,115.83999633789062,28908200
2010-05-21,GLD,115.22000122070312,20098300
2010-05-24,GLD,116.83999633789062,14300500
2010-05-25,GLD,117.36000061035156,21232700
2010-05-26,GLD,118.47000122070312,13153500
2010-05-27,GLD,118.69000244140625,10418500
2010-05-28,GLD,118.87999725341797,11579400
2010-06-01,GLD,119.91000366210938,12207800
2010-06-02,GLD,119.77999877929688,10339300
2010-06-03,GLD,117.95999908447266,13855200
2010-06-04,GLD,119.19000244140625,16532500
2010-06-07,GLD,121.48999786376953,20238600
2010-06-08,GLD,121.0,23404800
2010-06-09,GLD,120.55999755859375,12884600
2010-06-10,GLD,118.97000122070312,13687900
2010-06-11,GLD,120.01000213623047,7829400
2010-06-14,GLD,119.5999984741211,11002800
2010-06-15,GLD,120.98999786376953,15073000
2010-06-16,GLD,120.33000183105469,10500500
2010-06-17,GLD,121.9000015258789,19792200
2010-06-18,GLD,122.83000183105469,19429900
2010-06-21,GLD,120.38999938964844,20041700
2010-06-22,GLD,121.44999694824219,12940900
2010-06-23,GLD,120.94999694824219,14120400
2010-06-24,GLD,121.30000305175781,13137700
2010-06-25,GLD,122.76000213623047,9986700
2010-06-28,GLD,121.08999633789062,19650700
2010-06-29,GLD,121.2699966430664,17334700
2010-06-30,GLD,121.68000030517578,12016300
2010-07-01,GLD,117.04000091552734,33248900
2010-07-02,GLD,118.48999786376953,14732800
2010-07-06,GLD,116.51000213623047,16846900
2010-07-07,GLD,117.7300033569336,10930100
2010-07-08,GLD,117.20999908447266,11315100
2010-07-09,GLD,118.36000061035156,9596800
2010-07-12,GLD,117.33999633789062,7506700
2010-07-13,GLD,118.36000061035156,8423700
2010-07-14,GLD,118.30000305175781,9574800
2010-07-15,GLD,118.2300033569336,8586900
2010-07-16,GLD,116.66999816894531,17494400
2010-07-19,GLD,115.7300033569336,15723900
2010-07-20,GLD,116.6500015258789,9263100
2010-07-21,GLD,115.8499984741211,9396200
2010-07-22,GLD,116.86000061035156,8161000
2010-07-23,GLD,116.08999633789062,8337000
2010-07-26,GLD,115.5199966430664,11219000
2010-07-27,GLD,113.51000213623047,29524800
2010-07-28,GLD,113.77999877929688,16071500
2010-07-29,GLD,114.29000091552734,9476300
2010-07-30,GLD,115.48999786376953,10093200
2010-08-02,GLD,115.54000091552734,8473400
2010-08-03,GLD,115.98999786376953,5579400
2010-08-04,GLD,116.72000122070312,10323200
2010-08-05,GLD,116.9800033569336,7023000
2010-08-06,GLD,117.83999633789062,10001700
2010-08-09,GLD,117.4000015258789,6751400
2010-08-10,GLD,117.7300033569336,10444900
2010-08-11,GLD,117.33999633789062,12436900
2010-08-12,GLD,118.7699966430664,12327000
2010-08-13,GLD,118.73999786376953,10213200
2010-08-16,GLD,119.7300033569336,8948300
2010-08-17,GLD,119.75,9145400
2010-08-18,GLD,120.22000122070312,12102500
2010-08-19,GLD,120.38999938964844,10014500
2010-08-20,GLD,119.97000122070312,10682100
2010-08-23,GLD,119.77999877929688,4857800
2010-08-24,GLD,120.36000061035156,14811400
2010-08-25,GLD,121.36000061035156,13987100
2010-08-26,GLD,120.95999908447266,8886600
2010-08-27,GLD,121.01000213623047,11155400
2010-08-30,GLD,120.91000366210938,4390900
2010-08-31,GLD,122.08000183105469,12249700
2010-09-01,GLD,121.69000244140625,11873500
2010-09-02,GLD,122.29000091552734,7002100
2010-09-03,GLD,121.86000061035156,9074500
2010-09-07,GLD,122.69999694824219,8777500
2010-09-08,GLD,122.70999908447266,9788900
2010-09-09,GLD,121.55999755859375,13745000
2010-09-10,GLD,121.7300033569336,12510000
2010-09-13,GLD,121.62000274658203,9693300
2010-09-14,GLD,124.0199966430664,26588900
2010-09-15,GLD,123.94000244140625,11689100
2010-09-16,GLD,124.62999725341797,12672800
2010-09-17,GLD,124.54000091552734,13819200
2010-09-20,GLD,124.87000274658203,8475800
2010-09-21,GLD,126.01000213623047,20408400
2010-09-22,GLD,126.19999694824219,11046900
2010-09-23,GLD,126.30000305175781,9325200
2010-09-24,GLD,126.69000244140625,14945000
2010-09-27,GLD,126.72000122070312,6679700
2010-09-28,GLD,127.8499984741211,19857200
2010-09-29,GLD,127.94999694824219,12328900
2010-09-30,GLD,127.91000366210938,19213400
2010-10-01,GLD,128.91000366210938,17211900
2010-10-04,GLD,128.4600067138672,8368000
2010-10-05,GLD,130.99000549316406,17489600
2010-10-06,GLD,131.80999755859375,16142200
2010-10-07,GLD,130.3699951171875,38676800
2010-10-08,GLD,131.66000366210938,18693300
2010-10-11,GLD,132.2899932861328,10621300
2010-10-12,GLD,131.9600067138672,13289200
2010-10-13,GLD,134.07000732421875,18398500
2010-10-14,GLD,134.75,26890500
2010-10-15,GLD,133.67999267578125,26168600
2010-10-18,GLD,134.27999877929688,12289500
2010-10-19,GLD,130.11000061035156,25327200
2010-10-20,GLD,131.32000732421875,12556600
2010-10-21,GLD,129.47000122070312,21804200
2010-10-22,GLD,129.72999572753906,11885300
2010-10-25,GLD,130.85000610351562,12154900
2010-10-26,GLD,130.8800048828125,10710900
2010-10-27,GLD,129.52000427246094,16132100
2010-10-28,GLD,131.24000549316406,15889600
2010-10-29,GLD,132.6199951171875,14334900
2010-11-01,GLD,131.9199981689453,12403600
2010-11-02,GLD,132.49000549316406,9396900
2010-11-03,GLD,131.57000732421875,31702100
2010-11-04,GLD,136.02999877929688,23464700
2010-11-05,GLD,136.3800048828125,20342500
2010-11-08,GLD,137.77999877929688,17367400
2010-11-09,GLD,135.58999633789062,39445200
2010-11-10,GLD,137.24000549316406,28484700
2010-11-11,GLD,137.66000366210938,15447500
2010-11-12,GLD,133.69000244140625,35885900
2010-11-15,GLD,132.4199981689453,15096800
2010-11-16,GLD,130.97000122070312,32478100
2010-11-17,GLD,130.3800048828125,16432100
2010-11-18,GLD,132.08999633789062,16009400
2010-11-19,GLD,132.1999969482422,14146400
2010-11-22,GLD,133.47999572753906,13093400
2010-11-23,GLD,134.41000366210938,18215200
2010-11-24,GLD,134.17999267578125,8858100
2010-11-26,GLD,133.11000061035156,7822400
2010-11-29,GLD,133.50999450683594,13983800
2010-11-30,GLD,135.4199981689453,17473100
2010-12-01,GLD,135.3800048828125,16831100
2010-12-02,GLD,135.1999969482422,17583800
2010-12-03,GLD,138.07000732421875,16517200
2010-12-06,GLD,139.11000061035156,15640800
2010-12-07,GLD,136.5,26490400
2010-12-08,GLD,134.7899932861328,23483300
2010-12-09,GLD,135.3699951171875,14157600
2010-12-10,GLD,135.41000366210938,11937900
2010-12-13,GLD,136.0500030517578,13352400
2010-12-14,GLD,136.17999267578125,17430800
2010-12-15,GLD,134.6999969482422,15089500
2010-12-16,GLD,133.80999755859375,23463000
2010-12-17,GLD,134.1999969482422,17213000
2010-12-20,GLD,135.11000061035156,13142300
2010-12-21,GLD,135.32000732421875,10235600
2010-12-22,GLD,135.0500030517578,7300600
2010-12-23,GLD,134.66000366210938,8700800
2010-12-27,GLD,135.02000427246094,3436400
2010-12-28,GLD,137.22000122070312,10111800
2010-12-29,GLD,137.7100067138672,8442300
2010-12-30,GLD,137.02999877929688,5749400
2010-12-31,GLD,138.72000122070312,9219800
2011-01-03,GLD,138.0,11510200
2011-01-04,GLD,134.75,26154300
2011-01-05,GLD,134.3699951171875,16700900
2011-01-06,GLD,133.8300018310547,15965300
2011-01-07,GLD,133.5800018310547,16761400
2011-01-10,GLD,134.1199951171875,8429900
2011-01-11,GLD,134.91000366210938,10268400
2011-01-12,GLD,135.4600067138672,10785100
2011-01-13,GLD,134.0500030517578,14294600
2011-01-14,GLD,132.69000244140625,21224900
2011-01-18,GLD,133.42999267578125,11592900
2011-01-19,GLD,133.72000122070312,11788100
2011-01-20,GLD,131.1999969482422,24362900
2011-01-21,GLD,131.02999877929688,19488400
2011-01-24,GLD,130.36000061035156,15127200
2011-01-25,GLD,130.10000610351562,22219700
2011-01-26,GLD,131.16000366210938,20543000
2011-01-27,GLD,127.93000030517578,33047000
2011-01-28,GLD,130.27999877929688,28091500
2011-01-31,GLD,129.8699951171875,14664100
2011-02-01,GLD,130.8000030517578,15363700
2011-02-02,GLD,130.4499969482422,10082000
2011-02-03,GLD,132.1999969482422,17374700
2011-02-04,GLD,131.66000366210938,15214300
2011-02-07,GLD,131.67999267578125,7176300
2011-02-08,GLD,133.13999938964844,16220900
2011-02-09,GLD,133.07000732421875,10178400
2011-02-10,GLD,132.85000610351562,8105200
2011-02-11,GLD,132.32000732421875,9888600
2011-02-14,GLD,132.9499969482422,8694200
2011-02-15,GLD,133.97000122070312,10111200
2011-02-16,GLD,134.10000610351562,12822800
2011-02-17,GLD,135.0399932861328,11322200
2011-02-18,GLD,135.41000366210938,15890100
2011-02-22,GLD,136.2899932861328,16676100
2011-02-23,GLD,137.50999450683594,15685700
2011-02-24,GLD,136.47999572753906,18781700
2011-02-25,GLD,137.3800048828125,10351400
2011-02-28,GLD,137.66000366210938,8847000
2011-03-01,GLD,140.02999877929688,17438100
2011-03-02,GLD,139.9199981689453,15719800
2011-03-03,GLD,138.08999633789062,16485000
2011-03-04,GLD,139.35000610351562,17454600
2011-03-07,GLD,139.72000122070312,14068900
2011-03-08,GLD,139.36000061035156,10730500
2011-03-09,GLD,139.41000366210938,8736400
2011-03-10,GLD,137.77000427246094,15559100
2011-03-11,GLD,138.22000122070312,10416900
2011-03-14,GLD,138.86000061035156,10239300
2011-03-15,GLD,136.27000427246094,23465100
2011-03-16,GLD,136.24000549316406,13392500
2011-03-17,GLD,136.97000122070312,9117400
2011-03-18,GLD,138.3699951171875,18602000
2011-03-21,GLD,139.13999938964844,13742500
2011-03-22,GLD,139.0500030517578,9553700
2011-03-23,GLD,140.33999633789062,11541000
2011-03-24,GLD,139.22000122070312,17016600
2011-03-25,GLD,139.25999450683594,13191100
2011-03-28,GLD,138.5399932861328,7656000
2011-03-29,GLD,138.2100067138672,6345200
2011-03-30,GLD,138.6699981689453,10749400
2011-03-31,GLD,139.86000061035156,15227300
2011-04-01,GLD,139.1999969482422,15738300
2011-04-04,GLD,139.83999633789062,9685100
2011-04-05,GLD,142.0500030517578,18295300
2011-04-06,GLD,142.3800048828125,10710300
2011-04-07,GLD,142.50999450683594,9486800
2011-04-08,GLD,143.66000366210938,13128200
2011-04-11,GLD,142.63999938964844,10105600
2011-04-12,GLD,141.61000061035156,14948100
2011-04-13,GLD,141.89999389648438,13884200
2011-04-14,GLD,143.80999755859375,14174100
2011-04-15,GLD,145.0500030517578,19121600
2011-04-18,GLD,145.92999267578125,17340100
2011-04-19,GLD,145.92999267578125,10950100
2011-04-20,GLD,146.5,13716800
2011-04-21,GLD,146.74000549316406,10109400
2011-04-25,GLD,146.8699951171875,15596400
2011-04-26,GLD,146.3800048828125,16200000
2011-04-27,GLD,149.1999969482422,21945900
2011-04-28,GLD,149.82000732421875,20754000
2011-04-29,GLD,152.3699951171875,27600000
2011-05-02,GLD,150.41000366210938,24094100
2011-05-03,GLD,149.8800048828125,24215600
2011-05-04,GLD,147.72999572753906,35107000
2011-05-05,GLD,143.47000122070312,51284000
2011-05-06,GLD,145.3000030517578,24182200
2011-05-09,GLD,147.3800048828125,13854800
2011-05-10,GLD,147.89999389648438,11285200
2011-05-11,GLD,146.5399932861328,21378300
2011-05-12,GLD,146.58999633789062,18730400
2011-05-13,GLD,145.6300048828125,17268700
2011-05-16,GLD,145.3699951171875,10066800
2011-05-17,GLD,144.74000549316406,17192100
2011-05-18,GLD,145.60000610351562,10502900
2011-05-19,GLD,145.64999389648438,8098100
2011-05-20,GLD,147.49000549316406,23187900
2011-05-23,GLD,147.8300018310547,15937600
2011-05-24,GLD,148.58999633789062,14948000
2011-05-25,GLD,148.5800018310547,10973800
2011-05-26,GLD,148.22000122070312,9785500
2011-05-27,GLD,149.6999969482422,10186200
2011-05-31,GLD,149.63999938964844,10499300
2011-06-01,GLD,149.91000366210938,18365400
2011-06-02,GLD,149.5,13552700
2011-06-03,GLD,150.22000122070312,12606400
2011-06-06,GLD,150.47999572753906,11472600
2011-06-07,GLD,150.4199981689453,10140500
2011-06-08,GLD,149.80999755859375,9612500
2011-06-09,GLD,150.55999755859375,7643200
2011-06-10,GLD,149.24000549316406,12344900
2011-06-13,GLD,147.77000427246094,12989300
2011-06-14,GLD,148.6699981689453,10938500
2011-06-15,GLD,149.1199951171875,14550700
2011-06-16,GLD,148.97000122070312,11035000
2011-06-17,GLD,149.94000244140625,19205100
2011-06-20,GLD,150.02999877929688,10463400
2011-06-21,GLD,150.75999450683594,12439200
2011-06-22,GLD,150.99000549316406,14109700
2011-06-23,GLD,148.33999633789062,24869600
2011-06-24,GLD,146.25999450683594,19301400
2011-06-27,GLD,145.72999572753906,11602500
2011-06-28,GLD,146.24000549316406,8813800
2011-06-29,GLD,147.17999267578125,12624600
2011-06-30,GLD,146.0,12657100
2011-07-01,GLD,144.92999267578125,16366500
2011-07-05,GLD,147.6300048828125,11278200
2011-07-06,GLD,148.91000366210938,14502500
2011-07-07,GLD,149.14999389648438,9520900
2011-07-08,GLD,150.25,13662300
2011-07-11,GLD,151.58999633789062,20447200
2011-07-12,GLD,152.77000427246094,24033700
2011-07-13,GLD,154.13999938964844,26351000
2011-07-14,GLD,154.5399932861328,17613600
2011-07-15,GLD,155.1999969482422,18448400
2011-07-18,GLD,156.57000732421875,17133400
2011-07-19,GLD,154.66000366210938,22871500
2011-07-20,GLD,156.02000427246094,14559300
2011-07-21,GLD,154.8300018310547,18422800
2011-07-22,GLD,156.1199951171875,11378700
2011-07-25,GLD,157.33999633789062,13036200
2011-07-26,GLD,157.77000427246094,11735500
2011-07-27,GLD,157.19000244140625,18296600
2011-07-28,GLD,157.32000732421875,11369100
2011-07-29,GLD,158.2899932861328,17122800
2011-08-01,GLD,157.72000122070312,14825700
2011-08-02,GLD,161.52000427246094,24284500
2011-08-03,GLD,161.49000549316406,27823700
2011-08-04,GLD,160.63999938964844,40380300
2011-08-05,GLD,161.75,24554700
2011-08-08,GLD,167.1199951171875,43002400
2011-08-09,GLD,168.61000061035156,55765800
2011-08-10,GLD,174.5800018310547,44797200
2011-08-11,GLD,170.75,49888300
2011-08-12,GLD,169.97000122070312,29220000
2011-08-15,GLD,171.8000030517578,17798000
2011-08-16,GLD,173.9199981689453,19658000
2011-08-17,GLD,174.4199981689453,16482000
2011-08-18,GLD,177.72000122070312,25512800
2011-08-19,GLD,179.9499969482422,34398100
2011-08-22,GLD,184.58999633789062,27482600
2011-08-23,GLD,177.6699981689453,55265400
2011-08-24,GLD,171.64999389648438,70700300
2011-08-25,GLD,172.36000061035156,43273700
2011-08-26,GLD,177.47000122070312,38673000
2011-08-29,GLD,173.88999938964844,25265500
2011-08-30,GLD,179.10000610351562,23441000
2011-08-31,GLD,177.72000122070312,16054400
2011-09-01,GLD,177.8699951171875,13895500
2011-09-02,GLD,183.24000549316406,19911200
2011-09-06,GLD,182.89999389648438,30254500
2011-09-07,GLD,177.0800018310547,30760000
2011-09-08,GLD,181.80999755859375,20741300
2011-09-09,GLD,180.6999969482422,25429600
2011-09-12,GLD,176.6699981689453,21812800
2011-09-13,GLD,178.5399932861328,17246400
2011-09-14,GLD,177.2100067138672,18122800
2011-09-15,GLD,174.39999389648438,20897000
2011-09-16,GLD,176.02999877929688,20693700
2011-09-19,GLD,173.30999755859375,18301100
2011-09-20,GLD,175.77999877929688,12667600
2011-09-21,GLD,173.58999633789062,16431300
2011-09-22,GLD,169.0500030517578,32476300
2011-09-23,GLD,159.8000030517578,52981400
2011-09-26,GLD,157.5800018310547,42373800
2011-09-27,GLD,160.6300048828125,25124200
2011-09-28,GLD,156.22000122070312,21776000
2011-09-29,GLD,157.6999969482422,17340800
2011-09-30,GLD,158.05999755859375,16770300
2011-10-03,GLD,160.9600067138672,14200400
2011-10-04,GLD,157.63999938964844,24000000
2011-10-05,GLD,159.4600067138672,15132300
2011-10-06,GLD,160.49000549316406,12389500
2011-10-07,GLD,159.17999267578125,12977400
2011-10-10,GLD,163.27000427246094,8984500
2011-10-11,GLD,162.10000610351562,8256900
2011-10-12,GLD,163.25999450683594,10867900
2011-10-13,GLD,162.3000030517578,8327900
2011-10-14,GLD,163.39999389648438,9737900
2011-10-17,GLD,162.6199951171875,8765700
2011-10-18,GLD,161.83999633789062,15390800
2011-10-19,GLD,159.8699951171875,8528700
2011-10-20,GLD,157.77000427246094,17367500
2011-10-21,GLD,159.52000427246094,13334500
2011-10-24,GLD,161.02000427246094,10199800
2011-10-25,GLD,165.58999633789062,22130800
2011-10-26,GLD,167.39999389648438,17116300
2011-10-27,GLD,169.5500030517578,15876900
2011-10-28,GLD,169.6199951171875,9362900
2011-10-31,GLD,167.33999633789062,8437200
2011-11-01,GLD,167.3800048828125,15335400
2011-11-02,GLD,169.05999755859375,14530500
2011-11-03,GLD,171.72000122070312,17610400
2011-11-04,GLD,170.85000610351562,11060400
2011-11-07,GLD,174.97999572753906,20131900
2011-11-08,GLD,173.52999877929688,16054200
2011-11-09,GLD,172.07000732421875,12313900
2011-11-10,GLD,171.13999938964844,11848700
2011-11-11,GLD,173.9600067138672,8727100
2011-11-14,GLD,173.1999969482422,5886400
2011-11-15,GLD,173.36000061035156,9167900
2011-11-16,GLD,171.50999450683594,15093300
2011-11-17,GLD,167.10000610351562,28468900
2011-11-18,GLD,167.6199951171875,14172900
2011-11-21,GLD,163.5,22030700
2011-11-22,GLD,165.30999755859375,12094400
2011-11-23,GLD,164.8300018310547,11483300
2011-11-25,GLD,163.39999389648438,6098000
2011-11-28,GLD,166.6300048828125,12004000
2011-11-29,GLD,166.8800048828125,9198900
2011-11-30,GLD,170.1300048828125,11821600
2011-12-01,GLD,169.6300048828125,11610300
2011-12-02,GLD,169.82000732421875,8433200
2011-12-05,GLD,167.32000732421875,10246700
2011-12-06,GLD,168.17999267578125,10381900
2011-12-07,GLD,169.39999389648438,10361300
2011-12-08,GLD,165.97999572753906,11734500
2011-12-09,GLD,166.39999389648438,8354000
2011-12-12,GLD,161.99000549316406,15339400
2011-12-13,GLD,158.4499969482422,25040400
2011-12-14,GLD,152.88999938964844,42334400
2011-12-15,GLD,152.3300018310547,21521900
2011-12-16,GLD,155.22999572753906,18124300
2011-12-19,GLD,154.8699951171875,12547200
2011-12-20,GLD,156.97999572753906,9136300
2011-12-21,GLD,157.16000366210938,11996100
2011-12-22,GLD,156.0399932861328,9888400
2011-12-23,GLD,156.30999755859375,3565100
2011-12-27,GLD,154.91000366210938,4918600
2011-12-28,GLD,151.02999877929688,16436100
2011-12-29,GLD,150.33999633789062,19812200
2011-12-30,GLD,151.99000549316406,10852700
2012-01-03,GLD,155.9199981689453,13385800
2012-01-04,GLD,156.7100067138672,11549700
2012-01-05,GLD,157.77999877929688,11621600
2012-01-06,GLD,157.1999969482422,9790500
2012-01-09,GLD,156.5,8771900
2012-01-10,GLD,158.63999938964844,8371400
2012-01-11,GLD,159.6699981689453,7968500
2012-01-12,GLD,160.3800048828125,8602500
2012-01-13,GLD,159.25999450683594,8910300
2012-01-17,GLD,160.5,8313300
2012-01-18,GLD,161.60000610351562,9341200
2012-01-19,GLD,161.22000122070312,8114200
2012-01-20,GLD,162.07000732421875,11616700
2012-01-23,GLD,163.16000366210938,8832100
2012-01-24,GLD,162.00999450683594,7502100
2012-01-25,GLD,166.4199981689453,28957700
2012-01-26,GLD,167.27000427246094,19143800
2012-01-27,GLD,168.97000122070312,13030100
2012-01-30,GLD,168.02999877929688,8438000
2012-01-31,GLD,169.30999755859375,11192500
2012-02-01,GLD,169.55999755859375,7734200
2012-02-02,GLD,171.0500030517578,11509600
2012-02-03,GLD,167.63999938964844,23355300
2012-02-06,GLD,167.17999267578125,8807400
2012-02-07,GLD,169.6999969482422,11614300
2012-02-08,GLD,168.5,10655500
2012-02-09,GLD,168.02000427246094,16085200
2012-02-10,GLD,167.13999938964844,10326800
2012-02-13,GLD,167.50999450683594,7088900
2012-02-14,GLD,167.1199951171875,7862500
2012-02-15,GLD,168.11000061035156,11638500
2012-02-16,GLD,168.0,10734000
2012-02-17,GLD,167.35000610351562,7286900
2012-02-21,GLD,171.02000427246094,13611200
2012-02-22,GLD,172.94000244140625,16676500
2012-02-23,GLD,173.02000427246094,11654200
2012-02-24,GLD,172.22999572753906,9293700
2012-02-27,GLD,171.6999969482422,7340900
2012-02-28,GLD,173.49000549316406,12413000
2012-02-29,GLD,164.2899932861328,44149000
2012-03-01,GLD,166.61000061035156,19200700
2012-03-02,GLD,166.33999633789062,9298100
2012-03-05,GLD,165.64999389648438,12071400
2012-03-06,GLD,162.6999969482422,15533200
2012-03-07,GLD,163.6300048828125,9553300
2012-03-08,GLD,165.27999877929688,8858200
2012-03-09,GLD,166.3800048828125,13698200
2012-03-12,GLD,165.07000732421875,6523800
2012-03-13,GLD,162.3000030517578,20047000
2012-03-14,GLD,159.57000732421875,28822100
2012-03-15,GLD,161.0800018310547,12689300
2012-03-16,GLD,161.3000030517578,12549200
2012-03-19,GLD,161.58999633789062,9920800
2012-03-20,GLD,160.1300048828125,11643700
2012-03-21,GLD,160.2100067138672,6672700
2012-03-22,GLD,159.57000732421875,11107700
2012-03-23,GLD,161.52999877929688,10689000
2012-03-26,GLD,164.39999389648438,13226700
2012-03-27,GLD,163.24000549316406,10908700
2012-03-28,GLD,161.50999450683594,11008200
2012-03-29,GLD,161.27999877929688,11026900
2012-03-30,GLD,162.1199951171875,7534000
2012-04-02,GLD,162.94000244140625,7541700
2012-04-03,GLD,159.88999938964844,16822300
2012-04-04,GLD,157.2100067138672,15975600
2012-04-05,GLD,158.30999755859375,8967700
2012-04-09,GLD,159.3699951171875,8245800
2012-04-10,GLD,161.10000610351562,14288500
2012-04-11,GLD,161.07000732421875,10005400
2012-04-12,GLD,162.6999969482422,9229900
2012-04-13,GLD,160.85000610351562,10041000
2012-04-16,GLD,160.4600067138672,6670500
2012-04-17,GLD,160.25,7587100
2012-04-18,GLD,159.30999755859375,7463000
2012-04-19,GLD,159.42999267578125,9914400
2012-04-20,GLD,159.5399932861328,9148800
2012-04-23,GLD,159.07000732421875,8876800
2012-04-24,GLD,159.3000030517578,5200600
2012-04-25,GLD,159.6199951171875,15093700
2012-04-26,GLD,161.02999877929688,10918700
2012-04-27,GLD,161.3800048828125,8906600
2012-04-30,GLD,161.8800048828125,8007300
2012-05-01,GLD,161.32000732421875,7414800
2012-05-02,GLD,160.58999633789062,5632300
2012-05-03,GLD,158.97000122070312,13172000
2012-05-04,GLD,159.47000122070312,11389600
2012-05-07,GLD,159.0800018310547,4927800
2012-05-08,GLD,156.0,17852300
2012-05-09,GLD,154.47000122070312,13864000
2012-05-10,GLD,154.77000427246094,7460100
2012-05-11,GLD,153.55999755859375,8285600
2012-05-14,GLD,151.3300018310547,13388200
2012-05-15,GLD,149.74000549316406,13354500
2012-05-16,GLD,149.4600067138672,16750700
2012-05-17,GLD,152.8000030517578,18080700
2012-05-18,GLD,154.5500030517578,12994200
2012-05-21,GLD,154.64999389648438,7542400
2012-05-22,GLD,152.0800018310547,11302700
2012-05-23,GLD,151.6199951171875,18854500
2012-05-24,GLD,151.41000366210938,9697100
2012-05-25,GLD,152.67999267578125,6212900
2012-05-29,GLD,151.02000427246094,11243100
2012-05-30,GLD,151.91000366210938,16764800
2012-05-31,GLD,151.6199951171875,10114300
2012-06-01,GLD,157.5,27399400
2012-06-04,GLD,157.32000732421875,11462100
2012-06-05,GLD,157.13999938964844,8095300
2012-06-06,GLD,157.2100067138672,15771600
2012-06-07,GLD,154.5,18921600
2012-06-08,GLD,154.72999572753906,11074800
2012-06-11,GLD,155.36000061035156,9166600
2012-06-12,GLD,156.4600067138672,13241100
2012-06-13,GLD,157.1199951171875,10109800
2012-06-14,GLD,157.75,11502400
2012-06-15,GLD,157.83999633789062,13099300
2012-06-18,GLD,157.92999267578125,6733000
2012-06-19,GLD,157.16000366210938,6945900
2012-06-20,GLD,155.97000122070312,16970200
2012-06-21,GLD,152.02000427246094,14447500
2012-06-22,GLD,152.63999938964844,6755200
2012-06-25,GLD,153.75999450683594,6183600
2012-06-26,GLD,152.6199951171875,6123400
2012-06-27,GLD,152.8300018310547,4840700
2012-06-28,GLD,151.0500030517578,8755600
2012-06-29,GLD,155.19000244140625,10378200
2012-07-02,GLD,155.08999633789062,3654200
2012-07-03,GLD,157.4600067138672,5037700
2012-07-05,GLD,155.67999267578125,5359900
2012-07-06,GLD,153.7100067138672,7045700
2012-07-09,GLD,154.0399932861328,4468500
2012-07-10,GLD,152.14999389648438,9747900
2012-07-11,GLD,152.99000549316406,6838500
2012-07-12,GLD,152.58999633789062,11394800
2012-07-13,GLD,154.13999938964844,5080300
2012-07-16,GLD,154.2100067138672,5710900
2012-07-17,GLD,153.47000122070312,13021800
2012-07-18,GLD,153.0500030517578,6807600
2012-07-19,GLD,153.3800048828125,6070000
2012-07-20,GLD,153.6699981689453,8583800
2012-07-23,GLD,153.02999877929688,5256700
2012-07-24,GLD,153.52000427246094,6538900
2012-07-25,GLD,155.6699981689453,9355900
2012-07-26,GLD,156.77000427246094,7343500
2012-07-27,GLD,157.5399932861328,9772600
2012-07-30,GLD,157.42999267578125,7212100
2012-07-31,GLD,156.49000549316406,10919700
2012-08-01,GLD,155.13999938964844,12714500
2012-08-02,GLD,154.1300048828125,11538800
2012-08-03,GLD,155.5500030517578,10670700
2012-08-06,GLD,156.3000030517578,4610800
2012-08-07,GLD,156.27999877929688,5923300
2012-08-08,GLD,156.47999572753906,3620500
2012-08-09,GLD,156.99000549316406,3177800
2012-08-10,GLD,157.17999267578125,4608000
2012-08-13,GLD,155.99000549316406,4573300
2012-08-14,GLD,155.1300048828125,5075200
2012-08-15,GLD,155.6300048828125,4993900
2012-08-16,GLD,156.55999755859375,8838300
2012-08-17,GLD,156.72000122070312,7812100
2012-08-20,GLD,157.25999450683594,7846200
2012-08-21,GLD,158.8300018310547,11833100
2012-08-22,GLD,160.5399932861328,13605900
2012-08-23,GLD,161.88999938964844,17237600
2012-08-24,GLD,161.97000122070312,8497200
2012-08-27,GLD,161.36000061035156,5380200
2012-08-28,GLD,161.63999938964844,5074200
2012-08-29,GLD,160.58999633789062,9287700
2012-08-30,GLD,160.52000427246094,5813700
2012-08-31,GLD,164.22000122070312,18024200
2012-09-04,GLD,164.47999572753906,12034800
2012-09-05,GLD,164.30999755859375,8401900
2012-09-06,GLD,164.88999938964844,12961100
2012-09-07,GLD,168.44000244140625,19138600
2012-09-10,GLD,167.2899932861328,7760600
2012-09-11,GLD,167.89999389648438,7522900
2012-09-12,GLD,167.9199981689453,9945400
2012-09-13,GLD,171.30999755859375,28336900
2012-09-14,GLD,171.8000030517578,16847500
2012-09-17,GLD,170.39999389648438,11281600
2012-09-18,GLD,171.72000122070312,12486600
2012-09-19,GLD,171.74000549316406,9125800
2012-09-20,GLD,171.47000122070312,8703000
2012-09-21,GLD,171.9600067138672,13361300
2012-09-24,GLD,171.0500030517578,9177900
2012-09-25,GLD,170.77000427246094,10365300
2012-09-26,GLD,169.80999755859375,12064800
2012-09-27,GLD,172.33999633789062,10539500
2012-09-28,GLD,171.88999938964844,9681200
2012-10-01,GLD,172.2899932861328,10676400
2012-10-02,GLD,172.10000610351562,7053900
2012-10-03,GLD,172.41000366210938,5647600
2012-10-04,GLD,173.61000061035156,10376800
2012-10-05,GLD,172.6199951171875,8871000
2012-10-08,GLD,172.0500030517578,3749300
2012-10-09,GLD,170.99000549316406,7750700
2012-10-10,GLD,170.83999633789062,7361300
2012-10-11,GLD,171.32000732421875,5714900
2012-10-12,GLD,170.05999755859375,8266000
2012-10-15,GLD,168.35000610351562,10704900
2012-10-16,GLD,169.4199981689453,6204000
2012-10-17,GLD,169.5399932861328,5203400
2012-10-18,GLD,168.7899932861328,6607100
2012-10-19,GLD,166.97000122070312,13860400
2012-10-22,GLD,167.5800018310547,6366200
2012-10-23,GLD,165.42999267578125,11892500
2012-10-24,GLD,164.86000061035156,10794600
2012-10-25,GLD,166.02000427246094,7013800
2012-10-26,GLD,165.92999267578125,6441300
2012-10-31,GLD,166.8300018310547,4681500
2012-11-01,GLD,166.07000732421875,6018000
2012-11-02,GLD,162.60000610351562,14763100
2012-11-05,GLD,163.22999572753906,6156200
2012-11-06,GLD,166.3000030517578,16051800
2012-11-07,GLD,166.49000549316406,13195200
2012-11-08,GLD,167.99000549316406,8829000
2012-11-09,GLD,167.82000732421875,7361000
2012-11-12,GLD,167.4499969482422,5647600
2012-11-13,GLD,167.10000610351562,6463300
2012-11-14,GLD,167.13999938964844,8510500
2012-11-15,GLD,166.08999633789062,10023200
2012-11-16,GLD,165.8800048828125,6944000
2012-11-19,GLD,167.8699951171875,6764500
2012-11-20,GLD,167.38999938964844,5496100
2012-11-21,GLD,167.55999755859375,3810700
2012-11-23,GLD,169.61000061035156,6110100
2012-11-26,GLD,169.42999267578125,5377700
2012-11-27,GLD,168.7100067138672,7314400
2012-11-28,GLD,166.5500030517578,12880100
2012-11-29,GLD,167.17999267578125,7446800
2012-11-30,GLD,166.0500030517578,8412300
2012-12-03,GLD,166.1300048828125,6363400
2012-12-04,GLD,164.4199981689453,10208900
2012-12-05,GLD,164.1199951171875,10646800
2012-12-06,GLD,164.5,7301600
2012-12-07,GLD,165.16000366210938,7289500
2012-12-10,GLD,165.8000030517578,4646600
2012-12-11,GLD,165.64999389648438,4724000
2012-12-12,GLD,165.77000427246094,14164700
2012-12-13,GLD,164.3699951171875,9332800
2012-12-14,GLD,164.1300048828125,5351700
2012-12-17,GLD,164.44000244140625,8173300
2012-12-18,GLD,162.0800018310547,23995000
2012-12-19,GLD,161.69000244140625,12991600
2012-12-20,GLD,159.72999572753906,25148400
2012-12-21,GLD,160.3300018310547,13445400
2012-12-24,GLD,160.6199951171875,3699400
2012-12-26,GLD,160.77999877929688,4961800
2012-12-27,GLD,161.16000366210938,8937700
2012-12-28,GLD,160.5399932861328,6852900
2012-12-31,GLD,162.02000427246094,11786200
2013-01-02,GLD,163.1699981689453,10431800
2013-01-03,GLD,161.1999969482422,16117500
2013-01-04,GLD,160.44000244140625,19179800
2013-01-07,GLD,159.42999267578125,9361800
2013-01-08,GLD,160.55999755859375,7694800
2013-01-09,GLD,160.49000549316406,8334200
2013-01-10,GLD,161.97999572753906,11432600
2013-01-11,GLD,161.05999755859375,13675600
2013-01-14,GLD,161.5399932861328,7289000
2013-01-15,GLD,162.55999755859375,10077800
2013-01-16,GLD,162.64999389648438,9214700
2013-01-17,GLD,163.35000610351562,14911400
2013-01-18,GLD,163.08999633789062,10038100
2013-01-22,GLD,163.6699981689453,8587900
2013-01-23,GLD,163.2100067138672,6697000
2013-01-24,GLD,161.4199981689453,13188300
2013-01-25,GLD,160.64999389648438,9037400
2013-01-28,GLD,160.2899932861328,8491600
2013-01-29,GLD,160.99000549316406,7364900
2013-01-30,GLD,162.19000244140625,12010000
2013-01-31,GLD,161.1999969482422,9334000
2013-02-01,GLD,161.4499969482422,12904300
2013-02-04,GLD,162.0,7354900
2013-02-05,GLD,161.9600067138672,8979400
2013-02-06,GLD,162.38999938964844,6138700
2013-02-07,GLD,161.83999633789062,12827200
2013-02-08,GLD,161.57000732421875,6085900
2013-02-11,GLD,159.6999969482422,12083500
2013-02-12,GLD,159.88999938964844,7632300
2013-02-13,GLD,159.0500030517578,8961300
2013-02-14,GLD,158.35000610351562,12410200
2013-02-15,GLD,155.75999450683594,23374100
2013-02-19,GLD,155.3300018310547,11803900
2013-02-20,GLD,151.44000244140625,30924000
2013-02-21,GLD,152.6199951171875,17964800
2013-02-22,GLD,152.97000122070312,10093200
2013-02-25,GLD,154.33999633789062,9488200
2013-02-26,GLD,156.22000122070312,18182300
2013-02-27,GLD,154.57000732421875,9596100
2013-02-28,GLD,153.0,14864400
2013-03-01,GLD,152.44000244140625,11178800
2013-03-04,GLD,152.3000030517578,6643800
2013-03-05,GLD,152.3800048828125,10804200
2013-03-06,GLD,153.22999572753906,10856000
2013-03-07,GLD,152.69000244140625,6586700
2013-03-08,GLD,152.7100067138672,11859500
2013-03-11,GLD,152.99000549316406,4810700
2013-03-12,GLD,154.19000244140625,7265700
2013-03-13,GLD,153.66000366210938,7436400
2013-03-14,GLD,153.67999267578125,11410400
2013-03-15,GLD,154.0,5701300
2013-03-18,GLD,155.3800048828125,9302400
2013-03-19,GLD,156.0800018310547,11023400
2013-03-20,GLD,155.3699951171875,8221500
2013-03-21,GLD,156.25,4992000
2013-03-22,GLD,155.5500030517578,4746300
2013-03-25,GLD,155.24000549316406,6819100
2013-03-26,GLD,154.72000122070312,7388700
2013-03-27,GLD,155.36000061035156,6717000
2013-03-28,GLD,154.4499969482422,6851200
2013-04-01,GLD,154.6699981689453,4288100
2013-04-02,GLD,152.42999267578125,9398300
2013-04-03,GLD,150.72999572753906,15740800
2013-04-04,GLD,150.2899932861328,12429000
2013-04-05,GLD,152.80999755859375,14491800
2013-04-08,GLD,152.16000366210938,6246000
2013-04-09,GLD,153.33999633789062,7042200
2013-04-10,GLD,150.75,18507400
2013-04-11,GLD,151.0500030517578,8063200
2013-04-12,GLD,143.9499969482422,55601800
2013-04-15,GLD,131.30999755859375,93804200
2013-04-16,GLD,132.8000030517578,45650800
2013-04-17,GLD,132.8699951171875,25444100
2013-04-18,GLD,134.3000030517578,20040500
2013-04-19,GLD,135.47000122070312,15659300
2013-04-22,GLD,137.89999389648438,16568500
2013-04-23,GLD,136.8800048828125,14644900
2013-04-24,GLD,138.3699951171875,10369300
2013-04-25,GLD,141.6300048828125,18886900
2013-04-26,GLD,140.91000366210938,19307800
2013-04-29,GLD,142.3000030517578,11004500
2013-04-30,GLD,142.77000427246094,11284400
2013-05-01,GLD,141.11000061035156,13931100
2013-05-02,GLD,141.9199981689453,11502200
2013-05-03,GLD,142.08999633789062,11667100
2013-05-06,GLD,142.14999389648438,7730300
2013-05-07,GLD,140.3800048828125,13627400
2013-05-08,GLD,142.4600067138672,11161100
2013-05-09,GLD,140.80999755859375,8263000
2013-05-10,GLD,139.60000610351562,14650600
2013-05-13,GLD,138.42999267578125,6714100
2013-05-14,GLD,137.80999755859375,9895700
2013-05-15,GLD,134.6300048828125,19062400
2013-05-16,GLD,134.08999633789062,12759200
2013-05-17,GLD,131.07000732421875,20346500
2013-05-20,GLD,135.1199951171875,21594000
2013-05-21,GLD,132.8800048828125,14542500
2013-05-22,GLD,131.94000244140625,25975200
2013-05-23,GLD,134.61000061035156,10267600
2013-05-24,GLD,133.75999450683594,5522600
2013-05-28,GLD,133.49000549316406,12466400
2013-05-29,GLD,134.8300018310547,8762200
2013-05-30,GLD,136.6999969482422,8611700
2013-05-31,GLD,133.9199981689453,9726600
2013-06-03,GLD,136.50999450683594,9173000
2013-06-04,GLD,135.22999572753906,5505200
2013-06-05,GLD,135.52000427246094,7444900
2013-06-06,GLD,136.52999877929688,9847700
2013-06-07,GLD,133.27999877929688,11054400
2013-06-10,GLD,133.94000244140625,6142800
2013-06-11,GLD,133.25,7199300
2013-06-12,GLD,134.25,6550600
2013-06-13,GLD,133.74000549316406,7161800
2013-06-14,GLD,134.42999267578125,4278700
2013-06-17,GLD,133.77000427246094,4072300
2013-06-18,GLD,132.1300048828125,7379300
2013-06-19,GLD,130.58999633789062,13017800
2013-06-20,GLD,123.5999984741211,28872100
2013-06-21,GLD,125.05000305175781,16600000
2013-06-24,GLD,123.93000030517578,12749300
2013-06-25,GLD,123.47000122070312,9369200
2013-06-26,GLD,118.27999877929688,24748800
2013-06-27,GLD,115.94000244140625,30001900
2013-06-28,GLD,119.11000061035156,32981900
2013-07-01,GLD,121.12999725341797,15945200
2013-07-02,GLD,120.05000305175781,10550300
2013-07-03,GLD,120.73999786376953,6750300
2013-07-05,GLD,118.08999633789062,11592500
2013-07-08,GLD,119.51000213623047,8652200
2013-07-09,GLD,120.62000274658203,8201400
2013-07-10,GLD,120.94999694824219,14697100
2013-07-11,GLD,124.23999786376953,11279400
2013-07-12,GLD,124.12999725341797,6583800
2013-07-15,GLD,124.18000030517578,4133200
2013-07-16,GLD,124.88999938964844,5577300
2013-07-17,GLD,123.31999969482422,10882400
2013-07-18,GLD,124.01000213623047,6150900
2013-07-19,GLD,125.11000061035156,5767800
2013-07-22,GLD,128.83999633789062,10851900
2013-07-23,GLD,129.7100067138672,8820100
2013-07-24,GLD,127.4800033569336,9979100
2013-07-25,GLD,128.6699981689453,4702400
2013-07-26,GLD,128.77999877929688,6148500
2013-07-29,GLD,128.47000122070312,3554100
2013-07-30,GLD,128.1199951171875,4487700
2013-07-31,GLD,127.95999908447266,16015300
2013-08-01,GLD,126.61000061035156,10564300
2013-08-02,GLD,126.36000061035156,6466300
2013-08-05,GLD,125.69999694824219,4003900
2013-08-06,GLD,123.97000122070312,6016200
2013-08-07,GLD,124.1500015258789,5304700
2013-08-08,GLD,126.86000061035156,8653600
2013-08-09,GLD,126.86000061035156,6192000
2013-08-12,GLD,129.1300048828125,7414300
2013-08-13,GLD,127.73999786376953,7336100
2013-08-14,GLD,129.0,8713200
2013-08-15,GLD,131.69000244140625,17226300
2013-08-16,GLD,132.5800018310547,14447100
2013-08-19,GLD,132.00999450683594,8118400
2013-08-20,GLD,132.4499969482422,7809100
2013-08-21,GLD,132.07000732421875,10720200
2013-08-22,GLD,132.80999755859375,5741800
2013-08-23,GLD,134.89999389648438,11623400
2013-08-26,GLD,135.4499969482422,7692100
2013-08-27,GLD,136.75,11283300
2013-08-28,GLD,136.7100067138672,13650400
2013-08-29,GLD,135.8699951171875,7939400
2013-08-30,GLD,134.6199951171875,7680000
2013-09-03,GLD,136.4199981689453,8100700
2013-09-04,GLD,134.66000366210938,7785400
2013-09-05,GLD,132.1999969482422,11118600
2013-09-06,GLD,134.14999389648438,8448700
2013-09-09,GLD,133.91000366210938,5090500
2013-09-10,GLD,131.74000549316406,8433100
2013-09-11,GLD,131.6999969482422,5046600
2013-09-12,GLD,127.66999816894531,12944000
2013-09-13,GLD,127.81999969482422,12060400
2013-09-16,GLD,126.44999694824219,9829100
2013-09-17,GLD,126.5,8135500
2013-09-18,GLD,132.00999450683594,24780000
2013-09-19,GLD,131.75,14353900
2013-09-20,GLD,127.95999908447266,19558200
2013-09-23,GLD,127.55000305175781,7421800
2013-09-24,GLD,127.66000366210938,7349700
2013-09-25,GLD,128.7899932861328,7519100
2013-09-26,GLD,127.79000091552734,9491300
2013-09-27,GLD,128.97000122070312,7430200
2013-09-30,GLD,128.17999267578125,8979000
2013-10-01,GLD,124.58999633789062,16721100
2013-10-02,GLD,127.05999755859375,11994200
2013-10-03,GLD,127.18000030517578,11632900
2013-10-04,GLD,126.52999877929688,6923700
2013-10-07,GLD,127.63999938964844,6732800
2013-10-08,GLD,127.4000015258789,6999700
2013-10-09,GLD,126.11000061035156,10705100
2013-10-10,GLD,124.2699966430664,10523600
2013-10-11,GLD,122.5999984741211,15972600
2013-10-14,GLD,122.83000183105469,6118200
2013-10-15,GLD,123.7300033569336,8384200
2013-10-16,GLD,123.54000091552734,8523400
2013-10-17,GLD,127.41999816894531,11785100
2013-10-18,GLD,126.8499984741211,5350500
2013-10-21,GLD,126.9800033569336,3395200
2013-10-22,GLD,129.33999633789062,8849000
2013-10-23,GLD,128.69000244140625,5092200
2013-10-24,GLD,129.89999389648438,10221400
2013-10-25,GLD,130.4600067138672,8767900
2013-10-28,GLD,130.55999755859375,6807800
2013-10-29,GLD,129.77000427246094,5328500
2013-10-30,GLD,129.60000610351562,8896000
2013-10-31,GLD,127.73999786376953,7753300
2013-11-01,GLD,126.94999694824219,9566200
2013-11-04,GLD,126.80999755859375,3819300
2013-11-05,GLD,126.55999755859375,4941200
2013-11-06,GLD,127.19999694824219,3544900
2013-11-07,GLD,126.16000366210938,7700100
2013-11-08,GLD,124.27999877929688,8427300
2013-11-11,GLD,123.87000274658203,3277700
2013-11-12,GLD,122.44999694824219,7705600
2013-11-13,GLD,122.8499984741211,5967000
2013-11-14,GLD,124.2699966430664,7669700
2013-11-15,GLD,124.31999969482422,4660700
2013-11-18,GLD,122.9000015258789,6241300
2013-11-19,GLD,122.94999694824219,3666500
2013-11-20,GLD,120.12000274658203,14281000
2013-11-21,GLD,119.94000244140625,7557500
2013-11-22,GLD,119.91999816894531,6774400
2013-11-25,GLD,120.45999908447266,7266300
2013-11-26,GLD,119.81999969482422,9053300
2013-11-27,GLD,119.45999908447266,6144600
2013-11-29,GLD,120.69999694824219,2364700
2013-12-02,GLD,117.58000183105469,10297100
2013-12-03,GLD,117.95999908447266,7004800
2013-12-04,GLD,119.95999908447266,9110700
2013-12-05,GLD,118.30000305175781,10254700
2013-12-06,GLD,118.55000305175781,7909500
2013-12-09,GLD,119.72000122070312,5510400
2013-12-10,GLD,121.81999969482422,9155600
2013-12-11,GLD,120.86000061035156,9934900
2013-12-12,GLD,118.29000091552734,8810800
2013-12-13,GLD,119.37999725341797,6482100
2013-12-16,GLD,119.69000244140625,8189500
2013-12-17,GLD,118.6500015258789,8589100
2013-12-18,GLD,117.61000061035156,16265000
2013-12-19,GLD,114.81999969482422,15955400
2013-12-20,GLD,115.94000244140625,14693700
2013-12-23,GLD,115.56999969482422,6237300
2013-12-24,GLD,116.0999984741211,3353900
2013-12-26,GLD,116.73999786376953,3868400
2013-12-27,GLD,117.12000274658203,4206200
2013-12-30,GLD,115.38999938964844,6703200
2013-12-31,GLD,116.12000274658203,12835900
2014-01-02,GLD,118.0,7551000
2014-01-03,GLD,119.29000091552734,5874400
2014-01-06,GLD,119.5,10106500
2014-01-07,GLD,118.81999969482422,6433700
2014-01-08,GLD,118.12000274658203,7428500
2014-01-09,GLD,118.45999908447266,3972800
2014-01-10,GLD,120.26000213623047,7993200
2014-01-13,GLD,121.0199966430664,5872700
2014-01-14,GLD,119.88999938964844,7505400
2014-01-15,GLD,119.66000366210938,5474300
2014-01-16,GLD,119.79000091552734,3949500
2014-01-17,GLD,120.93000030517578,7923400
2014-01-21,GLD,119.69999694824219,6763500
2014-01-22,GLD,119.19000244140625,4891800
2014-01-23,GLD,121.79000091552734,11028200
2014-01-24,GLD,122.29000091552734,8515700
2014-01-27,GLD,120.95999908447266,7528600
2014-01-28,GLD,120.94999694824219,5149500
2014-01-29,GLD,122.47000122070312,12257500
2014-01-30,GLD,119.7699966430664,8746500
2014-01-31,GLD,120.08999633789062,7983100
2014-02-03,GLD,121.31999969482422,9267300
2014-02-04,GLD,120.98999786376953,7027400
2014-02-05,GLD,121.29000091552734,6800000
2014-02-06,GLD,121.23999786376953,4745800
2014-02-07,GLD,122.16999816894531,6674700
2014-02-10,GLD,122.91999816894531,7931200
2014-02-11,GLD,124.36000061035156,11546000
2014-02-12,GLD,124.43000030517578,6651900
2014-02-13,GLD,125.48999786376953,9167900
2014-02-14,GLD,127.1500015258789,11147900
2014-02-18,GLD,127.4000015258789,7685800
2014-02-19,GLD,126.2699966430664,9384100
2014-02-20,GLD,127.5999984741211,10572900
2014-02-21,GLD,127.58000183105469,7298200
2014-02-24,GLD,128.99000549316406,12114200
2014-02-25,GLD,129.2100067138672,5786000
2014-02-26,GLD,128.11000061035156,7052900
2014-02-27,GLD,128.1999969482422,5066500
2014-02-28,GLD,127.62000274658203,10584100
2014-03-03,GLD,130.2899932861328,11741100
2014-03-04,GLD,128.67999267578125,6341700
2014-03-05,GLD,128.88999938964844,4878500
2014-03-06,GLD,130.1699981689453,5408900
2014-03-07,GLD,129.08999633789062,7575000
2014-03-10,GLD,129.1300048828125,4169900
2014-03-11,GLD,129.86000061035156,7289800
2014-03-12,GLD,131.75999450683594,11094200
2014-03-13,GLD,132.2100067138672,8007700
2014-03-14,GLD,133.10000610351562,11939600
2014-03-17,GLD,131.63999938964844,14626800
2014-03-18,GLD,130.6199951171875,6424400
2014-03-19,GLD,128.08999633789062,12932900
2014-03-20,GLD,127.86000061035156,7690800
2014-03-21,GLD,128.47000122070312,7237300
2014-03-24,GLD,126.18000030517578,13076500
2014-03-25,GLD,126.41000366210938,6566900
2014-03-26,GLD,125.41000366210938,8575400
2014-03-27,GLD,124.58999633789062,7312300
2014-03-28,GLD,124.55999755859375,7253700
2014-03-31,GLD,123.61000061035156,12379200
2014-04-01,GLD,123.38999938964844,5992000
2014-04-02,GLD,124.31999969482422,4907800
2014-04-03,GLD,123.91999816894531,3658800
2014-04-04,GLD,125.56999969482422,7278400
2014-04-07,GLD,124.91000366210938,3967200
2014-04-08,GLD,126.08999633789062,6939100
2014-04-09,GLD,126.31999969482422,5305600
2014-04-10,GLD,127.01000213623047,5003200
2014-04-11,GLD,126.93000030517578,4697200
2014-04-14,GLD,127.8499984741211,6677400
2014-04-15,GLD,125.48999786376953,9967600
2014-04-16,GLD,125.54000091552734,4071300
2014-04-17,GLD,124.75,5901900
2014-04-21,GLD,124.23999786376953,6579200
2014-04-22,GLD,123.77999877929688,6898100
2014-04-23,GLD,123.76000213623047,3736600
2014-04-24,GLD,124.55999755859375,8754200
2014-04-25,GLD,125.43000030517578,7023700
2014-04-28,GLD,124.87999725341797,4897900
2014-04-29,GLD,124.86000061035156,5241600
2014-04-30,GLD,124.22000122070312,10352900
2014-05-01,GLD,123.80000305175781,6687300
2014-05-02,GLD,125.05999755859375,9912900
2014-05-05,GLD,126.22000122070312,5196500
2014-05-06,GLD,125.9800033569336,3488000
2014-05-07,GLD,124.16999816894531,8469900
2014-05-08,GLD,124.16999816894531,3695500
2014-05-09,GLD,124.0999984741211,3120000
2014-05-12,GLD,124.94000244140625,4025500
2014-05-13,GLD,124.5999984741211,2643500
2014-05-14,GLD,125.80999755859375,4015900
2014-05-15,GLD,124.7699966430664,5861100
2014-05-16,GLD,124.5,4052100
2014-05-19,GLD,124.58000183105469,3902600
2014-05-20,GLD,124.69000244140625,3770800
2014-05-21,GLD,124.38999938964844,6846500
2014-05-22,GLD,124.66999816894531,3458800
2014-05-23,GLD,124.51000213623047,2205900
2014-05-27,GLD,121.8499984741211,10895800
2014-05-28,GLD,121.19999694824219,6736800
2014-05-29,GLD,120.94000244140625,5551900
2014-05-30,GLD,120.43000030517578,8749600
2014-06-02,GLD,119.69999694824219,5916100
2014-06-03,GLD,120.01000213623047,5008300
2014-06-04,GLD,119.76000213623047,3859500
2014-06-05,GLD,120.66000366210938,4180400
2014-06-06,GLD,120.61000061035156,4807700
2014-06-09,GLD,120.6500015258789,2788000
2014-06-10,GLD,121.38999938964844,3556600
2014-06-11,GLD,121.41000366210938,3572300
2014-06-12,GLD,122.63999938964844,7388500
2014-06-13,GLD,122.95999908447266,4026600
2014-06-16,GLD,122.41999816894531,5832800
2014-06-17,GLD,122.27999877929688,4032800
2014-06-18,GLD,122.66999816894531,4601700
2014-06-19,GLD,126.94000244140625,24374800
2014-06-20,GLD,126.5,9954700
2014-06-23,GLD,126.8499984741211,5142800
2014-06-24,GLD,126.9800033569336,6350200
2014-06-25,GLD,126.98999786376953,6692300
2014-06-26,GLD,126.7300033569336,5529800
2014-06-27,GLD,126.66000366210938,4200300
2014-06-30,GLD,128.0399932861328,18123400
2014-07-01,GLD,127.69999694824219,8145900
2014-07-02,GLD,127.69999694824219,5738900
2014-07-03,GLD,127.16000366210938,4922500
2014-07-07,GLD,127.0199966430664,4630200
2014-07-08,GLD,127.06999969482422,6216600
2014-07-09,GLD,127.83999633789062,8362700
2014-07-10,GLD,128.5399932861328,6313300
2014-07-11,GLD,128.77999877929688,4322100
2014-07-14,GLD,125.72000122070312,11465500
2014-07-15,GLD,124.52999877929688,10541700
2014-07-16,GLD,124.97000122070312,4099800
2014-07-17,GLD,127.08999633789062,11423900
2014-07-18,GLD,126.12999725341797,6460900
2014-07-21,GLD,126.33999633789062,3296300
2014-07-22,GLD,125.73999786376953,3882000
2014-07-23,GLD,125.62000274658203,3041400
2014-07-24,GLD,124.3499984741211,8111600
2014-07-25,GLD,125.79000091552734,5638800
2014-07-28,GLD,125.58000183105469,3212900
2014-07-29,GLD,125.19999694824219,5267700
2014-07-30,GLD,124.83000183105469,5614800
2014-07-31,GLD,123.38999938964844,9896500
2014-08-01,GLD,124.37999725341797,7397000
2014-08-04,GLD,123.98999786376953,6499400
2014-08-05,GLD,123.87000274658203,8342500
2014-08-06,GLD,125.66999816894531,9327800
2014-08-07,GLD,126.18000030517578,7298900
2014-08-08,GLD,126.19000244140625,5728200
2014-08-11,GLD,125.95999908447266,3163500
2014-08-12,GLD,125.98999786376953,4609700
2014-08-13,GLD,126.19999694824219,3967500
2014-08-14,GLD,126.30999755859375,3348500
2014-08-15,GLD,125.4800033569336,13070500
2014-08-18,GLD,124.95999908447266,4952500
2014-08-19,GLD,124.68000030517578,4878400
2014-08-20,GLD,124.22000122070312,4395600
2014-08-21,GLD,122.87999725341797,8008800
2014-08-22,GLD,123.19000244140625,4739200
2014-08-25,GLD,122.73999786376953,5012400
2014-08-26,GLD,123.3499984741211,3882300
2014-08-27,GLD,123.31999969482422,2576800
2014-08-28,GLD,124.0,3296700
2014-08-29,GLD,123.86000061035156,3683500
2014-09-02,GLD,121.6500015258789,10128600
2014-09-03,GLD,122.1500015258789,3414600
2014-09-04,GLD,121.4800033569336,7310600
2014-09-05,GLD,122.05999755859375,3490100
2014-09-08,GLD,120.7300033569336,7506500
2014-09-09,GLD,120.87000274658203,6157300
2014-09-10,GLD,120.26000213623047,7021500
2014-09-11,GLD,119.47000122070312,7612000
2014-09-12,GLD,118.37999725341797,8126500
2014-09-15,GLD,118.63999938964844,4775400
2014-09-16,GLD,118.83000183105469,6544500
2014-09-17,GLD,117.54000091552734,8328700
2014-09-18,GLD,117.77999877929688,5368700
2014-09-19,GLD,117.08999633789062,10930200
2014-09-22,GLD,116.8499984741211,7601600
2014-09-23,GLD,117.5999984741211,4664800
2014-09-24,GLD,117.05000305175781,5515000
2014-09-25,GLD,117.38999938964844,7631700
2014-09-26,GLD,117.05999755859375,4185200
2014-09-29,GLD,117.02999877929688,4049500
2014-09-30,GLD,116.20999908447266,10170100
2014-10-01,GLD,116.7699966430664,7018800
2014-10-02,GLD,116.73999786376953,6349900
2014-10-03,GLD,114.61000061035156,11301300
2014-10-06,GLD,116.02999877929688,7644100
2014-10-07,GLD,116.36000061035156,5274700
2014-10-08,GLD,117.47000122070312,10670900
2014-10-09,GLD,117.63999938964844,6610500
2014-10-10,GLD,117.58999633789062,4651400
2014-10-13,GLD,118.5199966430664,5396300
2014-10-14,GLD,118.58999633789062,5174800
2014-10-15,GLD,118.98999786376953,9453800
2014-10-16,GLD,119.22000122070312,6545400
2014-10-17,GLD,118.98999786376953,8059000
2014-10-20,GLD,119.80000305175781,3033700
2014-10-21,GLD,120.0199966430664,4566100
2014-10-22,GLD,119.33999633789062,3740200
2014-10-23,GLD,118.5199966430664,6417500
2014-10-24,GLD,118.3499984741211,3610600
2014-10-27,GLD,118.05999755859375,2443600
2014-10-28,GLD,118.0999984741211,3260100
2014-10-29,GLD,116.41000366210938,7900800
2014-10-30,GLD,115.19000244140625,7852200
2014-10-31,GLD,112.66000366210938,18208200
2014-11-03,GLD,112.1500015258789,6589800
2014-11-04,GLD,112.22000122070312,6430100
2014-11-05,GLD,109.79000091552734,13560100
2014-11-06,GLD,109.87999725341797,7019900
2014-11-07,GLD,112.97000122070312,10916500
2014-11-10,GLD,110.45999908447266,8548500
2014-11-11,GLD,112.04000091552734,8603200
2014-11-12,GLD,111.5,5133300
2014-11-13,GLD,111.66999816894531,4874600
2014-11-14,GLD,114.47000122070312,14173600
2014-11-17,GLD,114.05000305175781,5441000
2014-11-18,GLD,115.05000305175781,5586700
2014-11-19,GLD,113.68000030517578,11997700
2014-11-20,GLD,114.86000061035156,5607800
2014-11-21,GLD,115.38999938964844,6564300
2014-11-24,GLD,115.11000061035156,4695000
2014-11-25,GLD,115.37999725341797,9051800
2014-11-26,GLD,115.16000366210938,3184000
2014-11-28,GLD,112.11000061035156,9616300
2014-12-01,GLD,116.58000183105469,15644000
2014-12-02,GLD,115.13999938964844,6378100
2014-12-03,GLD,116.33000183105469,5758800
2014-12-04,GLD,115.87999725341797,3623600
2014-12-05,GLD,114.43000030517578,6331000
2014-12-08,GLD,115.77999877929688,5224500
2014-12-09,GLD,118.19000244140625,10467200
2014-12-10,GLD,117.95999908447266,4277400
2014-12-11,GLD,117.69000244140625,5214500
2014-12-12,GLD,117.41000366210938,4736500
2014-12-15,GLD,114.38999938964844,8796000
2014-12-16,GLD,114.94999694824219,9174000
2014-12-17,GLD,114.2699966430664,9097300
2014-12-18,GLD,115.1500015258789,5258100
2014-12-19,GLD,114.7699966430664,4652300
2014-12-22,GLD,112.55000305175781,7483200
2014-12-23,GLD,112.73999786376953,7763300
2014-12-24,GLD,112.7699966430664,1501600
2014-12-26,GLD,114.83000183105469,3765600
2014-12-29,GLD,113.66999816894531,12963700
2014-12-30,GLD,115.19999694824219,7987300
2014-12-31,GLD,113.58000183105469,7624200
2015-01-02,GLD,114.08000183105469,7109600
2015-01-05,GLD,115.80000305175781,8177400
2015-01-06,GLD,117.12000274658203,11238300
2015-01-07,GLD,116.43000030517578,6434200
2015-01-08,GLD,115.94000244140625,7033700
2015-01-09,GLD,117.26000213623047,7962900
2015-01-12,GLD,118.55999755859375,8318200
2015-01-13,GLD,118.16000366210938,7693200
2015-01-14,GLD,117.97000122070312,7727400
2015-01-15,GLD,120.94000244140625,17692500
2015-01-16,GLD,122.5199966430664,14428200
2015-01-20,GLD,124.19999694824219,14968600
2015-01-21,GLD,124.2300033569336,11082700
2015-01-22,GLD,125.2300033569336,10518400
2015-01-23,GLD,124.2300033569336,6270900
2015-01-26,GLD,122.98999786376953,6768600
2015-01-27,GLD,124.4000015258789,9584800
2015-01-28,GLD,123.41999816894531,8470600
2015-01-29,GLD,120.76000213623047,11998000
2015-01-30,GLD,123.44999694824219,14555900
2015-02-02,GLD,122.41999816894531,8885200
2015-02-03,GLD,121.05000305175781,8255900
2015-02-04,GLD,121.58000183105469,5386700
2015-02-05,GLD,121.79000091552734,6879900
2015-02-06,GLD,118.63999938964844,13206900
2015-02-09,GLD,119.16999816894531,5237200
2015-02-10,GLD,118.47000122070312,4086300
2015-02-11,GLD,117.06999969482422,6784400
2015-02-12,GLD,117.33999633789062,4344400
2015-02-13,GLD,117.9800033569336,4108900
2015-02-17,GLD,116.01000213623047,7225200
2015-02-18,GLD,116.33999633789062,8336000
2015-02-19,GLD,115.94000244140625,6528700
2015-02-20,GLD,115.27999877929688,6681700
2015-02-23,GLD,115.43000030517578,4812400
2015-02-24,GLD,115.26000213623047,7612900
2015-02-25,GLD,115.69999694824219,5032500
2015-02-26,GLD,116.06999969482422,4025400
2015-02-27,GLD,116.16000366210938,8255600
2015-03-02,GLD,115.68000030517578,7993300
2015-03-03,GLD,115.47000122070312,4738300
2015-03-04,GLD,115.11000061035156,4762400
2015-03-05,GLD,115.0,5872200
2015-03-06,GLD,111.86000061035156,11190800
2015-03-09,GLD,111.97000122070312,5534000
2015-03-10,GLD,111.41999816894531,7019800
2015-03-11,GLD,110.75,6550400
2015-03-12,GLD,110.72000122070312,6631500
2015-03-13,GLD,110.87999725341797,4557600
2015-03-16,GLD,110.80999755859375,3265300
2015-03-17,GLD,110.20999908447266,8923300
2015-03-18,GLD,112.37000274658203,12448000
2015-03-19,GLD,112.29000091552734,6537700
2015-03-20,GLD,113.56999969482422,8033400
2015-03-23,GLD,114.29000091552734,4240300
2015-03-24,GLD,114.56999969482422,2979300
2015-03-25,GLD,114.7300033569336,3021400
2015-03-26,GLD,115.4800033569336,5495200
2015-03-27,GLD,115.05999755859375,4921700
2015-03-30,GLD,113.75,4383900
2015-03-31,GLD,113.66000366210938,4383300
2015-04-01,GLD,115.5999984741211,7324000
2015-04-02,GLD,115.27999877929688,3884100
2015-04-06,GLD,116.69000244140625,5914200
2015-04-07,GLD,116.11000061035156,2468500
2015-04-08,GLD,115.47000122070312,5568500
2015-04-09,GLD,114.66999816894531,4707000
2015-04-10,GLD,115.97000122070312,3932400
2015-04-13,GLD,115.13999938964844,3190100
2015-04-14,GLD,114.44000244140625,3651500
2015-04-15,GLD,115.43000030517578,3656000
2015-04-16,GLD,115.02999877929688,3132300
2015-04-17,GLD,115.5999984741211,3496300
2015-04-20,GLD,114.72000122070312,3932800
2015-04-21,GLD,115.37999725341797,3317700
2015-04-22,GLD,113.83000183105469,5696000
2015-04-23,GLD,114.66000366210938,3459500
2015-04-24,GLD,113.05000305175781,7152900
2015-04-27,GLD,115.33000183105469,7487600
2015-04-28,GLD,116.33000183105469,8054400
2015-04-29,GLD,115.51000213623047,7170500
2015-04-30,GLD,113.47000122070312,9440300
2015-05-01,GLD,113.08000183105469,7597000
2015-05-04,GLD,114.0999984741211,3648100
2015-05-05,GLD,114.41999816894531,3856500
2015-05-06,GLD,114.36000061035156,3280700
2015-05-07,GLD,113.41999816894531,5455100
2015-05-08,GLD,113.97000122070312,9964100
2015-05-11,GLD,113.52999877929688,2916700
2015-05-12,GLD,114.5,3256700
2015-05-13,GLD,116.55000305175781,11768200
2015-05-14,GLD,117.18000030517578,6923000
2015-05-15,GLD,117.52999877929688,4447300
2015-05-18,GLD,117.5199966430664,5079900
2015-05-19,GLD,115.88999938964844,5052100
2015-05-20,GLD,116.08000183105469,4432600
2015-05-21,GLD,115.69000244140625,2514700
2015-05-22,GLD,115.5999984741211,1780200
2015-05-26,GLD,113.91000366210938,5769600
2015-05-27,GLD,113.88999938964844,2681100
2015-05-28,GLD,114.0199966430664,5266000
2015-05-29,GLD,114.0999984741211,3407500
2015-06-01,GLD,114.0,8254000
2015-06-02,GLD,114.45999908447266,3988600
2015-06-03,GLD,113.63999938964844,4885200
2015-06-04,GLD,112.83999633789062,5566600
2015-06-05,GLD,112.23999786376953,5561300
2015-06-08,GLD,112.56999969482422,3122100
2015-06-09,GLD,112.81999969482422,3529900
2015-06-10,GLD,113.77999877929688,5452900
2015-06-11,GLD,113.26000213623047,4434700
2015-06-12,GLD,113.2300033569336,2998500
2015-06-15,GLD,113.7300033569336,5055100
2015-06-16,GLD,113.31999969482422,4033300
2015-06-17,GLD,113.8499984741211,6456000
2015-06-18,GLD,115.31999969482422,8041300
2015-06-19,GLD,115.12000274658203,4611600
2015-06-22,GLD,113.63999938964844,5763700
2015-06-23,GLD,112.88999938964844,4522800
2015-06-24,GLD,112.58999633789062,2975500
2015-06-25,GLD,112.44000244140625,2904700
2015-06-26,GLD,112.55999755859375,4392600
2015-06-29,GLD,113.06999969482422,5820200
2015-06-30,GLD,112.37000274658203,7897000
2015-07-01,GLD,111.9800033569336,4409000
2015-07-02,GLD,111.76000213623047,3838600
2015-07-06,GLD,112.05999755859375,4259800
2015-07-07,GLD,110.76000213623047,9073400
2015-07-08,GLD,111.08999633789062,5694900
2015-07-09,GLD,111.36000061035156,3802900
2015-07-10,GLD,111.48999786376953,3594900
2015-07-13,GLD,110.98999786376953,4279300
2015-07-14,GLD,110.73999786376953,2601000
2015-07-15,GLD,110.16000366210938,9286200
2015-07-16,GLD,109.76000213623047,4629700
2015-07-17,GLD,108.6500015258789,14858300
2015-07-20,GLD,105.69999694824219,15751700
2015-07-21,GLD,105.37000274658203,10519800
2015-07-22,GLD,104.80000305175781,8349200
2015-07-23,GLD,104.33000183105469,5779300
2015-07-24,GLD,105.3499984741211,11572700
2015-07-27,GLD,104.86000061035156,10690100
2015-07-28,GLD,105.0199966430664,5549200
2015-07-29,GLD,105.16999816894531,5616900
2015-07-30,GLD,104.2699966430664,6652000
2015-07-31,GLD,104.93000030517578,6689200
2015-08-03,GLD,104.0999984741211,3528600
2015-08-04,GLD,104.30999755859375,3241000
2015-08-05,GLD,103.93000030517578,5041000
2015-08-06,GLD,104.38999938964844,3908100
2015-08-07,GLD,104.6500015258789,4400900
2015-08-10,GLD,105.72000122070312,5892600
2015-08-11,GLD,106.26000213623047,4060900
2015-08-12,GLD,107.75,10022500
2015-08-13,GLD,106.86000061035156,4761700
2015-08-14,GLD,106.8499984741211,3509200
2015-08-17,GLD,107.12999725341797,5769100
2015-08-18,GLD,107.11000061035156,4121800
2015-08-19,GLD,108.55000305175781,7035100
2015-08-20,GLD,110.44000244140625,12549000
2015-08-21,GLD,111.12999725341797,13917600
2015-08-24,GLD,110.52999877929688,18388700
2015-08-25,GLD,109.16000366210938,9974200
2015-08-26,GLD,107.66999816894531,10856600
2015-08-27,GLD,107.7300033569336,8102100
2015-08-28,GLD,108.69999694824219,7558900
2015-08-31,GLD,108.81999969482422,4532100
2015-09-01,GLD,109.19999694824219,7077800
2015-09-02,GLD,108.62000274658203,4115700
2015-09-03,GLD,107.83999633789062,3913100
2015-09-04,GLD,107.48999786376953,4025000
2015-09-08,GLD,107.5199966430664,5982100
2015-09-09,GLD,106.12999725341797,8855100
2015-09-10,GLD,106.37999725341797,6204000
2015-09-11,GLD,106.16000366210938,4023900
2015-09-14,GLD,106.22000122070312,2350800
2015-09-15,GLD,105.9000015258789,2905000
2015-09-16,GLD,107.30999755859375,5315600
2015-09-17,GLD,108.41000366210938,8403800
2015-09-18,GLD,109.20999908447266,6794300
2015-09-21,GLD,108.52999877929688,4104800
2015-09-22,GLD,107.79000091552734,5483300
2015-09-23,GLD,108.22000122070312,2744200
2015-09-24,GLD,110.48999786376953,11024300
2015-09-25,GLD,109.80999755859375,5209500
2015-09-28,GLD,108.41999816894531,3809600
2015-09-29,GLD,107.9800033569336,4043600
2015-09-30,GLD,106.86000061035156,7405600
2015-10-01,GLD,106.7300033569336,4278600
2015-10-02,GLD,108.98999786376953,7730600
2015-10-05,GLD,108.7699966430664,5490200
2015-10-06,GLD,109.86000061035156,7513900
2015-10-07,GLD,109.69999694824219,5355500
2015-10-08,GLD,109.13999938964844,5038200
2015-10-09,GLD,110.87000274658203,7907300
2015-10-12,GLD,111.30999755859375,6257900
2015-10-13,GLD,111.86000061035156,5149600
2015-10-14,GLD,113.80999755859375,10207800
2015-10-15,GLD,113.29000091552734,14083900
2015-10-16,GLD,112.48999786376953,7328000
2015-10-19,GLD,112.0199966430664,3959400
2015-10-20,GLD,112.7300033569336,4903200
2015-10-21,GLD,111.7300033569336,3908800
2015-10-22,GLD,111.69000244140625,3436400
2015-10-23,GLD,111.5,4868400
2015-10-26,GLD,111.43000030517578,2573500
2015-10-27,GLD,111.68000030517578,2646100
2015-10-28,GLD,110.77999877929688,8201200
2015-10-29,GLD,109.72000122070312,5150800
2015-10-30,GLD,109.30000305175781,5543200
2015-11-02,GLD,108.58999633789062,5843300
2015-11-03,GLD,106.9800033569336,7145300
2015-11-04,GLD,105.97000122070312,7617800
2015-11-05,GLD,105.63999938964844,5931100
2015-11-06,GLD,104.0999984741211,8831900
2015-11-09,GLD,104.4000015258789,4129200
2015-11-10,GLD,104.18000030517578,4450800
2015-11-11,GLD,103.83000183105469,3527600
2015-11-12,GLD,103.8499984741211,6300500
2015-11-13,GLD,103.55999755859375,3224200
2015-11-16,GLD,103.70999908447266,2951200
2015-11-17,GLD,102.33999633789062,8593100
2015-11-18,GLD,102.43000030517578,5043800
2015-11-19,GLD,103.55999755859375,5087600
2015-11-20,GLD,103.08999633789062,5971600
2015-11-23,GLD,102.26000213623047,4042500
2015-11-24,GLD,102.94000244140625,3479600
2015-11-25,GLD,102.45999908447266,2931300
2015-11-27,GLD,101.25,4993600
2015-11-30,GLD,101.91999816894531,6773000
2015-12-01,GLD,102.27999877929688,4645900
2015-12-02,GLD,100.69000244140625,10223500
2015-12-03,GLD,101.76000213623047,6499900
2015-12-04,GLD,104.0199966430664,10670200
2015-12-07,GLD,102.66999816894531,4393500
2015-12-08,GLD,102.83999633789062,3412300
2015-12-09,GLD,102.63999938964844,6026300
2015-12-10,GLD,102.55000305175781,3853500
2015-12-11,GLD,103.11000061035156,6798400
2015-12-14,GLD,101.79000091552734,5563800
2015-12-15,GLD,101.5199966430664,6831100
2015-12-16,GLD,102.75,8292200
2015-12-17,GLD,100.5,10156200
2015-12-18,GLD,102.04000091552734,8345900
2015-12-21,GLD,103.1500015258789,6378900
2015-12-22,GLD,102.61000061035156,4123500
2015-12-23,GLD,102.30999755859375,2821400
2015-12-24,GLD,103.05000305175781,1710200
2015-12-28,GLD,102.2699966430664,3356200
2015-12-29,GLD,102.19999694824219,2832200
2015-12-30,GLD,101.41999816894531,3745000
2015-12-31,GLD,101.45999908447266,3823600
2016-01-04,GLD,102.88999938964844,6440000
2016-01-05,GLD,103.18000030517578,3500300
2016-01-06,GLD,104.66999816894531,9316600
2016-01-07,GLD,106.1500015258789,11730400
2016-01-08,GLD,105.68000030517578,7678200
2016-01-11,GLD,104.73999786376953,6272400
2016-01-12,GLD,104.20999908447266,5540200
2016-01-13,GLD,104.72000122070312,7324200
2016-01-14,GLD,103.0199966430664,9989100
2016-01-15,GLD,104.08000183105469,10052700
2016-01-19,GLD,103.9800033569336,4588400
2016-01-20,GLD,105.37000274658203,10120900
2016-01-21,GLD,105.48999786376953,5425000
2016-01-22,GLD,105.0,4185300
2016-01-25,GLD,106.08000183105469,6819400
2016-01-26,GLD,107.29000091552734,8443400
2016-01-27,GLD,107.69000244140625,8273400
2016-01-28,GLD,106.54000091552734,5914200
2016-01-29,GLD,106.94999694824219,8098700
2016-02-01,GLD,108.05000305175781,10471800
2016-02-02,GLD,108.08999633789062,6656000
2016-02-03,GLD,109.25,15785200
2016-02-04,GLD,110.56999969482422,13213700
2016-02-05,GLD,112.31999969482422,14777300
2016-02-08,GLD,113.83000183105469,28341200
2016-02-09,GLD,113.58000183105469,18156700
2016-02-10,GLD,114.45999908447266,13311100
2016-02-11,GLD,119.05999755859375,49139000
2016-02-12,GLD,118.36000061035156,16981200
2016-02-16,GLD,114.7699966430664,14601700
2016-02-17,GLD,115.4800033569336,10582400
2016-02-18,GLD,118.29000091552734,13586500
2016-02-19,GLD,117.58000183105469,15192000
2016-02-22,GLD,115.48999786376953,10677800
2016-02-23,GLD,117.22000122070312,9033400
2016-02-24,GLD,117.61000061035156,17938800
2016-02-25,GLD,117.91999816894531,12500300
2016-02-26,GLD,117.11000061035156,12505100
2016-02-29,GLD,118.63999938964844,11517500
2016-03-01,GLD,117.7699966430664,14139300
2016-03-02,GLD,118.68000030517578,8903000
2016-03-03,GLD,120.7300033569336,18724100
2016-03-04,GLD,120.54000091552734,16261100
2016-03-07,GLD,121.13999938964844,9358600
2016-03-08,GLD,120.58000183105469,11531000
2016-03-09,GLD,119.58000183105469,8672900
2016-03-10,GLD,121.5,18104900
2016-03-11,GLD,119.41000366210938,10812300
2016-03-14,GLD,117.87000274658203,14236200
2016-03-15,GLD,117.95999908447266,9941800
2016-03-16,GLD,120.58999633789062,17334000
2016-03-17,GLD,120.12999725341797,9914300
2016-03-18,GLD,119.80000305175781,16965900
2016-03-21,GLD,118.95999908447266,7240600
2016-03-22,GLD,119.30999755859375,6786800
2016-03-23,GLD,116.61000061035156,15993700
2016-03-24,GLD,116.33000183105469,6280900
2016-03-28,GLD,116.5999984741211,3879100
2016-03-29,GLD,118.76000213623047,14472400
2016-03-30,GLD,117.0999984741211,10769100
2016-03-31,GLD,117.63999938964844,9348200
2016-04-01,GLD,116.93000030517578,10405400
2016-04-04,GLD,116.1500015258789,7643700
2016-04-05,GLD,117.66000366210938,8865900
2016-04-06,GLD,116.94000244140625,7549400
2016-04-07,GLD,118.61000061035156,11900500
2016-04-08,GLD,118.43000030517578,9078900
2016-04-11,GLD,120.02999877929688,9846000
2016-04-12,GLD,120.05000305175781,9689500
2016-04-13,GLD,118.7699966430664,8841500
2016-04-14,GLD,117.11000061035156,13165800
2016-04-15,GLD,117.91999816894531,7838100
2016-04-18,GLD,117.73999786376953,5809800
2016-04-19,GLD,119.58000183105469,21031500
2016-04-20,GLD,118.97000122070312,10233200
2016-04-21,GLD,119.41999816894531,14612800
2016-04-22,GLD,117.88999938964844,10047000
2016-04-25,GLD,118.2300033569336,4369400
2016-04-26,GLD,118.69999694824219,9906800
2016-04-27,GLD,119.04000091552734,7976400
2016-04-28,GLD,121.29000091552734,15133600
2016-04-29,GLD,123.6500015258789,19043900
2016-05-02,GLD,123.23999786376953,12137500
2016-05-03,GLD,122.95999908447266,9063600
2016-05-04,GLD,122.20999908447266,9398200
2016-05-05,GLD,122.06999969482422,8846900
2016-05-06,GLD,123.18000030517578,11366800
2016-05-09,GLD,120.6500015258789,9236200
2016-05-10,GLD,120.9800033569336,9845000
2016-05-11,GLD,122.12000274658203,7590100
2016-05-12,GLD,121.16000366210938,7447100
2016-05-13,GLD,121.70999908447266,7672800
2016-05-16,GLD,121.80000305175781,7103000
2016-05-17,GLD,122.22000122070312,8619800
2016-05-18,GLD,120.0999984741211,13381700
2016-05-19,GLD,119.87000274658203,14339700
2016-05-20,GLD,119.70999908447266,10379400
2016-05-23,GLD,119.37000274658203,8628200
2016-05-24,GLD,117.30000305175781,12772000
2016-05-25,GLD,116.9800033569336,10487300
2016-05-26,GLD,116.58000183105469,5893500
2016-05-27,GLD,115.62000274658203,8686700
2016-05-31,GLD,116.05999755859375,8187600
2016-06-01,GLD,115.94000244140625,8399600
2016-06-02,GLD,115.66999816894531,4591600
2016-06-03,GLD,118.87999725341797,14605100
2016-06-06,GLD,118.91999816894531,9887900
2016-06-07,GLD,118.81999969482422,4602900
2016-06-08,GLD,120.58000183105469,11661700
2016-06-09,GLD,121.25,12174000
2016-06-10,GLD,121.73999786376953,13940000
2016-06-13,GLD,122.63999938964844,12594200
2016-06-14,GLD,122.7699966430664,11651700
2016-06-15,GLD,123.68000030517578,15053000
2016-06-16,GLD,122.37999725341797,26635000
2016-06-17,GLD,123.94999694824219,15573800
2016-06-20,GLD,123.20999908447266,11866200
2016-06-21,GLD,120.83999633789062,14585600
2016-06-22,GLD,120.9000015258789,7861000
2016-06-23,GLD,120.11000061035156,10704900
2016-06-24,GLD,126.0,35782900
2016-06-27,GLD,126.68000030517578,21228800
2016-06-28,GLD,125.31999969482422,16001500
2016-06-29,GLD,125.83999633789062,12218400
2016-06-30,GLD,126.47000122070312,15981600
2016-07-01,GLD,128.41000366210938,14940700
2016-07-05,GLD,129.47000122070312,19026200
2016-07-06,GLD,130.22999572753906,17376700
2016-07-07,GLD,129.74000549316406,16508500
2016-07-08,GLD,130.52000427246094,17634200
2016-07-11,GLD,129.2899932861328,10855600
2016-07-12,GLD,127.1500015258789,26459600
2016-07-13,GLD,128.32000732421875,7377700
2016-07-14,GLD,127.33000183105469,12132400
2016-07-15,GLD,126.83999633789062,13892100
2016-07-18,GLD,127.04000091552734,8489700
2016-07-19,GLD,127.20999908447266,5170700
2016-07-20,GLD,125.38999938964844,11777700
2016-07-21,GLD,127.30000305175781,9399200
2016-07-22,GLD,126.3499984741211,7716000
2016-07-25,GLD,125.47000122070312,13139400
2016-07-26,GLD,126.0,7613200
2016-07-27,GLD,128.02999877929688,17066400
2016-07-28,GLD,127.66000366210938,9261800
2016-07-29,GLD,128.97999572753906,13708200
2016-08-01,GLD,129.22000122070312,7109900
2016-08-02,GLD,130.27000427246094,7652800
2016-08-03,GLD,129.64999389648438,5010700
2016-08-04,GLD,129.8699951171875,4908100
2016-08-05,GLD,127.55000305175781,16205100
2016-08-08,GLD,127.44000244140625,6773800
2016-08-09,GLD,127.95999908447266,7500400
2016-08-10,GLD,128.55999755859375,6196200
2016-08-11,GLD,127.66999816894531,9763800
2016-08-12,GLD,127.4000015258789,15395800
2016-08-15,GLD,127.83999633789062,4530800
2016-08-16,GLD,128.47000122070312,8678100
2016-08-17,GLD,128.5,12034800
2016-08-18,GLD,129.11000061035156,9500600
2016-08-19,GLD,127.97000122070312,10660100
2016-08-22,GLD,127.77999877929688,8627200
2016-08-23,GLD,127.76000213623047,9038500
2016-08-24,GLD,126.33999633789062,13539700
2016-08-25,GLD,126.2300033569336,5926300
2016-08-26,GLD,126.05000305175781,17967700
2016-08-29,GLD,126.30000305175781,5562400
2016-08-30,GLD,125.02999877929688,9877000
2016-08-31,GLD,124.77999877929688,13324100
2016-09-01,GLD,125.29000091552734,12877700
2016-09-02,GLD,126.56999969482422,11318600
2016-09-06,GLD,128.7100067138672,15115300
2016-09-07,GLD,128.27000427246094,8859800
2016-09-08,GLD,127.58999633789062,10561800
2016-09-09,GLD,126.75,12485600
2016-09-12,GLD,126.58999633789062,11140300
2016-09-13,GLD,125.75,8866400
2016-09-14,GLD,126.18000030517578,5820700
2016-09-15,GLD,125.37000274658203,12790400
2016-09-16,GLD,125.05999755859375,18995100
2016-09-19,GLD,125.31999969482422,4959600
2016-09-20,GLD,125.44000244140625,5672000
2016-09-21,GLD,127.2699966430664,13646400
2016-09-22,GLD,127.56999969482422,15188000
2016-09-23,GLD,127.6500015258789,7702300
2016-09-26,GLD,127.55000305175781,5842700
2016-09-27,GLD,126.62000274658203,6220700
2016-09-28,GLD,126.22000122070312,6757700
2016-09-29,GLD,126.06999969482422,7448400
2016-09-30,GLD,125.63999938964844,11204300
2016-10-03,GLD,125.31999969482422,9044100
2016-10-04,GLD,120.97000122070312,24372700
2016-10-05,GLD,120.77999877929688,14718100
2016-10-06,GLD,119.66000366210938,17917700
2016-10-07,GLD,119.73999786376953,17907300
2016-10-10,GLD,120.16000366210938,4514400
2016-10-11,GLD,119.55000305175781,6065300
2016-10-12,GLD,119.73999786376953,4848600
2016-10-13,GLD,120.02999877929688,7184600
2016-10-14,GLD,119.36000061035156,6577300
2016-10-17,GLD,119.68000030517578,4777900
2016-10-18,GLD,120.41999816894531,4919700
2016-10-19,GLD,121.11000061035156,6019800
2016-10-20,GLD,120.73999786376953,6496700
2016-10-21,GLD,120.83000183105469,6707800
2016-10-24,GLD,120.55999755859375,5481100
2016-10-25,GLD,121.47000122070312,6141100
2016-10-26,GLD,120.79000091552734,3905900
2016-10-27,GLD,121.01000213623047,4336000
2016-10-28,GLD,121.58000183105469,11639900
2016-10-31,GLD,121.94000244140625,7722100
2016-11-01,GLD,122.7300033569336,13384300
2016-11-02,GLD,123.63999938964844,15692400
2016-11-03,GLD,124.30000305175781,10093100
2016-11-04,GLD,124.38999938964844,8594600
2016-11-07,GLD,122.1500015258789,10015000
2016-11-08,GLD,121.63999938964844,9480600
2016-11-09,GLD,121.55999755859375,18236500
2016-11-10,GLD,119.75,22268000
2016-11-11,GLD,117.0999984741211,20381800
2016-11-14,GLD,116.11000061035156,20729400
2016-11-15,GLD,117.12000274658203,9348600
2016-11-16,GLD,116.7699966430664,5486100
2016-11-17,GLD,116.16999816894531,10342300
2016-11-18,GLD,115.1500015258789,10444300
2016-11-21,GLD,115.58000183105469,6654200
2016-11-22,GLD,115.54000091552734,6391900
2016-11-23,GLD,113.25,20982100
2016-11-25,GLD,112.61000061035156,5345900
2016-11-28,GLD,113.80000305175781,5655400
2016-11-29,GLD,113.2699966430664,7438600
2016-11-30,GLD,111.75,10925500
2016-12-01,GLD,111.54000091552734,10237000
2016-12-02,GLD,112.13999938964844,7416500
2016-12-05,GLD,111.54000091552734,10187900
2016-12-06,GLD,111.43000030517578,5533700
2016-12-07,GLD,111.83000183105469,4901800
2016-12-08,GLD,111.56999969482422,5977800
2016-12-09,GLD,110.4000015258789,10507700
2016-12-12,GLD,110.81999969482422,6156700
2016-12-13,GLD,110.44999694824219,7961600
2016-12-14,GLD,108.83000183105469,12933600
2016-12-15,GLD,107.33999633789062,14427500
2016-12-16,GLD,108.05000305175781,10602800
2016-12-19,GLD,108.58999633789062,5339100
2016-12-20,GLD,107.79000091552734,7321100
2016-12-21,GLD,107.8499984741211,5188700
2016-12-22,GLD,107.58999633789062,4942800
2016-12-23,GLD,107.93000030517578,5012200
2016-12-27,GLD,108.55999755859375,3685500
2016-12-28,GLD,108.86000061035156,5091200
2016-12-29,GLD,110.29000091552734,7563900
2016-12-30,GLD,109.61000061035156,8873700
2017-01-03,GLD,110.47000122070312,7527400
2017-01-04,GLD,110.86000061035156,4904100
2017-01-05,GLD,112.58000183105469,9606800
2017-01-06,GLD,111.75,7686100
2017-01-09,GLD,112.66999816894531,5674600
2017-01-10,GLD,113.1500015258789,6093400
2017-01-11,GLD,113.5,9918700
2017-01-12,GLD,113.91000366210938,8457300
2017-01-13,GLD,114.20999908447266,7261500
2017-01-17,GLD,115.8499984741211,9142400
2017-01-18,GLD,114.87000274658203,6498100
2017-01-19,GLD,114.7699966430664,6437000
2017-01-20,GLD,115.05000305175781,12261500
2017-01-23,GLD,115.79000091552734,6373100
2017-01-24,GLD,115.2699966430664,5798800
2017-01-25,GLD,114.31999969482422,6697500
2017-01-26,GLD,113.26000213623047,5390500
2017-01-27,GLD,113.48999786376953,6706600
2017-01-30,GLD,113.97000122070312,7687800
2017-01-31,GLD,115.55000305175781,10421900
2017-02-01,GLD,115.19999694824219,6932900
2017-02-02,GLD,115.83999633789062,7189500
2017-02-03,GLD,116.12999725341797,9455500
2017-02-06,GLD,117.69999694824219,8547800
2017-02-07,GLD,117.45999908447266,8621000
2017-02-08,GLD,118.19000244140625,9633400
2017-02-09,GLD,117.29000091552734,8177200
2017-02-10,GLD,117.5999984741211,9072100
2017-02-13,GLD,116.80000305175781,7354900
2017-02-14,GLD,116.93000030517578,6927800
2017-02-15,GLD,117.44999694824219,7088400
2017-02-16,GLD,118.08000183105469,6378700
2017-02-17,GLD,117.68000030517578,7338100
2017-02-21,GLD,117.75,6166900
2017-02-22,GLD,117.91000366210938,6057200
2017-02-23,GLD,118.94000244140625,7523300
2017-02-24,GLD,119.69999694824219,9809000
2017-02-27,GLD,119.12000274658203,9263500
2017-02-28,GLD,119.2300033569336,8727800
2017-03-01,GLD,119.05999755859375,8679600
2017-03-02,GLD,117.58000183105469,10986300
2017-03-03,GLD,117.51000213623047,10665800
2017-03-06,GLD,116.72000122070312,4883500
2017-03-07,GLD,115.77999877929688,6846300
2017-03-08,GLD,115.05999755859375,7620900
2017-03-09,GLD,114.47000122070312,6410900
2017-03-10,GLD,114.72000122070312,7929500
2017-03-13,GLD,114.73999786376953,5807400
2017-03-14,GLD,114.12000274658203,5301800
2017-03-15,GLD,116.25,13524100
2017-03-16,GLD,116.7300033569336,9322000
2017-03-17,GLD,116.98999786376953,4683000
2017-03-20,GLD,117.51000213623047,4000200
2017-03-21,GLD,118.54000091552734,9567900
2017-03-22,GLD,118.83000183105469,7287400
2017-03-23,GLD,118.66999816894531,6201100
2017-03-24,GLD,118.86000061035156,6879600
2017-03-27,GLD,119.52999877929688,8519600
2017-03-28,GLD,119.04000091552734,7112800
2017-03-29,GLD,119.33000183105469,4911000
2017-03-30,GLD,118.47000122070312,6894600
2017-03-31,GLD,118.72000122070312,8520800
2017-04-03,GLD,119.3499984741211,6105700
2017-04-04,GLD,119.62000274658203,4687300
2017-04-05,GLD,119.62000274658203,8106000
2017-04-06,GLD,119.18000030517578,4633500
2017-04-07,GLD,119.45999908447266,12351100
2017-04-10,GLD,119.45999908447266,4623700
2017-04-11,GLD,121.19000244140625,12455300
2017-04-12,GLD,122.0199966430664,9502500
2017-04-13,GLD,122.5999984741211,9892600
2017-04-17,GLD,122.23999786376953,8469600
2017-04-18,GLD,122.81999969482422,10903700
2017-04-19,GLD,121.7300033569336,8472700
2017-04-20,GLD,121.95999908447266,11787300
2017-04-21,GLD,122.30999755859375,15608000
2017-04-24,GLD,121.4800033569336,11053600
2017-04-25,GLD,120.25,10344800
2017-04-26,GLD,120.83999633789062,9758800
2017-04-27,GLD,120.38999938964844,8267000
2017-04-28,GLD,120.7699966430664,9134200
2017-05-01,GLD,119.66999816894531,9331800
2017-05-02,GLD,119.6500015258789,4900800
2017-05-03,GLD,117.9800033569336,10811100
2017-05-04,GLD,116.79000091552734,12406900
2017-05-05,GLD,117.01000213623047,7127200
2017-05-08,GLD,116.75,5438400
2017-05-09,GLD,116.05000305175781,6801300
2017-05-10,GLD,116.04000091552734,4290500
2017-05-11,GLD,116.5,6274400
2017-05-12,GLD,116.83000183105469,5434500
2017-05-15,GLD,117.13999938964844,5019600
2017-05-16,GLD,117.6500015258789,4942800
2017-05-17,GLD,119.79000091552734,13936900
2017-05-18,GLD,118.80999755859375,10341100
2017-05-19,GLD,119.4000015258789,6787300
2017-05-22,GLD,119.9000015258789,5132500
2017-05-23,GLD,119.13999938964844,8305400
2017-05-24,GLD,119.61000061035156,7025000
2017-05-25,GLD,119.4800033569336,4105100
2017-05-26,GLD,120.54000091552734,6791600
2017-05-30,GLD,120.13999938964844,4507500
2017-05-31,GLD,120.62000274658203,10360700
2017-06-01,GLD,120.72000122070312,8702500
2017-06-02,GLD,121.61000061035156,7268100
2017-06-05,GLD,121.7300033569336,3979200
2017-06-06,GLD,123.0999984741211,10798500
2017-06-07,GLD,122.44999694824219,9039200
2017-06-08,GLD,121.6500015258789,8169800
2017-06-09,GLD,120.54000091552734,7054700
2017-06-12,GLD,120.36000061035156,4927400
2017-06-13,GLD,120.4800033569336,3786600
2017-06-14,GLD,119.81999969482422,21124800
2017-06-15,GLD,119.31999969482422,6796700
2017-06-16,GLD,119.33999633789062,6435700
2017-06-19,GLD,118.43000030517578,6787000
2017-06-20,GLD,118.18000030517578,4617400
2017-06-21,GLD,118.5199966430664,4723700
2017-06-22,GLD,118.91999816894531,5811900
2017-06-23,GLD,119.43000030517578,9258600
2017-06-26,GLD,118.36000061035156,6593400
2017-06-27,GLD,118.80999755859375,5759300
2017-06-28,GLD,118.9000015258789,4220100
2017-06-29,GLD,118.31999969482422,7705200
2017-06-30,GLD,118.0199966430664,7272600
2017-07-03,GLD,116.08999633789062,12145000
2017-07-05,GLD,116.5199966430664,7223300
2017-07-06,GLD,116.47000122070312,4443400
2017-07-07,GLD,115.27999877929688,11153600
2017-07-10,GLD,115.47000122070312,4970900
2017-07-11,GLD,115.62000274658203,6637900
2017-07-12,GLD,116.02999877929688,4654400
2017-07-13,GLD,115.81999969482422,4148900
2017-07-14,GLD,116.7699966430664,5788200
2017-07-17,GLD,117.29000091552734,5170800
2017-07-18,GLD,118.11000061035156,7158600
2017-07-19,GLD,118.08000183105469,3205100
2017-07-20,GLD,118.23999786376953,5571600
2017-07-21,GLD,119.26000213623047,10135900
2017-07-24,GLD,119.30999755859375,3654300
2017-07-25,GLD,118.91999816894531,6203000
2017-07-26,GLD,119.87999725341797,8527900
2017-07-27,GLD,119.79000091552734,6385200
2017-07-28,GLD,120.69000244140625,7393600
2017-07-31,GLD,120.75,3944600
2017-08-01,GLD,120.6500015258789,7365100
2017-08-02,GLD,120.4000015258789,5945300
2017-08-03,GLD,120.58999633789062,4275600
2017-08-04,GLD,119.6500015258789,8644800
2017-08-07,GLD,119.51000213623047,3010100
2017-08-08,GLD,119.86000061035156,7227200
2017-08-09,GLD,121.30999755859375,9186200
2017-08-10,GLD,122.20999908447266,9817900
2017-08-11,GLD,122.79000091552734,8019500
2017-08-14,GLD,121.91999816894531,6035300
2017-08-15,GLD,120.9800033569336,6731300
2017-08-16,GLD,121.87000274658203,8267300
2017-08-17,GLD,122.48999786376953,8183800
2017-08-18,GLD,122.30000305175781,13654200
2017-08-21,GLD,122.76000213623047,5549700
2017-08-22,GLD,122.20999908447266,6493900
2017-08-23,GLD,122.66999816894531,5038400
2017-08-24,GLD,122.29000091552734,4193400
2017-08-25,GLD,122.73999786376953,12398200
2017-08-28,GLD,124.69000244140625,11578300
2017-08-29,GLD,124.41999816894531,9861500
2017-08-30,GLD,124.36000061035156,6328400
2017-08-31,GLD,125.81999969482422,11775500
2017-09-01,GLD,126.05999755859375,11567400
2017-09-05,GLD,127.45999908447266,11813100
2017-09-06,GLD,126.80999755859375,10059300
2017-09-07,GLD,128.1300048828125,10219700
2017-09-08,GLD,127.97000122070312,9020000
2017-09-11,GLD,126.19000244140625,9126600
2017-09-12,GLD,126.55999755859375,8349000
2017-09-13,GLD,125.61000061035156,8491000
2017-09-14,GLD,126.16000366210938,5330700
2017-09-15,GLD,125.52999877929688,8375100
2017-09-18,GLD,124.36000061035156,8859800
2017-09-19,GLD,124.62000274658203,5826500
2017-09-20,GLD,123.62000274658203,11415400
2017-09-21,GLD,122.68000030517578,7757900
2017-09-22,GLD,123.23999786376953,6011900
2017-09-25,GLD,124.52999877929688,10257200
2017-09-26,GLD,123.13999938964844,8673600
2017-09-27,GLD,121.9800033569336,6903900
2017-09-28,GLD,122.20999908447266,5968200
2017-09-29,GLD,121.58000183105469,10208000
2017-10-02,GLD,120.7699966430664,11755400
2017-10-03,GLD,120.83000183105469,3728700
2017-10-04,GLD,121.16999816894531,6475200
2017-10-05,GLD,120.5199966430664,6205400
2017-10-06,GLD,121.08999633789062,10013300
2017-10-09,GLD,122.08000183105469,5264100
2017-10-10,GLD,122.4000015258789,9315500
2017-10-11,GLD,122.79000091552734,5649400
2017-10-12,GLD,122.88999938964844,3037600
2017-10-13,GLD,123.81999969482422,6820300
2017-10-16,GLD,122.97000122070312,8202000
2017-10-17,GLD,122.12999725341797,7041300
2017-10-18,GLD,121.66999816894531,3666400
2017-10-19,GLD,122.38999938964844,5567300
2017-10-20,GLD,121.61000061035156,8481100
2017-10-23,GLD,121.80000305175781,5069700
2017-10-24,GLD,121.33000183105469,5114100
2017-10-25,GLD,121.3499984741211,4282400
2017-10-26,GLD,120.33000183105469,6438800
2017-10-27,GLD,120.9000015258789,6664200
2017-10-30,GLD,121.12999725341797,5119200
2017-10-31,GLD,120.66999816894531,3910500
2017-11-01,GLD,121.11000061035156,4647800
2017-11-02,GLD,121.19000244140625,5369500
2017-11-03,GLD,120.62000274658203,6330600
2017-11-06,GLD,121.6500015258789,6953800
2017-11-07,GLD,121.20999908447266,4165900
2017-11-08,GLD,121.62999725341797,5565200
2017-11-09,GLD,122.12999725341797,6072400
2017-11-10,GLD,121.12999725341797,7116200
2017-11-13,GLD,121.30999755859375,6249300
2017-11-14,GLD,121.55999755859375,6189000
2017-11-15,GLD,121.41000366210938,4984800
2017-11-16,GLD,121.4000015258789,2796500
2017-11-17,GLD,122.86000061035156,10614000
2017-11-20,GLD,121.30999755859375,8356700
2017-11-21,GLD,121.51000213623047,4956500
2017-11-22,GLD,122.62999725341797,5211800
2017-11-24,GLD,122.31999969482422,1779700
2017-11-27,GLD,122.83000183105469,4961200
2017-11-28,GLD,122.80999755859375,5603100
2017-11-29,GLD,122.04000091552734,6138900
2017-11-30,GLD,121.0999984741211,7936300
2017-12-01,GLD,121.58999633789062,13080100
2017-12-04,GLD,121.18000030517578,6943700
2017-12-05,GLD,120.31999969482422,10041200
2017-12-06,GLD,120.06999969482422,6643000
2017-12-07,GLD,118.48999786376953,12900200
2017-12-08,GLD,118.4800033569336,5231300
2017-12-11,GLD,118.01000213623047,4522200
2017-12-12,GLD,118.1500015258789,8020100
2017-12-13,GLD,119.16999816894531,10086700
2017-12-14,GLD,118.93000030517578,6993600
2017-12-15,GLD,119.18000030517578,7532000
2017-12-18,GLD,119.7300033569336,5452200
2017-12-19,GLD,119.81999969482422,4018900
2017-12-20,GLD,120.13999938964844,5734600
2017-12-21,GLD,120.30999755859375,4823700
2017-12-22,GLD,120.94000244140625,5791300
2017-12-26,GLD,121.7699966430664,8224400
2017-12-27,GLD,122.2300033569336,6232700
2017-12-28,GLD,122.8499984741211,5732700
2017-12-29,GLD,123.6500015258789,7852100
2018-01-02,GLD,125.1500015258789,11762500
2018-01-03,GLD,124.81999969482422,7904300
2018-01-04,GLD,125.45999908447266,7329700
2018-01-05,GLD,125.33000183105469,5739900
2018-01-08,GLD,125.30999755859375,3566700
2018-01-09,GLD,124.7300033569336,9153600
2018-01-10,GLD,125.02999877929688,14809300
2018-01-11,GLD,125.44000244140625,5994700
2018-01-12,GLD,126.95999908447266,9258600
2018-01-16,GLD,127.16999816894531,8083900
2018-01-17,GLD,126.13999938964844,10130500
2018-01-18,GLD,125.86000061035156,6289300
2018-01-19,GLD,126.41999816894531,8773800
2018-01-22,GLD,126.6500015258789,4893500
2018-01-23,GLD,127.27999877929688,6190400
2018-01-24,GLD,128.8300018310547,11827600
2018-01-25,GLD,127.97000122070312,15219700
2018-01-26,GLD,128.07000732421875,7828700
2018-01-29,GLD,127.3499984741211,6956400
2018-01-30,GLD,126.80000305175781,9736100
2018-01-31,GLD,127.6500015258789,13418900
2018-02-01,GLD,128.07000732421875,10854600
2018-02-02,GLD,126.38999938964844,16789200
2018-02-05,GLD,126.70999908447266,13596300
2018-02-06,GLD,125.37999725341797,17672500
2018-02-07,GLD,124.79000091552734,8558500
2018-02-08,GLD,124.9800033569336,7343600
2018-02-09,GLD,124.7699966430664,14140700
2018-02-12,GLD,125.37000274658203,6984900
2018-02-13,GLD,126.08000183105469,5321300
2018-02-14,GLD,128.22999572753906,16416400
2018-02-15,GLD,128.3800048828125,7276500
2018-02-16,GLD,127.95999908447266,7956900
2018-02-20,GLD,126.23999786376953,11148700
2018-02-21,GLD,125.66000366210938,7908800
2018-02-22,GLD,126.30000305175781,5346300
2018-02-23,GLD,126.13999938964844,4239700
2018-02-26,GLD,126.44999694824219,3194300
2018-02-27,GLD,125.12999725341797,7082300
2018-02-28,GLD,125.0,4534900
2018-03-01,GLD,124.72000122070312,12910100
2018-03-02,GLD,125.38999938964844,9994300
2018-03-05,GLD,125.18000030517578,5778300
2018-03-06,GLD,126.52999877929688,8676800
2018-03-07,GLD,125.72000122070312,5158700
2018-03-08,GLD,125.41999816894531,3474900
2018-03-09,GLD,125.54000091552734,5066800
2018-03-12,GLD,125.54000091552734,2884300
2018-03-13,GLD,125.77999877929688,4798300
2018-03-14,GLD,125.69999694824219,3777000
2018-03-15,GLD,124.9000015258789,6130100
2018-03-16,GLD,124.5999984741211,7402200
2018-03-19,GLD,124.87000274658203,4335400
2018-03-20,GLD,124.30999755859375,3399400
2018-03-21,GLD,126.4800033569336,12532000
2018-03-22,GLD,125.9800033569336,5298700
2018-03-23,GLD,127.61000061035156,12025900
2018-03-26,GLD,128.27999877929688,6169800
2018-03-27,GLD,127.48999786376953,6180700
2018-03-28,GLD,125.7300033569336,10254900
2018-03-29,GLD,125.79000091552734,7102000
2018-04-02,GLD,127.26000213623047,11421100
2018-04-03,GLD,126.30000305175781,6083700
2018-04-04,GLD,126.44999694824219,7488300
2018-04-05,GLD,125.80000305175781,5333000
2018-04-06,GLD,126.38999938964844,6121200
2018-04-09,GLD,126.81999969482422,4189900
2018-04-10,GLD,127.12000274658203,5268800
2018-04-11,GLD,128.11000061035156,12348600
2018-04-12,GLD,126.62000274658203,8141300
2018-04-13,GLD,127.44999694824219,6821300
2018-04-16,GLD,127.62999725341797,4600000
2018-04-17,GLD,127.75,4184100
2018-04-18,GLD,127.8499984741211,6755600
2018-04-19,GLD,127.5999984741211,8736100
2018-04-20,GLD,126.62999725341797,10403100
2018-04-23,GLD,125.62000274658203,6921500
2018-04-24,GLD,126.2300033569336,4733100
2018-04-25,GLD,125.41000366210938,5985700
2018-04-26,GLD,124.97000122070312,7517100
2018-04-27,GLD,125.5,5654000
2018-04-30,GLD,124.58999633789062,9830600
2018-05-01,GLD,123.70999908447266,7551600
2018-05-02,GLD,123.6500015258789,7614000
2018-05-03,GLD,124.27999877929688,4857400
2018-05-04,GLD,124.54000091552734,5883600
2018-05-07,GLD,124.56999969482422,3397500
2018-05-08,GLD,124.58999633789062,5551100
2018-05-09,GLD,124.33000183105469,4405600
2018-05-10,GLD,125.18000030517578,5218400
2018-05-11,GLD,125.0,4299200
2018-05-14,GLD,124.48999786376953,3753200
2018-05-15,GLD,122.4800033569336,10911900
2018-05-16,GLD,122.29000091552734,4943300
2018-05-17,GLD,122.36000061035156,7781300
2018-05-18,GLD,122.41000366210938,6837100
2018-05-21,GLD,122.4800033569336,4126700
2018-05-22,GLD,122.41000366210938,4579600
2018-05-23,GLD,122.54000091552734,7007300
2018-05-24,GLD,123.58999633789062,8850100
2018-05-25,GLD,123.20999908447266,7920700
2018-05-29,GLD,123.19000244140625,9013200
2018-05-30,GLD,123.37000274658203,4573700
2018-05-31,GLD,123.0999984741211,7862500
2018-06-01,GLD,122.48999786376953,8059100
2018-06-04,GLD,122.37000274658203,4345400
2018-06-05,GLD,122.8499984741211,6864200
2018-06-06,GLD,122.91999816894531,4083700
2018-06-07,GLD,122.86000061035156,3700700
2018-06-08,GLD,123.01000213623047,3865700
2018-06-11,GLD,123.2300033569336,3201200
2018-06-12,GLD,122.81999969482422,7279600
2018-06-13,GLD,123.19000244140625,5867700
2018-06-14,GLD,123.37999725341797,8015400
2018-06-15,GLD,121.33999633789062,14537000
2018-06-18,GLD,121.11000061035156,3846000
2018-06-19,GLD,120.80000305175781,4925800
2018-06-20,GLD,120.26000213623047,4548500
2018-06-21,GLD,120.05000305175781,5681900
2018-06-22,GLD,120.33999633789062,4489400
2018-06-25,GLD,119.88999938964844,9300200
2018-06-26,GLD,119.26000213623047,8674500
2018-06-27,GLD,118.58000183105469,6480100
2018-06-28,GLD,118.22000122070312,7760500
2018-06-29,GLD,118.6500015258789,8002800
2018-07-02,GLD,117.45999908447266,12021900
2018-07-03,GLD,118.6500015258789,8901000
2018-07-05,GLD,119.05000305175781,4951900
2018-07-06,GLD,118.86000061035156,2946900
2018-07-09,GLD,119.1500015258789,4074900
2018-07-10,GLD,118.93000030517578,3754800
2018-07-11,GLD,117.63999938964844,6974500
2018-07-12,GLD,118.12999725341797,4585300
2018-07-13,GLD,117.61000061035156,5444300
2018-07-16,GLD,117.55000305175781,3670700
2018-07-17,GLD,116.27999877929688,7939600
2018-07-18,GLD,116.30999755859375,5391800
2018-07-19,GLD,115.80999755859375,14227600
2018-07-20,GLD,116.55999755859375,7892000
2018-07-23,GLD,116.0,6247100
2018-07-24,GLD,116.04000091552734,4801000
2018-07-25,GLD,116.68000030517578,5479600
2018-07-26,GLD,115.7699966430664,6382700
2018-07-27,GLD,115.83000183105469,5242000
2018-07-30,GLD,115.6500015258789,4157400
2018-07-31,GLD,115.98999786376953,5508500
2018-08-01,GLD,115.13999938964844,7941700
2018-08-02,GLD,114.5199966430664,6204200
2018-08-03,GLD,114.91999816894531,5953200
2018-08-06,GLD,114.33000183105469,5811600
2018-08-07,GLD,114.58999633789062,5188000
2018-08-08,GLD,114.91000366210938,3808000
2018-08-09,GLD,114.73999786376953,4253000
2018-08-10,GLD,114.69000244140625,6757900
2018-08-13,GLD,112.95999908447266,9150900
2018-08-14,GLD,113.06999969482422,7085900
2018-08-15,GLD,111.19000244140625,12398400
2018-08-16,GLD,111.0999984741211,7484600
2018-08-17,GLD,112.12999725341797,8471000
2018-08-20,GLD,112.69000244140625,5313400
2018-08-21,GLD,113.0199966430664,5042400
2018-08-22,GLD,113.2699966430664,6215600
2018-08-23,GLD,112.19999694824219,5500100
2018-08-24,GLD,114.16000366210938,9214700
2018-08-27,GLD,114.58999633789062,4364000
2018-08-28,GLD,113.68000030517578,6101400
2018-08-29,GLD,114.19999694824219,5616300
2018-08-30,GLD,113.63999938964844,5431600
2018-08-31,GLD,113.51000213623047,5048700
2018-09-04,GLD,112.93000030517578,6617500
2018-09-05,GLD,113.31999969482422,4459200
2018-09-06,GLD,113.54000091552734,4784700
2018-09-07,GLD,113.2300033569336,3714000
2018-09-10,GLD,113.1500015258789,2316500
2018-09-11,GLD,113.22000122070312,3791300
2018-09-12,GLD,114.16999816894531,6315900
2018-09-13,GLD,113.76000213623047,5635900
2018-09-14,GLD,113.0199966430664,5375600
2018-09-17,GLD,113.61000061035156,4727300
2018-09-18,GLD,113.44000244140625,4737800
2018-09-19,GLD,113.87999725341797,4223200
2018-09-20,GLD,114.2699966430664,4384200
2018-09-21,GLD,113.48999786376953,6831400
2018-09-24,GLD,113.47000122070312,4435300
2018-09-25,GLD,113.6500015258789,3004800
2018-09-26,GLD,113.05000305175781,8297300
2018-09-27,GLD,112.05000305175781,7683400
2018-09-28,GLD,112.76000213623047,6020600
2018-10-01,GLD,112.56999969482422,3892600
2018-10-02,GLD,113.87000274658203,10776700
2018-10-03,GLD,113.41999816894531,6674500
2018-10-04,GLD,113.4800033569336,6616200
2018-10-05,GLD,113.80000305175781,7994400
2018-10-08,GLD,112.54000091552734,12111600
2018-10-09,GLD,112.5999984741211,8352300
2018-10-10,GLD,112.87999725341797,10571300
2018-10-11,GLD,115.77999877929688,26810900
2018-10-12,GLD,115.2300033569336,12939300
2018-10-15,GLD,116.0,11828400
2018-10-16,GLD,115.80000305175781,9531800
2018-10-17,GLD,115.79000091552734,7078600
2018-10-18,GLD,115.91999816894531,7964100
2018-10-19,GLD,116.01000213623047,7453900
2018-10-22,GLD,115.70999908447266,5200500
2018-10-23,GLD,116.38999938964844,12704200
2018-10-24,GLD,116.66000366210938,8563300
2018-10-25,GLD,116.4000015258789,8303500
2018-10-26,GLD,116.7699966430664,15733100
2018-10-29,GLD,116.30999755859375,8732500
2018-10-30,GLD,115.80000305175781,7233300
2018-10-31,GLD,115.1500015258789,11409300
2018-11-01,GLD,116.62999725341797,13662900
2018-11-02,GLD,116.6500015258789,8796900
2018-11-05,GLD,116.37000274658203,6291500
2018-11-06,GLD,116.04000091552734,7270800
2018-11-07,GLD,116.02999877929688,8392100
2018-11-08,GLD,115.77999877929688,7638800
2018-11-09,GLD,114.4800033569336,14159200
2018-11-12,GLD,113.66000366210938,7498600
2018-11-13,GLD,113.69999694824219,9309000
2018-11-14,GLD,114.63999938964844,13950200
2018-11-15,GLD,114.7699966430664,8910600
2018-11-16,GLD,115.62000274658203,8577000
2018-11-19,GLD,115.66999816894531,8508300
2018-11-20,GLD,115.66999816894531,9075100
2018-11-21,GLD,115.86000061035156,8834200
2018-11-23,GLD,115.7699966430664,3726600
2018-11-26,GLD,115.63999938964844,4018600
2018-11-27,GLD,114.94999694824219,9671100
2018-11-28,GLD,115.37999725341797,13788800
2018-11-29,GLD,115.73999786376953,6479300
2018-11-30,GLD,115.54000091552734,8169600
2018-12-03,GLD,116.41000366210938,8469500
2018-12-04,GLD,117.12000274658203,7186100
2018-12-06,GLD,117.13999938964844,9267600
2018-12-07,GLD,118.08999633789062,10402900
2018-12-10,GLD,117.68000030517578,8117900
2018-12-11,GLD,117.54000091552734,6395400
2018-12-12,GLD,117.79000091552734,4136800
2018-12-13,GLD,117.52999877929688,4131800
2018-12-14,GLD,117.05999755859375,7501700
2018-12-17,GLD,117.87000274658203,8454900
2018-12-18,GLD,118.1500015258789,7542900
2018-12-19,GLD,117.43000030517578,13827500
2018-12-20,GLD,119.23999786376953,18615100
2018-12-21,GLD,118.72000122070312,13629800
2018-12-24,GLD,120.0199966430664,9736400
2018-12-26,GLD,119.66000366210938,14293500
2018-12-27,GLD,120.56999969482422,11874400
2018-12-28,GLD,121.05999755859375,6864700
2018-12-31,GLD,121.25,8449400
2019-01-02,GLD,121.33000183105469,12776200
2019-01-03,GLD,122.43000030517578,15440800
2019-01-04,GLD,121.44000244140625,13334000
2019-01-07,GLD,121.86000061035156,7473600
2019-01-08,GLD,121.52999877929688,7643100
2019-01-09,GLD,122.30999755859375,10555900
2019-01-10,GLD,121.58999633789062,6672000
2019-01-11,GLD,121.80000305175781,8622400
2019-01-14,GLD,122.08999633789062,6477100
2019-01-15,GLD,121.87999725341797,7512500
2019-01-16,GLD,122.2699966430664,6878100
2019-01-17,GLD,122.11000061035156,8558500
2019-01-18,GLD,121.0199966430664,10896000
2019-01-22,GLD,121.44999694824219,7896500
2019-01-23,GLD,121.27999877929688,5224900
2019-01-24,GLD,121.08999633789062,5662500
2019-01-25,GLD,122.86000061035156,11103300
2019-01-28,GLD,123.29000091552734,8522200
2019-01-29,GLD,123.9800033569336,11610200
2019-01-30,GLD,124.69000244140625,12104000
2019-01-31,GLD,124.75,10209500
2019-02-01,GLD,124.5,12485500
2019-02-04,GLD,123.95999908447266,6878900
2019-02-05,GLD,124.27999877929688,6291100
2019-02-06,GLD,123.44000244140625,6595100
2019-02-07,GLD,123.73999786376953,5935500
2019-02-08,GLD,124.20999908447266,4235200
2019-02-11,GLD,123.5999984741211,4821800
2019-02-12,GLD,123.86000061035156,4271900
2019-02-13,GLD,123.37000274658203,7640500
2019-02-14,GLD,124.05999755859375,6276500
2019-02-15,GLD,124.80000305175781,12190100
2019-02-19,GLD,126.69999694824219,15614000
2019-02-20,GLD,126.4800033569336,8889700
2019-02-21,GLD,125.05000305175781,8634600
2019-02-22,GLD,125.5,5439400
2019-02-25,GLD,125.37000274658203,4882600
2019-02-26,GLD,125.58000183105469,5153200
2019-02-27,GLD,124.69000244140625,7935600
2019-02-28,GLD,123.98999786376953,7811700
2019-03-01,GLD,121.87999725341797,16411700
2019-03-04,GLD,121.55999755859375,10272600
2019-03-05,GLD,121.72000122070312,7120100
2019-03-06,GLD,121.61000061035156,4820400
2019-03-07,GLD,121.51000213623047,6088800
2019-03-08,GLD,122.83999633789062,10427700
2019-03-11,GLD,122.23999786376953,6708700
2019-03-12,GLD,122.9800033569336,6289900
2019-03-13,GLD,123.83999633789062,7377300
2019-03-14,GLD,122.41000366210938,6778200
2019-03-15,GLD,122.97000122070312,9412000
2019-03-18,GLD,123.04000091552734,7783200
2019-03-19,GLD,123.37999725341797,6558700
2019-03-20,GLD,124.18000030517578,11304900
2019-03-21,GLD,123.68000030517578,7739800
2019-03-22,GLD,123.97000122070312,5874000
2019-03-25,GLD,124.91999816894531,7288300
2019-03-26,GLD,124.30000305175781,5056100
2019-03-27,GLD,123.6500015258789,6595000
2019-03-28,GLD,121.9000015258789,11878300
2019-03-29,GLD,122.01000213623047,7093900
2019-04-01,GLD,121.52999877929688,13560000
2019-04-02,GLD,121.9800033569336,4475000
2019-04-03,GLD,121.80000305175781,6152200
2019-04-04,GLD,122.11000061035156,7508400
2019-04-05,GLD,121.9800033569336,5114500
2019-04-08,GLD,122.51000213623047,4270800
2019-04-09,GLD,123.1500015258789,4648400
2019-04-10,GLD,123.52999877929688,6344800
2019-04-11,GLD,121.94999694824219,11694500
2019-04-12,GLD,121.83000183105469,5272800
2019-04-15,GLD,121.5999984741211,4252400
2019-04-16,GLD,120.51000213623047,10097800
2019-04-17,GLD,120.27999877929688,4693900
2019-04-18,GLD,120.37000274658203,4090400
2019-04-22,GLD,120.37000274658203,2250900
2019-04-23,GLD,120.12000274658203,5574800
2019-04-24,GLD,120.47000122070312,4173000
2019-04-25,GLD,120.56999969482422,4836900
2019-04-26,GLD,121.37000274658203,6022700
2019-04-29,GLD,120.83000183105469,4469300
2019-04-30,GLD,121.19999694824219,4758600
2019-05-01,GLD,120.4000015258789,12331800
2019-05-02,GLD,119.94000244140625,6759600
2019-05-03,GLD,120.6500015258789,8414400
2019-05-06,GLD,120.80999755859375,3479600
2019-05-07,GLD,121.20999908447266,4010700
2019-05-08,GLD,120.91000366210938,4178800
2019-05-09,GLD,121.19999694824219,5015500
2019-05-10,GLD,121.43000030517578,4586000
2019-05-13,GLD,122.66999816894531,11130900
2019-05-14,GLD,122.45999908447266,5556000
2019-05-15,GLD,122.38999938964844,10299000
2019-05-16,GLD,121.51000213623047,6349400
2019-05-17,GLD,120.6500015258789,6589300
2019-05-20,GLD,120.63999938964844,4345800
2019-05-21,GLD,120.36000061035156,3845600
2019-05-22,GLD,120.23999786376953,3741800
2019-05-23,GLD,121.16999816894531,6054600
2019-05-24,GLD,121.30000305175781,2324700
2019-05-28,GLD,120.83000183105469,4303500
2019-05-29,GLD,120.87000274658203,4133200
2019-05-30,GLD,121.69000244140625,7757000
2019-05-31,GLD,123.33000183105469,15367000
2019-06-03,GLD,125.11000061035156,14173600
2019-06-04,GLD,125.1500015258789,7997100
2019-06-05,GLD,125.47000122070312,7637900
2019-06-06,GLD,125.87999725341797,5551800
2019-06-07,GLD,126.58999633789062,8145900
2019-06-10,GLD,125.33000183105469,5410000
2019-06-11,GLD,125.18000030517578,4757800
2019-06-12,GLD,125.83000183105469,5756200
2019-06-13,GLD,126.5999984741211,5374800
2019-06-14,GLD,126.55999755859375,9226100
2019-06-17,GLD,126.4800033569336,4763300
2019-06-18,GLD,127.12000274658203,10309600
2019-06-19,GLD,127.88999938964844,11660600
2019-06-20,GLD,131.11000061035156,18636300
2019-06-21,GLD,131.97999572753906,15068000
2019-06-24,GLD,133.94000244140625,17851800
2019-06-25,GLD,134.1999969482422,24772200
2019-06-26,GLD,132.97000122070312,12016400
2019-06-27,GLD,132.83999633789062,8412800
2019-06-28,GLD,133.1999969482422,8077000
2019-07-01,GLD,130.6199951171875,13317700
2019-07-02,GLD,133.41000366210938,13282100
2019-07-03,GLD,133.6300048828125,6351500
2019-07-05,GLD,132.13999938964844,11536600
2019-07-08,GLD,131.2899932861328,8028900
2019-07-09,GLD,131.75,6633400
2019-07-10,GLD,133.8300018310547,13920600
2019-07-11,GLD,132.6999969482422,7535100
2019-07-12,GLD,133.52999877929688,6309500
2019-07-15,GLD,133.52999877929688,4026600
2019-07-16,GLD,132.39999389648438,7966000
2019-07-17,GLD,134.5800018310547,11288300
2019-07-18,GLD,136.47999572753906,18448200
2019-07-19,GLD,134.47000122070312,18079200
2019-07-22,GLD,134.4499969482422,7570400
2019-07-23,GLD,133.69000244140625,9981400
2019-07-24,GLD,134.3699951171875,6715200
2019-07-25,GLD,133.4199981689453,11708200
2019-07-26,GLD,133.63999938964844,6249900
2019-07-29,GLD,134.52999877929688,9162400
2019-07-30,GLD,134.97999572753906,9458700
2019-07-31,GLD,133.2100067138672,18797200
2019-08-01,GLD,136.41000366210938,27719800
2019-08-02,GLD,135.88999938964844,13753200
2019-08-05,GLD,137.7899932861328,17519800
2019-08-06,GLD,138.91000366210938,9471200
2019-08-07,GLD,141.02000427246094,26671100
2019-08-08,GLD,141.72999572753906,13108600
2019-08-09,GLD,141.25999450683594,9485900
2019-08-12,GLD,142.6300048828125,15264000
2019-08-13,GLD,141.77999877929688,29842800
2019-08-14,GLD,142.75,20672900
2019-08-15,GLD,143.6999969482422,13467800
2019-08-16,GLD,142.77999877929688,11728800
2019-08-19,GLD,141.11000061035156,10552700
2019-08-20,GLD,142.2100067138672,7478500
2019-08-21,GLD,141.75999450683594,8114700
2019-08-22,GLD,141.39999389648438,6846500
2019-08-23,GLD,144.1699981689453,20282200
2019-08-26,GLD,144.19000244140625,12195800
2019-08-27,GLD,145.57000732421875,12844100
2019-08-28,GLD,145.16000366210938,11452400
2019-08-29,GLD,144.1199951171875,14762500
2019-08-30,GLD,143.75,9642200
2019-09-03,GLD,145.75,15615200
2019-09-04,GLD,146.66000366210938,11285900
2019-09-05,GLD,143.13999938964844,20293200
2019-09-06,GLD,141.9199981689453,14175200
2019-09-09,GLD,141.38999938964844,11323800
2019-09-10,GLD,140.17999267578125,12629200
2019-09-11,GLD,141.02999877929688,7453000
2019-09-12,GLD,141.32000732421875,12673700
2019-09-13,GLD,140.14999389648438,13451700
2019-09-16,GLD,141.32000732421875,8094600
2019-09-17,GLD,141.60000610351562,7010200
2019-09-18,GLD,140.7100067138672,15026300
2019-09-19,GLD,141.27999877929688,8057400
2019-09-20,GLD,142.9499969482422,12110000
2019-09-23,GLD,143.75,9006500
2019-09-24,GLD,144.50999450683594,10576300
2019-09-25,GLD,141.8300018310547,11648400
2019-09-26,GLD,141.7899932861328,7984600
2019-09-27,GLD,141.05999755859375,9804200
2019-09-30,GLD,138.8699951171875,15459100
2019-10-01,GLD,139.6300048828125,12476200
2019-10-02,GLD,141.25999450683594,11914300
2019-10-03,GLD,141.89999389648438,12396100
2019-10-04,GLD,141.89999389648438,9651000
2019-10-07,GLD,140.69000244140625,6127200
2019-10-08,GLD,141.9199981689453,10428900
2019-10-09,GLD,142.0500030517578,6927700
2019-10-10,GLD,140.80999755859375,9301700
2019-10-11,GLD,140.02999877929688,11333400
2019-10-14,GLD,140.58999633789062,4006700
2019-10-15,GLD,139.61000061035156,9128300
2019-10-16,GLD,140.41000366210938,10330300
2019-10-17,GLD,140.61000061035156,6131000
2019-10-18,GLD,140.4600067138672,6416100
2019-10-21,GLD,139.7899932861328,8306200
2019-10-22,GLD,140.1999969482422,3879700
2019-10-23,GLD,140.52999877929688,4155300
2019-10-24,GLD,141.52999877929688,6174800
2019-10-25,GLD,141.86000061035156,6011500
2019-10-28,GLD,140.63999938964844,5442000
2019-10-29,GLD,140.25,3835400
2019-10-30,GLD,141.02000427246094,6992900
2019-10-31,GLD,142.42999267578125,7050900
2019-11-01,GLD,142.55999755859375,8090000
2019-11-04,GLD,142.14999389648438,4740300
2019-11-05,GLD,139.85000610351562,11782300
2019-11-06,GLD,140.4499969482422,6416500
2019-11-07,GLD,138.27000427246094,15214200
2019-11-08,GLD,137.38999938964844,10377400
2019-11-11,GLD,137.05999755859375,7037300
2019-11-12,GLD,137.42999267578125,6448600
2019-11-13,GLD,137.97999572753906,8776000
2019-11-14,GLD,138.55999755859375,5220500
2019-11-15,GLD,138.2100067138672,10106700
2019-11-18,GLD,138.6199951171875,5717900
2019-11-19,GLD,138.69000244140625,4824400
2019-11-20,GLD,138.75999450683594,6892100
2019-11-21,GLD,138.0,4197200
2019-11-22,GLD,137.74000549316406,3620300
2019-11-25,GLD,137.0800018310547,6415800
2019-11-26,GLD,137.74000549316406,4724400
2019-11-27,GLD,137.00999450683594,4111000
2019-11-29,GLD,137.86000061035156,4516400
2019-12-02,GLD,137.7899932861328,8274700
2019-12-03,GLD,139.11000061035156,8481700
2019-12-04,GLD,138.9199981689453,6322300
2019-12-05,GLD,139.0,5671500
2019-12-06,GLD,137.6199951171875,8714500
2019-12-09,GLD,137.5800018310547,2711600
2019-12-10,GLD,137.97000122070312,3240800
2019-12-11,GLD,138.9199981689453,6097500
2019-12-12,GLD,138.42999267578125,8815100
2019-12-13,GLD,139.0500030517578,6964300
2019-12-16,GLD,139.0399932861328,4646100
2019-12-17,GLD,139.00999450683594,4287500
2019-12-18,GLD,139.02000427246094,3607600
2019-12-19,GLD,139.3800048828125,4975000
2019-12-20,GLD,139.52000427246094,4463900
2019-12-23,GLD,139.9499969482422,5180900
2019-12-24,GLD,141.27000427246094,5303700
2019-12-26,GLD,142.3800048828125,8342500
2019-12-27,GLD,142.3300018310547,5119900
2019-12-30,GLD,142.6300048828125,4810600
2019-12-31,GLD,142.89999389648438,5313500
2020-01-02,GLD,143.9499969482422,7733800
2020-01-03,GLD,145.86000061035156,12272800
2020-01-06,GLD,147.38999938964844,14403300
2020-01-07,GLD,147.97000122070312,7978500
2020-01-08,GLD,146.86000061035156,22248500
2020-01-09,GLD,146.02999877929688,10292300
2020-01-10,GLD,146.91000366210938,6183300
2020-01-13,GLD,145.82000732421875,7593800
2020-01-14,GLD,145.69000244140625,6589700
2020-01-15,GLD,146.5399932861328,6510000
2020-01-16,GLD,146.30999755859375,6069100
2020-01-17,GLD,146.5800018310547,11121100
2020-01-21,GLD,146.74000549316406,6086100
2020-01-22,GLD,146.7899932861328,4778200
2020-01-23,GLD,147.1199951171875,8419800
2020-01-24,GLD,147.97999572753906,9919900
2020-01-27,GLD,148.99000549316406,9988100
2020-01-28,GLD,147.66000366210938,7543100
2020-01-29,GLD,148.4600067138672,5013100
2020-01-30,GLD,148.47000122070312,9119500
2020-01-31,GLD,149.3300018310547,14788300
2020-02-03,GLD,148.36000061035156,9105300
2020-02-04,GLD,146.42999267578125,10525600
2020-02-05,GLD,146.61000061035156,6160700
2020-02-06,GLD,147.39999389648438,4819800
2020-02-07,GLD,147.7899932861328,6379300
2020-02-10,GLD,148.1699981689453,5793600
2020-02-11,GLD,147.66000366210938,5179400
2020-02-12,GLD,147.5399932861328,5040600
2020-02-13,GLD,148.3800048828125,7082100
2020-02-14,GLD,149.0,5345400
2020-02-18,GLD,150.91000366210938,11524900
2020-02-19,GLD,151.7899932861328,9269800
2020-02-20,GLD,152.41000366210938,8457300
2020-02-21,GLD,154.6999969482422,16344500
2020-02-24,GLD,156.08999633789062,27171000
2020-02-25,GLD,153.3000030517578,28091500
2020-02-26,GLD,153.97000122070312,17912500
2020-02-27,GLD,154.0,27878500
2020-02-28,GLD,148.3800048828125,42699600
2020-03-02,GLD,149.1999969482422,16295400
2020-03-03,GLD,153.88999938964844,28687700
2020-03-04,GLD,154.16000366210938,12315500
2020-03-05,GLD,157.49000549316406,17973500
2020-03-06,GLD,157.5500030517578,26973400
2020-03-09,GLD,157.80999755859375,24868700
2020-03-10,GLD,154.47999572753906,18811500
2020-03-11,GLD,153.92999267578125,18159900
2020-03-12,GLD,147.7899932861328,32893400
2020-03-13,GLD,143.27999877929688,35177200
2020-03-16,GLD,141.63999938964844,24496000
2020-03-17,GLD,143.55999755859375,24490300
2020-03-18,GLD,140.6999969482422,21953400
2020-03-19,GLD,138.0399932861328,20828900
2020-03-20,GLD,140.11000061035156,20056000
2020-03-23,GLD,146.3000030517578,28275200
2020-03-24,GLD,153.39999389648438,20743500
2020-03-25,GLD,151.3000030517578,16457200
2020-03-26,GLD,153.24000549316406,12778200
2020-03-27,GLD,152.25,9824600
2020-03-30,GLD,152.9199981689453,12080900
2020-03-31,GLD,148.0500030517578,13319500
2020-04-01,GLD,149.4499969482422,11827400
2020-04-02,GLD,151.89999389648438,9188300
2020-04-03,GLD,152.64999389648438,8469100
2020-04-06,GLD,156.8800048828125,14739300
2020-04-07,GLD,156.0399932861328,9195400
2020-04-08,GLD,154.64999389648438,7600800
2020-04-09,GLD,158.69000244140625,18123000
2020-04-13,GLD,161.41000366210938,20549200
2020-04-14,GLD,162.67999267578125,17095100
2020-04-15,GLD,161.85000610351562,12141900
2020-04-16,GLD,161.7100067138672,9233200
2020-04-17,GLD,158.57000732421875,14652700
2020-04-20,GLD,159.6999969482422,10688700
2020-04-21,GLD,158.61000061035156,12478100
2020-04-22,GLD,161.72999572753906,12902100
2020-04-23,GLD,163.33999633789062,14928500
2020-04-24,GLD,162.63999938964844,11199300
2020-04-27,GLD,161.55999755859375,9033500
2020-04-28,GLD,160.83999633789062,10383000
2020-04-29,GLD,161.72999572753906,12232300
2020-04-30,GLD,158.8000030517578,13633500
2020-05-01,GLD,159.77999877929688,10914300
2020-05-04,GLD,160.33999633789062,7986200
2020-05-05,GLD,161.02000427246094,10563100
2020-05-06,GLD,158.9499969482422,13352000
2020-05-07,GLD,161.38999938964844,13691700
2020-05-08,GLD,160.4199981689453,12240900
2020-05-11,GLD,159.4199981689453,11209800
2020-05-12,GLD,160.0399932861328,10406000
2020-05-13,GLD,161.5800018310547,10950400
2020-05-14,GLD,163.00999450683594,17084400
2020-05-15,GLD,163.92999267578125,13918800
2020-05-18,GLD,162.69000244140625,14133800
2020-05-19,GLD,164.25999450683594,8535800
2020-05-20,GLD,164.64999389648438,10666100
2020-05-21,GLD,162.25,11791000
2020-05-22,GLD,163.2100067138672,8540900
2020-05-26,GLD,160.88999938964844,13972000
2020-05-27,GLD,161.17999267578125,13063500
2020-05-28,GLD,161.72000122070312,9758500
2020-05-29,GLD,162.91000366210938,12581800
2020-06-01,GLD,163.66000366210938,8140200
2020-06-02,GLD,162.60000610351562,10388900
2020-06-03,GLD,159.60000610351562,17000500
2020-06-04,GLD,161.27999877929688,10094000
2020-06-05,GLD,158.00999450683594,16021200
2020-06-08,GLD,159.72000122070312,9244400
2020-06-09,GLD,161.25999450683594,9045600
2020-06-10,GLD,163.57000732421875,13009300
2020-06-11,GLD,162.38999938964844,11673900
2020-06-12,GLD,162.6199951171875,6895400
2020-06-15,GLD,162.3300018310547,8532500
2020-06-16,GLD,162.25,7964000
2020-06-17,GLD,162.55999755859375,4758200
2020-06-18,GLD,162.24000549316406,5397600
2020-06-19,GLD,164.02999877929688,12187400
2020-06-22,GLD,165.08999633789062,12385600
2020-06-23,GLD,166.47999572753906,12137300
2020-06-24,GLD,165.89999389648438,10901400
2020-06-25,GLD,165.8000030517578,7093800
2020-06-26,GLD,166.5399932861328,9753500
2020-06-29,GLD,166.6300048828125,6735700
2020-06-30,GLD,167.3699951171875,12762300
2020-07-01,GLD,166.6199951171875,13214800
2020-07-02,GLD,166.97999572753906,8753500
2020-07-06,GLD,167.97999572753906,7265700
2020-07-07,GLD,169.0399932861328,11633100
2020-07-08,GLD,170.08999633789062,11662700
2020-07-09,GLD,169.6300048828125,13327400
2020-07-10,GLD,169.19000244140625,8218000
2020-07-13,GLD,169.39999389648438,11095900
2020-07-14,GLD,170.19000244140625,9812700
2020-07-15,GLD,170.33999633789062,7533800
2020-07-16,GLD,168.72999572753906,10242400
2020-07-17,GLD,170.1199951171875,10296000
2020-07-20,GLD,170.94000244140625,10095500
2020-07-21,GLD,173.0,12826100
2020-07-22,GLD,175.6300048828125,18712500
2020-07-23,GLD,177.17999267578125,23006800
2020-07-24,GLD,178.6999969482422,15601300
2020-07-27,GLD,182.22999572753906,21115600
2020-07-28,GLD,183.75,21164600
2020-07-29,GLD,185.1300048828125,25640100
2020-07-30,GLD,183.75999450683594,18061200
2020-07-31,GLD,185.42999267578125,15876700
2020-08-03,GLD,185.63999938964844,12897000
2020-08-04,GLD,189.58999633789062,20773200
2020-08-05,GLD,191.35000610351562,27078100
2020-08-06,GLD,193.88999938964844,20640100
2020-08-07,GLD,190.80999755859375,24570200
2020-08-10,GLD,190.14999389648438,19047200
2020-08-11,GLD,179.94000244140625,45355000
2020-08-12,GLD,179.10000610351562,28660500
2020-08-13,GLD,183.3300018310547,18596800
2020-08-14,GLD,182.5399932861328,11792000
2020-08-17,GLD,186.5,15709800
2020-08-18,GLD,188.17999267578125,16291600
2020-08-19,GLD,182.24000549316406,24646900
2020-08-20,GLD,183.5,16692200
2020-08-21,GLD,182.02999877929688,12713700
2020-08-24,GLD,181.0,11605800
2020-08-25,GLD,181.22000122070312,10056100
2020-08-26,GLD,183.36000061035156,12715800
2020-08-27,GLD,181.24000549316406,16299200
2020-08-28,GLD,184.38999938964844,13200800
2020-08-31,GLD,184.8300018310547,10251200
2020-09-01,GLD,185.0500030517578,10662100
2020-09-02,GLD,182.6199951171875,11536900
2020-09-03,GLD,181.13999938964844,12148100
2020-09-04,GLD,181.63999938964844,11567900
2020-09-08,GLD,181.2899932861328,13229200
2020-09-09,GLD,183.0500030517578,8424100
2020-09-10,GLD,182.4600067138672,9143600
2020-09-11,GLD,182.4499969482422,7662300
2020-09-14,GLD,183.88999938964844,9709500
2020-09-15,GLD,183.4499969482422,7993700
2020-09-16,GLD,183.97000122070312,12702400
2020-09-17,GLD,182.9600067138672,8836200
2020-09-18,GLD,183.1999969482422,9959700
2020-09-21,GLD,179.52000427246094,17436100
2020-09-22,GLD,178.64999389648438,7977900
2020-09-23,GLD,174.7899932861328,18134000
2020-09-24,GLD,175.44000244140625,11759200
2020-09-25,GLD,174.94000244140625,6779200
2020-09-28,GLD,176.6999969482422,7109700
2020-09-29,GLD,178.19000244140625,8718500
2020-09-30,GLD,177.1199951171875,8371800
2020-10-01,GLD,178.6999969482422,10402800
2020-10-02,GLD,178.5399932861328,7488500
2020-10-05,GLD,179.41000366210938,6969600
2020-10-06,GLD,177.3000030517578,8632800
2020-10-07,GLD,177.22000122070312,6410900
2020-10-08,GLD,177.85000610351562,6530800
2020-10-09,GLD,181.0800018310547,15979800
2020-10-12,GLD,180.55999755859375,4843000
2020-10-13,GLD,177.72000122070312,8384300
2020-10-14,GLD,178.27000427246094,9076600
2020-10-15,GLD,178.9199981689453,6815400
2020-10-16,GLD,178.3000030517578,7260700
2020-10-19,GLD,178.38999938964844,6084400
2020-10-20,GLD,179.25,7121400
2020-10-21,GLD,180.60000610351562,7548100
2020-10-22,GLD,178.8300018310547,8377000
2020-10-23,GLD,178.63999938964844,5919300
2020-10-26,GLD,178.5500030517578,5105100
2020-10-27,GLD,179.02000427246094,5826900
2020-10-28,GLD,176.1300048828125,11734100
2020-10-29,GLD,175.39999389648438,8474500
2020-10-30,GLD,176.1999969482422,7303000
2020-11-02,GLD,177.91000366210938,6498400
2020-11-03,GLD,178.9199981689453,7577200
2020-11-04,GLD,178.82000732421875,11117300
2020-11-05,GLD,182.92999267578125,16102800
2020-11-06,GLD,183.19000244140625,10378300
2020-11-09,GLD,175.0800018310547,29800700
2020-11-10,GLD,175.66000366210938,11728500
2020-11-11,GLD,174.89999389648438,9008500
2020-11-12,GLD,175.9600067138672,7167900
2020-11-13,GLD,177.16000366210938,6469800
2020-11-16,GLD,177.14999389648438,8358500
2020-11-17,GLD,176.5,8229100
2020-11-18,GLD,175.49000549316406,7384700
2020-11-19,GLD,175.16000366210938,6965100
2020-11-20,GLD,175.69000244140625,6379400
2020-11-23,GLD,172.22999572753906,15510600
2020-11-24,GLD,169.58999633789062,19504000
2020-11-25,GLD,169.50999450683594,10286600
2020-11-27,GLD,167.7899932861328,10569100
2020-11-30,GLD,166.6699981689453,13210000
2020-12-01,GLD,170.17999267578125,13533300
2020-12-02,GLD,171.4600067138672,9199700
2020-12-03,GLD,172.80999755859375,10457300
2020-12-04,GLD,172.32000732421875,10098600
2020-12-07,GLD,174.88999938964844,10555100
2020-12-08,GLD,175.5,6348400
2020-12-09,GLD,172.5,10743200
2020-12-10,GLD,172.1699981689453,6564000
2020-12-11,GLD,172.49000549316406,6084800
2020-12-14,GLD,171.5399932861328,7644400
2020-12-15,GLD,173.94000244140625,6840500
2020-12-16,GLD,174.89999389648438,8174700
2020-12-17,GLD,176.74000549316406,9475800
2020-12-18,GLD,176.44000244140625,6789900
2020-12-21,GLD,175.8800048828125,8168900
2020-12-22,GLD,174.49000549316406,9442400
2020-12-23,GLD,175.64999389648438,6542800
2020-12-24,GLD,176.35000610351562,3695400
2020-12-28,GLD,175.7100067138672,7778700
2020-12-29,GLD,176.35000610351562,5983700
2020-12-30,GLD,177.6999969482422,5914000
2020-12-31,GLD,178.36000061035156,7540800
2021-01-04,GLD,182.3300018310547,14331400
2021-01-05,GLD,182.8699951171875,12718800
2021-01-06,GLD,179.89999389648438,18453500
2021-01-07,GLD,179.47999572753906,7110200
2021-01-08,GLD,173.33999633789062,24399900
2021-01-11,GLD,173.0,8571400
2021-01-12,GLD,174.1199951171875,9798500
2021-01-13,GLD,173.3699951171875,14110300
2021-01-14,GLD,173.27999877929688,13522700
2021-01-15,GLD,171.1300048828125,16172500
2021-01-19,GLD,172.5800018310547,7485700
2021-01-20,GLD,175.38999938964844,9456000
2021-01-21,GLD,175.27999877929688,7246800
2021-01-22,GLD,173.89999389648438,7269600
2021-01-25,GLD,174.0500030517578,5936800
2021-01-26,GLD,173.6199951171875,4685600
2021-01-27,GLD,172.52000427246094,9036500
2021-01-28,GLD,172.67999267578125,9392400
2021-01-29,GLD,172.61000061035156,11252800
2021-02-01,GLD,174.22999572753906,9105500
2021-02-02,GLD,172.11000061035156,7221700
2021-02-03,GLD,171.85000610351562,4658100
2021-02-04,GLD,168.14999389648438,13736600
2021-02-05,GLD,169.80999755859375,6538500
2021-02-08,GLD,171.52000427246094,6887500
2021-02-09,GLD,172.0800018310547,5131800
2021-02-10,GLD,172.7100067138672,6112800
2021-02-11,GLD,171.2100067138672,5994500
2021-02-12,GLD,170.69000244140625,6018900
2021-02-16,GLD,168.24000549316406,14761100
2021-02-17,GLD,166.3300018310547,11400700
2021-02-18,GLD,166.32000732421875,7498200
2021-02-19,GLD,167.00999450683594,8273500
2021-02-22,GLD,169.50999450683594,10072000
2021-02-23,GLD,169.1199951171875,8616800
2021-02-24,GLD,169.0,8890600
2021-02-25,GLD,165.82000732421875,16359400
2021-02-26,GLD,161.80999755859375,23730400
2021-03-01,GLD,161.52999877929688,13828300
2021-03-02,GLD,162.41000366210938,11424600
2021-03-03,GLD,160.6199951171875,13059900
2021-03-04,GLD,159.0399932861328,13870100
2021-03-05,GLD,159.13999938964844,12821600
2021-03-08,GLD,157.49000549316406,12134900
2021-03-09,GLD,160.83999633789062,10382600
2021-03-10,GLD,161.66000366210938,7962000
2021-03-11,GLD,161.52000427246094,6749200
2021-03-12,GLD,161.49000549316406,8608500
2021-03-15,GLD,162.1999969482422,8104500
2021-03-16,GLD,162.35000610351562,7547400
2021-03-17,GLD,163.50999450683594,12626700
2021-03-18,GLD,162.55999755859375,8711100
2021-03-19,GLD,163.24000549316406,6868900
2021-03-22,GLD,163.0,5240000
2021-03-23,GLD,161.80999755859375,6048300
2021-03-24,GLD,162.3699951171875,6183700
2021-03-25,GLD,161.77999877929688,8398600
2021-03-26,GLD,162.24000549316406,6153900
2021-03-29,GLD,160.30999755859375,8409300
2021-03-30,GLD,157.57000732421875,8353200
2021-03-31,GLD,159.9600067138672,10623800
2021-04-01,GLD,161.97999572753906,7105200
2021-04-05,GLD,161.9199981689453,6163800
2021-04-06,GLD,163.22000122070312,6761200
2021-04-07,GLD,162.75999450683594,5436000
2021-04-08,GLD,164.50999450683594,6574500
2021-04-09,GLD,163.27000427246094,6657900
2021-04-12,GLD,162.27999877929688,4896700
2021-04-13,GLD,163.42999267578125,6995900
2021-04-14,GLD,162.72000122070312,6312300
2021-04-15,GLD,165.35000610351562,8250600
2021-04-16,GLD,166.35000610351562,10057600
2021-04-19,GLD,165.88999938964844,5721700
2021-04-20,GLD,166.47999572753906,6532000
2021-04-21,GLD,168.1300048828125,8380200
2021-04-22,GLD,167.0399932861328,7680100
2021-04-23,GLD,166.39999389648438,7106400
2021-04-26,GLD,166.83999633789062,4786600
2021-04-27,GLD,166.4199981689453,5363500
2021-04-28,GLD,166.91000366210938,6932200
2021-04-29,GLD,166.22000122070312,9067600
2021-04-30,GLD,165.66000366210938,6248700
2021-05-03,GLD,167.80999755859375,9014700
2021-05-04,GLD,166.5800018310547,10267400
2021-05-05,GLD,167.27000427246094,5950000
2021-05-06,GLD,170.05999755859375,13574100
2021-05-07,GLD,171.58999633789062,14748600
2021-05-10,GLD,172.11000061035156,8276600
2021-05-11,GLD,172.13999938964844,8348200
2021-05-12,GLD,170.42999267578125,12666300
2021-05-13,GLD,171.1300048828125,8078300
2021-05-14,GLD,172.69000244140625,9686800
2021-05-17,GLD,174.6999969482422,11956800
2021-05-18,GLD,175.0399932861328,7294000
2021-05-19,GLD,175.16000366210938,20741100
2021-05-20,GLD,175.9600067138672,9802800
2021-05-21,GLD,176.0399932861328,7677200
2021-05-24,GLD,176.35000610351562,5557300
2021-05-25,GLD,177.9499969482422,8986900
2021-05-26,GLD,177.63999938964844,8495400
2021-05-27,GLD,177.7100067138672,7993000
2021-05-28,GLD,178.3800048828125,9967000
2021-06-01,GLD,177.89999389648438,9143300
2021-06-02,GLD,178.77000427246094,6613100
2021-06-03,GLD,175.27000427246094,10153900
2021-06-04,GLD,177.16000366210938,8375300
2021-06-07,GLD,177.8699951171875,7709100
2021-06-08,GLD,177.32000732421875,5905800
2021-06-09,GLD,176.97999572753906,6346100
2021-06-10,GLD,177.74000549316406,9896600
2021-06-11,GLD,175.74000549316406,7836900
2021-06-14,GLD,174.7100067138672,7733600
2021-06-15,GLD,174.0500030517578,7550200
2021-06-16,GLD,171.11000061035156,16919700
2021-06-17,GLD,165.85000610351562,27232200
2021-06-18,GLD,164.92999267578125,15744300
2021-06-21,GLD,166.9499969482422,8371000
2021-06-22,GLD,166.25,7223900
2021-06-23,GLD,166.13999938964844,8474300
2021-06-24,GLD,166.0399932861328,6903400
2021-06-25,GLD,166.58999633789062,7473700
2021-06-28,GLD,166.5800018310547,6508900
2021-06-29,GLD,164.8300018310547,7451400
2021-06-30,GLD,165.6300048828125,7955800
2021-07-01,GLD,166.1999969482422,7430500
2021-07-02,GLD,167.2899932861328,7873600
2021-07-06,GLD,168.1199951171875,7932100
2021-07-07,GLD,168.75999450683594,7108900
2021-07-08,GLD,168.64999389648438,7244300
2021-07-09,GLD,169.2100067138672,4997400
2021-07-12,GLD,169.0,7315400
2021-07-13,GLD,169.22000122070312,7040300
2021-07-14,GLD,171.0399932861328,8830300
2021-07-15,GLD,171.07000732421875,6520100
2021-07-16,GLD,169.41000366210938,9460300
2021-07-19,GLD,169.61000061035156,6707400
2021-07-20,GLD,169.38999938964844,6540100
2021-07-21,GLD,168.75999450683594,4622600
2021-07-22,GLD,169.08999633789062,4793600
2021-07-23,GLD,168.55999755859375,5831500
2021-07-26,GLD,168.16000366210938,5229800
2021-07-27,GLD,168.44000244140625,6300200
2021-07-28,GLD,169.2899932861328,7905800
2021-07-29,GLD,171.1699981689453,8119600
2021-07-30,GLD,169.82000732421875,7391700
2021-08-02,GLD,169.61000061035156,10783200
2021-08-03,GLD,169.49000549316406,5402300
2021-08-04,GLD,169.52999877929688,9796300
2021-08-05,GLD,168.86000061035156,8015000
2021-08-06,GLD,164.63999938964844,13547600
2021-08-09,GLD,161.72000122070312,11547000
2021-08-10,GLD,161.77000427246094,6870800
2021-08-11,GLD,164.0,7382400
2021-08-12,GLD,164.0399932861328,5211700
2021-08-13,GLD,166.38999938964844,7466900
2021-08-16,GLD,167.22000122070312,7776500
2021-08-17,GLD,166.97000122070312,7107000
2021-08-18,GLD,167.10000610351562,7697900
2021-08-19,GLD,166.61000061035156,6934300
2021-08-20,GLD,166.6999969482422,7154000
2021-08-23,GLD,168.72999572753906,8190500
2021-08-24,GLD,168.64999389648438,4519200
2021-08-25,GLD,167.47999572753906,5588800
2021-08-26,GLD,167.6699981689453,4371900
2021-08-27,GLD,170.19000244140625,10036400
2021-08-30,GLD,169.35000610351562,3768600
2021-08-31,GLD,169.69000244140625,6336000
2021-09-01,GLD,169.6999969482422,4764900
2021-09-02,GLD,169.25,4599800
2021-09-03,GLD,171.05999755859375,8353300
2021-09-07,GLD,167.7100067138672,10004600
2021-09-08,GLD,167.2899932861328,6576000
2021-09-09,GLD,168.02999877929688,6641400
2021-09-10,GLD,167.17999267578125,7426300
2021-09-13,GLD,167.74000549316406,5474300
2021-09-14,GLD,168.82000732421875,7922900
2021-09-15,GLD,167.8300018310547,5624900
2021-09-16,GLD,164.02999877929688,11780400
2021-09-17,GLD,163.77000427246094,8369700
2021-09-20,GLD,164.94000244140625,7566600
2021-09-21,GLD,166.0399932861328,7181500
2021-09-22,GLD,165.4199981689453,9777800
2021-09-23,GLD,163.50999450683594,8451900
2021-09-24,GLD,163.3000030517578,6937500
2021-09-27,GLD,163.63999938964844,4943000
2021-09-28,GLD,162.0500030517578,9282800
2021-09-29,GLD,161.32000732421875,8360700
2021-09-30,GLD,164.22000122070312,10572900
2021-10-01,GLD,164.58999633789062,6654700
2021-10-04,GLD,165.36000061035156,7651700
2021-10-05,GLD,164.58999633789062,5617300
2021-10-06,GLD,165.02999877929688,6067200
2021-10-07,GLD,164.16000366210938,4791500
2021-10-08,GLD,164.22999572753906,8536100
2021-10-11,GLD,163.9199981689453,3820100
2021-10-12,GLD,164.66000366210938,5453000
2021-10-13,GLD,167.58999633789062,11113800
2021-10-14,GLD,168.0,5081400
2021-10-15,GLD,165.3300018310547,8699200
2021-10-18,GLD,164.9199981689453,4029600
2021-10-19,GLD,165.4499969482422,6588500
2021-10-20,GLD,166.89999389648438,5022000
2021-10-21,GLD,166.75,4412400
2021-10-22,GLD,167.77000427246094,10703900
2021-10-25,GLD,168.92999267578125,4881300
2021-10-26,GLD,167.67999267578125,6658900
2021-10-27,GLD,168.1199951171875,5823100
2021-10-28,GLD,168.0800018310547,7000700
2021-10-29,GLD,166.64999389648438,7531900
2021-11-01,GLD,167.52000427246094,4975600
2021-11-02,GLD,167.16000366210938,3760700
2021-11-03,GLD,165.77000427246094,9055200
2021-11-04,GLD,167.64999389648438,6656100
2021-11-05,GLD,169.83999633789062,9368900
2021-11-08,GLD,170.4499969482422,4966100
2021-11-09,GLD,171.2899932861328,5781200
2021-11-10,GLD,173.14999389648438,11461800
2021-11-11,GLD,174.1199951171875,5959600
2021-11-12,GLD,174.4499969482422,7894800
2021-11-15,GLD,174.17999267578125,5630800
2021-11-16,GLD,172.9199981689453,8667300
2021-11-17,GLD,174.5,6523100
2021-11-18,GLD,173.94000244140625,6252000
2021-11-19,GLD,172.61000061035156,8785600
2021-11-22,GLD,168.74000549316406,13091900
2021-11-23,GLD,167.27999877929688,8047800
2021-11-24,GLD,167.1199951171875,5359500
2021-11-26,GLD,166.85000610351562,9605200
2021-11-29,GLD,166.6199951171875,7394900
2021-11-30,GLD,165.5,12925300
2021-12-01,GLD,166.16000366210938,7808600
2021-12-02,GLD,165.24000549316406,9604100
2021-12-03,GLD,166.6300048828125,9507900
2021-12-06,GLD,166.22000122070312,4813600
2021-12-07,GLD,166.80999755859375,4900700
2021-12-08,GLD,166.89999389648438,4288900
2021-12-09,GLD,165.8800048828125,4913800
2021-12-10,GLD,166.5800018310547,6450600
2021-12-13,GLD,167.0,6610700
2021-12-14,GLD,165.44000244140625,8637900
2021-12-15,GLD,166.14999389648438,14231200
2021-12-16,GLD,168.16000366210938,11186200
2021-12-17,GLD,167.8000030517578,9856900
2021-12-20,GLD,167.08999633789062,6973000
2021-12-21,GLD,167.02000427246094,4548500
2021-12-22,GLD,168.58999633789062,4672900
2021-12-23,GLD,168.97000122070312,4551100
2021-12-27,GLD,169.3699951171875,4760300
2021-12-28,GLD,168.63999938964844,4541900
2021-12-29,GLD,168.58999633789062,5889700
2021-12-30,GLD,169.8000030517578,5426300
2021-12-31,GLD,170.9600067138672,7039300
2022-01-03,GLD,168.3300018310547,9014400
2022-01-04,GLD,169.57000732421875,6965600
2022-01-05,GLD,169.05999755859375,8715600
2022-01-06,GLD,166.99000549316406,10902700
2022-01-07,GLD,167.75,8191900
2022-01-10,GLD,168.25999450683594,7026500
2022-01-11,GLD,170.2899932861328,8369000
2022-01-12,GLD,170.74000549316406,6280700
2022-01-13,GLD,170.16000366210938,7034200
2022-01-14,GLD,169.6699981689453,7865900
2022-01-18,GLD,169.38999938964844,9322800
2022-01-19,GLD,172.0800018310547,15784500
2022-01-20,GLD,171.64999389648438,9570500
2022-01-21,GLD,171.08999633789062,10982500
2022-01-24,GLD,172.02999877929688,15727700
2022-01-25,GLD,172.5800018310547,17382100
2022-01-26,GLD,169.7899932861328,17799400
2022-01-27,GLD,167.60000610351562,15867300
2022-01-28,GLD,167.10000610351562,9782500
2022-01-31,GLD,168.08999633789062,8539300
2022-02-01,GLD,168.22999572753906,9763900
2022-02-02,GLD,168.83999633789062,9085300
2022-02-03,GLD,168.60000610351562,10650800
2022-02-04,GLD,168.86000061035156,9619600
2022-02-07,GLD,170.11000061035156,7796900
2022-02-08,GLD,170.6300048828125,5802000
2022-02-09,GLD,171.2100067138672,8002800
2022-02-10,GLD,170.55999755859375,10693500
2022-02-11,GLD,173.80999755859375,25741500
2022-02-14,GLD,174.74000549316406,13650700
2022-02-15,GLD,173.0800018310547,12603600
2022-02-16,GLD,174.86000061035156,12772100
2022-02-17,GLD,177.25,18612500
2022-02-18,GLD,177.1199951171875,12760700
2022-02-22,GLD,177.49000549316406,14960500
2022-02-23,GLD,178.2899932861328,11772200
2022-02-24,GLD,177.13999938964844,32726000
2022-02-25,GLD,176.5500030517578,11530900
2022-02-28,GLD,178.3800048828125,16055800
2022-03-01,GLD,181.6199951171875,21942100
2022-03-02,GLD,179.72999572753906,19727200
2022-03-03,GLD,180.8000030517578,15164400
2022-03-04,GLD,183.67999267578125,22390100
2022-03-07,GLD,186.41000366210938,27951800
2022-03-08,GLD,191.50999450683594,47347700
2022-03-09,GLD,185.82000732421875,26839700
2022-03-10,GLD,186.39999389648438,18455200
2022-03-11,GLD,185.08999633789062,14824700
2022-03-14,GLD,182.3000030517578,13186400
2022-03-15,GLD,178.88999938964844,16962300
2022-03-16,GLD,180.00999450683594,17548100
2022-03-17,GLD,180.88999938964844,10954100
2022-03-18,GLD,179.3000030517578,13996500
2022-03-21,GLD,180.6699981689453,10582200
2022-03-22,GLD,179.36000061035156,9621800
2022-03-23,GLD,181.80999755859375,12557300
2022-03-24,GLD,183.1300048828125,10970100
2022-03-25,GLD,182.3800048828125,7911100
2022-03-28,GLD,179.05999755859375,9489700
2022-03-29,GLD,179.13999938964844,10458900
2022-03-30,GLD,180.5800018310547,8361300
2022-03-31,GLD,180.64999389648438,9844400
2022-04-01,GLD,179.5,13034400
2022-04-04,GLD,180.3699951171875,7063100
2022-04-05,GLD,179.24000549316406,10828500
2022-04-06,GLD,179.66000366210938,8942100
2022-04-07,GLD,180.33999633789062,10140600
2022-04-08,GLD,181.47000122070312,10655700
2022-04-11,GLD,182.3699951171875,10071300
2022-04-12,GLD,183.77000427246094,12024600
2022-04-13,GLD,184.64999389648438,8651600
2022-04-14,GLD,184.0399932861328,11567200
2022-04-18,GLD,184.61000061035156,8886700
2022-04-19,GLD,181.82000732421875,12585600
2022-04-20,GLD,182.7100067138672,7038600
2022-04-21,GLD,182.05999755859375,9639800
2022-04-22,GLD,180.2899932861328,9147000
2022-04-25,GLD,177.0500030517578,13073700
2022-04-26,GLD,177.32000732421875,9042400
2022-04-27,GLD,175.97999572753906,8854700
2022-04-28,GLD,176.92999267578125,6381100
2022-04-29,GLD,176.91000366210938,7719700
2022-05-02,GLD,173.6300048828125,14318600
2022-05-03,GLD,174.08999633789062,7214300
2022-05-04,GLD,175.8000030517578,10491700
2022-05-05,GLD,175.1300048828125,12794200
2022-05-06,GLD,175.4199981689453,7643300
2022-05-09,GLD,172.8800048828125,10742400
2022-05-10,GLD,171.4199981689453,11010400
2022-05-11,GLD,172.82000732421875,9179600
2022-05-12,GLD,170.1699981689453,11626800
2022-05-13,GLD,168.7899932861328,13031100
2022-05-16,GLD,170.39999389648438,7319300
2022-05-17,GLD,169.3300018310547,6441100
2022-05-18,GLD,169.4199981689453,7472900
2022-05-19,GLD,171.91000366210938,10580300
2022-05-20,GLD,172.02999877929688,6578100
2022-05-23,GLD,172.8300018310547,5518500
2022-05-24,GLD,174.1300048828125,6794000
2022-05-25,GLD,173.0800018310547,4595900
2022-05-26,GLD,172.75999450683594,6467000
2022-05-27,GLD,172.85000610351562,3847900
2022-05-31,GLD,171.13999938964844,6244000
2022-06-01,GLD,172.22999572753906,6946500
2022-06-02,GLD,174.35000610351562,5623100
2022-06-03,GLD,172.5800018310547,5519400
2022-06-06,GLD,171.82000732421875,3766000
2022-06-07,GLD,172.94000244140625,3860000
2022-06-08,GLD,172.77999877929688,5140800
2022-06-09,GLD,172.22999572753906,4701100
2022-06-10,GLD,174.5399932861328,16856100
2022-06-13,GLD,169.92999267578125,13265200
2022-06-14,GLD,168.57000732421875,7347900
2022-06-15,GLD,170.77000427246094,9000300
2022-06-16,GLD,172.69000244140625,8823600
2022-06-17,GLD,171.27000427246094,7407200
2022-06-21,GLD,170.6300048828125,5608500
2022-06-22,GLD,171.30999755859375,6558700
2022-06-23,GLD,170.25999450683594,6535300
2022-06-24,GLD,170.08999633789062,6143100
2022-06-27,GLD,169.89999389648438,5719700
2022-06-28,GLD,169.6199951171875,2982700
2022-06-29,GLD,169.49000549316406,4785600
2022-06-30,GLD,168.4600067138672,9144400
2022-07-01,GLD,168.32000732421875,11380300
2022-07-05,GLD,164.75,14035400
2022-07-06,GLD,162.13999938964844,11861100
2022-07-07,GLD,162.22999572753906,4588400
2022-07-08,GLD,162.3000030517578,4584100
2022-07-11,GLD,161.42999267578125,4321700
2022-07-12,GLD,160.8300018310547,5375100
2022-07-13,GLD,161.60000610351562,8456600
2022-07-14,GLD,159.3300018310547,12213600
2022-07-15,GLD,159.00999450683594,6783800
2022-07-18,GLD,159.16000366210938,5791800
2022-07-19,GLD,159.5399932861328,3796200
2022-07-20,GLD,158.0399932861328,4795800
2022-07-21,GLD,160.27000427246094,5863300
2022-07-22,GLD,160.6699981689453,5733800
2022-07-25,GLD,160.22999572753906,3713400
2022-07-26,GLD,160.0399932861328,2672800
2022-07-27,GLD,161.6699981689453,5766100
2022-07-28,GLD,163.63999938964844,5606400
2022-07-29,GLD,164.10000610351562,7537300
2022-08-01,GLD,165.02999877929688,4666900
2022-08-02,GLD,164.0500030517578,5725400
2022-08-03,GLD,164.4499969482422,4417800
2022-08-04,GLD,167.1699981689453,5502000
2022-08-05,GLD,165.2899932861328,6023300
2022-08-08,GLD,166.69000244140625,3456300
2022-08-09,GLD,167.1999969482422,3205500
2022-08-10,GLD,166.77999877929688,4077300
2022-08-11,GLD,166.33999633789062,4446000
2022-08-12,GLD,167.8699951171875,5151700
2022-08-15,GLD,165.7100067138672,5236100
2022-08-16,GLD,165.4199981689453,4291500
2022-08-17,GLD,164.35000610351562,5569100
2022-08-18,GLD,163.9199981689453,3646100
2022-08-19,GLD,162.72000122070312,8173000
2022-08-22,GLD,161.63999938964844,4458100
2022-08-23,GLD,162.77000427246094,4425100
2022-08-24,GLD,163.25,3202400
2022-08-25,GLD,163.75,2857500
2022-08-26,GLD,161.75999450683594,6689300
2022-08-29,GLD,161.86000061035156,4702300
2022-08-30,GLD,160.50999450683594,4856600
2022-08-31,GLD,159.27000427246094,5438600
2022-09-01,GLD,157.8699951171875,7390800
2022-09-02,GLD,159.25999450683594,5196900
2022-09-06,GLD,158.3300018310547,4863800
2022-09-07,GLD,159.94000244140625,3981400
2022-09-08,GLD,158.97999572753906,4607100
2022-09-09,GLD,159.82000732421875,3927800
2022-09-12,GLD,160.6300048828125,4537500
2022-09-13,GLD,158.5399932861328,6526400
2022-09-14,GLD,157.92999267578125,6091100
2022-09-15,GLD,154.97999572753906,13181200
2022-09-16,GLD,155.83999633789062,7141200
2022-09-19,GLD,155.9600067138672,5582800
2022-09-20,GLD,155.07000732421875,5943700
2022-09-21,GLD,155.7899932861328,7816100
2022-09-22,GLD,155.6999969482422,5975200
2022-09-23,GLD,153.00999450683594,9598000
2022-09-26,GLD,151.22999572753906,8240500
2022-09-27,GLD,151.5399932861328,7151300
2022-09-28,GLD,154.69000244140625,8977200
2022-09-29,GLD,154.66000366210938,6317000
2022-09-30,GLD,154.6699981689453,6832400
2022-10-03,GLD,158.42999267578125,10362200
2022-10-04,GLD,160.6999969482422,8024500
2022-10-05,GLD,159.80999755859375,5296300
2022-10-06,GLD,159.6300048828125,5712600
2022-10-07,GLD,157.8800048828125,5030000
2022-10-10,GLD,155.47999572753906,6110800
2022-10-11,GLD,155.16000366210938,5306700
2022-10-12,GLD,155.99000549316406,3998500
2022-10-13,GLD,154.91000366210938,7083800
2022-10-14,GLD,152.97999572753906,5471900
2022-10-17,GLD,153.4199981689453,4348000
2022-10-18,GLD,153.75,4528400
2022-10-19,GLD,151.69000244140625,8257100
2022-10-20,GLD,151.4499969482422,5019800
2022-10-21,GLD,154.14999389648438,6898400
2022-10-24,GLD,153.64999389648438,4673300
2022-10-25,GLD,154.0,3434100
2022-10-26,GLD,154.97999572753906,4448200
2022-10-27,GLD,154.74000549316406,3654900
2022-10-28,GLD,153.16000366210938,4645400
2022-10-31,GLD,151.91000366210938,6097800
2022-11-01,GLD,153.4600067138672,4603600
2022-11-02,GLD,152.38999938964844,7210900
2022-11-03,GLD,151.80999755859375,5378800
2022-11-04,GLD,156.47000122070312,7692000
2022-11-07,GLD,155.85000610351562,4425700
2022-11-08,GLD,159.4499969482422,11299600
2022-11-09,GLD,158.64999389648438,6040600
2022-11-10,GLD,163.47999572753906,9939900
2022-11-11,GLD,164.55999755859375,4622400
2022-11-14,GLD,164.9199981689453,6187600
2022-11-15,GLD,165.5,9903500
2022-11-16,GLD,165.1199951171875,3645800
2022-11-17,GLD,163.9199981689453,4574400
2022-11-18,GLD,162.7899932861328,4321100
2022-11-21,GLD,161.8800048828125,4766500
2022-11-22,GLD,162.07000732421875,3203800
2022-11-23,GLD,163.0800018310547,4167000
2022-11-25,GLD,163.22000122070312,1436500
2022-11-28,GLD,161.92999267578125,4052900
2022-11-29,GLD,162.72999572753906,2620600
2022-11-30,GLD,164.80999755859375,4874700
2022-12-01,GLD,167.83999633789062,8625800
2022-12-02,GLD,167.25999450683594,5185900
2022-12-05,GLD,164.38999938964844,5436200
2022-12-06,GLD,164.83999633789062,3597800
2022-12-07,GLD,166.3300018310547,4610700
2022-12-08,GLD,166.47000122070312,3217900
2022-12-09,GLD,167.05999755859375,5431300
2022-12-12,GLD,165.67999267578125,3504400
2022-12-13,GLD,168.50999450683594,6750200
2022-12-14,GLD,168.10000610351562,5643000
2022-12-15,GLD,165.35000610351562,8363000
2022-12-16,GLD,166.7899932861328,5372000
2022-12-19,GLD,166.32000732421875,3940500
2022-12-20,GLD,169.0800018310547,7803100
2022-12-21,GLD,168.8000030517578,3990100
2022-12-22,GLD,166.75999450683594,5672700
2022-12-23,GLD,167.25999450683594,2912300
2022-12-27,GLD,168.6699981689453,6885700
2022-12-28,GLD,167.91000366210938,3662500
2022-12-29,GLD,168.85000610351562,3345900
2022-12-30,GLD,169.63999938964844,2864500
2023-01-03,GLD,171.05999755859375,7992900
2023-01-04,GLD,172.6699981689453,7574600
2023-01-05,GLD,170.52000427246094,4692600
2023-01-06,GLD,173.7100067138672,7889000
2023-01-09,GLD,174.10000610351562,5134500
2023-01-10,GLD,174.74000549316406,4398400
2023-01-11,GLD,174.6199951171875,3374200
2023-01-12,GLD,176.63999938964844,6936900
2023-01-13,GLD,178.75999450683594,7468800
2023-01-17,GLD,177.58999633789062,6610800
2023-01-18,GLD,177.0800018310547,5384700
2023-01-19,GLD,179.88999938964844,6678700
2023-01-20,GLD,179.2899932861328,5754800
2023-01-23,GLD,179.6300048828125,5265500
2023-01-24,GLD,180.27999877929688,4604600
2023-01-25,GLD,181.11000061035156,6925300
2023-01-26,GLD,179.47000122070312,5860100
2023-01-27,GLD,179.22000122070312,6052700
2023-01-30,GLD,178.75999450683594,4210700
2023-01-31,GLD,179.41000366210938,5976900
2023-02-01,GLD,181.6699981689453,7996000
2023-02-02,GLD,177.89999389648438,8842400
2023-02-03,GLD,173.4600067138672,13674400
2023-02-06,GLD,173.82000732421875,8957000
2023-02-07,GLD,173.97999572753906,6794200
2023-02-08,GLD,174.41000366210938,4075600
2023-02-09,GLD,173.02999877929688,5361300
2023-02-10,GLD,173.36000061035156,2971100
2023-02-13,GLD,172.47999572753906,3970800
2023-02-14,GLD,172.61000061035156,5403100
2023-02-15,GLD,170.88999938964844,5423800
2023-02-16,GLD,170.75,4540400
2023-02-17,GLD,171.25999450683594,4809800
2023-02-21,GLD,170.6199951171875,4035900
2023-02-22,GLD,169.66000366210938,4105700
2023-02-23,GLD,169.57000732421875,5073500
2023-02-24,GLD,168.35000610351562,6496500
2023-02-27,GLD,169.00999450683594,4509200
2023-02-28,GLD,169.77999877929688,6761600
2023-03-01,GLD,170.75999450683594,6590500
2023-03-02,GLD,170.66000366210938,3950700
2023-03-03,GLD,172.49000549316406,6894500
2023-03-06,GLD,171.6199951171875,4264100
2023-03-07,GLD,168.6199951171875,8713300
2023-03-08,GLD,168.5399932861328,5718600
2023-03-09,GLD,170.1999969482422,5583000
2023-03-10,GLD,173.8699951171875,13803400
2023-03-13,GLD,177.86000061035156,20554400
2023-03-14,GLD,176.8300018310547,10019000
2023-03-15,GLD,178.2100067138672,14546100
2023-03-16,GLD,178.57000732421875,10762200
2023-03-17,GLD,183.77000427246094,24156300
2023-03-20,GLD,183.83999633789062,11845700
2023-03-21,GLD,180.3699951171875,10734500
2023-03-22,GLD,183.44000244140625,11969600
2023-03-23,GLD,185.74000549316406,11347100
2023-03-24,GLD,183.64999389648438,9245900
2023-03-27,GLD,181.9499969482422,6925000
2023-03-28,GLD,183.44000244140625,6202600
2023-03-29,GLD,182.52999877929688,4996500
2023-03-30,GLD,184.17999267578125,6360300
2023-03-31,GLD,183.22000122070312,8003300
2023-04-03,GLD,184.5399932861328,9206600
2023-04-04,GLD,187.97999572753906,13765400
2023-04-05,GLD,187.8300018310547,11440800
2023-04-06,GLD,186.49000549316406,6648400
2023-04-10,GLD,185.11000061035156,6408100
2023-04-11,GLD,186.27999877929688,6031500
2023-04-12,GLD,187.19000244140625,10000900
2023-04-13,GLD,189.72000122070312,14060100
2023-04-14,GLD,186.36000061035156,13272500
2023-04-17,GLD,185.52999877929688,7468100
2023-04-18,GLD,186.25,8056900
2023-04-19,GLD,185.36000061035156,7373500
2023-04-20,GLD,186.08999633789062,5789900
2023-04-21,GLD,184.25,10698700
2023-04-24,GLD,184.80999755859375,8303400
2023-04-25,GLD,185.75,8451900
2023-04-26,GLD,184.74000549316406,8203600
2023-04-27,GLD,184.75,9107400
2023-04-28,GLD,184.8000030517578,6700400
2023-05-01,GLD,183.97000122070312,7997700
2023-05-02,GLD,187.52000427246094,14680600
2023-05-03,GLD,189.11000061035156,11133800
2023-05-04,GLD,190.44000244140625,14146800
2023-05-05,GLD,187.4600067138672,12508100
2023-05-08,GLD,187.69000244140625,6075400
2023-05-09,GLD,189.02000427246094,7098800
2023-05-10,GLD,188.75,9392100
2023-05-11,GLD,187.1300048828125,8245500
2023-05-12,GLD,186.80999755859375,7087500
2023-05-15,GLD,187.2100067138672,5518100
2023-05-16,GLD,184.8699951171875,9519500
2023-05-17,GLD,184.22999572753906,7474300
2023-05-18,GLD,181.83999633789062,8812600
2023-05-19,GLD,183.63999938964844,8435000
2023-05-22,GLD,183.2100067138672,4834300
2023-05-23,GLD,183.42999267578125,6345000
2023-05-24,GLD,181.9499969482422,6732900
2023-05-25,GLD,180.1999969482422,6919200
2023-05-26,GLD,180.9199981689453,5823700
2023-05-30,GLD,182.0399932861328,4906100
2023-05-31,GLD,182.32000732421875,8497900
2023-06-01,GLD,183.75999450683594,7300500
2023-06-02,GLD,181.0500030517578,8726100
2023-06-05,GLD,182.13999938964844,5748800
2023-06-06,GLD,182.33999633789062,4967200
2023-06-07,GLD,180.14999389648438,9066500
2023-06-08,GLD,182.52999877929688,6394100
2023-06-09,GLD,182.0399932861328,4379200
2023-06-12,GLD,181.8800048828125,4873600
2023-06-13,GLD,180.5399932861328,5126700
2023-06-14,GLD,180.63999938964844,6807000
2023-06-15,GLD,181.91000366210938,6739000
2023-06-16,GLD,181.6300048828125,8779100
2023-06-20,GLD,179.75,7584200
2023-06-21,GLD,179.49000549316406,6702300
2023-06-22,GLD,177.7100067138672,7945000
2023-06-23,GLD,178.1999969482422,5419800
2023-06-26,GLD,178.50999450683594,3222100
2023-06-27,GLD,177.69000244140625,5036900
2023-06-28,GLD,177.27999877929688,5866700
2023-06-29,GLD,177.08999633789062,6862500
2023-06-30,GLD,178.27000427246094,6420900
2023-07-03,GLD,178.47000122070312,4085700
2023-07-05,GLD,177.83999633789062,5650600
2023-07-06,GLD,177.30999755859375,5133000
2023-07-07,GLD,178.63999938964844,5201100
2023-07-10,GLD,178.77999877929688,3320500
2023-07-11,GLD,179.4499969482422,2818800
2023-07-12,GLD,181.8800048828125,7062000
2023-07-13,GLD,182.00999450683594,4527900
2023-07-14,GLD,181.42999267578125,5390000
2023-07-17,GLD,181.55999755859375,4152400
2023-07-18,GLD,183.63999938964844,8238000
2023-07-19,GLD,183.6699981689453,3911600
2023-07-20,GLD,182.74000549316406,4972900
2023-07-21,GLD,182.17999267578125,3845400
2023-07-24,GLD,181.39999389648438,4370000
2023-07-25,GLD,182.41000366210938,4090100
2023-07-26,GLD,183.3000030517578,6158400
2023-07-27,GLD,180.4199981689453,7592800
2023-07-28,GLD,181.86000061035156,3828800
2023-07-31,GLD,182.35000610351562,5494800
2023-08-01,GLD,180.4600067138672,6239700
2023-08-02,GLD,179.60000610351562,6339700
2023-08-03,GLD,179.5399932861328,4636300
2023-08-04,GLD,180.19000244140625,5326200
2023-08-07,GLD,179.77999877929688,4510400
2023-08-08,GLD,178.63999938964844,6162900
2023-08-09,GLD,177.7899932861328,4644000
2023-08-10,GLD,177.60000610351562,5934600
2023-08-11,GLD,177.60000610351562,5289700
2023-08-14,GLD,177.05999755859375,9554500
2023-08-15,GLD,176.58999633789062,7582700
2023-08-16,GLD,175.57000732421875,6559400
2023-08-17,GLD,175.3000030517578,7937700
2023-08-18,GLD,175.3300018310547,6253000
2023-08-21,GLD,175.80999755859375,4206400
2023-08-22,GLD,176.10000610351562,5892200
2023-08-23,GLD,177.88999938964844,7949100
2023-08-24,GLD,177.85000610351562,5526400
2023-08-25,GLD,177.6199951171875,6132800
2023-08-28,GLD,178.1300048828125,4740700
2023-08-29,GLD,179.8699951171875,7576600
2023-08-30,GLD,180.32000732421875,6593700
2023-08-31,GLD,180.02000427246094,4795600
2023-09-01,GLD,180.11000061035156,4970700
2023-09-05,GLD,178.63999938964844,7056800
2023-09-06,GLD,177.8300018310547,6427200
2023-09-07,GLD,178.02000427246094,3257200
2023-09-08,GLD,178.0800018310547,3292700
2023-09-11,GLD,178.41000366210938,3689100
2023-09-12,GLD,177.49000549316406,4445400
2023-09-13,GLD,177.0800018310547,3874800
2023-09-14,GLD,177.1699981689453,6184400
2023-09-15,GLD,178.33999633789062,5620900
2023-09-18,GLD,179.38999938964844,5049300
2023-09-19,GLD,179.22000122070312,4224700
2023-09-20,GLD,179.35000610351562,9328000
2023-09-21,GLD,178.0500030517578,7571900
2023-09-22,GLD,178.6199951171875,3634800
2023-09-25,GLD,177.6999969482422,5582100
2023-09-26,GLD,176.27999877929688,7181100
2023-09-27,GLD,174.10000610351562,10919600
2023-09-28,GLD,173.22999572753906,10061900
2023-09-29,GLD,171.4499969482422,10427400
2023-10-02,GLD,169.64999389648438,12706000
2023-10-03,GLD,169.16000366210938,11459800
2023-10-04,GLD,169.13999938964844,10034600
2023-10-05,GLD,168.8300018310547,6970200
2023-10-06,GLD,169.6999969482422,9948400
2023-10-09,GLD,172.82000732421875,10201500
2023-10-10,GLD,172.52999877929688,5844000
2023-10-11,GLD,173.7899932861328,7128000
2023-10-12,GLD,173.25999450683594,5912700
2023-10-13,GLD,178.8300018310547,18796500
2023-10-16,GLD,177.9600067138672,8385400
2023-10-17,GLD,178.2899932861328,8231900
2023-10-18,GLD,180.8699951171875,13920800
2023-10-19,GLD,183.08999633789062,13406600
2023-10-20,GLD,183.58999633789062,12785700
2023-10-23,GLD,182.97000122070312,9479800
2023-10-24,GLD,182.9499969482422,6594000
2023-10-25,GLD,183.72000122070312,10087000
2023-10-26,GLD,184.00999450683594,7671400
2023-10-27,GLD,186.14999389648438,14102800
2023-10-30,GLD,185.10000610351562,8756400
2023-10-31,GLD,184.08999633789062,10104600
2023-11-01,GLD,183.50999450683594,9048600
2023-11-02,GLD,184.1199951171875,7343700
2023-11-03,GLD,184.7899932861328,8530400
2023-11-06,GLD,183.35000610351562,8274700
2023-11-07,GLD,182.58999633789062,6795800
2023-11-08,GLD,180.77000427246094,6738300
2023-11-09,GLD,181.49000549316406,6486300
2023-11-10,GLD,179.50999450683594,7606600
2023-11-13,GLD,180.50999450683594,5385900
2023-11-14,GLD,182.1199951171875,6831600
2023-11-15,GLD,181.63999938964844,4909400
2023-11-16,GLD,183.69000244140625,8253300
2023-11-17,GLD,183.6699981689453,4871100
2023-11-20,GLD,183.3699951171875,5389300
2023-11-21,GLD,185.35000610351562,7322400
2023-11-22,GLD,184.55999755859375,4337700
2023-11-24,GLD,185.52000427246094,2445100
2023-11-27,GLD,186.77000427246094,6320400
2023-11-28,GLD,189.25999450683594,10901900
2023-11-29,GLD,189.5399932861328,8407300
2023-11-30,GLD,188.75,7558100
2023-12-01,GLD,192.00999450683594,16727600
2023-12-04,GLD,187.86000061035156,18460500
2023-12-05,GLD,187.14999389648438,7027700
2023-12-06,GLD,187.83999633789062,5778600
2023-12-07,GLD,188.14999389648438,5802000
2023-12-08,GLD,185.63999938964844,7883200
2023-12-11,GLD,183.58999633789062,8519500
2023-12-12,GLD,183.49000549316406,5056900
2023-12-13,GLD,187.6300048828125,10635500
2023-12-14,GLD,188.72999572753906,9107200
2023-12-15,GLD,187.0,8324800
2023-12-18,GLD,187.85000610351562,5358000
2023-12-19,GLD,189.1300048828125,6025600
2023-12-20,GLD,188.10000610351562,6002400
2023-12-21,GLD,189.42999267578125,4620000
2023-12-22,GLD,190.27000427246094,7176300
2023-12-26,GLD,191.72000122070312,4502700
2023-12-27,GLD,192.58999633789062,5813300
2023-12-28,GLD,191.47000122070312,6171500
2023-12-29,GLD,191.1699981689453,4612300
2024-01-02,GLD,190.72000122070312,6025600
2024-01-03,GLD,189.1300048828125,8661600
2024-01-04,GLD,189.32000732421875,4416700
2024-01-05,GLD,189.35000610351562,7481900
2024-01-08,GLD,187.8699951171875,6215000
2024-01-09,GLD,187.92999267578125,4437300
2024-01-10,GLD,187.5,4504700
2024-01-11,GLD,187.8699951171875,6831100
2024-01-12,GLD,189.7100067138672,6833700
2024-01-16,GLD,187.91000366210938,6548100
2024-01-17,GLD,185.83999633789062,8643200
2024-01-18,GLD,187.3699951171875,4685200
2024-01-19,GLD,187.92999267578125,5719700
2024-01-22,GLD,187.22000122070312,4397500
2024-01-23,GLD,187.9499969482422,5040800
2024-01-24,GLD,186.39999389648438,6085400
2024-01-25,GLD,187.13999938964844,4651000
2024-01-26,GLD,187.00999450683594,5064800
2024-01-29,GLD,188.3300018310547,5629700
2024-01-30,GLD,188.58999633789062,4976500
2024-01-31,GLD,188.4499969482422,7886100
2024-02-01,GLD,190.41000366210938,10278100
2024-02-02,GLD,188.61000061035156,7337600
2024-02-05,GLD,187.57000732421875,5436100
2024-02-06,GLD,188.5500030517578,4866100
2024-02-07,GLD,188.5,6276900
2024-02-08,GLD,188.3300018310547,3873300
2024-02-09,GLD,187.60000610351562,4412600
2024-02-12,GLD,187.11000061035156,4706300
2024-02-13,GLD,184.52999877929688,9525800
2024-02-14,GLD,184.4199981689453,7031600
2024-02-15,GLD,185.66000366210938,6228900
2024-02-16,GLD,186.33999633789062,6518500
2024-02-20,GLD,187.47000122070312,5531200
2024-02-21,GLD,187.47999572753906,5789200
2024-02-22,GLD,187.55999755859375,4550800
2024-02-23,GLD,188.6199951171875,6827300
2024-02-26,GLD,188.1999969482422,4491900
2024-02-27,GLD,188.0,5165400
2024-02-28,GLD,188.33999633789062,2824100
2024-02-29,GLD,189.30999755859375,6848600
2024-03-01,GLD,192.88999938964844,13411000
2024-03-04,GLD,196.00999450683594,12216300
2024-03-05,GLD,197.19000244140625,9672200
2024-03-06,GLD,198.80999755859375,10459300
2024-03-07,GLD,199.94000244140625,8403700
2024-03-08,GLD,201.6300048828125,13540100
2024-03-11,GLD,202.0,7329600
2024-03-12,GLD,199.7899932861328,9436600
2024-03-13,GLD,201.19000244140625,5930000
2024-03-14,GLD,200.35000610351562,6865000
2024-03-15,GLD,199.7100067138672,4556700
2024-03-18,GLD,200.02999877929688,7206800
2024-03-19,GLD,199.8000030517578,4657500
2024-03-20,GLD,202.17999267578125,9593800
2024-03-21,GLD,201.97000122070312,7396500
2024-03-22,GLD,200.35000610351562,6918500
2024-03-25,GLD,200.99000549316406,4034800
2024-03-26,GLD,201.63999938964844,5752700
2024-03-27,GLD,203.10000610351562,6041000
2024-03-28,GLD,205.72000122070312,9194500
2024-04-01,GLD,207.82000732421875,13677100
2024-04-02,GLD,210.88999938964844,13421100
2024-04-03,GLD,212.74000549316406,11416200
2024-04-04,GLD,211.52000427246094,12307300
2024-04-05,GLD,215.13999938964844,13382700
2024-04-08,GLD,216.47999572753906,10331400
2024-04-09,GLD,217.6699981689453,13069900
2024-04-10,GLD,215.61000061035156,13317500
2024-04-11,GLD,219.8000030517578,11415200
2024-04-12,GLD,216.88999938964844,30898800
2024-04-15,GLD,220.9499969482422,13239000
2024-04-16,GLD,221.22000122070312,10746100
2024-04-17,GLD,219.58999633789062,11521100
2024-04-18,GLD,220.33999633789062,6496900
2024-04-19,GLD,221.02999877929688,8689000
2024-04-22,GLD,215.57000732421875,13404300
2024-04-23,GLD,215.0399932861328,10730300
2024-04-24,GLD,214.63999938964844,5741100
2024-04-25,GLD,215.9199981689453,6606500
2024-04-26,GLD,216.6199951171875,6268500
2024-04-29,GLD,216.17999267578125,6409900
2024-04-30,GLD,211.8699951171875,11248600
2024-05-01,GLD,213.7899932861328,10373900
2024-05-02,GLD,213.1300048828125,6287000
2024-05-03,GLD,212.9600067138672,8679900
2024-05-06,GLD,215.1999969482422,6840500
2024-05-07,GLD,214.2100067138672,5660700
2024-05-08,GLD,213.5800018310547,4462700
2024-05-09,GLD,216.9499969482422,7732500
2024-05-10,GLD,218.7100067138672,8700900
2024-05-13,GLD,216.25999450683594,4896300
2024-05-14,GLD,218.08999633789062,4662700
2024-05-15,GLD,220.88999938964844,9297700
2024-05-16,GLD,220.02999877929688,4301700
2024-05-17,GLD,223.66000366210938,10481900
2024-05-20,GLD,224.55999755859375,5990900
2024-05-21,GLD,224.22999572753906,4002600
2024-05-22,GLD,220.11000061035156,8903100
2024-05-23,GLD,215.72000122070312,9537900
2024-05-24,GLD,215.9199981689453,4212400
2024-05-28,GLD,218.19000244140625,3809700
2024-05-29,GLD,216.16000366210938,4185000
2024-05-30,GLD,216.57000732421875,3068800
2024-05-31,GLD,215.3000030517578,5617200
2024-06-03,GLD,217.22000122070312,6172600
2024-06-04,GLD,215.27000427246094,5509400
2024-06-05,GLD,217.82000732421875,5479200
2024-06-06,GLD,219.42999267578125,5283900
2024-06-07,GLD,211.60000610351562,12195100
2024-06-10,GLD,213.5399932861328,4215300
2024-06-11,GLD,214.14999389648438,4004100
2024-06-12,GLD,214.72000122070312,5911900
2024-06-13,GLD,212.97000122070312,5861100
2024-06-14,GLD,215.72999572753906,7076500
2024-06-17,GLD,214.61000061035156,3877700
2024-06-18,GLD,215.47000122070312,4921400
2024-06-20,GLD,218.16000366210938,7290500
2024-06-21,GLD,214.77999877929688,8865600
2024-06-24,GLD,215.6300048828125,4626900
2024-06-25,GLD,214.55999755859375,3820900
2024-06-26,GLD,212.5800018310547,4690300
2024-06-27,GLD,214.99000549316406,4977800
2024-06-28,GLD,215.00999450683594,3955100
2024-07-01,GLD,215.57000732421875,3797900
2024-07-02,GLD,215.55999755859375,4921700
2024-07-03,GLD,217.99000549316406,5055300
2024-07-05,GLD,220.92999267578125,5950600
2024-07-08,GLD,218.19000244140625,5790800
2024-07-09,GLD,218.55999755859375,3901500
2024-07-10,GLD,219.36000061035156,5556200
2024-07-11,GLD,223.25,9322000
2024-07-12,GLD,223.11000061035156,5179300
2024-07-15,GLD,223.8300018310547,5719300
2024-07-16,GLD,228.2899932861328,11070700
2024-07-17,GLD,227.22999572753906,8620500
2024-07-18,GLD,225.77999877929688,5485500
2024-07-19,GLD,221.72999572753906,8666000
2024-07-22,GLD,221.8000030517578,5334100
2024-07-23,GLD,222.5800018310547,4435700
2024-07-24,GLD,221.8000030517578,6838800
2024-07-25,GLD,218.3300018310547,9777100
2024-07-26,GLD,220.6300048828125,6328800
2024-07-29,GLD,220.32000732421875,4665100
2024-07-30,GLD,222.52000427246094,4939500
2024-07-31,GLD,226.5500030517578,7316600
2024-08-01,GLD,225.77000427246094,7217200
2024-08-02,GLD,225.33999633789062,11109400
2024-08-05,GLD,222.47999572753906,8939000
2024-08-06,GLD,220.6999969482422,14362300
2024-08-07,GLD,220.5500030517578,5287800
2024-08-08,GLD,224.00999450683594,6327100
2024-08-09,GLD,224.55999755859375,4441000
2024-08-12,GLD,228.41000366210938,5561300
2024-08-13,GLD,228.05999755859375,6740200
2024-08-14,GLD,226.1999969482422,5462500
2024-08-15,GLD,226.91000366210938,5273300
2024-08-16,GLD,231.99000549316406,11924500
2024-08-19,GLD,231.61000061035156,5164800
2024-08-20,GLD,232.4600067138672,9073600
2024-08-21,GLD,232.14999389648438,5337400
2024-08-22,GLD,229.3699951171875,5765400
2024-08-23,GLD,232.02000427246094,5418200
2024-08-26,GLD,232.75999450683594,3151400
2024-08-27,GLD,233.38999938964844,4435600
2024-08-28,GLD,231.75,4961500
2024-08-29,GLD,232.9499969482422,5524200
2024-08-30,GLD,231.2899932861328,5743000
2024-09-03,GLD,230.2899932861328,6417900
2024-09-04,GLD,230.42999267578125,4696000
2024-09-05,GLD,232.35000610351562,4838100
2024-09-06,GLD,230.6300048828125,6315800
2024-09-09,GLD,231.60000610351562,3548800
2024-09-10,GLD,232.6199951171875,4378300
2024-09-11,GLD,232.25,4637300
2024-09-12,GLD,236.3300018310547,9930200
2024-09-13,GLD,238.67999267578125,7455100
2024-09-16,GLD,238.66000366210938,4713500
2024-09-17,GLD,237.33999633789062,5257100
2024-09-18,GLD,235.50999450683594,11081100
2024-09-19,GLD,239.1699981689453,6108200
2024-09-20,GLD,242.2100067138672,7737400
2024-09-23,GLD,242.67999267578125,5426200
2024-09-24,GLD,246.07000732421875,8386300
2024-09-25,GLD,245.72999572753906,7393400
2024-09-26,GLD,246.97999572753906,7041100
2024-09-27,GLD,245.02000427246094,8329600
2024-09-30,GLD,243.05999755859375,6916700
2024-10-01,GLD,245.61000061035156,10605500
2024-10-02,GLD,245.66000366210938,6798800
2024-10-03,GLD,245.49000549316406,5674500
2024-10-04,GLD,245.0,5947800
2024-10-07,GLD,244.1699981689453,3849000
2024-10-08,GLD,242.3699951171875,7669800
2024-10-09,GLD,241.0500030517578,4120500
2024-10-10,GLD,242.82000732421875,4792700
2024-10-11,GLD,245.47000122070312,5789500
2024-10-14,GLD,245.07000732421875,3922900
2024-10-15,GLD,245.9199981689453,5640800
2024-10-16,GLD,247.14999389648438,5431900
2024-10-17,GLD,248.6300048828125,5176200
2024-10-18,GLD,251.27000427246094,7833600
2024-10-21,GLD,251.22000122070312,9258600
2024-10-22,GLD,253.92999267578125,5756300
2024-10-23,GLD,250.8699951171875,8081000
2024-10-24,GLD,252.8000030517578,5962200
2024-10-25,GLD,253.32000732421875,4424500
2024-10-28,GLD,253.3300018310547,4029100
2024-10-29,GLD,256.0899963378906,8875500
2024-10-30,GLD,257.5,6386200
2024-10-31,GLD,253.50999450683594,9930800
2024-11-01,GLD,252.47000122070312,6473000
2024-11-04,GLD,252.8300018310547,4581400
2024-11-05,GLD,253.39999389648438,6029900
2024-11-06,GLD,245.6999969482422,14600200
2024-11-07,GLD,249.64999389648438,8821400
2024-11-08,GLD,247.9600067138672,6267900
2024-11-11,GLD,242.13999938964844,11653800
2024-11-12,GLD,240.0500030517578,10145500
2024-11-13,GLD,237.6300048828125,8431700
2024-11-14,GLD,237.00999450683594,8262400
2024-11-15,GLD,236.58999633789062,7299500
2024-11-18,GLD,241.08999633789062,6323400
2024-11-19,GLD,243.25,6579100
2024-11-20,GLD,244.6199951171875,6630700
2024-11-21,GLD,246.66000366210938,7646400
2024-11-22,GLD,249.83999633789062,7503000
2024-11-25,GLD,242.47999572753906,10733100
2024-11-26,GLD,242.9499969482422,4945900
2024-11-27,GLD,243.49000549316406,6930600
2024-11-29,GLD,245.58999633789062,2708500
2024-12-02,GLD,243.44000244140625,4765000
2024-12-03,GLD,243.92999267578125,3557800
2024-12-04,GLD,244.6699981689453,4608600
2024-12-05,GLD,242.86000061035156,4806200
2024-12-06,GLD,242.9499969482422,3540700
2024-12-09,GLD,245.36000061035156,4711500
2024-12-10,GLD,248.58999633789062,4642000
2024-12-11,GLD,250.9600067138672,11033800
2024-12-12,GLD,247.27999877929688,10149600
2024-12-13,GLD,244.2899932861328,6602600
2024-12-16,GLD,244.8800048828125,3310000
2024-12-17,GLD,243.94000244140625,4421300
2024-12-18,GLD,239.25999450683594,8015800
2024-12-19,GLD,239.60000610351562,8111400
2024-12-20,GLD,242.10000610351562,9527800
2024-12-23,GLD,240.9600067138672,5835500
2024-12-24,GLD,241.44000244140625,2421000
2024-12-26,GLD,243.07000732421875,4645100
2024-12-27,GLD,241.39999389648438,4728100
2024-12-30,GLD,240.6300048828125,3522500
2024-12-31,GLD,242.1300048828125,2522100
2025-01-02,GLD,245.4199981689453,6241900
2025-01-03,GLD,243.49000549316406,4872100
2025-01-06,GLD,243.19000244140625,3758900
2025-01-07,GLD,244.55999755859375,5090300
2025-01-08,GLD,245.86000061035156,6303300
2025-01-10,GLD,248.2100067138672,12380100
2025-01-13,GLD,245.74000549316406,8448600
2025-01-14,GLD,247.02999877929688,4914800
2025-01-15,GLD,248.8800048828125,6345000
2025-01-16,GLD,250.60000610351562,9236000
2025-01-17,GLD,249.27000427246094,8312900
2025-01-21,GLD,253.1300048828125,7668100
2025-01-22,GLD,254.42999267578125,5213800
2025-01-23,GLD,254.07000732421875,6511500
2025-01-24,GLD,255.64999389648438,7341300
2025-01-27,GLD,252.99000549316406,5799800
2025-01-28,GLD,255.17999267578125,5332000
2025-01-29,GLD,254.1999969482422,5671800
2025-01-30,GLD,258.04998779296875,12981200
2025-01-31,GLD,258.55999755859375,8961100
2025-02-03,GLD,259.94000244140625,11521100
2025-02-04,GLD,262.5,9850400
2025-02-05,GLD,264.1300048828125,12681100
2025-02-06,GLD,263.42999267578125,8731400
2025-02-07,GLD,263.8999938964844,9154000
2025-02-10,GLD,268.3699951171875,13250300
2025-02-11,GLD,267.3900146484375,7169500
2025-02-12,GLD,267.6700134277344,9328600
2025-02-13,GLD,270.30999755859375,8347500
2025-02-14,GLD,266.2900085449219,11546700
2025-02-18,GLD,270.70001220703125,8185900
2025-02-19,GLD,270.8500061035156,9342500
2025-02-20,GLD,270.989990234375,7356900
2025-02-21,GLD,270.739990234375,8917400
2025-02-24,GLD,272.2099914550781,5374400
2025-02-25,GLD,268.6199951171875,10079800
2025-02-26,GLD,269.0299987792969,7276000
2025-02-27,GLD,264.92999267578125,9374600
2025-02-28,GLD,263.2699890136719,11504500
2025-03-03,GLD,266.739990234375,7725600
2025-03-04,GLD,269.05999755859375,8481300
2025-03-05,GLD,269.6199951171875,6990400
2025-03-06,GLD,268.25,6136400
2025-03-07,GLD,268.3900146484375,10431200
2025-03-10,GLD,266.0400085449219,7593900
2025-03-11,GLD,269.1600036621094,8436600
2025-03-12,GLD,270.3299865722656,7236200
2025-03-13,GLD,275.1300048828125,13741500
2025-03-14,GLD,275.239990234375,13365000
2025-03-17,GLD,276.7300109863281,8583400
2025-03-18,GLD,279.9599914550781,9596500
2025-03-19,GLD,281.1099853515625,8822200
2025-03-20,GLD,280.75,5863300
2025-03-21,GLD,278.489990234375,9359300
2025-03-24,GLD,277.25,7870100
2025-03-25,GLD,278.4700012207031,5090200
2025-03-26,GLD,278.239990234375,3717500
2025-03-27,GLD,281.9700012207031,8476300
2025-03-28,GLD,284.05999755859375,9563700
2025-03-31,GLD,288.1400146484375,13925100
2025-04-01,GLD,287.57000732421875,15923600
2025-04-02,GLD,288.1600036621094,11074800
2025-04-03,GLD,286.4200134277344,20524400
2025-04-04,GLD,279.7200012207031,21517200
2025-04-07,GLD,273.7099914550781,19807000
2025-04-08,GLD,275.20001220703125,12639500
2025-04-09,GLD,285.3800048828125,25342200
2025-04-10,GLD,292.3500061035156,19837800
2025-04-11,GLD,297.92999267578125,21080100
2025-04-14,GLD,296.2300109863281,12427600
2025-04-15,GLD,297.7799987792969,7924100
2025-04-16,GLD,307.4700012207031,20778100
2025-04-17,GLD,306.1199951171875,18287800
2025-04-21,GLD,315.5899963378906,20372300
2025-04-22,GLD,311.1099853515625,35242300
2025-04-23,GLD,303.6499938964844,25421500
2025-04-24,GLD,308.07000732421875,10845000
2025-04-25,GLD,304.7300109863281,10691600
2025-04-28,GLD,309.07000732421875,9375500
2025-04-29,GLD,306.05999755859375,6852100
2025-04-30,GLD,303.7699890136719,8331900
2025-05-01,GLD,297.4599914550781,14969100
2025-05-02,GLD,297.9800109863281,8678400
2025-05-05,GLD,306.8800048828125,8924000
2025-05-06,GLD,315.4800109863281,11445300
2025-05-07,GLD,310.75,7888300
2025-05-08,GLD,304.6300048828125,11927600
2025-05-09,GLD,306.8399963378906,6913100
2025-05-12,GLD,298.19000244140625,14375900
2025-05-13,GLD,299.4599914550781,10233600
2025-05-14,GLD,293.1600036621094,14800600
2025-05-15,GLD,297.8399963378906,13497700
2025-05-16,GLD,294.239990234375,14173000
2025-05-19,GLD,298.0299987792969,11656300
2025-05-20,GLD,303.5799865722656,12851000
2025-05-21,GLD,305.82000732421875,12414500
2025-05-22,GLD,303.1099853515625,9704200
2025-05-23,GLD,309.75,13339500
2025-05-27,GLD,304.5,9578500
2025-05-28,GLD,303.80999755859375,8803300
2025-05-29,GLD,305.6099853515625,9487900
2025-05-30,GLD,303.6000061035156,9553300
2025-06-02,GLD,311.6700134277344,13593200
2025-06-03,GLD,308.9100036621094,9315100
2025-06-04,GLD,310.8999938964844,7462500
2025-06-05,GLD,309.3299865722656,10817800
2025-06-06,GLD,305.17999267578125,7787500
2025-06-09,GLD,306.6199951171875,7159000
2025-06-10,GLD,306.7099914550781,7071700
2025-06-11,GLD,308.3699951171875,9248800
2025-06-12,GLD,312.20001220703125,11531400
2025-06-13,GLD,316.2900085449219,16592900
2025-06-16,GLD,311.7799987792969,12848400
2025-06-17,GLD,311.94000244140625,8234100
2025-06-18,GLD,310.260009765625,9370800
2025-06-20,GLD,310.1300048828125,8794700
2025-06-23,GLD,311.0799865722656,12687900
2025-06-24,GLD,306.19000244140625,12035200
2025-06-25,GLD,307.1199951171875,6733200
2025-06-26,GLD,306.7799987792969,6787500
2025-06-27,GLD,301.2200012207031,13301300
2025-06-30,GLD,304.8299865722656,8192100
2025-07-01,GLD,307.54998779296875,9335600
2025-07-02,GLD,309.25,8316400
2025-07-03,GLD,307.1400146484375,5275800
2025-07-07,GLD,307.3699951171875,7351600
2025-07-08,GLD,304.1600036621094,11840500
2025-07-09,GLD,305.5199890136719,10644100
2025-07-10,GLD,306.20001220703125,7053700
2025-07-11,GLD,309.1400146484375,9187300
2025-07-14,GLD,308.010009765625,5772900
2025-07-15,GLD,306.7300109863281,8149000
2025-07-16,GLD,308.260009765625,17693100
2025-07-17,GLD,307.5899963378906,6642300
2025-07-18,GLD,308.3900146484375,5574300
2025-07-21,GLD,313.1300048828125,10995800
2025-07-22,GLD,316.1000061035156,13691800
2025-07-23,GLD,312.17999267578125,10547500
2025-07-24,GLD,310.2699890136719,7698800
2025-07-25,GLD,307.3999938964844,9376400
2025-07-28,GLD,305.4100036621094,9275400
2025-07-29,GLD,306.25,5741100
2025-07-30,GLD,300.9599914550781,13459600
2025-07-31,GLD,302.9599914550781,8981000
2025-08-01,GLD,309.1099853515625,12843400
2025-08-04,GLD,310.9100036621094,7639000
2025-08-05,GLD,311.1600036621094,6997700
2025-08-06,GLD,310.5,7418200
2025-08-07,GLD,313.1199951171875,10891500
2025-08-08,GLD,313.04998779296875,19886800
2025-08-11,GLD,308.54998779296875,10326700
2025-08-12,GLD,308.2699890136719,9697400
2025-08-13,GLD,309.2099914550781,4718600
2025-08-14,GLD,307.25,5817700
2025-08-15,GLD,307.42999267578125,5990100
2025-08-18,GLD,306.95001220703125,6150100
2025-08-19,GLD,305.2699890136719,5029900
2025-08-20,GLD,308.3599853515625,6515400
2025-08-21,GLD,307.2900085449219,4809000
2025-08-22,GLD,310.5799865722656,8526500
2025-08-25,GLD,309.8299865722656,4044400
2025-08-26,GLD,312.0799865722656,11698500
2025-08-27,GLD,312.7099914550781,4320100
2025-08-28,GLD,315.0299987792969,9610200
2025-08-29,GLD,318.07000732421875,15642600
2025-09-02,GLD,325.5899963378906,21247500
2025-09-03,GLD,328.1400146484375,16062200
2025-09-04,GLD,326.69000244140625,11703100
2025-09-05,GLD,331.04998779296875,16065200
2025-09-08,GLD,334.82000732421875,18617300
2025-09-09,GLD,334.05999755859375,21641900
2025-09-10,GLD,335.260009765625,11945700
2025-09-11,GLD,334.760009765625,9082600
2025-09-12,GLD,335.4200134277344,9619700
2025-09-15,GLD,338.9100036621094,10569900
2025-09-16,GLD,339.5899963378906,12161500
2025-09-17,GLD,336.9700012207031,16535300
2025-09-18,GLD,335.6199951171875,14913300
2025-09-19,GLD,339.17999267578125,14982600
2025-09-22,GLD,345.04998779296875,12386400
2025-09-23,GLD,346.4599914550781,18384000
2025-09-24,GLD,343.32000732421875,12709100
2025-09-25,GLD,344.75,12639600
2025-09-26,GLD,346.739990234375,11698200
2025-09-29,GLD,352.4599914550781,15719600
2025-09-30,GLD,355.4700012207031,13312400
2025-10-01,GLD,356.0299987792969,15573600
2025-10-02,GLD,354.7900085449219,16162100
2025-10-03,GLD,357.6400146484375,14464000
2025-10-06,GLD,364.3800048828125,17093700
2025-10-07,GLD,366.260009765625,16836800
2025-10-08,GLD,372.29998779296875,28052300
2025-10-09,GLD,365.42999267578125,33674800
2025-10-10,GLD,369.1199951171875,24192800
2025-10-13,GLD,378.0899963378906,18514400
2025-10-14,GLD,380.7900085449219,18409600
2025-10-15,GLD,387.3900146484375,20598300
2025-10-16,GLD,396.45001220703125,33621400
2025-10-17,GLD,388.989990234375,62025000
2025-10-20,GLD,403.1499938964844,34523000
2025-10-21,GLD,377.239990234375,54101400
2025-10-22,GLD,377.2799987792969,30524100
2025-10-23,GLD,378.7900085449219,13695500
2025-10-24,GLD,377.5199890136719,13263800
2025-10-27,GLD,367.010009765625,23657600
2025-10-28,GLD,364.3800048828125,19257600
2025-10-29,GLD,363.0,18891800
2025-10-30,GLD,370.1300048828125,14812800
2025-10-31,GLD,368.1199951171875,11077900
2025-11-03,GLD,368.7799987792969,7254300
2025-11-04,GLD,362.32000732421875,11540100
2025-11-05,GLD,366.510009765625,8357300
2025-11-06,GLD,366.07000732421875,6891100
2025-11-07,GLD,368.30999755859375,11060400
2025-11-10,GLD,378.3800048828125,13456200
2025-11-11,GLD,379.8699951171875,10753200
2025-11-12,GLD,385.989990234375,16203700
2025-11-13,GLD,382.8699951171875,15867900
2025-11-14,GLD,375.9599914550781,15198000
2025-11-17,GLD,371.6499938964844,13295200
2025-11-18,GLD,374.3500061035156,7818800
2025-11-19,GLD,374.9599914550781,10980400
2025-11-20,GLD,374.8500061035156,10506500
2025-11-21,GLD,374.2699890136719,13194600
2025-11-24,GLD,380.20001220703125,10085300
2025-11-25,GLD,380.0799865722656,10462800
2025-11-26,GLD,383.1199951171875,9184100
2025-11-28,GLD,387.8800048828125,7175400
2025-12-01,GLD,389.75,11177100
2025-12-02,GLD,387.239990234375,8103900
2025-12-03,GLD,386.8800048828125,7886800
2025-12-04,GLD,387.1300048828125,6754400
2025-12-05,GLD,386.44000244140625,9449800
2025-12-08,GLD,385.4200134277344,6822100
2025-12-09,GLD,387.3999938964844,6358700
2025-12-10,GLD,389.04998779296875,9120500
2025-12-11,GLD,393.239990234375,11240600
2025-12-12,GLD,395.44000244140625,16792100
2025-12-15,GLD,395.79998779296875,11345000
2025-12-16,GLD,395.8900146484375,9201600
2025-12-17,GLD,399.2900085449219,10456900
2025-12-18,GLD,398.57000732421875,11837600
2025-12-19,GLD,399.0199890136719,9894800
2025-12-22,GLD,408.2300109863281,14202100
2025-12-23,GLD,413.6400146484375,13193300
2025-12-24,GLD,411.92999267578125,6718400
2025-12-26,GLD,416.739990234375,10476200
2025-12-29,GLD,398.6000061035156,20679200
2025-12-30,GLD,398.8900146484375,10179000
2025-12-31,GLD,396.30999755859375,10194700
2026-01-02,GLD,398.2799987792969,10372600
2026-01-05,GLD,408.760009765625,13410600
2026-01-06,GLD,413.17999267578125,11640900
2026-01-07,GLD,409.2300109863281,10589500
2026-01-08,GLD,411.489990234375,8705900
2026-01-09,GLD,414.4700012207031,14011200
2026-01-12,GLD,422.2300109863281,20904100
2026-01-13,GLD,421.6300048828125,16681200
2026-01-14,GLD,425.94000244140625,18305500
2026-01-15,GLD,423.3299865722656,14253200
2026-01-16,GLD,421.2900085449219,20951600
2026-01-20,GLD,437.2300109863281,21308100
2026-01-21,GLD,443.6000061035156,38830200
2026-01-22,GLD,451.7900085449219,19251200
2026-01-23,GLD,458.0,21531900
2026-01-26,GLD,464.70001220703125,34156000
2026-01-27,GLD,476.1000061035156,28386200
2026-01-28,GLD,494.55999755859375,44154600
2026-01-29,GLD,495.8999938964844,69970900
2026-01-30,GLD,444.95001220703125,86593500
2026-02-02,GLD,427.1300048828125,41626200
2026-02-03,GLD,454.2900085449219,28703500
2026-02-04,GLD,453.9700012207031,24427900
2026-02-05,GLD,441.8800048828125,17718100
2026-02-06,GLD,455.4599914550781,12663900
2026-02-09,GLD,467.0299987792969,12330900
2026-02-10,GLD,462.3999938964844,7861600
2026-02-11,GLD,467.6300048828125,11209600
2026-02-12,GLD,451.3900146484375,20488800
2026-02-13,GLD,462.6199951171875,12359300
2026-02-17,GLD,448.20001220703125,10976100
2026-02-18,GLD,458.2799987792969,10172700
2026-02-19,GLD,458.67950439453125,5007473
