date,VIXCLS,T10Y2Y,BAA10Y,FEDFUNDS,ICSA
2010-01-01,,,,0.11,
2010-01-02,,,,0.11,456000.0
2010-01-04,20.04,2.76,2.54,0.11,456000.0
2010-01-05,19.35,2.76,2.53,0.11,456000.0
2010-01-06,19.16,2.84,2.49,0.11,456000.0
2010-01-07,19.06,2.82,2.48,0.11,456000.0
2010-01-08,18.13,2.87,2.49,0.11,456000.0
2010-01-09,18.13,2.87,2.49,0.11,469000.0
2010-01-11,17.55,2.9,2.47,0.11,469000.0
2010-01-12,18.25,2.82,2.48,0.11,469000.0
2010-01-13,17.85,2.83,2.5,0.11,469000.0
2010-01-14,17.63,2.82,2.46,0.11,469000.0
2010-01-15,17.91,2.81,2.48,0.11,469000.0
2010-01-16,17.91,2.81,2.48,0.11,507000.0
2010-01-18,17.91,2.81,2.48,0.11,507000.0
2010-01-19,17.58,2.8,2.48,0.11,507000.0
2010-01-20,18.68,2.76,2.48,0.11,507000.0
2010-01-21,22.27,2.75,2.51,0.11,507000.0
2010-01-22,27.31,2.78,2.53,0.11,507000.0
2010-01-23,27.31,2.78,2.53,0.11,471000.0
2010-01-25,25.41,2.8,2.56,0.11,471000.0
2010-01-26,24.55,2.78,2.59,0.11,471000.0
2010-01-27,23.14,2.76,2.57,0.11,471000.0
2010-01-28,23.73,2.81,2.57,0.11,471000.0
2010-01-29,24.62,2.81,2.57,0.11,471000.0
2010-01-30,24.62,2.81,2.57,0.11,496000.0
2010-02-01,22.59,2.82,2.57,0.13,496000.0
2010-02-02,21.48,2.81,2.56,0.13,496000.0
2010-02-03,21.6,2.85,2.58,0.13,496000.0
2010-02-04,26.08,2.82,2.62,0.13,496000.0
2010-02-05,26.11,2.82,2.62,0.13,496000.0
2010-02-06,26.11,2.82,2.62,0.13,466000.0
2010-02-08,26.51,2.83,2.64,0.13,466000.0
2010-02-09,26.0,2.83,2.65,0.13,466000.0
2010-02-10,25.4,2.81,2.66,0.13,466000.0
2010-02-11,23.96,2.82,2.7,0.13,466000.0
2010-02-12,22.73,2.85,2.72,0.13,466000.0
2010-02-13,22.73,2.85,2.72,0.13,489000.0
2010-02-15,22.73,2.85,2.72,0.13,489000.0
2010-02-16,22.25,2.84,2.73,0.13,489000.0
2010-02-17,21.72,2.87,2.73,0.13,489000.0
2010-02-18,20.63,2.89,2.72,0.13,489000.0
2010-02-19,20.02,2.83,2.65,0.13,489000.0
2010-02-20,20.02,2.83,2.65,0.13,500000.0
2010-02-22,19.94,2.89,2.65,0.13,500000.0
2010-02-23,21.37,2.82,2.65,0.13,500000.0
2010-02-24,20.27,2.83,2.65,0.13,500000.0
2010-02-25,20.1,2.82,2.64,0.13,500000.0
2010-02-26,19.5,2.8,2.62,0.13,500000.0
2010-02-27,19.5,2.8,2.62,0.13,488000.0
2010-03-01,19.26,2.81,2.65,0.16,488000.0
2010-03-02,19.06,2.82,2.64,0.16,488000.0
2010-03-03,18.83,2.81,2.63,0.16,488000.0
2010-03-04,18.72,2.75,2.62,0.16,488000.0
2010-03-05,17.42,2.78,2.61,0.16,488000.0
2010-03-06,17.42,2.78,2.61,0.16,472000.0
2010-03-08,17.79,2.82,2.59,0.16,472000.0
2010-03-09,17.92,2.82,2.61,0.16,472000.0
2010-03-10,18.57,2.81,2.59,0.16,472000.0
2010-03-11,18.06,2.76,2.56,0.16,472000.0
2010-03-12,17.58,2.74,2.55,0.16,472000.0
2010-03-13,17.58,2.74,2.55,0.16,478000.0
2010-03-15,18.0,2.75,2.56,0.16,478000.0
2010-03-16,17.69,2.73,2.55,0.16,478000.0
2010-03-17,16.91,2.7,2.53,0.16,478000.0
2010-03-18,16.62,2.7,2.52,0.16,478000.0
2010-03-19,16.97,2.68,2.49,0.16,478000.0
2010-03-20,16.97,2.68,2.49,0.16,472000.0
2010-03-22,16.87,2.66,2.5,0.16,472000.0
2010-03-23,16.35,2.67,2.51,0.16,472000.0
2010-03-24,17.55,2.76,2.48,0.16,472000.0
2010-03-25,18.4,2.81,2.47,0.16,472000.0
2010-03-26,17.77,2.82,2.49,0.16,472000.0
2010-03-27,17.77,2.82,2.49,0.16,459000.0
2010-03-29,17.59,2.84,2.49,0.16,459000.0
2010-03-30,17.13,2.82,2.48,0.16,459000.0
2010-03-31,17.59,2.82,2.47,0.16,459000.0
2010-04-01,17.47,2.84,2.44,0.2,459000.0
2010-04-02,17.47,2.85,2.44,0.2,459000.0
2010-04-03,17.47,2.85,2.44,0.2,479000.0
2010-04-05,17.02,2.83,2.43,0.2,479000.0
2010-04-06,16.23,2.84,2.46,0.2,479000.0
2010-04-07,16.62,2.83,2.44,0.2,479000.0
2010-04-08,16.48,2.82,2.43,0.2,479000.0
2010-04-09,16.14,2.82,2.43,0.2,479000.0
2010-04-10,16.14,2.82,2.43,0.2,479000.0
2010-04-12,15.58,2.8,2.4,0.2,479000.0
2010-04-13,16.2,2.77,2.4,0.2,479000.0
2010-04-14,15.59,2.81,2.4,0.2,479000.0
2010-04-15,15.89,2.82,2.42,0.2,479000.0
2010-04-16,18.36,2.81,2.43,0.2,479000.0
2010-04-17,18.36,2.81,2.43,0.2,469000.0
2010-04-19,17.34,2.82,2.42,0.2,469000.0
2010-04-20,15.73,2.77,2.4,0.2,469000.0
2010-04-21,16.32,2.74,2.38,0.2,469000.0
2010-04-22,16.47,2.73,2.38,0.2,469000.0
2010-04-23,16.62,2.74,2.37,0.2,469000.0
2010-04-24,16.62,2.74,2.37,0.2,449000.0
2010-04-26,17.47,2.74,2.38,0.2,449000.0
2010-04-27,22.81,2.68,2.39,0.2,449000.0
2010-04-28,21.08,2.77,2.38,0.2,449000.0
2010-04-29,18.44,2.75,2.37,0.2,449000.0
2010-04-30,22.05,2.72,2.38,0.2,449000.0
2010-05-01,22.05,2.72,2.38,0.2,451000.0
2010-05-03,20.19,2.72,2.37,0.2,451000.0
2010-05-04,23.84,2.67,2.38,0.2,451000.0
2010-05-05,24.91,2.7,2.4,0.2,451000.0
2010-05-06,32.8,2.66,2.41,0.2,451000.0
2010-05-07,40.95,2.62,2.55,0.2,451000.0
2010-05-08,40.95,2.62,2.55,0.2,451000.0
2010-05-10,28.84,2.7,2.53,0.2,451000.0
2010-05-11,28.32,2.71,2.58,0.2,451000.0
2010-05-12,25.52,2.67,2.61,0.2,451000.0
2010-05-13,26.68,2.68,2.6,0.2,451000.0
2010-05-14,31.24,2.65,2.59,0.2,451000.0
2010-05-15,31.24,2.65,2.59,0.2,474000.0
2010-05-17,30.84,2.66,2.59,0.2,474000.0
2010-05-18,33.55,2.62,2.61,0.2,474000.0
2010-05-19,35.32,2.56,2.65,0.2,474000.0
2010-05-20,45.79,2.49,2.74,0.2,474000.0
2010-05-21,40.1,2.44,2.76,0.2,474000.0
2010-05-22,40.1,2.44,2.76,0.2,463000.0
2010-05-24,38.32,2.46,2.79,0.2,463000.0
2010-05-25,34.61,2.37,2.81,0.2,463000.0
2010-05-26,35.02,2.39,2.87,0.2,463000.0
2010-05-27,29.68,2.47,2.89,0.2,463000.0
2010-05-28,32.07,2.55,2.89,0.2,463000.0
2010-05-29,32.07,2.55,2.89,0.2,458000.0
2010-05-31,32.07,2.55,2.89,0.2,458000.0
2010-06-01,35.54,2.51,2.92,0.18,458000.0
2010-06-02,30.17,2.53,2.91,0.18,458000.0
2010-06-03,29.46,2.57,2.92,0.18,458000.0
2010-06-04,35.48,2.48,2.95,0.18,458000.0
2010-06-05,35.48,2.48,2.95,0.18,459000.0
2010-06-07,36.57,2.43,3.0,0.18,459000.0
2010-06-08,33.7,2.44,2.99,0.18,459000.0
2010-06-09,33.73,2.46,3.0,0.18,459000.0
2010-06-10,30.57,2.54,3.01,0.18,459000.0
2010-06-11,28.79,2.49,3.04,0.18,459000.0
2010-06-12,28.79,2.49,3.04,0.18,467000.0
2010-06-14,28.58,2.51,3.06,0.18,467000.0
2010-06-15,25.87,2.53,3.05,0.18,467000.0
2010-06-16,25.92,2.52,3.07,0.18,467000.0
2010-06-17,25.05,2.49,3.04,0.18,467000.0
2010-06-18,23.95,2.5,3.04,0.18,467000.0
2010-06-19,23.95,2.5,3.04,0.18,452000.0
2010-06-21,24.88,2.52,3.02,0.18,452000.0
2010-06-22,27.05,2.47,3.04,0.18,452000.0
2010-06-23,26.91,2.47,3.05,0.18,452000.0
2010-06-24,29.74,2.47,3.08,0.18,452000.0
2010-06-25,28.53,2.47,3.09,0.18,452000.0
2010-06-26,28.53,2.47,3.09,0.18,464000.0
2010-06-28,29.0,2.43,3.1,0.18,464000.0
2010-06-29,34.13,2.36,3.12,0.18,464000.0
2010-06-30,34.54,2.36,3.08,0.18,464000.0
2010-07-01,32.86,2.33,3.02,0.18,464000.0
2010-07-02,30.12,2.37,3.04,0.18,464000.0
2010-07-03,30.12,2.37,3.04,0.18,454000.0
2010-07-05,30.12,2.37,3.04,0.18,454000.0
2010-07-06,29.65,2.33,3.05,0.18,454000.0
2010-07-07,26.84,2.37,3.08,0.18,454000.0
2010-07-08,25.71,2.41,3.07,0.18,454000.0
2010-07-09,24.98,2.44,3.07,0.18,454000.0
2010-07-10,24.98,2.44,3.07,0.18,439000.0
2010-07-12,24.43,2.43,3.05,0.18,439000.0
2010-07-13,24.56,2.48,3.03,0.18,439000.0
2010-07-14,24.89,2.45,3.02,0.18,439000.0
2010-07-15,25.14,2.39,3.02,0.18,439000.0
2010-07-16,26.25,2.35,3.04,0.18,439000.0
2010-07-17,26.25,2.35,3.04,0.18,462000.0
2010-07-19,25.97,2.38,3.04,0.18,462000.0
2010-07-20,23.93,2.37,2.99,0.18,462000.0
2010-07-21,25.64,2.32,2.98,0.18,462000.0
2010-07-22,24.63,2.36,2.97,0.18,462000.0
2010-07-23,23.47,2.42,2.95,0.18,462000.0
2010-07-24,23.47,2.42,2.95,0.18,465000.0
2010-07-26,22.73,2.41,2.92,0.18,465000.0
2010-07-27,23.19,2.43,2.9,0.18,465000.0
2010-07-28,24.25,2.42,2.92,0.18,465000.0
2010-07-29,24.13,2.44,2.92,0.18,465000.0
2010-07-30,23.5,2.39,2.91,0.18,465000.0
2010-07-31,23.5,2.39,2.91,0.18,476000.0
2010-08-01,23.5,2.39,2.91,0.19,476000.0
2010-08-02,22.01,2.43,2.9,0.19,476000.0
2010-08-03,22.63,2.41,2.92,0.19,476000.0
2010-08-04,22.21,2.42,2.9,0.19,476000.0
2010-08-05,22.1,2.41,2.93,0.19,476000.0
2010-08-06,21.74,2.36,2.94,0.19,476000.0
2010-08-07,21.74,2.36,2.94,0.19,483000.0
2010-08-09,22.14,2.32,2.95,0.19,483000.0
2010-08-10,22.37,2.27,3.05,0.19,483000.0
2010-08-11,25.39,2.18,3.03,0.19,483000.0
2010-08-12,25.73,2.19,3.04,0.19,483000.0
2010-08-13,26.24,2.14,3.05,0.19,483000.0
2010-08-14,26.24,2.14,3.05,0.19,486000.0
2010-08-16,26.1,2.07,3.0,0.19,486000.0
2010-08-17,24.33,2.12,2.99,0.19,486000.0
2010-08-18,24.59,2.13,2.94,0.19,486000.0
2010-08-19,26.44,2.09,2.93,0.19,486000.0
2010-08-20,25.49,2.13,2.9,0.19,486000.0
2010-08-21,25.49,2.13,2.9,0.19,464000.0
2010-08-23,25.66,2.11,2.94,0.19,464000.0
2010-08-24,27.46,2.0,2.95,0.19,464000.0
2010-08-25,26.7,2.01,2.94,0.19,464000.0
2010-08-26,27.37,1.99,2.95,0.19,464000.0
2010-08-27,24.45,2.1,2.96,0.19,464000.0
2010-08-28,24.45,2.1,2.96,0.19,467000.0
2010-08-30,27.21,2.04,2.99,0.19,467000.0
2010-08-31,26.05,2.0,3.01,0.19,467000.0
2010-09-01,23.89,2.08,3.01,0.19,467000.0
2010-09-02,23.19,2.13,3.02,0.19,467000.0
2010-09-03,21.31,2.2,2.97,0.19,467000.0
2010-09-04,21.31,2.2,2.97,0.19,452000.0
2010-09-06,21.31,2.2,2.97,0.19,452000.0
2010-09-07,23.8,2.12,2.96,0.19,452000.0
2010-09-08,23.25,2.14,2.95,0.19,452000.0
2010-09-09,22.81,2.2,2.96,0.19,452000.0
2010-09-10,21.99,2.23,2.94,0.19,452000.0
2010-09-11,21.99,2.23,2.94,0.19,444000.0
2010-09-13,21.21,2.21,2.97,0.19,444000.0
2010-09-14,21.56,2.18,2.97,0.19,444000.0
2010-09-15,22.1,2.24,3.0,0.19,444000.0
2010-09-16,21.72,2.29,3.02,0.19,444000.0
2010-09-17,22.01,2.27,3.03,0.19,444000.0
2010-09-18,22.01,2.27,3.03,0.19,459000.0
2010-09-20,21.5,2.25,3.02,0.19,459000.0
2010-09-21,22.35,2.18,3.05,0.19,459000.0
2010-09-22,22.51,2.12,3.05,0.19,459000.0
2010-09-23,23.87,2.11,3.04,0.19,459000.0
2010-09-24,21.71,2.17,3.05,0.19,459000.0
2010-09-25,21.71,2.17,3.05,0.19,459000.0
2010-09-27,22.54,2.1,3.04,0.19,459000.0
2010-09-28,22.6,2.11,3.06,0.19,459000.0
2010-09-29,23.25,2.08,3.06,0.19,459000.0
2010-09-30,23.7,2.11,3.05,0.19,459000.0
2010-10-01,22.5,2.12,3.07,0.19,459000.0
2010-10-02,22.5,2.12,3.07,0.19,446000.0
2010-10-04,23.53,2.09,3.1,0.19,446000.0
2010-10-05,21.76,2.09,3.11,0.19,446000.0
2010-10-06,21.49,2.03,3.13,0.19,446000.0
2010-10-07,21.56,2.05,3.18,0.19,446000.0
2010-10-08,20.71,2.06,3.21,0.19,446000.0
2010-10-09,20.71,2.06,3.21,0.19,459000.0
2010-10-11,18.96,2.06,3.21,0.19,459000.0
2010-10-12,18.93,2.07,3.22,0.19,459000.0
2010-10-13,19.07,2.09,3.22,0.19,459000.0
2010-10-14,19.88,2.14,3.23,0.19,459000.0
2010-10-15,19.03,2.22,3.26,0.19,459000.0
2010-10-16,19.03,2.22,3.26,0.19,444000.0
2010-10-18,19.09,2.14,3.26,0.19,444000.0
2010-10-19,20.63,2.13,3.25,0.19,444000.0
2010-10-20,19.79,2.16,3.23,0.19,444000.0
2010-10-21,19.27,2.2,3.2,0.19,444000.0
2010-10-22,18.78,2.24,3.18,0.19,444000.0
2010-10-23,18.78,2.24,3.18,0.19,432000.0
2010-10-25,19.85,2.22,3.13,0.19,432000.0
2010-10-26,20.22,2.27,3.13,0.19,432000.0
2010-10-27,20.71,2.35,3.09,0.19,432000.0
2010-10-28,20.88,2.32,3.16,0.19,432000.0
2010-10-29,21.2,2.29,3.15,0.19,432000.0
2010-10-30,21.2,2.29,3.15,0.19,453000.0
2010-11-01,21.83,2.32,3.13,0.19,453000.0
2010-11-02,21.57,2.29,3.08,0.19,453000.0
2010-11-03,19.56,2.33,3.16,0.19,453000.0
2010-11-04,18.52,2.2,3.24,0.19,453000.0
2010-11-05,18.26,2.2,3.27,0.19,453000.0
2010-11-06,18.26,2.2,3.27,0.19,434000.0
2010-11-08,18.29,2.19,3.25,0.19,434000.0
2010-11-09,19.08,2.26,3.25,0.19,434000.0
2010-11-10,18.47,2.21,3.31,0.19,434000.0
2010-11-11,18.64,2.21,3.31,0.19,434000.0
2010-11-12,20.61,2.25,3.24,0.19,434000.0
2010-11-13,20.61,2.25,3.24,0.19,432000.0
2010-11-15,20.2,2.39,3.2,0.19,432000.0
2010-11-16,22.58,2.34,3.15,0.19,432000.0
2010-11-17,21.76,2.39,3.13,0.19,432000.0
2010-11-18,18.75,2.38,3.12,0.19,432000.0
2010-11-19,18.04,2.36,3.11,0.19,432000.0
2010-11-20,18.04,2.36,3.11,0.19,407000.0
2010-11-22,18.37,2.31,3.14,0.19,407000.0
2010-11-23,20.63,2.32,3.13,0.19,407000.0
2010-11-24,19.56,2.4,3.1,0.19,407000.0
2010-11-25,19.56,2.4,3.1,0.19,407000.0
2010-11-26,22.22,2.36,3.07,0.19,407000.0
2010-11-27,22.22,2.36,3.07,0.19,432000.0
2010-11-29,21.53,2.32,3.04,0.19,432000.0
2010-11-30,23.54,2.36,3.03,0.19,432000.0
2010-12-01,21.36,2.44,3.01,0.18,432000.0
2010-12-02,19.39,2.46,2.99,0.18,432000.0
2010-12-03,18.01,2.54,3.02,0.18,432000.0
2010-12-04,18.01,2.54,3.02,0.18,428000.0
2010-12-06,18.02,2.53,3.02,0.18,428000.0
2010-12-07,17.99,2.61,2.99,0.18,428000.0
2010-12-08,17.74,2.63,2.9,0.18,428000.0
2010-12-09,17.25,2.59,2.86,0.18,428000.0
2010-12-10,17.61,2.68,2.79,0.18,428000.0
2010-12-11,17.61,2.68,2.79,0.18,425000.0
2010-12-13,17.55,2.68,2.8,0.18,425000.0
2010-12-14,17.61,2.83,2.75,0.18,425000.0
2010-12-15,17.94,2.85,2.74,0.18,425000.0
2010-12-16,17.39,2.81,2.77,0.18,425000.0
2010-12-17,16.11,2.72,2.73,0.18,425000.0
2010-12-18,16.11,2.72,2.73,0.18,424000.0
2010-12-20,16.41,2.74,2.75,0.18,424000.0
2010-12-21,16.49,2.72,2.72,0.18,424000.0
2010-12-22,15.45,2.71,2.73,0.18,424000.0
2010-12-23,16.47,2.74,2.7,0.18,424000.0
2010-12-24,16.47,2.74,2.7,0.18,424000.0
2010-12-25,16.47,2.74,2.7,0.18,404000.0
2010-12-27,17.67,2.65,2.7,0.18,404000.0
2010-12-28,17.52,2.75,2.68,0.18,404000.0
2010-12-29,17.28,2.71,2.7,0.18,404000.0
2010-12-30,17.52,2.72,2.69,0.18,404000.0
2010-12-31,17.75,2.69,2.68,0.18,404000.0
2011-01-01,17.75,2.69,2.68,0.17,413000.0
2011-01-03,17.61,2.75,2.68,0.17,413000.0
2011-01-04,17.38,2.73,2.71,0.17,413000.0
2011-01-05,17.02,2.79,2.67,0.17,413000.0
2011-01-06,17.4,2.76,2.67,0.17,413000.0
2011-01-07,17.14,2.74,2.73,0.17,413000.0
2011-01-08,17.14,2.74,2.73,0.17,434000.0
2011-01-10,17.54,2.73,2.75,0.17,434000.0
2011-01-11,16.89,2.77,2.68,0.17,434000.0
2011-01-12,16.24,2.79,2.68,0.17,434000.0
2011-01-13,16.39,2.75,2.71,0.17,434000.0
2011-01-14,15.46,2.76,2.74,0.17,434000.0
2011-01-15,15.46,2.76,2.74,0.17,421000.0
2011-01-17,15.46,2.76,2.74,0.17,421000.0
2011-01-18,15.87,2.79,2.72,0.17,421000.0
2011-01-19,17.31,2.77,2.7,0.17,421000.0
2011-01-20,17.99,2.82,2.7,0.17,421000.0
2011-01-21,18.47,2.81,2.68,0.17,421000.0
2011-01-22,18.47,2.81,2.68,0.17,446000.0
2011-01-24,17.65,2.78,2.67,0.17,446000.0
2011-01-25,17.59,2.73,2.66,0.17,446000.0
2011-01-26,16.64,2.83,2.68,0.17,446000.0
2011-01-27,16.15,2.83,2.67,0.17,446000.0
2011-01-28,20.04,2.82,2.7,0.17,446000.0
2011-01-29,20.04,2.82,2.7,0.17,420000.0
2011-01-31,19.53,2.84,2.68,0.17,420000.0
2011-02-01,17.63,2.87,2.66,0.16,420000.0
2011-02-02,17.3,2.85,2.64,0.16,420000.0
2011-02-03,16.69,2.87,2.61,0.16,420000.0
2011-02-04,15.93,2.91,2.57,0.16,420000.0
2011-02-05,15.93,2.91,2.57,0.16,402000.0
2011-02-07,16.28,2.9,2.53,0.16,402000.0
2011-02-08,15.81,2.89,2.5,0.16,402000.0
2011-02-09,15.87,2.84,2.53,0.16,402000.0
2011-02-10,16.09,2.85,2.55,0.16,402000.0
2011-02-11,15.69,2.79,2.56,0.16,402000.0
2011-02-12,15.69,2.79,2.56,0.16,425000.0
2011-02-14,15.95,2.75,2.53,0.16,425000.0
2011-02-15,16.37,2.77,2.53,0.16,425000.0
2011-02-16,16.72,2.76,2.53,0.16,425000.0
2011-02-17,16.59,2.78,2.56,0.16,425000.0
2011-02-18,16.43,2.81,2.58,0.16,425000.0
2011-02-19,16.43,2.81,2.58,0.16,394000.0
2011-02-21,16.43,2.81,2.58,0.16,394000.0
2011-02-22,20.8,2.72,2.62,0.16,394000.0
2011-02-23,22.13,2.75,2.6,0.16,394000.0
2011-02-24,21.32,2.73,2.59,0.16,394000.0
2011-02-25,19.22,2.7,2.6,0.16,394000.0
2011-02-26,19.22,2.7,2.6,0.16,385000.0
2011-02-28,18.35,2.73,2.57,0.16,385000.0
2011-03-01,21.01,2.75,2.59,0.14,385000.0
2011-03-02,20.7,2.77,2.6,0.14,385000.0
2011-03-03,18.6,2.79,2.55,0.14,385000.0
2011-03-04,19.06,2.81,2.6,0.14,385000.0
2011-03-05,19.06,2.81,2.6,0.14,414000.0
2011-03-07,20.66,2.81,2.59,0.14,414000.0
2011-03-08,19.82,2.83,2.59,0.14,414000.0
2011-03-09,20.22,2.78,2.61,0.14,414000.0
2011-03-10,21.88,2.72,2.66,0.14,414000.0
2011-03-11,20.08,2.76,2.63,0.14,414000.0
2011-03-12,20.08,2.76,2.63,0.14,404000.0
2011-03-14,21.13,2.75,2.65,0.14,404000.0
2011-03-15,24.32,2.7,2.68,0.14,404000.0
2011-03-16,29.4,2.64,2.71,0.14,404000.0
2011-03-17,26.37,2.65,2.72,0.14,404000.0
2011-03-18,24.44,2.67,2.69,0.14,404000.0
2011-03-19,24.44,2.67,2.69,0.14,407000.0
2011-03-21,20.61,2.67,2.64,0.14,407000.0
2011-03-22,20.21,2.66,2.64,0.14,407000.0
2011-03-23,19.17,2.67,2.63,0.14,407000.0
2011-03-24,18.0,2.7,2.59,0.14,407000.0
2011-03-25,17.91,2.67,2.58,0.14,407000.0
2011-03-26,17.91,2.67,2.58,0.14,399000.0
2011-03-28,19.44,2.66,2.56,0.14,399000.0
2011-03-29,18.16,2.69,2.59,0.14,399000.0
2011-03-30,17.71,2.67,2.59,0.14,399000.0
2011-03-31,17.74,2.67,2.58,0.14,399000.0
2011-04-01,17.4,2.66,2.58,0.1,399000.0
2011-04-02,17.4,2.66,2.58,0.1,395000.0
2011-04-04,17.5,2.68,2.58,0.1,395000.0
2011-04-05,17.25,2.66,2.55,0.1,395000.0
2011-04-06,16.9,2.71,2.55,0.1,395000.0
2011-04-07,17.11,2.77,2.57,0.1,395000.0
2011-04-08,17.87,2.76,2.56,0.1,395000.0
2011-04-09,17.87,2.76,2.56,0.1,416000.0
2011-04-11,16.59,2.74,2.55,0.1,416000.0
2011-04-12,17.09,2.75,2.58,0.1,416000.0
2011-04-13,16.92,2.74,2.58,0.1,416000.0
2011-04-14,16.27,2.74,2.55,0.1,416000.0
2011-04-15,15.32,2.72,2.56,0.1,416000.0
2011-04-16,15.32,2.72,2.56,0.1,402000.0
2011-04-18,16.96,2.71,2.58,0.1,402000.0
2011-04-19,15.83,2.71,2.56,0.1,402000.0
2011-04-20,15.07,2.74,2.55,0.1,402000.0
2011-04-21,14.69,2.74,2.57,0.1,402000.0
2011-04-22,14.69,2.74,2.57,0.1,402000.0
2011-04-23,14.69,2.74,2.57,0.1,422000.0
2011-04-25,15.77,2.72,2.58,0.1,422000.0
2011-04-26,15.62,2.69,2.57,0.1,422000.0
2011-04-27,15.35,2.74,2.57,0.1,422000.0
2011-04-28,14.62,2.72,2.59,0.1,422000.0
2011-04-29,14.75,2.71,2.58,0.1,422000.0
2011-04-30,14.75,2.71,2.58,0.1,468000.0
2011-05-01,14.75,2.71,2.58,0.09,468000.0
2011-05-02,15.99,2.7,2.57,0.09,468000.0
2011-05-03,16.7,2.67,2.57,0.09,468000.0
2011-05-04,17.08,2.65,2.56,0.09,468000.0
2011-05-05,18.2,2.6,2.59,0.09,468000.0
2011-05-06,18.4,2.62,2.6,0.09,468000.0
2011-05-07,18.4,2.62,2.6,0.09,435000.0
2011-05-09,17.16,2.6,2.64,0.09,435000.0
2011-05-10,15.91,2.64,2.61,0.09,435000.0
2011-05-11,16.95,2.63,2.61,0.09,435000.0
2011-05-12,16.03,2.65,2.64,0.09,435000.0
2011-05-13,17.07,2.61,2.64,0.09,435000.0
2011-05-14,17.07,2.61,2.64,0.09,414000.0
2011-05-16,18.24,2.61,2.6,0.09,414000.0
2011-05-17,17.55,2.57,2.59,0.09,414000.0
2011-05-18,16.23,2.6,2.59,0.09,414000.0
2011-05-19,15.52,2.62,2.61,0.09,414000.0
2011-05-20,17.43,2.6,2.63,0.09,414000.0
2011-05-21,17.43,2.6,2.63,0.09,423000.0
2011-05-23,18.27,2.58,2.62,0.09,423000.0
2011-05-24,17.82,2.56,2.62,0.09,423000.0
2011-05-25,17.07,2.59,2.64,0.09,423000.0
2011-05-26,16.09,2.59,2.64,0.09,423000.0
2011-05-27,15.98,2.59,2.65,0.09,423000.0
2011-05-28,15.98,2.59,2.65,0.09,418000.0
2011-05-30,15.98,2.59,2.65,0.09,418000.0
2011-05-31,15.45,2.6,2.65,0.09,418000.0
2011-06-01,18.3,2.52,2.68,0.09,418000.0
2011-06-02,18.09,2.59,2.7,0.09,418000.0
2011-06-03,17.95,2.57,2.73,0.09,418000.0
2011-06-04,17.95,2.57,2.73,0.09,423000.0
2011-06-06,18.49,2.58,2.75,0.09,423000.0
2011-06-07,18.07,2.62,2.75,0.09,423000.0
2011-06-08,18.79,2.59,2.73,0.09,423000.0
2011-06-09,17.77,2.58,2.73,0.09,423000.0
2011-06-10,18.86,2.58,2.71,0.09,423000.0
2011-06-11,18.86,2.58,2.71,0.09,413000.0
2011-06-13,19.61,2.6,2.72,0.09,413000.0
2011-06-14,18.26,2.66,2.71,0.09,413000.0
2011-06-15,21.32,2.6,2.74,0.09,413000.0
2011-06-16,22.73,2.55,2.75,0.09,413000.0
2011-06-17,21.85,2.56,2.79,0.09,413000.0
2011-06-18,21.85,2.56,2.79,0.09,416000.0
2011-06-20,19.99,2.59,2.76,0.09,416000.0
2011-06-21,18.86,2.59,2.75,0.09,416000.0
2011-06-22,18.52,2.62,2.74,0.09,416000.0
2011-06-23,19.29,2.58,2.76,0.09,416000.0
2011-06-24,21.1,2.53,2.83,0.09,416000.0
2011-06-25,21.1,2.53,2.83,0.09,421000.0
2011-06-27,20.56,2.54,2.87,0.09,421000.0
2011-06-28,19.17,2.57,2.81,0.09,421000.0
2011-06-29,17.27,2.67,2.75,0.09,421000.0
2011-06-30,16.52,2.73,2.72,0.09,421000.0
2011-07-01,15.87,2.72,2.69,0.07,421000.0
2011-07-02,15.87,2.72,2.69,0.07,418000.0
2011-07-04,15.87,2.72,2.69,0.07,418000.0
2011-07-05,16.06,2.72,2.74,0.07,418000.0
2011-07-06,16.34,2.69,2.73,0.07,418000.0
2011-07-07,15.95,2.68,2.69,0.07,418000.0
2011-07-08,15.95,2.63,2.73,0.07,418000.0
2011-07-09,15.95,2.63,2.73,0.07,408000.0
2011-07-11,18.39,2.57,2.76,0.07,408000.0
2011-07-12,19.87,2.55,2.77,0.07,408000.0
2011-07-13,19.91,2.55,2.76,0.07,408000.0
2011-07-14,20.8,2.6,2.76,0.07,408000.0
2011-07-15,19.53,2.57,2.8,0.07,408000.0
2011-07-16,19.53,2.57,2.8,0.07,420000.0
2011-07-18,20.95,2.57,2.84,0.07,420000.0
2011-07-19,19.21,2.52,2.78,0.07,420000.0
2011-07-20,19.09,2.56,2.8,0.07,420000.0
2011-07-21,17.56,2.63,2.77,0.07,420000.0
2011-07-22,17.52,2.59,2.75,0.07,420000.0
2011-07-23,17.52,2.59,2.75,0.07,411000.0
2011-07-25,19.35,2.61,2.77,0.07,411000.0
2011-07-26,20.23,2.58,2.76,0.07,411000.0
2011-07-27,22.98,2.57,2.73,0.07,411000.0
2011-07-28,23.74,2.56,2.73,0.07,411000.0
2011-07-29,25.25,2.46,2.77,0.07,411000.0
2011-07-30,25.25,2.46,2.77,0.07,406000.0
2011-08-01,23.66,2.39,2.77,0.1,406000.0
2011-08-02,24.79,2.33,2.74,0.1,406000.0
2011-08-03,23.38,2.31,2.72,0.1,406000.0
2011-08-04,31.66,2.2,2.77,0.1,406000.0
2011-08-05,32.0,2.3,2.77,0.1,406000.0
2011-08-06,32.0,2.3,2.77,0.1,405000.0
2011-08-08,48.0,2.13,2.88,0.1,405000.0
2011-08-09,35.06,2.01,3.01,0.1,405000.0
2011-08-10,42.99,1.98,3.03,0.1,405000.0
2011-08-11,39.0,2.15,3.15,0.1,405000.0
2011-08-12,36.36,2.04,3.14,0.1,405000.0
2011-08-13,36.36,2.04,3.14,0.1,409000.0
2011-08-15,31.87,2.1,3.15,0.1,409000.0
2011-08-16,32.85,2.03,3.12,0.1,409000.0
2011-08-17,31.58,1.98,3.11,0.1,409000.0
2011-08-18,42.67,1.88,3.12,0.1,409000.0
2011-08-19,43.05,1.87,3.12,0.1,409000.0
2011-08-20,43.05,1.87,3.12,0.1,415000.0
2011-08-22,42.44,1.88,3.13,0.1,415000.0
2011-08-23,36.27,1.93,3.19,0.1,415000.0
2011-08-24,35.9,2.06,3.21,0.1,415000.0
2011-08-25,39.76,2.01,3.25,0.1,415000.0
2011-08-26,35.59,1.99,3.25,0.1,415000.0
2011-08-27,35.59,1.99,3.25,0.1,409000.0
2011-08-29,32.28,2.08,3.25,0.1,409000.0
2011-08-30,32.89,1.99,3.22,0.1,409000.0
2011-08-31,31.62,2.03,3.25,0.1,409000.0
2011-09-01,31.82,1.96,3.23,0.08,409000.0
2011-09-02,33.92,1.82,3.18,0.08,409000.0
2011-09-03,33.92,1.82,3.18,0.08,414000.0
2011-09-05,33.92,1.82,3.18,0.08,414000.0
2011-09-06,37.0,1.77,3.21,0.08,414000.0
2011-09-07,33.38,1.84,3.25,0.08,414000.0
2011-09-08,34.32,1.81,3.26,0.08,414000.0
2011-09-09,38.52,1.76,3.28,0.08,414000.0
2011-09-10,38.52,1.76,3.28,0.08,429000.0
2011-09-12,38.59,1.73,3.29,0.08,429000.0
2011-09-13,36.91,1.79,3.32,0.08,429000.0
2011-09-14,34.6,1.84,3.3,0.08,429000.0
2011-09-15,31.97,1.88,3.31,0.08,429000.0
2011-09-16,30.98,1.9,3.31,0.08,429000.0
2011-09-17,30.98,1.9,3.31,0.08,422000.0
2011-09-19,32.73,1.81,3.31,0.08,422000.0
2011-09-20,32.86,1.77,3.35,0.08,422000.0
2011-09-21,37.32,1.67,3.26,0.08,422000.0
2011-09-22,41.35,1.52,3.32,0.08,422000.0
2011-09-23,41.25,1.61,3.31,0.08,422000.0
2011-09-24,41.25,1.61,3.31,0.08,406000.0
2011-09-26,39.02,1.66,3.37,0.08,406000.0
2011-09-27,37.71,1.75,3.39,0.08,406000.0
2011-09-28,41.08,1.76,3.35,0.08,406000.0
2011-09-29,38.84,1.72,3.3,0.08,406000.0
2011-09-30,42.96,1.67,3.3,0.08,406000.0
2011-10-01,42.96,1.67,3.3,0.07,405000.0
2011-10-03,45.45,1.56,3.31,0.07,405000.0
2011-10-04,40.82,1.56,3.33,0.07,405000.0
2011-10-05,37.81,1.67,3.36,0.07,405000.0
2011-10-06,36.27,1.72,3.34,0.07,405000.0
2011-10-07,36.2,1.8,3.32,0.07,405000.0
2011-10-08,36.2,1.8,3.32,0.07,410000.0
2011-10-10,33.02,1.8,3.32,0.07,410000.0
2011-10-11,32.86,1.86,3.32,0.07,410000.0
2011-10-12,31.26,1.95,3.33,0.07,410000.0
2011-10-13,30.7,1.9,3.29,0.07,410000.0
2011-10-14,28.24,1.98,3.26,0.07,410000.0
2011-10-15,28.24,1.98,3.26,0.07,395000.0
2011-10-17,33.39,1.9,3.26,0.07,395000.0
2011-10-18,31.56,1.91,3.23,0.07,395000.0
2011-10-19,34.44,1.9,3.21,0.07,395000.0
2011-10-20,34.78,1.92,3.2,0.07,395000.0
2011-10-21,31.32,1.93,3.18,0.07,395000.0
2011-10-22,31.32,1.93,3.18,0.07,403000.0
2011-10-24,29.26,1.95,3.16,0.07,403000.0
2011-10-25,32.22,1.88,3.14,0.07,403000.0
2011-10-26,29.86,1.95,3.1,0.07,403000.0
2011-10-27,25.46,2.11,3.04,0.07,403000.0
2011-10-28,24.53,2.06,2.99,0.07,403000.0
2011-10-29,24.53,2.06,2.99,0.07,399000.0
2011-10-31,29.96,1.92,3.02,0.07,399000.0
2011-11-01,34.77,1.78,3.03,0.08,399000.0
2011-11-02,32.74,1.8,3.03,0.08,399000.0
2011-11-03,30.5,1.85,3.04,0.08,399000.0
2011-11-04,30.16,1.84,3.06,0.08,399000.0
2011-11-05,30.16,1.84,3.06,0.08,392000.0
2011-11-07,29.85,1.79,3.02,0.08,392000.0
2011-11-08,27.48,1.85,3.05,0.08,392000.0
2011-11-09,36.16,1.76,3.08,0.08,392000.0
2011-11-10,32.81,1.8,3.14,0.08,392000.0
2011-11-11,30.04,1.8,3.14,0.08,392000.0
2011-11-12,30.04,1.8,3.14,0.08,383000.0
2011-11-14,31.13,1.8,3.13,0.08,383000.0
2011-11-15,31.22,1.8,3.14,0.08,383000.0
2011-11-16,33.51,1.75,3.17,0.08,383000.0
2011-11-17,34.51,1.69,3.16,0.08,383000.0
2011-11-18,32.0,1.72,3.14,0.08,383000.0
2011-11-19,32.0,1.72,3.14,0.08,385000.0
2011-11-21,32.91,1.7,3.15,0.08,385000.0
2011-11-22,31.97,1.68,3.17,0.08,385000.0
2011-11-23,33.98,1.63,3.15,0.08,385000.0
2011-11-24,33.98,1.63,3.15,0.08,385000.0
2011-11-25,34.47,1.69,3.18,0.08,385000.0
2011-11-26,34.47,1.69,3.18,0.08,397000.0
2011-11-28,32.13,1.71,3.19,0.08,397000.0
2011-11-29,30.64,1.73,3.22,0.08,397000.0
2011-11-30,27.8,1.83,3.24,0.08,397000.0
2011-12-01,27.41,1.84,3.3,0.07,397000.0
2011-12-02,27.52,1.8,3.24,0.07,397000.0
2011-12-03,27.52,1.8,3.24,0.07,387000.0
2011-12-05,27.84,1.77,3.25,0.07,387000.0
2011-12-06,28.13,1.83,3.26,0.07,387000.0
2011-12-07,28.67,1.78,3.26,0.07,387000.0
2011-12-08,30.59,1.77,3.26,0.07,387000.0
2011-12-09,26.38,1.85,3.28,0.07,387000.0
2011-12-10,26.38,1.85,3.28,0.07,368000.0
2011-12-12,25.67,1.79,3.27,0.07,368000.0
2011-12-13,25.41,1.72,3.29,0.07,368000.0
2011-12-14,26.04,1.67,3.24,0.07,368000.0
2011-12-15,25.11,1.66,3.27,0.07,368000.0
2011-12-16,24.29,1.62,3.26,0.07,368000.0
2011-12-17,24.29,1.62,3.26,0.07,368000.0
2011-12-19,24.92,1.58,3.26,0.07,368000.0
2011-12-20,23.22,1.68,3.27,0.07,368000.0
2011-12-21,21.43,1.7,3.3,0.07,368000.0
2011-12-22,21.16,1.69,3.29,0.07,368000.0
2011-12-23,20.73,1.75,3.32,0.07,368000.0
2011-12-24,20.73,1.75,3.32,0.07,386000.0
2011-12-26,20.73,1.75,3.32,0.07,386000.0
2011-12-27,21.91,1.72,3.3,0.07,386000.0
2011-12-28,23.52,1.65,3.25,0.07,386000.0
2011-12-29,22.65,1.63,3.28,0.07,386000.0
2011-12-30,23.4,1.64,3.27,0.07,386000.0
2011-12-31,23.4,1.64,3.27,0.07,376000.0
2012-01-01,23.4,1.64,3.27,0.08,376000.0
2012-01-02,23.4,1.64,3.27,0.08,376000.0
2012-01-03,22.97,1.7,3.29,0.08,376000.0
2012-01-04,22.22,1.75,3.3,0.08,376000.0
2012-01-05,21.48,1.75,3.27,0.08,376000.0
2012-01-06,20.63,1.73,3.27,0.08,376000.0
2012-01-07,20.63,1.73,3.27,0.08,391000.0
2012-01-09,21.07,1.72,3.28,0.08,391000.0
2012-01-10,20.69,1.76,3.25,0.08,391000.0
2012-01-11,21.05,1.69,3.27,0.08,391000.0
2012-01-12,20.47,1.72,3.27,0.08,391000.0
2012-01-13,20.91,1.65,3.24,0.08,391000.0
2012-01-14,20.91,1.65,3.24,0.08,367000.0
2012-01-16,20.91,1.65,3.24,0.08,367000.0
2012-01-17,22.2,1.66,3.24,0.08,367000.0
2012-01-18,20.89,1.68,3.25,0.08,367000.0
2012-01-19,19.87,1.75,3.22,0.08,367000.0
2012-01-20,18.28,1.79,3.24,0.08,367000.0
2012-01-21,18.28,1.79,3.24,0.08,381000.0
2012-01-23,18.67,1.83,3.24,0.08,381000.0
2012-01-24,18.91,1.84,3.25,0.08,381000.0
2012-01-25,18.31,1.79,3.31,0.08,381000.0
2012-01-26,18.57,1.74,3.28,0.08,381000.0
2012-01-27,18.53,1.71,3.28,0.08,381000.0
2012-01-28,18.53,1.71,3.28,0.08,372000.0
2012-01-30,19.4,1.65,3.25,0.08,372000.0
2012-01-31,19.44,1.61,3.24,0.08,372000.0
2012-02-01,18.55,1.64,3.25,0.1,372000.0
2012-02-02,17.98,1.63,3.25,0.1,372000.0
2012-02-03,17.1,1.74,3.26,0.1,372000.0
2012-02-04,17.1,1.74,3.26,0.1,368000.0
2012-02-06,17.76,1.69,3.22,0.1,368000.0
2012-02-07,17.65,1.75,3.19,0.1,368000.0
2012-02-08,18.16,1.74,3.17,0.1,368000.0
2012-02-09,18.63,1.77,3.18,0.1,368000.0
2012-02-10,20.79,1.69,3.17,0.1,368000.0
2012-02-11,20.79,1.69,3.17,0.1,361000.0
2012-02-13,19.04,1.7,3.19,0.1,361000.0
2012-02-14,19.54,1.63,3.18,0.1,361000.0
2012-02-15,21.14,1.64,3.19,0.1,361000.0
2012-02-16,19.22,1.7,3.17,0.1,361000.0
2012-02-17,17.78,1.72,3.17,0.1,361000.0
2012-02-18,17.78,1.72,3.17,0.1,359000.0
2012-02-20,17.78,1.72,3.17,0.1,359000.0
2012-02-21,18.19,1.74,3.15,0.1,359000.0
2012-02-22,18.19,1.72,3.15,0.1,359000.0
2012-02-23,16.8,1.68,3.14,0.1,359000.0
2012-02-24,17.31,1.67,3.12,0.1,359000.0
2012-02-25,17.31,1.67,3.12,0.1,365000.0
2012-02-27,18.19,1.62,3.12,0.1,365000.0
2012-02-28,17.96,1.64,3.12,0.1,365000.0
2012-02-29,18.43,1.68,3.1,0.1,365000.0
2012-03-01,17.26,1.73,3.1,0.13,365000.0
2012-03-02,17.29,1.71,3.09,0.13,365000.0
2012-03-03,17.29,1.71,3.09,0.13,375000.0
2012-03-05,18.05,1.69,3.11,0.13,375000.0
2012-03-06,20.87,1.66,3.1,0.13,375000.0
2012-03-07,19.07,1.68,3.11,0.13,375000.0
2012-03-08,17.95,1.71,3.11,0.13,375000.0
2012-03-09,17.11,1.71,3.11,0.13,375000.0
2012-03-10,17.11,1.71,3.11,0.13,369000.0
2012-03-12,15.64,1.71,3.09,0.13,369000.0
2012-03-13,14.8,1.79,3.08,0.13,369000.0
2012-03-14,15.31,1.89,3.07,0.13,369000.0
2012-03-15,15.42,1.92,3.07,0.13,369000.0
2012-03-16,14.47,1.94,3.04,0.13,369000.0
2012-03-17,14.47,1.94,3.04,0.13,368000.0
2012-03-19,15.04,2.0,3.03,0.13,368000.0
2012-03-20,15.58,1.97,3.02,0.13,368000.0
2012-03-21,15.13,1.92,3.0,0.13,368000.0
2012-03-22,15.57,1.92,3.01,0.13,368000.0
2012-03-23,14.82,1.88,3.01,0.13,368000.0
2012-03-24,14.82,1.88,3.01,0.13,363000.0
2012-03-26,14.26,1.9,3.01,0.13,363000.0
2012-03-27,15.59,1.87,3.04,0.13,363000.0
2012-03-28,15.47,1.87,3.03,0.13,363000.0
2012-03-29,15.48,1.85,3.03,0.13,363000.0
2012-03-30,15.5,1.9,3.07,0.13,363000.0
2012-03-31,15.5,1.9,3.07,0.13,358000.0
2012-04-01,15.5,1.9,3.07,0.14,358000.0
2012-04-02,15.64,1.89,3.08,0.14,358000.0
2012-04-03,15.66,1.94,3.06,0.14,358000.0
2012-04-04,16.44,1.9,3.08,0.14,358000.0
2012-04-05,16.7,1.84,3.09,0.14,358000.0
2012-04-06,16.7,1.75,3.13,0.14,358000.0
2012-04-07,16.7,1.75,3.13,0.14,387000.0
2012-04-09,18.81,1.74,3.11,0.14,387000.0
2012-04-10,20.39,1.73,3.14,0.14,387000.0
2012-04-11,20.02,1.75,3.16,0.14,387000.0
2012-04-12,17.2,1.79,3.15,0.14,387000.0
2012-04-13,19.55,1.75,3.15,0.14,387000.0
2012-04-14,19.55,1.75,3.15,0.14,381000.0
2012-04-16,19.55,1.73,3.14,0.14,381000.0
2012-04-17,18.46,1.76,3.14,0.14,381000.0
2012-04-18,18.64,1.73,3.15,0.14,381000.0
2012-04-19,18.36,1.71,3.15,0.14,381000.0
2012-04-20,17.44,1.7,3.17,0.14,381000.0
2012-04-21,17.44,1.7,3.17,0.14,387000.0
2012-04-23,18.97,1.69,3.16,0.14,387000.0
2012-04-24,18.1,1.73,3.15,0.14,387000.0
2012-04-25,16.82,1.75,3.17,0.14,387000.0
2012-04-26,16.24,1.72,3.19,0.14,387000.0
2012-04-27,16.32,1.7,3.19,0.14,387000.0
2012-04-28,16.32,1.7,3.19,0.14,372000.0
2012-04-30,17.15,1.68,3.2,0.14,372000.0
2012-05-01,16.6,1.71,3.22,0.16,372000.0
2012-05-02,16.88,1.69,3.19,0.16,372000.0
2012-05-03,17.56,1.68,3.18,0.16,372000.0
2012-05-04,19.16,1.64,3.19,0.16,372000.0
2012-05-05,19.16,1.64,3.19,0.16,373000.0
2012-05-07,18.94,1.65,3.18,0.16,373000.0
2012-05-08,19.05,1.61,3.19,0.16,373000.0
2012-05-09,20.08,1.6,3.22,0.16,373000.0
2012-05-10,18.83,1.62,3.21,0.16,373000.0
2012-05-11,19.89,1.57,3.22,0.16,373000.0
2012-05-12,19.89,1.57,3.22,0.16,369000.0
2012-05-14,21.87,1.49,3.22,0.16,369000.0
2012-05-15,21.97,1.47,3.24,0.16,369000.0
2012-05-16,22.27,1.46,3.25,0.16,369000.0
2012-05-17,24.49,1.38,3.23,0.16,369000.0
2012-05-18,25.1,1.39,3.27,0.16,369000.0
2012-05-19,25.1,1.39,3.27,0.16,371000.0
2012-05-21,22.01,1.45,3.25,0.16,371000.0
2012-05-22,22.48,1.49,3.34,0.16,371000.0
2012-05-23,22.33,1.45,3.33,0.16,371000.0
2012-05-24,21.54,1.48,3.36,0.16,371000.0
2012-05-25,21.76,1.45,3.37,0.16,371000.0
2012-05-26,21.76,1.45,3.37,0.16,381000.0
2012-05-28,21.76,1.45,3.37,0.16,381000.0
2012-05-29,21.03,1.44,3.38,0.16,381000.0
2012-05-30,24.14,1.36,3.4,0.16,381000.0
2012-05-31,24.06,1.32,3.4,0.16,381000.0
2012-06-01,26.66,1.22,3.41,0.16,381000.0
2012-06-02,26.66,1.22,3.41,0.16,377000.0
2012-06-04,26.12,1.28,3.4,0.16,377000.0
2012-06-05,24.68,1.32,3.4,0.16,377000.0
2012-06-06,22.16,1.4,3.41,0.16,377000.0
2012-06-07,21.72,1.39,3.43,0.16,377000.0
2012-06-08,21.23,1.37,3.44,0.16,377000.0
2012-06-09,21.23,1.37,3.44,0.16,383000.0
2012-06-11,23.56,1.33,3.46,0.16,383000.0
2012-06-12,22.09,1.37,3.43,0.16,383000.0
2012-06-13,24.27,1.31,3.43,0.16,383000.0
2012-06-14,21.68,1.34,3.4,0.16,383000.0
2012-06-15,21.11,1.31,3.42,0.16,383000.0
2012-06-16,21.11,1.31,3.42,0.16,384000.0
2012-06-18,18.32,1.3,3.42,0.16,384000.0
2012-06-19,18.38,1.34,3.41,0.16,384000.0
2012-06-20,17.24,1.33,3.38,0.16,384000.0
2012-06-21,20.08,1.31,3.35,0.16,384000.0
2012-06-22,18.11,1.38,3.36,0.16,384000.0
2012-06-23,18.11,1.38,3.36,0.16,380000.0
2012-06-25,20.38,1.32,3.36,0.16,380000.0
2012-06-26,19.72,1.35,3.34,0.16,380000.0
2012-06-27,19.45,1.34,3.35,0.16,380000.0
2012-06-28,19.71,1.29,3.37,0.16,380000.0
2012-06-29,17.08,1.34,3.39,0.16,380000.0
2012-06-30,17.08,1.34,3.39,0.16,372000.0
2012-07-01,17.08,1.34,3.39,0.16,372000.0
2012-07-02,16.8,1.31,3.4,0.16,372000.0
2012-07-03,16.66,1.35,3.41,0.16,372000.0
2012-07-04,16.66,1.35,3.41,0.16,372000.0
2012-07-05,17.5,1.34,3.43,0.16,372000.0
2012-07-06,17.1,1.3,3.41,0.16,372000.0
2012-07-07,17.1,1.3,3.41,0.16,360000.0
2012-07-09,17.98,1.26,3.41,0.16,360000.0
2012-07-10,18.72,1.26,3.39,0.16,360000.0
2012-07-11,17.95,1.27,3.36,0.16,360000.0
2012-07-12,18.33,1.25,3.37,0.16,360000.0
2012-07-13,16.74,1.27,3.37,0.16,360000.0
2012-07-14,16.74,1.27,3.37,0.16,390000.0
2012-07-16,17.11,1.26,3.35,0.16,390000.0
2012-07-17,16.48,1.28,3.35,0.16,390000.0
2012-07-18,16.16,1.3,3.33,0.16,390000.0
2012-07-19,15.45,1.32,3.34,0.16,390000.0
2012-07-20,16.27,1.27,3.31,0.16,390000.0
2012-07-21,16.27,1.27,3.31,0.16,368000.0
2012-07-23,18.62,1.25,3.31,0.16,368000.0
2012-07-24,20.47,1.22,3.29,0.16,368000.0
2012-07-25,19.34,1.21,3.3,0.16,368000.0
2012-07-26,17.53,1.22,3.3,0.16,368000.0
2012-07-27,16.7,1.33,3.29,0.16,368000.0
2012-07-28,16.7,1.33,3.29,0.16,372000.0
2012-07-30,18.03,1.3,3.26,0.16,372000.0
2012-07-31,18.93,1.28,3.27,0.16,372000.0
2012-08-01,18.96,1.32,3.26,0.13,372000.0
2012-08-02,17.57,1.27,3.24,0.13,372000.0
2012-08-03,15.64,1.36,3.26,0.13,372000.0
2012-08-04,15.64,1.36,3.26,0.13,371000.0
2012-08-06,15.95,1.35,3.24,0.13,371000.0
2012-08-07,15.99,1.39,3.24,0.13,371000.0
2012-08-08,15.32,1.39,3.23,0.13,371000.0
2012-08-09,15.28,1.4,3.23,0.13,371000.0
2012-08-10,14.74,1.38,3.23,0.13,371000.0
2012-08-11,14.74,1.38,3.23,0.13,369000.0
2012-08-13,13.7,1.38,3.24,0.13,369000.0
2012-08-14,14.85,1.46,3.25,0.13,369000.0
2012-08-15,14.63,1.53,3.27,0.13,369000.0
2012-08-16,14.29,1.54,3.26,0.13,369000.0
2012-08-17,13.45,1.52,3.25,0.13,369000.0
2012-08-18,13.45,1.52,3.25,0.13,376000.0
2012-08-20,14.02,1.53,3.23,0.13,376000.0
2012-08-21,15.02,1.49,3.23,0.13,376000.0
2012-08-22,15.11,1.45,3.22,0.13,376000.0
2012-08-23,15.96,1.42,3.2,0.13,376000.0
2012-08-24,15.18,1.4,3.21,0.13,376000.0
2012-08-25,15.18,1.4,3.21,0.13,377000.0
2012-08-27,16.35,1.37,3.19,0.13,377000.0
2012-08-28,16.49,1.37,3.19,0.13,377000.0
2012-08-29,17.06,1.39,3.19,0.13,377000.0
2012-08-30,17.83,1.36,3.2,0.13,377000.0
2012-08-31,17.47,1.35,3.21,0.13,377000.0
2012-09-01,17.47,1.35,3.21,0.14,371000.0
2012-09-03,17.47,1.35,3.21,0.14,371000.0
2012-09-04,17.98,1.36,3.18,0.14,371000.0
2012-09-05,17.74,1.35,3.18,0.14,371000.0
2012-09-06,15.6,1.41,3.19,0.14,371000.0
2012-09-07,14.38,1.42,3.2,0.14,371000.0
2012-09-08,14.38,1.42,3.2,0.14,393000.0
2012-09-10,16.28,1.43,3.2,0.14,393000.0
2012-09-11,16.41,1.45,3.18,0.14,393000.0
2012-09-12,15.8,1.52,3.18,0.14,393000.0
2012-09-13,14.05,1.51,3.21,0.14,393000.0
2012-09-14,14.51,1.61,3.15,0.14,393000.0
2012-09-15,14.51,1.61,3.15,0.14,392000.0
2012-09-17,14.59,1.6,3.12,0.14,392000.0
2012-09-18,14.18,1.57,3.09,0.14,392000.0
2012-09-19,13.88,1.52,3.07,0.14,392000.0
2012-09-20,14.07,1.53,3.04,0.14,392000.0
2012-09-21,13.98,1.5,3.06,0.14,392000.0
2012-09-22,13.98,1.5,3.06,0.14,377000.0
2012-09-24,14.15,1.47,3.02,0.14,377000.0
2012-09-25,15.43,1.43,3.03,0.14,377000.0
2012-09-26,16.81,1.38,3.03,0.14,377000.0
2012-09-27,14.84,1.41,3.05,0.14,377000.0
2012-09-28,15.73,1.42,3.07,0.14,377000.0
2012-09-29,15.73,1.42,3.07,0.14,376000.0
2012-10-01,16.32,1.39,3.06,0.16,376000.0
2012-10-02,15.71,1.41,3.04,0.16,376000.0
2012-10-03,15.43,1.41,3.03,0.16,376000.0
2012-10-04,14.55,1.47,2.99,0.16,376000.0
2012-10-05,14.33,1.48,2.98,0.16,376000.0
2012-10-06,14.33,1.48,2.98,0.16,350000.0
2012-10-08,15.11,1.48,2.98,0.16,350000.0
2012-10-09,16.37,1.49,2.93,0.16,350000.0
2012-10-10,16.29,1.45,2.9,0.16,350000.0
2012-10-11,15.59,1.42,2.87,0.16,350000.0
2012-10-12,16.14,1.42,2.85,0.16,350000.0
2012-10-13,16.14,1.42,2.85,0.16,386000.0
2012-10-15,15.27,1.43,2.83,0.16,386000.0
2012-10-16,15.22,1.48,2.8,0.16,386000.0
2012-10-17,15.07,1.53,2.77,0.16,386000.0
2012-10-18,15.03,1.57,2.72,0.16,386000.0
2012-10-19,17.06,1.49,2.71,0.16,386000.0
2012-10-20,17.06,1.49,2.71,0.16,374000.0
2012-10-22,16.62,1.51,2.68,0.16,374000.0
2012-10-23,18.83,1.5,2.73,0.16,374000.0
2012-10-24,18.33,1.51,2.74,0.16,374000.0
2012-10-25,18.12,1.55,2.73,0.16,374000.0
2012-10-26,17.81,1.48,2.76,0.16,374000.0
2012-10-27,17.81,1.48,2.76,0.16,364000.0
2012-10-29,17.81,1.44,2.75,0.16,364000.0
2012-10-30,17.81,1.44,2.75,0.16,364000.0
2012-10-31,18.6,1.42,2.73,0.16,364000.0
2012-11-01,16.69,1.45,2.75,0.16,364000.0
2012-11-02,17.59,1.47,2.77,0.16,364000.0
2012-11-03,17.59,1.47,2.77,0.16,365000.0
2012-11-05,18.42,1.44,2.74,0.16,365000.0
2012-11-06,17.58,1.48,2.74,0.16,365000.0
2012-11-07,19.08,1.41,2.78,0.16,365000.0
2012-11-08,18.49,1.35,2.8,0.16,365000.0
2012-11-09,18.61,1.34,2.82,0.16,365000.0
2012-11-10,18.61,1.34,2.82,0.16,446000.0
2012-11-12,16.68,1.34,2.82,0.16,446000.0
2012-11-13,16.65,1.32,2.85,0.16,446000.0
2012-11-14,17.92,1.34,2.87,0.16,446000.0
2012-11-15,17.99,1.34,2.9,0.16,446000.0
2012-11-16,16.41,1.34,2.9,0.16,446000.0
2012-11-17,16.41,1.34,2.9,0.16,406000.0
2012-11-19,15.24,1.36,2.91,0.16,406000.0
2012-11-20,15.08,1.39,2.9,0.16,406000.0
2012-11-21,15.31,1.42,2.89,0.16,406000.0
2012-11-22,15.31,1.42,2.89,0.16,406000.0
2012-11-23,15.14,1.41,2.89,0.16,406000.0
2012-11-24,15.14,1.41,2.89,0.16,388000.0
2012-11-26,15.5,1.39,2.9,0.16,388000.0
2012-11-27,15.92,1.37,2.91,0.16,388000.0
2012-11-28,15.51,1.36,2.91,0.16,388000.0
2012-11-29,15.06,1.37,2.95,0.16,388000.0
2012-11-30,15.87,1.37,2.95,0.16,388000.0
2012-12-01,15.87,1.37,2.95,0.16,375000.0
2012-12-03,16.64,1.38,2.95,0.16,375000.0
2012-12-04,17.12,1.37,2.94,0.16,375000.0
2012-12-05,16.46,1.35,2.97,0.16,375000.0
2012-12-06,16.58,1.34,2.96,0.16,375000.0
2012-12-07,15.9,1.39,2.96,0.16,375000.0
2012-12-08,15.9,1.39,2.96,0.16,340000.0
2012-12-10,16.05,1.39,2.95,0.16,340000.0
2012-12-11,15.57,1.42,2.95,0.16,340000.0
2012-12-12,15.95,1.47,2.94,0.16,340000.0
2012-12-13,16.56,1.47,2.92,0.16,340000.0
2012-12-14,17.0,1.48,2.9,0.16,340000.0
2012-12-15,17.0,1.48,2.9,0.16,356000.0
2012-12-17,16.34,1.53,2.9,0.16,356000.0
2012-12-18,15.57,1.56,2.92,0.16,356000.0
2012-12-19,17.36,1.54,2.89,0.16,356000.0
2012-12-20,17.67,1.53,2.89,0.16,356000.0
2012-12-21,17.84,1.51,2.86,0.16,356000.0
2012-12-22,17.84,1.51,2.86,0.16,362000.0
2012-12-24,17.84,1.53,2.86,0.16,362000.0
2012-12-25,17.84,1.53,2.86,0.16,362000.0
2012-12-26,19.48,1.51,2.87,0.16,362000.0
2012-12-27,19.47,1.48,2.84,0.16,362000.0
2012-12-28,22.72,1.46,2.85,0.16,362000.0
2012-12-29,22.72,1.46,2.85,0.16,362000.0
2012-12-31,18.02,1.53,2.85,0.16,362000.0
2013-01-01,18.02,1.53,2.85,0.14,362000.0
2013-01-02,14.68,1.59,2.85,0.14,362000.0
2013-01-03,14.56,1.65,2.84,0.14,362000.0
2013-01-04,13.83,1.66,2.81,0.14,362000.0
2013-01-05,13.83,1.66,2.81,0.14,363000.0
2013-01-07,13.79,1.65,2.8,0.14,363000.0
2013-01-08,13.62,1.64,2.81,0.14,363000.0
2013-01-09,13.81,1.64,2.81,0.14,363000.0
2013-01-10,13.49,1.65,2.8,0.14,363000.0
2013-01-11,13.36,1.63,2.8,0.14,363000.0
2013-01-12,13.36,1.63,2.8,0.14,344000.0
2013-01-14,13.52,1.63,2.8,0.14,344000.0
2013-01-15,13.55,1.6,2.81,0.14,344000.0
2013-01-16,13.42,1.58,2.84,0.14,344000.0
2013-01-17,13.57,1.61,2.84,0.14,344000.0
2013-01-18,12.46,1.61,2.82,0.14,344000.0
2013-01-19,12.46,1.61,2.82,0.14,339000.0
2013-01-21,12.46,1.61,2.82,0.14,339000.0
2013-01-22,12.43,1.6,2.82,0.14,339000.0
2013-01-23,12.46,1.6,2.83,0.14,339000.0
2013-01-24,12.69,1.65,2.82,0.14,339000.0
2013-01-25,12.89,1.7,2.82,0.14,339000.0
2013-01-26,12.89,1.7,2.82,0.14,366000.0
2013-01-28,13.57,1.71,2.82,0.14,366000.0
2013-01-29,13.31,1.73,2.81,0.14,366000.0
2013-01-30,14.32,1.76,2.84,0.14,366000.0
2013-01-31,14.28,1.75,2.82,0.14,366000.0
2013-02-01,12.9,1.77,2.84,0.15,366000.0
2013-02-02,12.9,1.77,2.84,0.15,361000.0
2013-02-04,14.67,1.75,2.85,0.15,361000.0
2013-02-05,13.72,1.77,2.85,0.15,361000.0
2013-02-06,13.41,1.73,2.86,0.15,361000.0
2013-02-07,13.5,1.74,2.85,0.15,361000.0
2013-02-08,13.02,1.74,2.86,0.15,361000.0
2013-02-09,13.02,1.74,2.86,0.15,347000.0
2013-02-11,12.94,1.72,2.84,0.15,347000.0
2013-02-12,12.64,1.73,2.85,0.15,347000.0
2013-02-13,12.98,1.76,2.84,0.15,347000.0
2013-02-14,12.66,1.73,2.85,0.15,347000.0
2013-02-15,12.46,1.72,2.85,0.15,347000.0
2013-02-16,12.46,1.72,2.85,0.15,362000.0
2013-02-18,12.46,1.72,2.85,0.15,362000.0
2013-02-19,12.31,1.74,2.86,0.15,362000.0
2013-02-20,14.68,1.75,2.87,0.15,362000.0
2013-02-21,15.22,1.73,2.87,0.15,362000.0
2013-02-22,14.17,1.7,2.87,0.15,362000.0
2013-02-23,14.17,1.7,2.87,0.15,342000.0
2013-02-25,18.99,1.63,2.89,0.15,342000.0
2013-02-26,16.87,1.63,2.9,0.15,342000.0
2013-02-27,14.73,1.64,2.9,0.15,342000.0
2013-02-28,15.51,1.64,2.89,0.15,342000.0
2013-03-01,15.36,1.61,2.9,0.14,342000.0
2013-03-02,15.36,1.61,2.9,0.14,340000.0
2013-03-04,14.01,1.64,2.9,0.14,340000.0
2013-03-05,13.48,1.65,2.9,0.14,340000.0
2013-03-06,13.53,1.7,2.89,0.14,340000.0
2013-03-07,13.06,1.75,2.89,0.14,340000.0
2013-03-08,12.59,1.79,2.88,0.14,340000.0
2013-03-09,12.59,1.79,2.88,0.14,343000.0
2013-03-11,11.56,1.8,2.87,0.14,343000.0
2013-03-12,12.27,1.76,2.87,0.14,343000.0
2013-03-13,11.83,1.77,2.85,0.14,343000.0
2013-03-14,11.3,1.77,2.88,0.14,343000.0
2013-03-15,11.3,1.76,2.89,0.14,343000.0
2013-03-16,11.3,1.76,2.89,0.14,343000.0
2013-03-18,13.36,1.7,2.91,0.14,343000.0
2013-03-19,14.39,1.68,2.9,0.14,343000.0
2013-03-20,12.67,1.7,2.9,0.14,343000.0
2013-03-21,13.99,1.68,2.9,0.14,343000.0
2013-03-22,13.57,1.67,2.9,0.14,343000.0
2013-03-23,13.57,1.67,2.9,0.14,358000.0
2013-03-25,13.74,1.69,2.91,0.14,358000.0
2013-03-26,12.77,1.67,2.91,0.14,358000.0
2013-03-27,13.15,1.62,2.93,0.14,358000.0
2013-03-28,12.7,1.62,2.96,0.14,358000.0
2013-03-29,12.7,1.62,2.96,0.14,358000.0
2013-03-30,12.7,1.62,2.96,0.14,375000.0
2013-04-01,13.58,1.63,2.91,0.15,375000.0
2013-04-02,12.78,1.63,2.91,0.15,375000.0
2013-04-03,14.21,1.59,2.91,0.15,375000.0
2013-04-04,13.89,1.56,2.88,0.15,375000.0
2013-04-05,13.92,1.48,2.82,0.15,375000.0
2013-04-06,13.92,1.48,2.82,0.15,359000.0
2013-04-08,13.19,1.52,2.82,0.15,359000.0
2013-04-09,12.84,1.54,2.82,0.15,359000.0
2013-04-10,12.36,1.6,2.83,0.15,359000.0
2013-04-11,12.24,1.58,2.84,0.15,359000.0
2013-04-12,12.06,1.53,2.82,0.15,359000.0
2013-04-13,12.06,1.53,2.82,0.15,356000.0
2013-04-15,17.27,1.5,2.82,0.15,356000.0
2013-04-16,13.96,1.51,2.81,0.15,356000.0
2013-04-17,16.51,1.49,2.81,0.15,356000.0
2013-04-18,17.56,1.48,2.8,0.15,356000.0
2013-04-19,14.97,1.49,2.81,0.15,356000.0
2013-04-20,14.97,1.49,2.81,0.15,343000.0
2013-04-22,14.39,1.48,2.82,0.15,343000.0
2013-04-23,13.48,1.51,2.8,0.15,343000.0
2013-04-24,13.61,1.5,2.8,0.15,343000.0
2013-04-25,13.62,1.51,2.81,0.15,343000.0
2013-04-26,13.61,1.48,2.81,0.15,343000.0
2013-04-27,13.61,1.48,2.81,0.15,331000.0
2013-04-29,13.71,1.5,2.82,0.15,331000.0
2013-04-30,13.52,1.48,2.83,0.15,331000.0
2013-05-01,14.49,1.46,2.82,0.11,331000.0
2013-05-02,13.59,1.46,2.81,0.11,331000.0
2013-05-03,12.85,1.56,2.82,0.11,331000.0
2013-05-04,12.85,1.56,2.82,0.11,335000.0
2013-05-06,12.66,1.58,2.83,0.11,335000.0
2013-05-07,12.83,1.6,2.82,0.11,335000.0
2013-05-08,12.66,1.59,2.8,0.11,335000.0
2013-05-09,13.13,1.59,2.82,0.11,335000.0
2013-05-10,12.59,1.64,2.82,0.11,335000.0
2013-05-11,12.59,1.64,2.82,0.11,360000.0
2013-05-13,12.55,1.68,2.81,0.11,360000.0
2013-05-14,12.77,1.7,2.81,0.11,360000.0
2013-05-15,12.81,1.68,2.82,0.11,360000.0
2013-05-16,13.07,1.64,2.81,0.11,360000.0
2013-05-17,12.45,1.69,2.81,0.11,360000.0
2013-05-18,12.45,1.69,2.81,0.11,343000.0
2013-05-20,13.02,1.71,2.8,0.11,343000.0
2013-05-21,13.37,1.68,2.81,0.11,343000.0
2013-05-22,13.82,1.77,2.78,0.11,343000.0
2013-05-23,14.07,1.76,2.77,0.11,343000.0
2013-05-24,13.99,1.75,2.75,0.11,343000.0
2013-05-25,13.99,1.75,2.75,0.11,353000.0
2013-05-27,13.99,1.75,2.75,0.11,353000.0
2013-05-28,14.48,1.86,2.73,0.11,353000.0
2013-05-29,14.83,1.83,2.75,0.11,353000.0
2013-05-30,14.53,1.82,2.77,0.11,353000.0
2013-05-31,16.3,1.86,2.79,0.11,353000.0
2013-06-01,16.3,1.86,2.79,0.09,346000.0
2013-06-03,16.28,1.83,2.82,0.09,346000.0
2013-06-04,16.27,1.82,2.86,0.09,346000.0
2013-06-05,17.5,1.8,2.89,0.09,346000.0
2013-06-06,16.63,1.78,2.88,0.09,346000.0
2013-06-07,15.14,1.85,2.89,0.09,346000.0
2013-06-08,15.14,1.85,2.89,0.09,337000.0
2013-06-10,15.44,1.9,2.89,0.09,337000.0
2013-06-11,17.07,1.86,2.91,0.09,337000.0
2013-06-12,18.59,1.91,2.91,0.09,337000.0
2013-06-13,16.41,1.87,2.92,0.09,337000.0
2013-06-14,17.15,1.85,2.93,0.09,337000.0
2013-06-15,17.15,1.85,2.93,0.09,353000.0
2013-06-17,16.8,1.92,2.93,0.09,353000.0
2013-06-18,16.61,1.93,2.92,0.09,353000.0
2013-06-19,16.64,2.02,2.87,0.09,353000.0
2013-06-20,20.49,2.08,2.93,0.09,353000.0
2013-06-21,18.9,2.14,2.87,0.09,353000.0
2013-06-22,18.9,2.14,2.87,0.09,347000.0
2013-06-24,20.11,2.15,2.86,0.09,347000.0
2013-06-25,18.47,2.17,2.88,0.09,347000.0
2013-06-26,17.21,2.16,2.89,0.09,347000.0
2013-06-27,16.86,2.13,2.92,0.09,347000.0
2013-06-28,16.86,2.16,2.83,0.09,347000.0
2013-06-29,16.86,2.16,2.83,0.09,340000.0
2013-07-01,16.37,2.16,2.83,0.09,340000.0
2013-07-02,16.44,2.14,2.81,0.09,340000.0
2013-07-03,16.2,2.16,2.8,0.09,340000.0
2013-07-04,16.2,2.16,2.8,0.09,340000.0
2013-07-05,14.89,2.33,2.77,0.09,340000.0
2013-07-06,14.89,2.33,2.77,0.09,351000.0
2013-07-08,14.78,2.28,2.79,0.09,351000.0
2013-07-09,14.35,2.28,2.78,0.09,351000.0
2013-07-10,14.21,2.32,2.75,0.09,351000.0
2013-07-11,14.01,2.26,2.77,0.09,351000.0
2013-07-12,13.84,2.24,2.77,0.09,351000.0
2013-07-13,13.84,2.24,2.77,0.09,344000.0
2013-07-15,13.79,2.23,2.76,0.09,344000.0
2013-07-16,14.42,2.21,2.74,0.09,344000.0
2013-07-17,13.78,2.2,2.74,0.09,344000.0
2013-07-18,13.77,2.24,2.75,0.09,344000.0
2013-07-19,12.54,2.18,2.74,0.09,344000.0
2013-07-20,12.54,2.18,2.74,0.09,355000.0
2013-07-22,12.29,2.18,2.71,0.09,355000.0
2013-07-23,12.66,2.2,2.7,0.09,355000.0
2013-07-24,13.18,2.27,2.67,0.09,355000.0
2013-07-25,12.97,2.29,2.69,0.09,355000.0
2013-07-26,12.72,2.27,2.67,0.09,355000.0
2013-07-27,12.72,2.27,2.67,0.09,334000.0
2013-07-29,13.39,2.28,2.69,0.09,334000.0
2013-07-30,13.39,2.3,2.68,0.09,334000.0
2013-07-31,13.45,2.29,2.68,0.09,334000.0
2013-08-01,12.94,2.39,2.66,0.08,334000.0
2013-08-02,11.98,2.33,2.68,0.08,334000.0
2013-08-03,11.98,2.33,2.68,0.08,339000.0
2013-08-05,11.84,2.35,2.7,0.08,339000.0
2013-08-06,12.72,2.35,2.69,0.08,339000.0
2013-08-07,12.98,2.29,2.72,0.08,339000.0
2013-08-08,12.73,2.28,2.73,0.08,339000.0
2013-08-09,13.41,2.25,2.74,0.08,339000.0
2013-08-10,13.41,2.25,2.74,0.08,327000.0
2013-08-12,12.81,2.29,2.72,0.08,327000.0
2013-08-13,12.31,2.37,2.72,0.08,327000.0
2013-08-14,13.04,2.37,2.72,0.08,327000.0
2013-08-15,14.73,2.41,2.7,0.08,327000.0
2013-08-16,14.37,2.48,2.7,0.08,327000.0
2013-08-17,14.37,2.48,2.7,0.08,340000.0
2013-08-19,15.1,2.52,2.7,0.08,340000.0
2013-08-20,14.91,2.46,2.72,0.08,340000.0
2013-08-21,15.94,2.49,2.71,0.08,340000.0
2013-08-22,14.76,2.48,2.68,0.08,340000.0
2013-08-23,13.98,2.42,2.67,0.08,340000.0
2013-08-24,13.98,2.42,2.67,0.08,336000.0
2013-08-26,14.99,2.38,2.67,0.08,336000.0
2013-08-27,16.77,2.34,2.66,0.08,336000.0
2013-08-28,16.49,2.38,2.65,0.08,336000.0
2013-08-29,16.81,2.36,2.62,0.08,336000.0
2013-08-30,17.01,2.39,2.56,0.08,336000.0
2013-08-31,17.01,2.39,2.56,0.08,325000.0
2013-09-01,17.01,2.39,2.56,0.08,325000.0
2013-09-02,17.01,2.39,2.56,0.08,325000.0
2013-09-03,16.61,2.43,2.58,0.08,325000.0
2013-09-04,15.88,2.44,2.55,0.08,325000.0
2013-09-05,15.77,2.46,2.55,0.08,325000.0
2013-09-06,15.85,2.48,2.59,0.08,325000.0
2013-09-07,15.85,2.48,2.59,0.08,300000.0
2013-09-09,15.63,2.45,2.6,0.08,300000.0
2013-09-10,14.53,2.46,2.61,0.08,300000.0
2013-09-11,13.82,2.46,2.61,0.08,300000.0
2013-09-12,14.29,2.47,2.61,0.08,300000.0
2013-09-13,14.16,2.45,2.64,0.08,300000.0
2013-09-14,14.16,2.45,2.64,0.08,323000.0
2013-09-16,14.38,2.47,2.68,0.08,323000.0
2013-09-17,14.53,2.47,2.67,0.08,323000.0
2013-09-18,13.59,2.35,2.75,0.08,323000.0
2013-09-19,13.16,2.42,2.72,0.08,323000.0
2013-09-20,13.12,2.41,2.68,0.08,323000.0
2013-09-21,13.12,2.41,2.68,0.08,314000.0
2013-09-23,14.31,2.37,2.7,0.08,314000.0
2013-09-24,14.08,2.32,2.68,0.08,314000.0
2013-09-25,14.01,2.27,2.7,0.08,314000.0
2013-09-26,14.06,2.32,2.72,0.08,314000.0
2013-09-27,15.46,2.3,2.73,0.08,314000.0
2013-09-28,15.46,2.3,2.73,0.08,319000.0
2013-09-30,16.6,2.31,2.75,0.08,319000.0
2013-10-01,15.54,2.33,2.76,0.09,319000.0
2013-10-02,16.6,2.32,2.77,0.09,319000.0
2013-10-03,17.67,2.29,2.78,0.09,319000.0
2013-10-04,16.74,2.33,2.76,0.09,319000.0
2013-10-05,16.74,2.33,2.76,0.09,368000.0
2013-10-07,19.41,2.28,2.74,0.09,368000.0
2013-10-08,20.34,2.26,2.71,0.09,368000.0
2013-10-09,19.6,2.31,2.71,0.09,368000.0
2013-10-10,16.48,2.36,2.68,0.09,368000.0
2013-10-11,15.72,2.35,2.68,0.09,368000.0
2013-10-12,15.72,2.35,2.68,0.09,368000.0
2013-10-14,16.07,2.35,2.68,0.09,368000.0
2013-10-15,18.66,2.38,2.66,0.09,368000.0
2013-10-16,14.71,2.35,2.66,0.09,368000.0
2013-10-17,13.48,2.28,2.66,0.09,368000.0
2013-10-18,13.04,2.27,2.66,0.09,368000.0
2013-10-19,13.04,2.27,2.66,0.09,351000.0
2013-10-21,13.16,2.3,2.65,0.09,351000.0
2013-10-22,13.33,2.23,2.66,0.09,351000.0
2013-10-23,13.42,2.2,2.67,0.09,351000.0
2013-10-24,13.2,2.2,2.68,0.09,351000.0
2013-10-25,13.09,2.21,2.66,0.09,351000.0
2013-10-26,13.09,2.21,2.66,0.09,347000.0
2013-10-28,13.31,2.22,2.66,0.09,347000.0
2013-10-29,13.41,2.22,2.69,0.09,347000.0
2013-10-30,13.65,2.22,2.68,0.09,347000.0
2013-10-31,13.75,2.26,2.65,0.09,347000.0
2013-11-01,13.28,2.32,2.64,0.08,347000.0
2013-11-02,13.28,2.32,2.64,0.08,342000.0
2013-11-04,12.93,2.31,2.66,0.08,342000.0
2013-11-05,13.27,2.37,2.66,0.08,342000.0
2013-11-06,12.67,2.37,2.7,0.08,342000.0
2013-11-07,13.91,2.34,2.7,0.08,342000.0
2013-11-08,12.9,2.45,2.69,0.08,342000.0
2013-11-09,12.9,2.45,2.69,0.08,340000.0
2013-11-11,12.53,2.45,2.69,0.08,340000.0
2013-11-12,12.82,2.46,2.67,0.08,340000.0
2013-11-13,12.52,2.43,2.69,0.08,340000.0
2013-11-14,12.37,2.4,2.72,0.08,340000.0
2013-11-15,12.19,2.4,2.7,0.08,340000.0
2013-11-16,12.19,2.4,2.7,0.08,331000.0
2013-11-18,13.1,2.36,2.66,0.08,331000.0
2013-11-19,13.39,2.42,2.66,0.08,331000.0
2013-11-20,13.4,2.52,2.67,0.08,331000.0
2013-11-21,12.66,2.5,2.65,0.08,331000.0
2013-11-22,12.26,2.44,2.65,0.08,331000.0
2013-11-23,12.26,2.44,2.65,0.08,316000.0
2013-11-25,12.79,2.44,2.65,0.08,316000.0
2013-11-26,12.81,2.42,2.63,0.08,316000.0
2013-11-27,12.98,2.46,2.63,0.08,316000.0
2013-11-28,12.98,2.46,2.63,0.08,316000.0
2013-11-29,13.7,2.47,2.61,0.08,316000.0
2013-11-30,13.7,2.47,2.61,0.08,312000.0
2013-12-01,13.7,2.47,2.61,0.09,312000.0
2013-12-02,14.23,2.51,2.6,0.09,312000.0
2013-12-03,14.55,2.51,2.6,0.09,312000.0
2013-12-04,14.7,2.54,2.62,0.09,312000.0
2013-12-05,15.08,2.58,2.59,0.09,312000.0
2013-12-06,13.79,2.58,2.58,0.09,312000.0
2013-12-07,13.79,2.58,2.58,0.09,354000.0
2013-12-09,13.49,2.56,2.57,0.09,354000.0
2013-12-10,13.91,2.51,2.56,0.09,354000.0
2013-12-11,15.42,2.55,2.55,0.09,354000.0
2013-12-12,15.54,2.55,2.53,0.09,354000.0
2013-12-13,15.76,2.54,2.5,0.09,354000.0
2013-12-14,15.76,2.54,2.5,0.09,364000.0
2013-12-16,16.03,2.55,2.5,0.09,364000.0
2013-12-17,16.21,2.51,2.5,0.09,364000.0
2013-12-18,13.8,2.57,2.5,0.09,364000.0
2013-12-19,14.15,2.59,2.42,0.09,364000.0
2013-12-20,13.79,2.52,2.38,0.09,364000.0
2013-12-21,13.79,2.52,2.38,0.09,334000.0
2013-12-23,13.04,2.56,2.35,0.09,334000.0
2013-12-24,12.48,2.61,2.36,0.09,334000.0
2013-12-25,12.48,2.61,2.36,0.09,334000.0
2013-12-26,12.33,2.58,2.37,0.09,334000.0
2013-12-27,12.46,2.62,2.37,0.09,334000.0
2013-12-28,12.46,2.62,2.37,0.09,332000.0
2013-12-30,13.56,2.6,2.35,0.09,332000.0
2013-12-31,13.72,2.66,2.33,0.09,332000.0
2014-01-01,13.72,2.66,2.33,0.07,332000.0
2014-01-02,14.23,2.61,2.34,0.07,332000.0
2014-01-03,13.76,2.6,2.34,0.07,332000.0
2014-01-04,13.76,2.6,2.34,0.07,322000.0
2014-01-06,13.55,2.58,2.32,0.07,322000.0
2014-01-07,12.92,2.56,2.32,0.07,322000.0
2014-01-08,12.87,2.58,2.31,0.07,322000.0
2014-01-09,12.89,2.53,2.31,0.07,322000.0
2014-01-10,12.14,2.49,2.32,0.07,322000.0
2014-01-11,12.14,2.49,2.32,0.07,318000.0
2014-01-13,13.28,2.45,2.34,0.07,318000.0
2014-01-14,12.28,2.49,2.34,0.07,318000.0
2014-01-15,12.28,2.49,2.32,0.07,318000.0
2014-01-16,12.53,2.45,2.32,0.07,318000.0
2014-01-17,12.44,2.44,2.33,0.07,318000.0
2014-01-18,12.44,2.44,2.33,0.07,327000.0
2014-01-20,12.44,2.44,2.33,0.07,327000.0
2014-01-21,12.87,2.45,2.3,0.07,327000.0
2014-01-22,12.84,2.43,2.3,0.07,327000.0
2014-01-23,13.77,2.4,2.32,0.07,327000.0
2014-01-24,18.14,2.38,2.35,0.07,327000.0
2014-01-25,18.14,2.38,2.35,0.07,340000.0
2014-01-27,17.42,2.41,2.36,0.07,340000.0
2014-01-28,15.8,2.39,2.35,0.07,340000.0
2014-01-29,17.35,2.33,2.38,0.07,340000.0
2014-01-30,17.29,2.36,2.36,0.07,340000.0
2014-01-31,18.41,2.33,2.4,0.07,340000.0
2014-02-01,18.41,2.33,2.4,0.07,331000.0
2014-02-03,21.44,2.31,2.39,0.07,331000.0
2014-02-04,19.11,2.33,2.41,0.07,331000.0
2014-02-05,19.95,2.38,2.42,0.07,331000.0
2014-02-06,17.23,2.4,2.4,0.07,331000.0
2014-02-07,15.29,2.41,2.42,0.07,331000.0
2014-02-08,15.29,2.41,2.42,0.07,337000.0
2014-02-10,15.26,2.38,2.42,0.07,337000.0
2014-02-11,14.51,2.4,2.39,0.07,337000.0
2014-02-12,14.3,2.45,2.36,0.07,337000.0
2014-02-13,14.14,2.41,2.39,0.07,337000.0
2014-02-14,13.57,2.43,2.38,0.07,337000.0
2014-02-15,13.57,2.43,2.38,0.07,332000.0
2014-02-17,13.57,2.43,2.38,0.07,332000.0
2014-02-18,13.87,2.4,2.4,0.07,332000.0
2014-02-19,15.5,2.4,2.41,0.07,332000.0
2014-02-20,14.79,2.42,2.39,0.07,332000.0
2014-02-21,14.68,2.4,2.38,0.07,332000.0
2014-02-22,14.68,2.4,2.38,0.07,341000.0
2014-02-24,14.23,2.4,2.38,0.07,341000.0
2014-02-25,13.67,2.36,2.38,0.07,341000.0
2014-02-26,14.35,2.34,2.38,0.07,341000.0
2014-02-27,14.04,2.32,2.36,0.07,341000.0
2014-02-28,14.0,2.33,2.35,0.07,341000.0
2014-03-01,14.0,2.33,2.35,0.08,319000.0
2014-03-03,16.0,2.28,2.37,0.08,319000.0
2014-03-04,14.1,2.37,2.35,0.08,319000.0
2014-03-05,13.89,2.37,2.36,0.08,319000.0
2014-03-06,14.21,2.37,2.37,0.08,319000.0
2014-03-07,14.11,2.42,2.34,0.08,319000.0
2014-03-08,14.11,2.42,2.34,0.08,322000.0
2014-03-10,14.2,2.42,2.36,0.08,322000.0
2014-03-11,14.8,2.4,2.37,0.08,322000.0
2014-03-12,14.47,2.36,2.38,0.08,322000.0
2014-03-13,16.22,2.32,2.39,0.08,322000.0
2014-03-14,17.82,2.29,2.4,0.08,322000.0
2014-03-15,17.82,2.29,2.4,0.08,321000.0
2014-03-17,15.64,2.32,2.4,0.08,321000.0
2014-03-18,14.52,2.32,2.42,0.08,321000.0
2014-03-19,15.12,2.31,2.37,0.08,321000.0
2014-03-20,14.52,2.34,2.34,0.08,321000.0
2014-03-21,15.0,2.3,2.32,0.08,321000.0
2014-03-22,15.0,2.3,2.32,0.08,313000.0
2014-03-24,15.09,2.27,2.29,0.08,313000.0
2014-03-25,14.02,2.28,2.28,0.08,313000.0
2014-03-26,14.93,2.26,2.28,0.08,313000.0
2014-03-27,14.62,2.24,2.26,0.08,313000.0
2014-03-28,14.41,2.28,2.25,0.08,313000.0
2014-03-29,14.41,2.28,2.25,0.08,330000.0
2014-03-31,13.88,2.29,2.26,0.08,330000.0
2014-04-01,13.1,2.33,2.26,0.09,330000.0
2014-04-02,13.09,2.35,2.25,0.09,330000.0
2014-04-03,13.37,2.34,2.24,0.09,330000.0
2014-04-04,13.96,2.31,2.25,0.09,330000.0
2014-04-05,13.96,2.31,2.25,0.09,311000.0
2014-04-07,15.57,2.3,2.24,0.09,311000.0
2014-04-08,14.89,2.29,2.26,0.09,311000.0
2014-04-09,13.82,2.34,2.25,0.09,311000.0
2014-04-10,15.89,2.28,2.24,0.09,311000.0
2014-04-11,17.03,2.26,2.23,0.09,311000.0
2014-04-12,17.03,2.26,2.23,0.09,308000.0
2014-04-14,16.11,2.28,2.22,0.09,308000.0
2014-04-15,15.61,2.25,2.2,0.09,308000.0
2014-04-16,14.18,2.26,2.19,0.09,308000.0
2014-04-17,13.36,2.3,2.16,0.09,308000.0
2014-04-18,13.36,2.3,2.16,0.09,308000.0
2014-04-19,13.36,2.3,2.16,0.09,327000.0
2014-04-21,13.25,2.31,2.18,0.09,327000.0
2014-04-22,13.19,2.28,2.15,0.09,327000.0
2014-04-23,13.27,2.27,2.15,0.09,327000.0
2014-04-24,13.32,2.27,2.14,0.09,327000.0
2014-04-25,14.06,2.25,2.13,0.09,327000.0
2014-04-26,14.06,2.25,2.13,0.09,345000.0
2014-04-28,13.97,2.26,2.13,0.09,345000.0
2014-04-29,13.71,2.27,2.15,0.09,345000.0
2014-04-30,13.41,2.25,2.16,0.09,345000.0
2014-05-01,13.25,2.22,2.14,0.09,345000.0
2014-05-02,12.91,2.18,2.14,0.09,345000.0
2014-05-03,12.91,2.18,2.14,0.09,325000.0
2014-05-05,13.29,2.2,2.15,0.09,325000.0
2014-05-06,13.8,2.18,2.15,0.09,325000.0
2014-05-07,13.4,2.21,2.16,0.09,325000.0
2014-05-08,13.43,2.21,2.18,0.09,325000.0
2014-05-09,12.92,2.22,2.21,0.09,325000.0
2014-05-10,12.92,2.22,2.21,0.09,303000.0
2014-05-12,12.23,2.25,2.2,0.09,303000.0
2014-05-13,12.13,2.22,2.21,0.09,303000.0
2014-05-14,12.17,2.15,2.2,0.09,303000.0
2014-05-15,13.17,2.12,2.22,0.09,303000.0
2014-05-16,12.44,2.14,2.2,0.09,303000.0
2014-05-17,12.44,2.14,2.2,0.09,324000.0
2014-05-19,12.42,2.18,2.22,0.09,324000.0
2014-05-20,12.96,2.17,2.23,0.09,324000.0
2014-05-21,11.91,2.17,2.26,0.09,324000.0
2014-05-22,12.03,2.19,2.25,0.09,324000.0
2014-05-23,11.36,2.17,2.24,0.09,324000.0
2014-05-24,11.36,2.17,2.24,0.09,305000.0
2014-05-26,11.36,2.17,2.24,0.09,305000.0
2014-05-27,11.51,2.13,2.23,0.09,305000.0
2014-05-28,11.68,2.07,2.23,0.09,305000.0
2014-05-29,11.57,2.08,2.24,0.09,305000.0
2014-05-30,11.4,2.11,2.22,0.09,305000.0
2014-05-31,11.4,2.11,2.22,0.09,312000.0
2014-06-01,11.4,2.11,2.22,0.1,312000.0
2014-06-02,11.58,2.15,2.22,0.1,312000.0
2014-06-03,11.87,2.19,2.22,0.1,312000.0
2014-06-04,12.08,2.2,2.23,0.1,312000.0
2014-06-05,11.68,2.19,2.24,0.1,312000.0
2014-06-06,10.73,2.19,2.23,0.1,312000.0
2014-06-07,10.73,2.19,2.23,0.1,317000.0
2014-06-09,11.15,2.19,2.22,0.1,317000.0
2014-06-10,10.99,2.19,2.21,0.1,317000.0
2014-06-11,11.6,2.21,2.2,0.1,317000.0
2014-06-12,12.56,2.16,2.21,0.1,317000.0
2014-06-13,12.18,2.15,2.19,0.1,317000.0
2014-06-14,12.18,2.15,2.19,0.1,314000.0
2014-06-16,12.65,2.12,2.17,0.1,314000.0
2014-06-17,12.06,2.15,2.17,0.1,314000.0
2014-06-18,10.61,2.13,2.19,0.1,314000.0
2014-06-19,10.62,2.16,2.19,0.1,314000.0
2014-06-20,10.85,2.13,2.2,0.1,314000.0
2014-06-21,10.85,2.13,2.2,0.1,315000.0
2014-06-23,10.98,2.15,2.19,0.1,315000.0
2014-06-24,12.13,2.1,2.18,0.1,315000.0
2014-06-25,11.59,2.09,2.18,0.1,315000.0
2014-06-26,11.63,2.07,2.18,0.1,315000.0
2014-06-27,11.26,2.09,2.2,0.1,315000.0
2014-06-28,11.26,2.09,2.2,0.1,308000.0
2014-06-30,11.57,2.06,2.18,0.1,308000.0
2014-07-01,11.15,2.11,2.19,0.09,308000.0
2014-07-02,10.82,2.15,2.2,0.09,308000.0
2014-07-03,10.32,2.13,2.21,0.09,308000.0
2014-07-04,10.32,2.13,2.21,0.09,308000.0
2014-07-05,10.32,2.13,2.21,0.09,302000.0
2014-07-07,11.33,2.11,2.18,0.09,302000.0
2014-07-08,11.98,2.07,2.18,0.09,302000.0
2014-07-09,11.65,2.06,2.17,0.09,302000.0
2014-07-10,12.59,2.09,2.2,0.09,302000.0
2014-07-11,12.08,2.05,2.2,0.09,302000.0
2014-07-12,12.08,2.05,2.2,0.09,308000.0
2014-07-14,11.82,2.07,2.21,0.09,308000.0
2014-07-15,11.96,2.07,2.2,0.09,308000.0
2014-07-16,11.0,2.05,2.19,0.09,308000.0
2014-07-17,14.54,2.0,2.22,0.09,308000.0
2014-07-18,12.06,1.99,2.2,0.09,308000.0
2014-07-19,12.06,1.99,2.2,0.09,294000.0
2014-07-21,12.81,1.98,2.19,0.09,294000.0
2014-07-22,12.24,1.99,2.19,0.09,294000.0
2014-07-23,11.52,1.98,2.2,0.09,294000.0
2014-07-24,11.84,1.99,2.2,0.09,294000.0
2014-07-25,12.69,1.95,2.19,0.09,294000.0
2014-07-26,12.69,1.95,2.19,0.09,303000.0
2014-07-28,12.56,1.96,2.19,0.09,303000.0
2014-07-29,13.28,1.93,2.18,0.09,303000.0
2014-07-30,13.33,2.01,2.17,0.09,303000.0
2014-07-31,16.95,2.05,2.17,0.09,303000.0
2014-08-01,17.03,2.05,2.23,0.09,303000.0
2014-08-02,17.03,2.05,2.23,0.09,295000.0
2014-08-04,15.12,2.04,2.24,0.09,295000.0
2014-08-05,16.87,2.02,2.25,0.09,295000.0
2014-08-06,16.37,2.01,2.26,0.09,295000.0
2014-08-07,16.66,1.99,2.28,0.09,295000.0
2014-08-08,15.77,1.99,2.27,0.09,295000.0
2014-08-09,15.77,1.99,2.27,0.09,309000.0
2014-08-11,14.23,1.97,2.28,0.09,309000.0
2014-08-12,14.13,2.01,2.29,0.09,309000.0
2014-08-13,12.9,2.0,2.31,0.09,309000.0
2014-08-14,12.42,1.98,2.29,0.09,309000.0
2014-08-15,13.15,1.92,2.29,0.09,309000.0
2014-08-16,13.15,1.92,2.29,0.09,303000.0
2014-08-18,12.32,1.95,2.31,0.09,303000.0
2014-08-19,12.21,1.94,2.33,0.09,303000.0
2014-08-20,11.78,1.94,2.3,0.09,303000.0
2014-08-21,11.76,1.92,2.28,0.09,303000.0
2014-08-22,11.47,1.87,2.26,0.09,303000.0
2014-08-23,11.47,1.87,2.26,0.09,300000.0
2014-08-25,11.7,1.86,2.25,0.09,300000.0
2014-08-26,11.63,1.87,2.26,0.09,300000.0
2014-08-27,11.78,1.86,2.24,0.09,300000.0
2014-08-28,12.05,1.84,2.23,0.09,300000.0
2014-08-29,11.98,1.87,2.23,0.09,300000.0
2014-08-30,11.98,1.87,2.23,0.09,303000.0
2014-09-01,11.98,1.87,2.23,0.09,303000.0
2014-09-02,12.25,1.89,2.25,0.09,303000.0
2014-09-03,12.36,1.89,2.24,0.09,303000.0
2014-09-04,12.64,1.91,2.25,0.09,303000.0
2014-09-05,12.09,1.94,2.29,0.09,303000.0
2014-09-06,12.09,1.94,2.29,0.09,307000.0
2014-09-08,12.66,1.94,2.26,0.09,307000.0
2014-09-09,13.5,1.94,2.25,0.09,307000.0
2014-09-10,12.88,1.96,2.26,0.09,307000.0
2014-09-11,12.8,1.96,2.25,0.09,307000.0
2014-09-12,13.31,2.04,2.27,0.09,307000.0
2014-09-13,13.31,2.04,2.27,0.09,288000.0
2014-09-15,14.12,2.02,2.28,0.09,288000.0
2014-09-16,12.73,2.05,2.3,0.09,288000.0
2014-09-17,12.65,2.03,2.29,0.09,288000.0
2014-09-18,12.03,2.04,2.28,0.09,288000.0
2014-09-19,12.11,2.0,2.26,0.09,288000.0
2014-09-20,12.11,2.0,2.26,0.09,295000.0
2014-09-22,13.69,1.99,2.27,0.09,295000.0
2014-09-23,14.93,1.97,2.26,0.09,295000.0
2014-09-24,13.27,1.98,2.27,0.09,295000.0
2014-09-25,15.64,1.96,2.27,0.09,295000.0
2014-09-26,14.85,1.95,2.27,0.09,295000.0
2014-09-27,14.85,1.95,2.27,0.09,290000.0
2014-09-29,15.98,1.92,2.27,0.09,290000.0
2014-09-30,16.31,1.94,2.29,0.09,290000.0
2014-10-01,16.71,1.89,2.31,0.09,290000.0
2014-10-02,16.16,1.91,2.32,0.09,290000.0
2014-10-03,14.55,1.88,2.29,0.09,290000.0
2014-10-04,14.55,1.88,2.29,0.09,293000.0
2014-10-06,15.46,1.89,2.3,0.09,293000.0
2014-10-07,17.2,1.84,2.3,0.09,293000.0
2014-10-08,15.11,1.89,2.32,0.09,293000.0
2014-10-09,18.76,1.88,2.34,0.09,293000.0
2014-10-10,21.24,1.86,2.36,0.09,293000.0
2014-10-11,21.24,1.86,2.36,0.09,281000.0
2014-10-13,24.64,1.86,2.36,0.09,281000.0
2014-10-14,22.79,1.82,2.39,0.09,281000.0
2014-10-15,26.25,1.81,2.44,0.09,281000.0
2014-10-16,25.2,1.82,2.47,0.09,281000.0
2014-10-17,21.99,1.83,2.44,0.09,281000.0
2014-10-18,21.99,1.83,2.44,0.09,290000.0
2014-10-20,18.57,1.83,2.45,0.09,290000.0
2014-10-21,16.08,1.85,2.43,0.09,290000.0
2014-10-22,17.87,1.84,2.42,0.09,290000.0
2014-10-23,16.53,1.88,2.42,0.09,290000.0
2014-10-24,16.11,1.88,2.43,0.09,290000.0
2014-10-25,16.11,1.88,2.43,0.09,291000.0
2014-10-27,16.04,1.86,2.44,0.09,291000.0
2014-10-28,14.39,1.88,2.43,0.09,291000.0
2014-10-29,15.15,1.86,2.36,0.09,291000.0
2014-10-30,14.52,1.84,2.39,0.09,291000.0
2014-10-31,14.03,1.85,2.39,0.09,291000.0
2014-11-01,14.03,1.85,2.39,0.09,280000.0
2014-11-03,14.73,1.84,2.39,0.09,280000.0
2014-11-04,14.89,1.83,2.39,0.09,280000.0
2014-11-05,14.17,1.84,2.39,0.09,280000.0
2014-11-06,13.67,1.85,2.4,0.09,280000.0
2014-11-07,13.12,1.81,2.43,0.09,280000.0
2014-11-08,13.12,1.81,2.43,0.09,291000.0
2014-11-10,12.67,1.83,2.41,0.09,291000.0
2014-11-11,12.92,1.83,2.41,0.09,291000.0
2014-11-12,13.02,1.82,2.43,0.09,291000.0
2014-11-13,13.79,1.82,2.47,0.09,291000.0
2014-11-14,13.31,1.78,2.48,0.09,291000.0
2014-11-15,13.31,1.78,2.48,0.09,293000.0
2014-11-17,13.99,1.8,2.49,0.09,293000.0
2014-11-18,13.86,1.79,2.52,0.09,293000.0
2014-11-19,13.96,1.82,2.51,0.09,293000.0
2014-11-20,13.58,1.81,2.52,0.09,293000.0
2014-11-21,12.9,1.78,2.49,0.09,293000.0
2014-11-22,12.9,1.78,2.49,0.09,303000.0
2014-11-24,12.62,1.77,2.5,0.09,303000.0
2014-11-25,12.25,1.76,2.46,0.09,303000.0
2014-11-26,12.07,1.71,2.47,0.09,303000.0
2014-11-27,12.07,1.71,2.47,0.09,303000.0
2014-11-28,13.33,1.71,2.52,0.09,303000.0
2014-11-29,13.33,1.71,2.52,0.09,291000.0
2014-12-01,14.29,1.73,2.54,0.12,291000.0
2014-12-02,12.85,1.73,2.54,0.12,291000.0
2014-12-03,12.47,1.72,2.52,0.12,291000.0
2014-12-04,12.38,1.7,2.53,0.12,291000.0
2014-12-05,11.82,1.66,2.48,0.12,291000.0
2014-12-06,11.82,1.66,2.48,0.12,291000.0
2014-12-08,14.21,1.62,2.48,0.12,291000.0
2014-12-09,14.89,1.58,2.51,0.12,291000.0
2014-12-10,18.53,1.59,2.53,0.12,291000.0
2014-12-11,20.08,1.57,2.53,0.12,291000.0
2014-12-12,21.08,1.54,2.58,0.12,291000.0
2014-12-13,21.08,1.54,2.58,0.12,286000.0
2014-12-15,20.42,1.52,2.56,0.12,286000.0
2014-12-16,23.57,1.49,2.6,0.12,286000.0
2014-12-17,19.44,1.52,2.6,0.12,286000.0
2014-12-18,16.81,1.55,2.56,0.12,286000.0
2014-12-19,16.49,1.5,2.56,0.12,286000.0
2014-12-20,16.49,1.5,2.56,0.12,276000.0
2014-12-22,15.25,1.46,2.53,0.12,276000.0
2014-12-23,14.8,1.53,2.53,0.12,276000.0
2014-12-24,14.37,1.54,2.5,0.12,276000.0
2014-12-25,14.37,1.54,2.5,0.12,276000.0
2014-12-26,14.5,1.52,2.5,0.12,276000.0
2014-12-27,14.5,1.52,2.5,0.12,285000.0
2014-12-29,15.06,1.5,2.49,0.12,285000.0
2014-12-30,15.92,1.51,2.49,0.12,285000.0
2014-12-31,19.2,1.5,2.51,0.12,285000.0
2015-01-01,19.2,1.5,2.51,0.11,285000.0
2015-01-02,17.79,1.46,2.51,0.11,285000.0
2015-01-03,17.79,1.46,2.51,0.11,294000.0
2015-01-05,19.92,1.36,2.52,0.11,294000.0
2015-01-06,21.12,1.32,2.52,0.11,294000.0
2015-01-07,19.31,1.34,2.53,0.11,294000.0
2015-01-08,17.01,1.41,2.54,0.11,294000.0
2015-01-09,17.55,1.39,2.55,0.11,294000.0
2015-01-10,17.55,1.39,2.55,0.11,304000.0
2015-01-12,19.6,1.36,2.55,0.11,304000.0
2015-01-13,20.56,1.37,2.55,0.11,304000.0
2015-01-14,21.48,1.35,2.58,0.11,304000.0
2015-01-15,22.39,1.33,2.65,0.11,304000.0
2015-01-16,20.95,1.34,2.62,0.11,304000.0
2015-01-17,20.95,1.34,2.62,0.11,298000.0
2015-01-19,20.95,1.34,2.62,0.11,298000.0
2015-01-20,19.89,1.29,2.61,0.11,298000.0
2015-01-21,18.85,1.34,2.59,0.11,298000.0
2015-01-22,16.4,1.37,2.59,0.11,298000.0
2015-01-23,16.66,1.29,2.6,0.11,298000.0
2015-01-24,16.66,1.29,2.6,0.11,261000.0
2015-01-26,15.52,1.29,2.58,0.11,261000.0
2015-01-27,17.22,1.29,2.59,0.11,261000.0
2015-01-28,20.44,1.23,2.59,0.11,261000.0
2015-01-29,18.76,1.26,2.58,0.11,261000.0
2015-01-30,20.97,1.21,2.61,0.11,261000.0
2015-01-31,20.97,1.21,2.61,0.11,281000.0
2015-02-01,20.97,1.21,2.61,0.11,281000.0
2015-02-02,19.43,1.19,2.61,0.11,281000.0
2015-02-03,17.33,1.27,2.61,0.11,281000.0
2015-02-04,18.33,1.29,2.6,0.11,281000.0
2015-02-05,16.85,1.31,2.6,0.11,281000.0
2015-02-06,17.29,1.3,2.55,0.11,281000.0
2015-02-07,17.29,1.3,2.55,0.11,298000.0
2015-02-09,18.55,1.31,2.53,0.11,298000.0
2015-02-10,17.23,1.34,2.53,0.11,298000.0
2015-02-11,16.96,1.33,2.53,0.11,298000.0
2015-02-12,15.34,1.38,2.54,0.11,298000.0
2015-02-13,14.69,1.36,2.55,0.11,298000.0
2015-02-14,14.69,1.36,2.55,0.11,285000.0
2015-02-16,14.69,1.36,2.55,0.11,285000.0
2015-02-17,15.8,1.44,2.53,0.11,285000.0
2015-02-18,15.45,1.45,2.53,0.11,285000.0
2015-02-19,15.29,1.44,2.53,0.11,285000.0
2015-02-20,14.3,1.46,2.5,0.11,285000.0
2015-02-21,14.3,1.46,2.5,0.11,305000.0
2015-02-23,14.56,1.42,2.48,0.11,305000.0
2015-02-24,13.69,1.39,2.49,0.11,305000.0
2015-02-25,13.84,1.35,2.49,0.11,305000.0
2015-02-26,13.91,1.37,2.44,0.11,305000.0
2015-02-27,13.34,1.37,2.46,0.11,305000.0
2015-02-28,13.34,1.37,2.46,0.11,317000.0
2015-03-01,13.34,1.37,2.46,0.11,317000.0
2015-03-02,13.04,1.42,2.48,0.11,317000.0
2015-03-03,13.86,1.44,2.46,0.11,317000.0
2015-03-04,14.23,1.46,2.46,0.11,317000.0
2015-03-05,14.04,1.46,2.47,0.11,317000.0
2015-03-06,15.2,1.51,2.45,0.11,317000.0
2015-03-07,15.2,1.51,2.45,0.11,293000.0
2015-03-09,15.06,1.5,2.46,0.11,293000.0
2015-03-10,16.69,1.44,2.45,0.11,293000.0
2015-03-11,16.87,1.41,2.45,0.11,293000.0
2015-03-12,15.42,1.43,2.46,0.11,293000.0
2015-03-13,16.0,1.45,2.47,0.11,293000.0
2015-03-14,16.0,1.45,2.47,0.11,290000.0
2015-03-16,15.61,1.44,2.48,0.11,290000.0
2015-03-17,15.66,1.36,2.49,0.11,290000.0
2015-03-18,13.97,1.36,2.55,0.11,290000.0
2015-03-19,14.07,1.35,2.5,0.11,290000.0
2015-03-20,13.02,1.33,2.51,0.11,290000.0
2015-03-21,13.02,1.33,2.51,0.11,284000.0
2015-03-23,13.41,1.32,2.54,0.11,284000.0
2015-03-24,13.62,1.3,2.53,0.11,284000.0
2015-03-25,15.44,1.34,2.53,0.11,284000.0
2015-03-26,15.8,1.4,2.55,0.11,284000.0
2015-03-27,15.07,1.37,2.53,0.11,284000.0
2015-03-28,15.07,1.37,2.53,0.11,269000.0
2015-03-30,14.51,1.38,2.55,0.11,269000.0
2015-03-31,15.29,1.38,2.55,0.11,269000.0
2015-04-01,15.11,1.32,2.55,0.12,269000.0
2015-04-02,14.67,1.37,2.55,0.12,269000.0
2015-04-03,14.67,1.36,2.58,0.12,269000.0
2015-04-04,14.67,1.36,2.58,0.12,282000.0
2015-04-06,14.74,1.41,2.58,0.12,282000.0
2015-04-07,14.78,1.37,2.56,0.12,282000.0
2015-04-08,13.98,1.38,2.51,0.12,282000.0
2015-04-09,13.09,1.41,2.53,0.12,282000.0
2015-04-10,12.58,1.39,2.53,0.12,282000.0
2015-04-11,12.58,1.39,2.53,0.12,298000.0
2015-04-13,13.94,1.4,2.54,0.12,298000.0
2015-04-14,13.67,1.37,2.54,0.12,298000.0
2015-04-15,12.84,1.4,2.54,0.12,298000.0
2015-04-16,12.6,1.4,2.55,0.12,298000.0
2015-04-17,13.89,1.36,2.53,0.12,298000.0
2015-04-18,13.89,1.36,2.53,0.12,295000.0
2015-04-20,13.3,1.35,2.55,0.12,295000.0
2015-04-21,13.25,1.37,2.54,0.12,295000.0
2015-04-22,12.71,1.42,2.53,0.12,295000.0
2015-04-23,12.48,1.41,2.54,0.12,295000.0
2015-04-24,12.29,1.39,2.56,0.12,295000.0
2015-04-25,12.29,1.39,2.56,0.12,269000.0
2015-04-27,13.12,1.4,2.54,0.12,269000.0
2015-04-28,12.41,1.44,2.55,0.12,269000.0
2015-04-29,13.39,1.5,2.58,0.12,269000.0
2015-04-30,14.55,1.47,2.6,0.12,269000.0
2015-05-01,12.7,1.52,2.61,0.12,269000.0
2015-05-02,12.7,1.52,2.61,0.12,267000.0
2015-05-04,12.85,1.56,2.61,0.12,267000.0
2015-05-05,14.31,1.57,2.62,0.12,267000.0
2015-05-06,15.15,1.6,2.64,0.12,267000.0
2015-05-07,15.13,1.55,2.64,0.12,267000.0
2015-05-08,12.86,1.57,2.65,0.12,267000.0
2015-05-09,12.86,1.57,2.65,0.12,271000.0
2015-05-11,13.85,1.66,2.66,0.12,271000.0
2015-05-12,13.86,1.67,2.65,0.12,271000.0
2015-05-13,13.76,1.68,2.71,0.12,271000.0
2015-05-14,12.74,1.67,2.74,0.12,271000.0
2015-05-15,12.38,1.59,2.72,0.12,271000.0
2015-05-16,12.38,1.59,2.72,0.12,276000.0
2015-05-18,12.73,1.65,2.73,0.12,276000.0
2015-05-19,12.85,1.64,2.71,0.12,276000.0
2015-05-20,12.88,1.66,2.73,0.12,276000.0
2015-05-21,12.11,1.59,2.75,0.12,276000.0
2015-05-22,12.13,1.57,2.74,0.12,276000.0
2015-05-23,12.13,1.57,2.74,0.12,281000.0
2015-05-25,12.13,1.57,2.74,0.12,281000.0
2015-05-26,14.06,1.5,2.73,0.12,281000.0
2015-05-27,13.27,1.5,2.71,0.12,281000.0
2015-05-28,13.31,1.51,2.75,0.12,281000.0
2015-05-29,13.84,1.51,2.72,0.12,281000.0
2015-05-30,13.84,1.51,2.72,0.12,275000.0
2015-06-01,13.97,1.55,2.75,0.13,275000.0
2015-06-02,14.24,1.63,2.75,0.13,275000.0
2015-06-03,13.66,1.69,2.72,0.13,275000.0
2015-06-04,14.71,1.65,2.72,0.13,275000.0
2015-06-05,14.21,1.68,2.69,0.13,275000.0
2015-06-06,14.21,1.68,2.69,0.13,278000.0
2015-06-08,15.29,1.69,2.7,0.13,278000.0
2015-06-09,14.47,1.7,2.73,0.13,278000.0
2015-06-10,13.22,1.75,2.7,0.13,278000.0
2015-06-11,12.85,1.66,2.71,0.13,278000.0
2015-06-12,13.78,1.65,2.7,0.13,278000.0
2015-06-13,13.78,1.65,2.7,0.13,269000.0
2015-06-15,15.39,1.64,2.73,0.13,269000.0
2015-06-16,14.81,1.61,2.74,0.13,269000.0
2015-06-17,14.5,1.65,2.76,0.13,269000.0
2015-06-18,13.19,1.69,2.82,0.13,269000.0
2015-06-19,13.96,1.61,2.82,0.13,269000.0
2015-06-20,13.96,1.61,2.82,0.13,273000.0
2015-06-22,12.74,1.69,2.81,0.13,273000.0
2015-06-23,12.11,1.72,2.82,0.13,273000.0
2015-06-24,13.26,1.7,2.81,0.13,273000.0
2015-06-25,14.01,1.72,2.8,0.13,273000.0
2015-06-26,14.02,1.77,2.81,0.13,273000.0
2015-06-27,14.02,1.77,2.81,0.13,275000.0
2015-06-29,18.85,1.69,2.84,0.13,275000.0
2015-06-30,18.23,1.71,2.83,0.13,275000.0
2015-07-01,16.09,1.74,2.83,0.13,275000.0
2015-07-02,16.79,1.76,2.86,0.13,275000.0
2015-07-03,16.79,1.76,2.86,0.13,275000.0
2015-07-04,16.79,1.76,2.86,0.13,292000.0
2015-07-06,17.01,1.7,2.84,0.13,292000.0
2015-07-07,16.09,1.69,2.84,0.13,292000.0
2015-07-08,19.66,1.67,2.87,0.13,292000.0
2015-07-09,19.97,1.72,2.88,0.13,292000.0
2015-07-10,16.83,1.77,2.9,0.13,292000.0
2015-07-11,16.83,1.77,2.9,0.13,285000.0
2015-07-13,13.9,1.75,2.88,0.13,285000.0
2015-07-14,13.37,1.75,2.91,0.13,285000.0
2015-07-15,13.23,1.72,2.91,0.13,285000.0
2015-07-16,12.11,1.69,2.88,0.13,285000.0
2015-07-17,11.95,1.66,2.87,0.13,285000.0
2015-07-18,11.95,1.66,2.87,0.13,265000.0
2015-07-20,12.25,1.67,2.86,0.13,265000.0
2015-07-21,12.22,1.64,2.87,0.13,265000.0
2015-07-22,12.12,1.58,2.85,0.13,265000.0
2015-07-23,12.64,1.57,2.85,0.13,265000.0
2015-07-24,13.74,1.57,2.87,0.13,265000.0
2015-07-25,13.74,1.57,2.87,0.13,269000.0
2015-07-27,15.6,1.55,2.9,0.13,269000.0
2015-07-28,13.44,1.57,2.91,0.13,269000.0
2015-07-29,12.5,1.59,2.9,0.13,269000.0
2015-07-30,12.13,1.56,2.88,0.13,269000.0
2015-07-31,12.12,1.53,2.94,0.13,269000.0
2015-08-01,12.12,1.53,2.94,0.14,270000.0
2015-08-03,12.56,1.48,2.92,0.14,270000.0
2015-08-04,13.0,1.49,2.88,0.14,270000.0
2015-08-05,12.51,1.55,2.9,0.14,270000.0
2015-08-06,13.77,1.52,2.92,0.14,270000.0
2015-08-07,13.39,1.45,2.91,0.14,270000.0
2015-08-08,13.39,1.45,2.91,0.14,274000.0
2015-08-10,12.23,1.51,2.93,0.14,274000.0
2015-08-11,13.71,1.47,2.94,0.14,274000.0
2015-08-12,13.61,1.47,2.97,0.14,274000.0
2015-08-13,13.49,1.47,2.98,0.14,274000.0
2015-08-14,12.83,1.47,2.97,0.14,274000.0
2015-08-15,12.83,1.47,2.97,0.14,279000.0
2015-08-17,13.02,1.44,2.97,0.14,279000.0
2015-08-18,13.79,1.46,3.01,0.14,279000.0
2015-08-19,15.25,1.45,3.06,0.14,279000.0
2015-08-20,19.14,1.4,3.04,0.14,279000.0
2015-08-21,28.03,1.41,3.1,0.14,279000.0
2015-08-22,28.03,1.41,3.1,0.14,274000.0
2015-08-24,40.74,1.42,3.14,0.14,274000.0
2015-08-25,36.02,1.45,3.17,0.14,274000.0
2015-08-26,30.32,1.51,3.2,0.14,274000.0
2015-08-27,26.1,1.5,3.15,0.14,274000.0
2015-08-28,26.05,1.47,3.13,0.14,274000.0
2015-08-29,26.05,1.47,3.13,0.14,279000.0
2015-08-31,28.43,1.47,3.15,0.14,279000.0
2015-09-01,31.4,1.47,3.18,0.14,279000.0
2015-09-02,26.09,1.48,3.17,0.14,279000.0
2015-09-03,25.61,1.47,3.17,0.14,279000.0
2015-09-04,27.8,1.42,3.15,0.14,279000.0
2015-09-05,27.8,1.42,3.15,0.14,273000.0
2015-09-07,27.8,1.42,3.15,0.14,273000.0
2015-09-08,24.9,1.46,3.16,0.14,273000.0
2015-09-09,26.23,1.46,3.1,0.14,273000.0
2015-09-10,24.37,1.48,3.12,0.14,273000.0
2015-09-11,23.2,1.49,3.11,0.14,273000.0
2015-09-12,23.2,1.49,3.11,0.14,264000.0
2015-09-14,24.25,1.45,3.13,0.14,264000.0
2015-09-15,22.54,1.46,3.16,0.14,264000.0
2015-09-16,21.35,1.48,3.15,0.14,264000.0
2015-09-17,21.14,1.51,3.18,0.14,264000.0
2015-09-18,22.28,1.44,3.15,0.14,264000.0
2015-09-19,22.28,1.44,3.15,0.14,269000.0
2015-09-21,20.14,1.48,3.19,0.14,269000.0
2015-09-22,22.44,1.45,3.15,0.14,269000.0
2015-09-23,22.13,1.46,3.15,0.14,269000.0
2015-09-24,23.47,1.46,3.16,0.14,269000.0
2015-09-25,23.62,1.47,3.19,0.14,269000.0
2015-09-26,23.62,1.47,3.19,0.14,272000.0
2015-09-28,27.63,1.43,3.21,0.14,272000.0
2015-09-29,26.83,1.41,3.26,0.14,272000.0
2015-09-30,24.5,1.42,3.29,0.14,272000.0
2015-10-01,22.55,1.41,3.31,0.12,272000.0
2015-10-02,20.94,1.41,3.34,0.12,272000.0
2015-10-03,20.94,1.41,3.34,0.12,267000.0
2015-10-05,19.54,1.46,3.33,0.12,267000.0
2015-10-06,19.4,1.44,3.32,0.12,267000.0
2015-10-07,18.4,1.43,3.27,0.12,267000.0
2015-10-08,17.42,1.47,3.28,0.12,267000.0
2015-10-09,17.08,1.47,3.26,0.12,267000.0
2015-10-10,17.08,1.47,3.26,0.12,265000.0
2015-10-12,16.17,1.47,3.26,0.12,265000.0
2015-10-13,17.67,1.42,3.28,0.12,265000.0
2015-10-14,18.03,1.42,3.31,0.12,265000.0
2015-10-15,16.05,1.43,3.29,0.12,265000.0
2015-10-16,15.05,1.43,3.28,0.12,265000.0
2015-10-17,15.05,1.43,3.28,0.12,264000.0
2015-10-19,14.98,1.43,3.3,0.12,264000.0
2015-10-20,15.75,1.42,3.29,0.12,264000.0
2015-10-21,16.7,1.4,3.28,0.12,264000.0
2015-10-22,14.45,1.43,3.26,0.12,264000.0
2015-10-23,14.46,1.43,3.23,0.12,264000.0
2015-10-24,14.46,1.43,3.23,0.12,264000.0
2015-10-26,15.29,1.41,3.22,0.12,264000.0
2015-10-27,15.43,1.4,3.25,0.12,264000.0
2015-10-28,14.33,1.37,3.2,0.12,264000.0
2015-10-29,14.61,1.44,3.21,0.12,264000.0
2015-10-30,15.07,1.41,3.19,0.12,264000.0
2015-10-31,15.07,1.41,3.19,0.12,275000.0
2015-11-01,15.07,1.41,3.19,0.12,275000.0
2015-11-02,14.15,1.43,3.18,0.12,275000.0
2015-11-03,14.54,1.43,3.19,0.12,275000.0
2015-11-04,15.51,1.41,3.16,0.12,275000.0
2015-11-05,15.05,1.41,3.18,0.12,275000.0
2015-11-06,14.33,1.44,3.17,0.12,275000.0
2015-11-07,14.33,1.44,3.17,0.12,276000.0
2015-11-09,16.52,1.47,3.15,0.12,276000.0
2015-11-10,15.29,1.45,3.18,0.12,276000.0
2015-11-11,16.06,1.45,3.18,0.12,276000.0
2015-11-12,18.37,1.43,3.19,0.12,276000.0
2015-11-13,20.08,1.42,3.2,0.12,276000.0
2015-11-14,20.08,1.42,3.2,0.12,272000.0
2015-11-16,18.16,1.39,3.24,0.12,272000.0
2015-11-17,18.84,1.39,3.23,0.12,272000.0
2015-11-18,16.85,1.37,3.21,0.12,272000.0
2015-11-19,16.99,1.33,3.2,0.12,272000.0
2015-11-20,15.47,1.33,3.2,0.12,272000.0
2015-11-21,15.47,1.33,3.2,0.12,261000.0
2015-11-23,15.62,1.31,3.19,0.12,261000.0
2015-11-24,15.93,1.31,3.2,0.12,261000.0
2015-11-25,15.19,1.3,3.21,0.12,261000.0
2015-11-26,15.19,1.3,3.21,0.12,261000.0
2015-11-27,15.12,1.3,3.22,0.12,261000.0
2015-11-28,15.12,1.3,3.22,0.12,265000.0
2015-11-30,16.13,1.27,3.2,0.12,265000.0
2015-12-01,14.67,1.24,3.21,0.24,265000.0
2015-12-02,15.91,1.24,3.17,0.24,265000.0
2015-12-03,18.11,1.37,3.18,0.24,265000.0
2015-12-04,14.81,1.32,3.15,0.24,265000.0
2015-12-05,14.81,1.32,3.15,0.24,280000.0
2015-12-07,15.84,1.29,3.15,0.24,280000.0
2015-12-08,17.6,1.3,3.19,0.24,280000.0
2015-12-09,19.61,1.29,3.18,0.24,280000.0
2015-12-10,19.34,1.29,3.19,0.24,280000.0
2015-12-11,24.39,1.25,3.24,0.24,280000.0
2015-12-12,24.39,1.25,3.24,0.24,268000.0
2015-12-14,22.73,1.26,3.23,0.24,268000.0
2015-12-15,20.95,1.3,3.21,0.24,268000.0
2015-12-16,17.86,1.28,3.21,0.24,268000.0
2015-12-17,18.94,1.24,3.21,0.24,268000.0
2015-12-18,20.7,1.22,3.25,0.24,268000.0
2015-12-19,20.7,1.22,3.25,0.24,260000.0
2015-12-21,18.7,1.24,3.27,0.24,260000.0
2015-12-22,16.6,1.25,3.26,0.24,260000.0
2015-12-23,15.57,1.26,3.26,0.24,260000.0
2015-12-24,15.74,1.22,3.22,0.24,260000.0
2015-12-25,15.74,1.22,3.22,0.24,260000.0
2015-12-26,15.74,1.22,3.22,0.24,276000.0
2015-12-28,16.91,1.19,3.21,0.24,276000.0
2015-12-29,16.08,1.23,3.22,0.24,276000.0
2015-12-30,17.29,1.23,3.23,0.24,276000.0
2015-12-31,18.21,1.21,3.23,0.24,276000.0
2016-01-01,18.21,1.21,3.23,0.34,276000.0
2016-01-02,18.21,1.21,3.23,0.34,273000.0
2016-01-04,20.7,1.22,3.24,0.34,273000.0
2016-01-05,19.34,1.21,3.25,0.34,273000.0
2016-01-06,20.59,1.19,3.26,0.34,273000.0
2016-01-07,24.99,1.2,3.28,0.34,273000.0
2016-01-08,27.01,1.19,3.31,0.34,273000.0
2016-01-09,27.01,1.19,3.31,0.34,284000.0
2016-01-11,24.3,1.23,3.3,0.34,284000.0
2016-01-12,22.47,1.19,3.29,0.34,284000.0
2016-01-13,25.22,1.17,3.28,0.34,284000.0
2016-01-14,23.95,1.2,3.36,0.34,284000.0
2016-01-15,27.02,1.18,3.38,0.34,284000.0
2016-01-16,27.02,1.18,3.38,0.34,290000.0
2016-01-18,27.02,1.18,3.38,0.34,290000.0
2016-01-19,26.05,1.18,3.35,0.34,290000.0
2016-01-20,27.59,1.16,3.4,0.34,290000.0
2016-01-21,26.69,1.18,3.45,0.34,290000.0
2016-01-22,22.34,1.19,3.42,0.34,290000.0
2016-01-23,22.34,1.19,3.42,0.34,269000.0
2016-01-25,24.15,1.15,3.44,0.34,269000.0
2016-01-26,22.5,1.16,3.46,0.34,269000.0
2016-01-27,23.11,1.18,3.46,0.34,269000.0
2016-01-28,22.42,1.17,3.48,0.34,269000.0
2016-01-29,20.2,1.18,3.48,0.34,269000.0
2016-01-30,20.2,1.18,3.48,0.34,282000.0
2016-02-01,19.98,1.16,3.49,0.38,282000.0
2016-02-02,21.98,1.12,3.49,0.38,282000.0
2016-02-03,21.65,1.16,3.52,0.38,282000.0
2016-02-04,21.84,1.17,3.53,0.38,282000.0
2016-02-05,23.38,1.12,3.52,0.38,282000.0
2016-02-06,23.38,1.12,3.52,0.38,266000.0
2016-02-08,26.0,1.09,3.53,0.38,266000.0
2016-02-09,26.54,1.05,3.54,0.38,266000.0
2016-02-10,26.29,1.0,3.56,0.38,266000.0
2016-02-11,28.14,0.99,3.63,0.38,266000.0
2016-02-12,25.4,1.03,3.6,0.38,266000.0
2016-02-13,25.4,1.03,3.6,0.38,262000.0
2016-02-15,25.4,1.03,3.6,0.38,262000.0
2016-02-16,24.11,1.04,3.59,0.38,262000.0
2016-02-17,22.31,1.07,3.62,0.38,262000.0
2016-02-18,21.64,1.04,3.62,0.38,262000.0
2016-02-19,20.53,1.0,3.56,0.38,262000.0
2016-02-20,20.53,1.0,3.56,0.38,270000.0
2016-02-22,19.38,0.99,3.57,0.38,270000.0
2016-02-23,20.98,0.98,3.58,0.38,270000.0
2016-02-24,20.72,1.0,3.56,0.38,270000.0
2016-02-25,19.11,0.99,3.56,0.38,270000.0
2016-02-26,19.81,0.96,3.56,0.38,270000.0
2016-02-27,19.81,0.96,3.56,0.38,269000.0
2016-02-29,20.55,0.96,3.55,0.38,269000.0
2016-03-01,17.7,0.98,3.54,0.36,269000.0
2016-03-02,17.09,0.99,3.5,0.36,269000.0
2016-03-03,16.7,0.98,3.47,0.36,269000.0
2016-03-04,16.86,1.0,3.43,0.36,269000.0
2016-03-05,16.86,1.0,3.43,0.36,255000.0
2016-03-07,17.35,1.0,3.39,0.36,255000.0
2016-03-08,18.67,0.95,3.38,0.36,255000.0
2016-03-09,18.34,1.0,3.36,0.36,255000.0
2016-03-10,18.05,1.0,3.3,0.36,255000.0
2016-03-11,16.5,1.01,3.26,0.36,255000.0
2016-03-12,16.5,1.01,3.26,0.36,263000.0
2016-03-14,16.92,1.0,3.22,0.36,263000.0
2016-03-15,16.84,0.99,3.19,0.36,263000.0
2016-03-16,14.99,1.07,3.22,0.36,263000.0
2016-03-17,14.44,1.04,3.2,0.36,263000.0
2016-03-18,14.02,1.04,3.17,0.36,263000.0
2016-03-19,14.02,1.04,3.17,0.36,264000.0
2016-03-21,13.79,1.05,3.15,0.36,264000.0
2016-03-22,14.17,1.03,3.1,0.36,264000.0
2016-03-23,14.94,1.01,3.07,0.36,264000.0
2016-03-24,14.74,1.02,3.06,0.36,264000.0
2016-03-25,14.74,1.02,3.06,0.36,264000.0
2016-03-26,14.74,1.02,3.06,0.36,271000.0
2016-03-28,15.24,1.0,3.05,0.36,271000.0
2016-03-29,13.82,1.03,3.09,0.36,271000.0
2016-03-30,13.56,1.07,3.11,0.36,271000.0
2016-03-31,13.95,1.05,3.12,0.36,271000.0
2016-04-01,13.1,1.03,3.1,0.37,271000.0
2016-04-02,13.1,1.03,3.1,0.37,273000.0
2016-04-04,14.12,1.03,3.1,0.37,273000.0
2016-04-05,15.42,1.01,3.08,0.37,273000.0
2016-04-06,14.09,1.03,3.08,0.37,273000.0
2016-04-07,16.16,1.0,3.06,0.37,273000.0
2016-04-08,15.36,1.02,3.07,0.37,273000.0
2016-04-09,15.36,1.02,3.07,0.37,263000.0
2016-04-11,16.26,1.03,3.05,0.37,263000.0
2016-04-12,14.85,1.05,3.03,0.37,263000.0
2016-04-13,13.84,1.02,3.01,0.37,263000.0
2016-04-14,13.72,1.03,2.99,0.37,263000.0
2016-04-15,13.62,1.02,2.99,0.37,263000.0
2016-04-16,13.62,1.02,2.99,0.37,257000.0
2016-04-18,13.35,1.03,2.99,0.37,257000.0
2016-04-19,13.24,1.02,2.96,0.37,257000.0
2016-04-20,13.28,1.05,2.93,0.37,257000.0
2016-04-21,13.95,1.06,2.91,0.37,257000.0
2016-04-22,13.22,1.05,2.89,0.37,257000.0
2016-04-23,13.22,1.05,2.89,0.37,259000.0
2016-04-25,14.08,1.06,2.88,0.37,259000.0
2016-04-26,13.96,1.08,2.85,0.37,259000.0
2016-04-27,13.77,1.04,2.86,0.37,259000.0
2016-04-28,15.22,1.06,2.89,0.37,259000.0
2016-04-29,15.7,1.06,2.86,0.37,259000.0
2016-04-30,15.7,1.06,2.86,0.37,278000.0
2016-05-01,15.7,1.06,2.86,0.37,278000.0
2016-05-02,14.68,1.08,2.86,0.37,278000.0
2016-05-03,15.6,1.06,2.85,0.37,278000.0
2016-05-04,16.05,1.04,2.85,0.37,278000.0
2016-05-05,15.91,1.04,2.86,0.37,278000.0
2016-05-06,14.72,1.05,2.87,0.37,278000.0
2016-05-07,14.72,1.05,2.87,0.37,289000.0
2016-05-09,14.57,1.05,2.89,0.37,289000.0
2016-05-10,13.63,1.05,2.89,0.37,289000.0
2016-05-11,14.69,0.99,2.9,0.37,289000.0
2016-05-12,14.41,0.99,2.91,0.37,289000.0
2016-05-13,15.04,0.95,2.9,0.37,289000.0
2016-05-14,15.04,0.95,2.9,0.37,279000.0
2016-05-16,14.68,0.96,2.9,0.37,279000.0
2016-05-17,15.57,0.94,2.89,0.37,279000.0
2016-05-18,15.95,0.97,2.87,0.37,279000.0
2016-05-19,16.33,0.96,2.85,0.37,279000.0
2016-05-20,15.2,0.96,2.86,0.37,279000.0
2016-05-21,15.2,0.96,2.86,0.37,267000.0
2016-05-23,15.82,0.93,2.86,0.37,267000.0
2016-05-24,14.42,0.94,2.85,0.37,267000.0
2016-05-25,13.9,0.95,2.87,0.37,267000.0
2016-05-26,13.43,0.96,2.86,0.37,267000.0
2016-05-27,13.12,0.95,2.85,0.37,267000.0
2016-05-28,13.12,0.95,2.85,0.37,263000.0
2016-05-30,13.12,0.95,2.85,0.37,263000.0
2016-05-31,14.19,0.97,2.84,0.37,263000.0
2016-06-01,14.2,0.94,2.82,0.38,263000.0
2016-06-02,13.63,0.92,2.83,0.38,263000.0
2016-06-03,13.47,0.93,2.86,0.38,263000.0
2016-06-04,13.47,0.93,2.86,0.38,265000.0
2016-06-06,13.65,0.93,2.86,0.38,265000.0
2016-06-07,14.05,0.94,2.86,0.38,265000.0
2016-06-08,14.08,0.93,2.85,0.38,265000.0
2016-06-09,14.64,0.91,2.85,0.38,265000.0
2016-06-10,17.03,0.91,2.86,0.38,265000.0
2016-06-11,17.03,0.91,2.86,0.38,273000.0
2016-06-13,20.97,0.89,2.86,0.38,273000.0
2016-06-14,20.5,0.88,2.88,0.38,273000.0
2016-06-15,20.14,0.91,2.9,0.38,273000.0
2016-06-16,19.37,0.87,2.9,0.38,273000.0
2016-06-17,19.41,0.92,2.89,0.38,273000.0
2016-06-18,19.41,0.92,2.89,0.38,261000.0
2016-06-20,18.37,0.93,2.87,0.38,261000.0
2016-06-21,18.48,0.95,2.86,0.38,261000.0
2016-06-22,21.17,0.94,2.86,0.38,261000.0
2016-06-23,17.25,0.96,2.86,0.38,261000.0
2016-06-24,25.76,0.93,2.98,0.38,261000.0
2016-06-25,25.76,0.93,2.98,0.38,262000.0
2016-06-27,23.85,0.85,2.96,0.38,262000.0
2016-06-28,18.75,0.85,2.95,0.38,262000.0
2016-06-29,16.64,0.88,2.9,0.38,262000.0
2016-06-30,15.63,0.91,2.92,0.38,262000.0
2016-07-01,14.77,0.87,2.86,0.39,262000.0
2016-07-02,14.77,0.87,2.86,0.39,255000.0
2016-07-04,14.77,0.87,2.86,0.39,255000.0
2016-07-05,15.58,0.81,2.83,0.39,255000.0
2016-07-06,14.96,0.8,2.83,0.39,255000.0
2016-07-07,14.76,0.82,2.79,0.39,255000.0
2016-07-08,13.2,0.76,2.78,0.39,255000.0
2016-07-09,13.2,0.76,2.78,0.39,252000.0
2016-07-11,13.54,0.77,2.75,0.39,252000.0
2016-07-12,13.55,0.84,2.7,0.39,252000.0
2016-07-13,13.04,0.8,2.69,0.39,252000.0
2016-07-14,12.82,0.85,2.7,0.39,252000.0
2016-07-15,12.67,0.89,2.66,0.39,252000.0
2016-07-16,12.67,0.89,2.66,0.39,260000.0
2016-07-18,12.44,0.91,2.67,0.39,260000.0
2016-07-19,11.97,0.86,2.67,0.39,260000.0
2016-07-20,11.77,0.86,2.66,0.39,260000.0
2016-07-21,12.74,0.87,2.68,0.39,260000.0
2016-07-22,12.02,0.86,2.66,0.39,260000.0
2016-07-23,12.02,0.86,2.66,0.39,264000.0
2016-07-25,12.87,0.86,2.65,0.39,264000.0
2016-07-26,13.05,0.82,2.65,0.39,264000.0
2016-07-27,12.83,0.79,2.67,0.39,264000.0
2016-07-28,12.72,0.8,2.68,0.39,264000.0
2016-07-29,11.87,0.79,2.71,0.39,264000.0
2016-07-30,11.87,0.79,2.71,0.39,266000.0
2016-08-01,12.44,0.84,2.73,0.4,266000.0
2016-08-02,13.37,0.88,2.75,0.4,266000.0
2016-08-03,12.86,0.88,2.76,0.4,266000.0
2016-08-04,12.42,0.87,2.76,0.4,266000.0
2016-08-05,11.39,0.87,2.73,0.4,266000.0
2016-08-06,11.39,0.87,2.73,0.4,265000.0
2016-08-08,11.5,0.85,2.71,0.4,265000.0
2016-08-09,11.66,0.84,2.7,0.4,265000.0
2016-08-10,12.05,0.81,2.71,0.4,265000.0
2016-08-11,11.68,0.81,2.7,0.4,265000.0
2016-08-12,11.55,0.8,2.71,0.4,265000.0
2016-08-13,11.55,0.8,2.71,0.4,264000.0
2016-08-15,11.81,0.83,2.7,0.4,264000.0
2016-08-16,12.64,0.81,2.7,0.4,264000.0
2016-08-17,12.19,0.82,2.69,0.4,264000.0
2016-08-18,11.43,0.82,2.7,0.4,264000.0
2016-08-19,11.34,0.82,2.67,0.4,264000.0
2016-08-20,11.34,0.82,2.67,0.4,264000.0
2016-08-22,12.27,0.79,2.65,0.4,264000.0
2016-08-23,12.38,0.81,2.64,0.4,264000.0
2016-08-24,13.45,0.8,2.64,0.4,264000.0
2016-08-25,13.63,0.8,2.63,0.4,264000.0
2016-08-26,13.65,0.78,2.63,0.4,264000.0
2016-08-27,13.65,0.78,2.63,0.4,261000.0
2016-08-29,12.94,0.76,2.59,0.4,261000.0
2016-08-30,13.12,0.77,2.62,0.4,261000.0
2016-08-31,13.42,0.78,2.61,0.4,261000.0
2016-09-01,13.48,0.79,2.62,0.4,261000.0
2016-09-02,11.98,0.8,2.63,0.4,261000.0
2016-09-03,11.98,0.8,2.63,0.4,257000.0
2016-09-05,11.98,0.8,2.63,0.4,257000.0
2016-09-06,12.02,0.81,2.64,0.4,257000.0
2016-09-07,11.94,0.8,2.65,0.4,257000.0
2016-09-08,12.51,0.83,2.67,0.4,257000.0
2016-09-09,17.5,0.88,2.67,0.4,257000.0
2016-09-10,17.5,0.88,2.67,0.4,252000.0
2016-09-12,15.16,0.89,2.68,0.4,252000.0
2016-09-13,17.85,0.93,2.7,0.4,252000.0
2016-09-14,18.14,0.93,2.7,0.4,252000.0
2016-09-15,16.3,0.97,2.72,0.4,252000.0
2016-09-16,15.37,0.93,2.71,0.4,252000.0
2016-09-17,15.37,0.93,2.71,0.4,250000.0
2016-09-19,15.53,0.91,2.7,0.4,250000.0
2016-09-20,15.92,0.9,2.7,0.4,250000.0
2016-09-21,13.3,0.87,2.7,0.4,250000.0
2016-09-22,12.02,0.84,2.69,0.4,250000.0
2016-09-23,12.29,0.85,2.68,0.4,250000.0
2016-09-24,12.29,0.85,2.68,0.4,247000.0
2016-09-26,14.5,0.83,2.7,0.4,247000.0
2016-09-27,13.1,0.81,2.69,0.4,247000.0
2016-09-28,12.39,0.82,2.69,0.4,247000.0
2016-09-29,14.02,0.83,2.67,0.4,247000.0
2016-09-30,13.29,0.83,2.69,0.4,247000.0
2016-10-01,13.29,0.83,2.69,0.4,245000.0
2016-10-03,13.57,0.83,2.66,0.4,245000.0
2016-10-04,13.63,0.87,2.66,0.4,245000.0
2016-10-05,12.99,0.87,2.64,0.4,245000.0
2016-10-06,12.84,0.89,2.61,0.4,245000.0
2016-10-07,13.48,0.9,2.63,0.4,245000.0
2016-10-08,13.48,0.9,2.63,0.4,250000.0
2016-10-10,13.38,0.9,2.63,0.4,250000.0
2016-10-11,15.36,0.9,2.6,0.4,250000.0
2016-10-12,15.91,0.92,2.6,0.4,250000.0
2016-10-13,16.69,0.9,2.59,0.4,250000.0
2016-10-14,16.12,0.96,2.63,0.4,250000.0
2016-10-15,16.12,0.96,2.63,0.4,263000.0
2016-10-17,16.21,0.96,2.62,0.4,263000.0
2016-10-18,15.28,0.93,2.62,0.4,263000.0
2016-10-19,14.41,0.95,2.62,0.4,263000.0
2016-10-20,13.75,0.92,2.59,0.4,263000.0
2016-10-21,13.34,0.9,2.6,0.4,263000.0
2016-10-22,13.34,0.9,2.6,0.4,256000.0
2016-10-24,13.02,0.93,2.59,0.4,256000.0
2016-10-25,13.46,0.91,2.58,0.4,256000.0
2016-10-26,14.24,0.93,2.6,0.4,256000.0
2016-10-27,15.36,0.98,2.59,0.4,256000.0
2016-10-28,16.19,1.0,2.6,0.4,256000.0
2016-10-29,16.19,1.0,2.6,0.4,265000.0
2016-10-31,17.06,0.98,2.61,0.4,265000.0
2016-11-01,18.56,1.0,2.61,0.41,265000.0
2016-11-02,19.32,1.0,2.63,0.41,265000.0
2016-11-03,22.08,1.01,2.67,0.41,265000.0
2016-11-04,22.51,0.99,2.67,0.41,265000.0
2016-11-05,22.51,0.99,2.67,0.41,250000.0
2016-11-07,18.71,1.01,2.66,0.41,250000.0
2016-11-08,18.74,1.01,2.62,0.41,250000.0
2016-11-09,14.38,1.17,2.66,0.41,250000.0
2016-11-10,14.74,1.23,2.6,0.41,250000.0
2016-11-11,14.17,1.23,2.6,0.41,250000.0
2016-11-12,14.17,1.23,2.6,0.41,232000.0
2016-11-14,14.48,1.23,2.6,0.41,232000.0
2016-11-15,13.37,1.21,2.59,0.41,232000.0
2016-11-16,13.72,1.22,2.55,0.41,232000.0
2016-11-17,13.35,1.25,2.54,0.41,232000.0
2016-11-18,12.85,1.27,2.52,0.41,232000.0
2016-11-19,12.85,1.27,2.52,0.41,246000.0
2016-11-21,12.42,1.25,2.52,0.41,246000.0
2016-11-22,12.41,1.24,2.53,0.41,246000.0
2016-11-23,12.43,1.24,2.49,0.41,246000.0
2016-11-24,12.43,1.24,2.49,0.41,246000.0
2016-11-25,12.34,1.24,2.48,0.41,246000.0
2016-11-26,12.34,1.24,2.48,0.41,255000.0
2016-11-28,13.15,1.21,2.47,0.41,255000.0
2016-11-29,12.9,1.21,2.46,0.41,255000.0
2016-11-30,13.33,1.26,2.45,0.41,255000.0
2016-12-01,14.07,1.31,2.42,0.54,255000.0
2016-12-02,14.12,1.29,2.42,0.54,255000.0
2016-12-03,14.12,1.29,2.42,0.54,248000.0
2016-12-05,12.14,1.26,2.42,0.54,248000.0
2016-12-06,11.79,1.27,2.44,0.54,248000.0
2016-12-07,12.22,1.24,2.44,0.54,248000.0
2016-12-08,12.64,1.28,2.43,0.54,248000.0
2016-12-09,11.75,1.32,2.43,0.54,248000.0
2016-12-10,11.75,1.32,2.43,0.54,252000.0
2016-12-12,12.64,1.34,2.41,0.54,252000.0
2016-12-13,12.72,1.31,2.39,0.54,252000.0
2016-12-14,13.19,1.27,2.32,0.54,252000.0
2016-12-15,12.79,1.31,2.24,0.54,252000.0
2016-12-16,12.2,1.32,2.28,0.54,252000.0
2016-12-17,12.2,1.32,2.28,0.54,260000.0
2016-12-19,11.71,1.3,2.28,0.54,260000.0
2016-12-20,11.45,1.32,2.28,0.54,260000.0
2016-12-21,11.27,1.34,2.26,0.54,260000.0
2016-12-22,11.43,1.33,2.27,0.54,260000.0
2016-12-23,11.44,1.33,2.25,0.54,260000.0
2016-12-24,11.44,1.33,2.25,0.54,257000.0
2016-12-26,11.44,1.33,2.25,0.54,257000.0
2016-12-27,11.99,1.29,2.25,0.54,257000.0
2016-12-28,12.95,1.25,2.26,0.54,257000.0
2016-12-29,13.37,1.27,2.27,0.54,257000.0
2016-12-30,14.04,1.25,2.28,0.54,257000.0
2016-12-31,14.04,1.25,2.28,0.54,244000.0
2017-01-01,14.04,1.25,2.28,0.65,244000.0
2017-01-02,14.04,1.25,2.28,0.65,244000.0
2017-01-03,12.85,1.23,2.27,0.65,244000.0
2017-01-04,11.85,1.22,2.25,0.65,244000.0
2017-01-05,11.67,1.2,2.25,0.65,244000.0
2017-01-06,11.32,1.2,2.24,0.65,244000.0
2017-01-07,11.32,1.2,2.24,0.65,245000.0
2017-01-09,11.56,1.17,2.24,0.65,245000.0
2017-01-10,11.49,1.19,2.24,0.65,245000.0
2017-01-11,11.26,1.18,2.22,0.65,245000.0
2017-01-12,11.54,1.18,2.25,0.65,245000.0
2017-01-13,11.23,1.19,2.23,0.65,245000.0
2017-01-14,11.23,1.19,2.23,0.65,240000.0
2017-01-16,11.23,1.19,2.23,0.65,240000.0
2017-01-17,11.87,1.16,2.26,0.65,240000.0
2017-01-18,12.48,1.19,2.22,0.65,240000.0
2017-01-19,12.78,1.22,2.21,0.65,240000.0
2017-01-20,11.54,1.28,2.21,0.65,240000.0
2017-01-21,11.54,1.28,2.21,0.65,250000.0
2017-01-23,11.77,1.25,2.21,0.65,250000.0
2017-01-24,11.07,1.26,2.22,0.65,250000.0
2017-01-25,10.81,1.3,2.21,0.65,250000.0
2017-01-26,10.63,1.3,2.2,0.65,250000.0
2017-01-27,10.58,1.27,2.19,0.65,250000.0
2017-01-28,10.58,1.27,2.19,0.65,241000.0
2017-01-30,11.88,1.27,2.21,0.65,241000.0
2017-01-31,11.99,1.26,2.23,0.65,241000.0
2017-02-01,11.81,1.26,2.23,0.66,241000.0
2017-02-02,11.93,1.27,2.23,0.66,241000.0
2017-02-03,10.97,1.28,2.24,0.66,241000.0
2017-02-04,10.97,1.28,2.24,0.66,230000.0
2017-02-06,11.37,1.26,2.25,0.66,230000.0
2017-02-07,11.29,1.24,2.24,0.66,230000.0
2017-02-08,11.45,1.19,2.25,0.66,230000.0
2017-02-09,10.88,1.2,2.24,0.66,230000.0
2017-02-10,10.85,1.21,2.23,0.66,230000.0
2017-02-11,10.85,1.21,2.23,0.66,233000.0
2017-02-13,11.07,1.23,2.23,0.66,233000.0
2017-02-14,10.74,1.22,2.21,0.66,233000.0
2017-02-15,11.97,1.24,2.19,0.66,233000.0
2017-02-16,11.76,1.23,2.2,0.66,233000.0
2017-02-17,11.49,1.21,2.21,0.66,233000.0
2017-02-18,11.49,1.21,2.21,0.66,237000.0
2017-02-20,11.49,1.21,2.21,0.66,237000.0
2017-02-21,11.57,1.21,2.2,0.66,237000.0
2017-02-22,11.74,1.2,2.21,0.66,237000.0
2017-02-23,11.71,1.2,2.23,0.66,237000.0
2017-02-24,11.47,1.19,2.23,0.66,237000.0
2017-02-25,11.47,1.19,2.23,0.66,221000.0
2017-02-27,12.09,1.16,2.21,0.66,221000.0
2017-02-28,12.92,1.14,2.19,0.66,221000.0
2017-03-01,12.54,1.17,2.18,0.79,221000.0
2017-03-02,11.81,1.17,2.16,0.79,221000.0
2017-03-03,10.96,1.17,2.16,0.79,221000.0
2017-03-04,10.96,1.17,2.16,0.79,236000.0
2017-03-06,11.24,1.18,2.17,0.79,236000.0
2017-03-07,11.45,1.2,2.15,0.79,236000.0
2017-03-08,11.86,1.21,2.15,0.79,236000.0
2017-03-09,12.3,1.23,2.17,0.79,236000.0
2017-03-10,11.66,1.22,2.18,0.79,236000.0
2017-03-11,11.66,1.22,2.18,0.79,228000.0
2017-03-13,11.35,1.22,2.17,0.79,228000.0
2017-03-14,12.3,1.2,2.18,0.79,228000.0
2017-03-15,11.63,1.18,2.2,0.79,228000.0
2017-03-16,11.21,1.18,2.21,0.79,228000.0
2017-03-17,11.28,1.17,2.22,0.79,228000.0
2017-03-18,11.28,1.17,2.22,0.79,235000.0
2017-03-20,11.34,1.17,2.23,0.79,235000.0
2017-03-21,12.47,1.16,2.23,0.79,235000.0
2017-03-22,12.81,1.13,2.23,0.79,235000.0
2017-03-23,13.12,1.15,2.24,0.79,235000.0
2017-03-24,12.96,1.14,2.22,0.79,235000.0
2017-03-25,12.96,1.14,2.22,0.79,236000.0
2017-03-27,12.5,1.11,2.23,0.79,236000.0
2017-03-28,11.53,1.12,2.22,0.79,236000.0
2017-03-29,11.42,1.13,2.23,0.79,236000.0
2017-03-30,11.54,1.14,2.23,0.79,236000.0
2017-03-31,12.37,1.13,2.24,0.79,236000.0
2017-04-01,12.37,1.13,2.24,0.9,216000.0
2017-04-03,12.38,1.11,2.26,0.9,216000.0
2017-04-04,11.79,1.11,2.26,0.9,216000.0
2017-04-05,12.89,1.1,2.29,0.9,216000.0
2017-04-06,12.39,1.1,2.27,0.9,216000.0
2017-04-07,12.87,1.09,2.24,0.9,216000.0
2017-04-08,12.87,1.09,2.24,0.9,222000.0
2017-04-10,14.05,1.08,2.24,0.9,222000.0
2017-04-11,15.07,1.08,2.24,0.9,222000.0
2017-04-12,15.77,1.04,2.28,0.9,222000.0
2017-04-13,15.96,1.03,2.28,0.9,222000.0
2017-04-14,15.96,1.03,2.28,0.9,222000.0
2017-04-15,15.96,1.03,2.28,0.9,231000.0
2017-04-17,14.66,1.05,2.29,0.9,231000.0
2017-04-18,14.42,1.0,2.29,0.9,231000.0
2017-04-19,14.93,1.02,2.29,0.9,231000.0
2017-04-20,14.15,1.03,2.28,0.9,231000.0
2017-04-21,14.63,1.04,2.29,0.9,231000.0
2017-04-22,14.63,1.04,2.29,0.9,238000.0
2017-04-24,10.84,1.03,2.28,0.9,238000.0
2017-04-25,10.76,1.06,2.26,0.9,238000.0
2017-04-26,10.85,1.04,2.27,0.9,238000.0
2017-04-27,10.36,1.05,2.28,0.9,238000.0
2017-04-28,10.82,1.01,2.28,0.9,238000.0
2017-04-29,10.82,1.01,2.28,0.9,232000.0
2017-05-01,10.11,1.05,2.29,0.91,232000.0
2017-05-02,10.59,1.02,2.3,0.91,232000.0
2017-05-03,10.68,1.03,2.23,0.91,232000.0
2017-05-04,10.46,1.04,2.25,0.91,232000.0
2017-05-05,10.57,1.04,2.24,0.91,232000.0
2017-05-06,10.57,1.04,2.24,0.91,233000.0
2017-05-08,9.77,1.06,2.23,0.91,233000.0
2017-05-09,9.96,1.05,2.22,0.91,233000.0
2017-05-10,10.21,1.06,2.22,0.91,233000.0
2017-05-11,10.6,1.04,2.24,0.91,233000.0
2017-05-12,10.4,1.04,2.25,0.91,233000.0
2017-05-13,10.4,1.04,2.25,0.91,234000.0
2017-05-15,10.42,1.03,2.25,0.91,234000.0
2017-05-16,10.65,1.04,2.24,0.91,234000.0
2017-05-17,15.59,0.96,2.26,0.91,234000.0
2017-05-18,14.66,0.96,2.26,0.91,234000.0
2017-05-19,12.04,0.95,2.26,0.91,234000.0
2017-05-20,12.04,0.95,2.26,0.91,236000.0
2017-05-22,10.93,0.96,2.24,0.91,236000.0
2017-05-23,10.72,0.98,2.22,0.91,236000.0
2017-05-24,10.02,0.97,2.25,0.91,236000.0
2017-05-25,9.99,0.95,2.24,0.91,236000.0
2017-05-26,9.81,0.95,2.24,0.91,236000.0
2017-05-27,9.81,0.95,2.24,0.91,253000.0
2017-05-29,9.81,0.95,2.24,0.91,253000.0
2017-05-30,10.38,0.93,2.25,0.91,253000.0
2017-05-31,10.41,0.93,2.23,0.91,253000.0
2017-06-01,9.89,0.93,2.24,1.04,253000.0
2017-06-02,9.75,0.87,2.24,1.04,253000.0
2017-06-03,9.75,0.87,2.24,1.04,251000.0
2017-06-05,10.07,0.86,2.24,1.04,251000.0
2017-06-06,10.45,0.84,2.25,1.04,251000.0
2017-06-07,10.39,0.86,2.23,1.04,251000.0
2017-06-08,10.16,0.86,2.23,1.04,251000.0
2017-06-09,10.7,0.86,2.21,1.04,251000.0
2017-06-10,10.7,0.86,2.21,1.04,245000.0
2017-06-12,11.46,0.86,2.22,1.04,245000.0
2017-06-13,10.42,0.83,2.21,1.04,245000.0
2017-06-14,10.64,0.8,2.19,1.04,245000.0
2017-06-15,10.9,0.81,2.18,1.04,245000.0
2017-06-16,10.38,0.84,2.19,1.04,245000.0
2017-06-17,10.38,0.84,2.19,1.04,249000.0
2017-06-19,10.37,0.83,2.17,1.04,249000.0
2017-06-20,10.86,0.8,2.16,1.04,249000.0
2017-06-21,10.75,0.8,2.15,1.04,249000.0
2017-06-22,10.48,0.81,2.16,1.04,249000.0
2017-06-23,10.02,0.81,2.15,1.04,249000.0
2017-06-24,10.02,0.81,2.15,1.04,247000.0
2017-06-26,9.9,0.78,2.15,1.04,247000.0
2017-06-27,11.06,0.83,2.12,1.04,247000.0
2017-06-28,10.03,0.88,2.14,1.04,247000.0
2017-06-29,11.44,0.89,2.11,1.04,247000.0
2017-06-30,11.18,0.93,2.09,1.04,247000.0
2017-07-01,11.18,0.93,2.09,1.15,256000.0
2017-07-03,11.22,0.94,2.07,1.15,256000.0
2017-07-04,11.22,0.94,2.07,1.15,256000.0
2017-07-05,11.07,0.92,2.08,1.15,256000.0
2017-07-06,12.54,0.97,2.07,1.15,256000.0
2017-07-07,11.19,0.99,2.08,1.15,256000.0
2017-07-08,11.19,0.99,2.08,1.15,259000.0
2017-07-10,11.11,0.98,2.08,1.15,259000.0
2017-07-11,10.89,1.0,2.08,1.15,259000.0
2017-07-12,10.3,0.98,2.09,1.15,259000.0
2017-07-13,9.9,0.98,2.09,1.15,259000.0
2017-07-14,9.51,0.98,2.09,1.15,259000.0
2017-07-15,9.51,0.98,2.09,1.15,245000.0
2017-07-17,9.82,0.95,2.09,1.15,245000.0
2017-07-18,9.89,0.91,2.08,1.15,245000.0
2017-07-19,9.79,0.9,2.07,1.15,245000.0
2017-07-20,9.58,0.9,2.05,1.15,245000.0
2017-07-21,9.36,0.88,2.05,1.15,245000.0
2017-07-22,9.36,0.88,2.05,1.15,249000.0
2017-07-24,9.43,0.89,2.06,1.15,249000.0
2017-07-25,9.43,0.93,2.05,1.15,249000.0
2017-07-26,9.6,0.93,2.07,1.15,249000.0
2017-07-27,10.11,0.96,2.07,1.15,249000.0
2017-07-28,10.29,0.96,2.05,1.15,249000.0
2017-07-29,10.29,0.96,2.05,1.15,245000.0
2017-07-31,10.26,0.96,2.06,1.15,245000.0
2017-08-01,10.09,0.92,2.06,1.16,245000.0
2017-08-02,10.28,0.91,2.05,1.16,245000.0
2017-08-03,10.44,0.9,2.05,1.16,245000.0
2017-08-04,10.03,0.91,2.05,1.16,245000.0
2017-08-05,10.03,0.91,2.05,1.16,254000.0
2017-08-07,9.93,0.9,2.06,1.16,254000.0
2017-08-08,10.96,0.93,2.07,1.16,254000.0
2017-08-09,11.11,0.91,2.09,1.16,254000.0
2017-08-10,16.04,0.87,2.11,1.16,254000.0
2017-08-11,15.51,0.89,2.12,1.16,254000.0
2017-08-12,15.51,0.89,2.12,1.16,245000.0
2017-08-14,12.33,0.89,2.11,1.16,245000.0
2017-08-15,12.04,0.92,2.09,1.16,245000.0
2017-08-16,11.74,0.9,2.09,1.16,245000.0
2017-08-17,15.55,0.87,2.11,1.16,245000.0
2017-08-18,14.26,0.86,2.12,1.16,245000.0
2017-08-19,14.26,0.86,2.12,1.16,245000.0
2017-08-21,13.19,0.86,2.12,1.16,245000.0
2017-08-22,11.35,0.89,2.1,1.16,245000.0
2017-08-23,12.25,0.85,2.12,1.16,245000.0
2017-08-24,12.23,0.86,2.12,1.16,245000.0
2017-08-25,11.28,0.82,2.12,1.16,245000.0
2017-08-26,11.28,0.82,2.12,1.16,247000.0
2017-08-28,11.32,0.83,2.13,1.16,247000.0
2017-08-29,11.7,0.8,2.15,1.16,247000.0
2017-08-30,11.22,0.82,2.14,1.16,247000.0
2017-08-31,10.59,0.79,2.14,1.16,247000.0
2017-09-01,10.13,0.81,2.15,1.15,247000.0
2017-09-02,10.13,0.81,2.15,1.15,297000.0
2017-09-04,10.13,0.81,2.15,1.15,297000.0
2017-09-05,12.23,0.77,2.16,1.15,297000.0
2017-09-06,11.63,0.8,2.17,1.15,297000.0
2017-09-07,11.55,0.78,2.17,1.15,297000.0
2017-09-08,12.12,0.79,2.17,1.15,297000.0
2017-09-09,12.12,0.79,2.17,1.15,280000.0
2017-09-11,10.73,0.82,2.15,1.15,280000.0
2017-09-12,10.58,0.84,2.16,1.15,280000.0
2017-09-13,10.5,0.85,2.13,1.15,280000.0
2017-09-14,10.44,0.83,2.11,1.15,280000.0
2017-09-15,10.17,0.81,2.1,1.15,280000.0
2017-09-16,10.17,0.81,2.1,1.15,261000.0
2017-09-18,10.15,0.83,2.1,1.15,261000.0
2017-09-19,10.18,0.84,2.09,1.15,261000.0
2017-09-20,9.78,0.83,2.06,1.15,261000.0
2017-09-21,9.67,0.82,2.05,1.15,261000.0
2017-09-22,9.59,0.8,2.05,1.15,261000.0
2017-09-23,9.59,0.8,2.05,1.15,264000.0
2017-09-25,10.21,0.78,2.06,1.15,264000.0
2017-09-26,10.17,0.79,2.04,1.15,264000.0
2017-09-27,9.87,0.84,2.06,1.15,264000.0
2017-09-28,9.55,0.86,2.05,1.15,264000.0
2017-09-29,9.51,0.86,2.0,1.15,264000.0
2017-09-30,9.51,0.86,2.0,1.15,260000.0
2017-10-01,9.51,0.86,2.0,1.15,260000.0
2017-10-02,9.45,0.85,1.99,1.15,260000.0
2017-10-03,9.51,0.86,2.0,1.15,260000.0
2017-10-04,9.63,0.86,2.01,1.15,260000.0
2017-10-05,9.19,0.86,2.0,1.15,260000.0
2017-10-06,9.65,0.83,1.98,1.15,260000.0
2017-10-07,9.65,0.83,1.98,1.15,252000.0
2017-10-09,10.33,0.83,1.98,1.15,252000.0
2017-10-10,10.08,0.84,1.97,1.15,252000.0
2017-10-11,9.85,0.84,1.97,1.15,252000.0
2017-10-12,9.91,0.82,1.97,1.15,252000.0
2017-10-13,9.61,0.77,1.97,1.15,252000.0
2017-10-14,9.61,0.77,1.97,1.15,235000.0
2017-10-16,9.91,0.76,1.97,1.15,235000.0
2017-10-17,10.31,0.76,1.95,1.15,235000.0
2017-10-18,10.07,0.75,1.95,1.15,235000.0
2017-10-19,10.05,0.75,1.94,1.15,235000.0
2017-10-20,9.97,0.79,1.94,1.15,235000.0
2017-10-21,9.97,0.79,1.94,1.15,241000.0
2017-10-23,11.07,0.8,1.94,1.15,241000.0
2017-10-24,11.16,0.82,1.92,1.15,241000.0
2017-10-25,11.23,0.83,1.93,1.15,241000.0
2017-10-26,11.3,0.83,1.91,1.15,241000.0
2017-10-27,9.8,0.83,1.93,1.15,241000.0
2017-10-28,9.8,0.83,1.93,1.15,241000.0
2017-10-30,10.5,0.79,1.92,1.15,241000.0
2017-10-31,10.18,0.78,1.91,1.15,241000.0
2017-11-01,10.2,0.76,1.92,1.16,241000.0
2017-11-02,9.93,0.74,1.91,1.16,241000.0
2017-11-03,9.14,0.71,1.91,1.16,241000.0
2017-11-04,9.14,0.71,1.91,1.16,248000.0
2017-11-06,9.4,0.71,1.92,1.16,248000.0
2017-11-07,9.89,0.69,1.9,1.16,248000.0
2017-11-08,9.78,0.67,1.92,1.16,248000.0
2017-11-09,10.5,0.7,1.93,1.16,248000.0
2017-11-10,11.29,0.73,1.93,1.16,248000.0
2017-11-11,11.29,0.73,1.93,1.16,254000.0
2017-11-13,11.5,0.7,1.93,1.16,254000.0
2017-11-14,11.59,0.7,1.93,1.16,254000.0
2017-11-15,13.13,0.65,1.95,1.16,254000.0
2017-11-16,11.76,0.65,1.92,1.16,254000.0
2017-11-17,11.43,0.62,1.93,1.16,254000.0
2017-11-18,11.43,0.62,1.93,1.16,246000.0
2017-11-20,10.65,0.6,1.91,1.16,246000.0
2017-11-21,9.73,0.59,1.88,1.16,246000.0
2017-11-22,9.88,0.58,1.91,1.16,246000.0
2017-11-23,9.88,0.58,1.91,1.16,246000.0
2017-11-24,9.67,0.59,1.9,1.16,246000.0
2017-11-25,9.67,0.59,1.9,1.16,243000.0
2017-11-27,9.87,0.58,1.93,1.16,243000.0
2017-11-28,10.03,0.59,1.91,1.16,243000.0
2017-11-29,10.7,0.59,1.92,1.16,243000.0
2017-11-30,11.28,0.64,1.88,1.16,243000.0
2017-12-01,11.43,0.59,1.87,1.3,243000.0
2017-12-02,11.43,0.59,1.87,1.3,241000.0
2017-12-04,11.68,0.57,1.87,1.3,241000.0
2017-12-05,11.33,0.53,1.84,1.3,241000.0
2017-12-06,11.02,0.55,1.86,1.3,241000.0
2017-12-07,10.16,0.57,1.88,1.3,241000.0
2017-12-08,9.58,0.58,1.87,1.3,241000.0
2017-12-09,9.58,0.58,1.87,1.3,229000.0
2017-12-11,9.34,0.57,1.85,1.3,229000.0
2017-12-12,9.92,0.57,1.84,1.3,229000.0
2017-12-13,10.18,0.57,1.83,1.3,229000.0
2017-12-14,10.49,0.53,1.82,1.3,229000.0
2017-12-15,9.42,0.51,1.8,1.3,229000.0
2017-12-16,9.42,0.51,1.8,1.3,244000.0
2017-12-18,9.53,0.55,1.81,1.3,244000.0
2017-12-19,10.03,0.59,1.81,1.3,244000.0
2017-12-20,9.72,0.62,1.82,1.3,244000.0
2017-12-21,9.62,0.59,1.79,1.3,244000.0
2017-12-22,9.9,0.57,1.79,1.3,244000.0
2017-12-23,9.9,0.57,1.79,1.3,251000.0
2017-12-25,9.9,0.57,1.79,1.3,251000.0
2017-12-26,10.25,0.55,1.78,1.3,251000.0
2017-12-27,10.47,0.53,1.76,1.3,251000.0
2017-12-28,10.18,0.52,1.76,1.3,251000.0
2017-12-29,11.04,0.51,1.77,1.3,251000.0
2017-12-30,11.04,0.51,1.77,1.3,248000.0
2018-01-01,11.04,0.51,1.77,1.41,248000.0
2018-01-02,9.77,0.54,1.78,1.41,248000.0
2018-01-03,9.15,0.5,1.77,1.41,248000.0
2018-01-04,9.22,0.5,1.75,1.41,248000.0
2018-01-05,9.22,0.51,1.76,1.41,248000.0
2018-01-06,9.22,0.51,1.76,1.41,252000.0
2018-01-08,9.52,0.53,1.74,1.41,252000.0
2018-01-09,10.08,0.57,1.74,1.41,252000.0
2018-01-10,9.82,0.57,1.73,1.41,252000.0
2018-01-11,9.88,0.56,1.69,1.41,252000.0
2018-01-12,10.16,0.56,1.68,1.41,252000.0
2018-01-13,10.16,0.56,1.68,1.41,230000.0
2018-01-15,10.16,0.56,1.68,1.41,230000.0
2018-01-16,11.66,0.51,1.66,1.41,230000.0
2018-01-17,11.91,0.52,1.66,1.41,230000.0
2018-01-18,12.22,0.57,1.64,1.41,230000.0
2018-01-19,11.27,0.58,1.64,1.41,230000.0
2018-01-20,11.27,0.58,1.64,1.41,231000.0
2018-01-22,11.03,0.58,1.64,1.41,231000.0
2018-01-23,11.1,0.57,1.64,1.41,231000.0
2018-01-24,11.47,0.57,1.65,1.41,231000.0
2018-01-25,11.58,0.55,1.61,1.41,231000.0
2018-01-26,11.08,0.53,1.6,1.41,231000.0
2018-01-27,11.08,0.53,1.6,1.41,228000.0
2018-01-29,13.84,0.59,1.59,1.41,228000.0
2018-01-30,14.79,0.6,1.59,1.41,228000.0
2018-01-31,13.54,0.58,1.56,1.41,228000.0
2018-02-01,13.47,0.62,1.56,1.42,228000.0
2018-02-02,17.31,0.69,1.58,1.42,228000.0
2018-02-03,17.31,0.69,1.58,1.42,224000.0
2018-02-05,37.32,0.69,1.63,1.42,224000.0
2018-02-06,29.98,0.69,1.61,1.42,224000.0
2018-02-07,27.73,0.69,1.62,1.42,224000.0
2018-02-08,33.46,0.72,1.63,1.42,224000.0
2018-02-09,29.06,0.78,1.67,1.42,224000.0
2018-02-10,29.06,0.78,1.67,1.42,225000.0
2018-02-12,25.61,0.77,1.64,1.42,225000.0
2018-02-13,24.97,0.73,1.69,1.42,225000.0
2018-02-14,19.26,0.74,1.66,1.42,225000.0
2018-02-15,19.13,0.71,1.63,1.42,225000.0
2018-02-16,19.46,0.66,1.66,1.42,225000.0
2018-02-17,19.46,0.66,1.66,1.42,219000.0
2018-02-19,19.46,0.66,1.66,1.42,219000.0
2018-02-20,20.6,0.63,1.67,1.42,219000.0
2018-02-21,20.02,0.68,1.67,1.42,219000.0
2018-02-22,18.72,0.67,1.68,1.42,219000.0
2018-02-23,16.49,0.63,1.68,1.42,219000.0
2018-02-24,16.49,0.63,1.68,1.42,216000.0
2018-02-26,15.8,0.64,1.7,1.42,216000.0
2018-02-27,18.59,0.63,1.69,1.42,216000.0
2018-02-28,19.85,0.62,1.68,1.42,216000.0
2018-03-01,22.47,0.59,1.72,1.51,216000.0
2018-03-02,19.59,0.61,1.72,1.51,216000.0
2018-03-03,19.59,0.61,1.72,1.51,228000.0
2018-03-05,18.73,0.64,1.72,1.51,228000.0
2018-03-06,18.36,0.63,1.75,1.51,228000.0
2018-03-07,17.76,0.64,1.77,1.51,228000.0
2018-03-08,16.54,0.61,1.78,1.51,228000.0
2018-03-09,14.64,0.63,1.77,1.51,228000.0
2018-03-10,14.64,0.63,1.77,1.51,223000.0
2018-03-12,15.78,0.6,1.79,1.51,223000.0
2018-03-13,16.35,0.58,1.8,1.51,223000.0
2018-03-14,17.23,0.55,1.8,1.51,223000.0
2018-03-15,16.59,0.53,1.81,1.51,223000.0
2018-03-16,15.8,0.54,1.79,1.51,223000.0
2018-03-17,15.8,0.54,1.79,1.51,225000.0
2018-03-19,19.02,0.54,1.8,1.51,225000.0
2018-03-20,18.2,0.55,1.79,1.51,225000.0
2018-03-21,17.86,0.58,1.82,1.51,225000.0
2018-03-22,23.34,0.54,1.84,1.51,225000.0
2018-03-23,24.87,0.54,1.87,1.51,225000.0
2018-03-24,24.87,0.54,1.87,1.51,221000.0
2018-03-26,21.03,0.52,1.84,1.51,221000.0
2018-03-27,22.5,0.52,1.86,1.51,221000.0
2018-03-28,22.87,0.49,1.86,1.51,221000.0
2018-03-29,19.97,0.47,1.85,1.51,221000.0
2018-03-30,19.97,0.47,1.85,1.51,221000.0
2018-03-31,19.97,0.47,1.85,1.51,232000.0
2018-04-01,19.97,0.47,1.85,1.69,232000.0
2018-04-02,23.62,0.48,1.86,1.69,232000.0
2018-04-03,21.1,0.51,1.84,1.69,232000.0
2018-04-04,20.06,0.51,1.85,1.69,232000.0
2018-04-05,18.94,0.53,1.84,1.69,232000.0
2018-04-06,21.49,0.5,1.84,1.69,232000.0
2018-04-07,21.49,0.5,1.84,1.69,234000.0
2018-04-09,21.77,0.49,1.83,1.69,234000.0
2018-04-10,20.47,0.48,1.8,1.69,234000.0
2018-04-11,20.24,0.47,1.8,1.69,234000.0
2018-04-12,18.49,0.49,1.79,1.69,234000.0
2018-04-13,17.41,0.45,1.79,1.69,234000.0
2018-04-14,17.41,0.45,1.79,1.69,236000.0
2018-04-16,16.56,0.44,1.77,1.69,236000.0
2018-04-17,15.25,0.41,1.76,1.69,236000.0
2018-04-18,15.6,0.45,1.76,1.69,236000.0
2018-04-19,15.96,0.48,1.77,1.69,236000.0
2018-04-20,16.88,0.5,1.78,1.69,236000.0
2018-04-21,16.88,0.5,1.78,1.69,207000.0
2018-04-23,16.34,0.49,1.76,1.69,207000.0
2018-04-24,18.02,0.52,1.77,1.69,207000.0
2018-04-25,17.84,0.54,1.8,1.69,207000.0
2018-04-26,16.24,0.51,1.8,1.69,207000.0
2018-04-27,15.41,0.47,1.8,1.69,207000.0
2018-04-28,15.41,0.47,1.8,1.69,209000.0
2018-04-30,15.93,0.46,1.79,1.69,209000.0
2018-05-01,15.49,0.47,1.82,1.7,209000.0
2018-05-02,15.97,0.48,1.83,1.7,209000.0
2018-05-03,15.9,0.45,1.86,1.7,209000.0
2018-05-04,14.77,0.44,1.86,1.7,209000.0
2018-05-05,14.77,0.44,1.86,1.7,211000.0
2018-05-07,14.75,0.46,1.87,1.7,211000.0
2018-05-08,14.71,0.46,1.87,1.7,211000.0
2018-05-09,13.42,0.46,1.86,1.7,211000.0
2018-05-10,13.23,0.43,1.84,1.7,211000.0
2018-05-11,12.65,0.43,1.82,1.7,211000.0
2018-05-12,12.65,0.43,1.82,1.7,222000.0
2018-05-14,12.93,0.45,1.81,1.7,222000.0
2018-05-15,14.63,0.5,1.81,1.7,222000.0
2018-05-16,13.42,0.51,1.8,1.7,222000.0
2018-05-17,13.43,0.54,1.82,1.7,222000.0
2018-05-18,13.42,0.51,1.83,1.7,222000.0
2018-05-19,13.42,0.51,1.83,1.7,230000.0
2018-05-21,13.08,0.48,1.83,1.7,230000.0
2018-05-22,13.22,0.47,1.83,1.7,230000.0
2018-05-23,12.58,0.48,1.84,1.7,230000.0
2018-05-24,12.53,0.48,1.84,1.7,230000.0
2018-05-25,13.22,0.45,1.85,1.7,230000.0
2018-05-26,13.22,0.45,1.85,1.7,222000.0
2018-05-28,13.22,0.45,1.85,1.7,222000.0
2018-05-29,17.02,0.45,1.96,1.7,222000.0
2018-05-30,14.94,0.42,1.91,1.7,222000.0
2018-05-31,15.43,0.43,1.89,1.7,222000.0
2018-06-01,13.46,0.42,1.9,1.82,222000.0
2018-06-02,13.46,0.42,1.9,1.82,223000.0
2018-06-04,12.74,0.42,1.88,1.82,223000.0
2018-06-05,12.4,0.43,1.9,1.82,223000.0
2018-06-06,11.64,0.45,1.91,1.82,223000.0
2018-06-07,12.13,0.43,1.89,1.82,223000.0
2018-06-08,12.18,0.43,1.9,1.82,223000.0
2018-06-09,12.18,0.43,1.9,1.82,222000.0
2018-06-11,12.35,0.44,1.89,1.82,222000.0
2018-06-12,12.34,0.42,1.88,1.82,222000.0
2018-06-13,12.94,0.39,1.87,1.82,222000.0
2018-06-14,12.12,0.35,1.88,1.82,222000.0
2018-06-15,11.98,0.38,1.87,1.82,222000.0
2018-06-16,11.98,0.38,1.87,1.82,218000.0
2018-06-18,12.31,0.36,1.9,1.82,218000.0
2018-06-19,13.35,0.35,1.91,1.82,218000.0
2018-06-20,12.79,0.37,1.92,1.82,218000.0
2018-06-21,14.64,0.34,1.95,1.82,218000.0
2018-06-22,13.77,0.34,1.97,1.82,218000.0
2018-06-23,13.77,0.34,1.97,1.82,222000.0
2018-06-25,17.33,0.33,1.99,1.82,222000.0
2018-06-26,15.92,0.35,1.99,1.82,222000.0
2018-06-27,17.91,0.31,1.98,1.82,222000.0
2018-06-28,16.85,0.32,2.0,1.82,222000.0
2018-06-29,16.09,0.33,1.99,1.82,222000.0
2018-06-30,16.09,0.33,1.99,1.82,228000.0
2018-07-01,16.09,0.33,1.99,1.91,228000.0
2018-07-02,15.6,0.3,1.97,1.91,228000.0
2018-07-03,16.14,0.3,1.99,1.91,228000.0
2018-07-04,16.14,0.3,1.99,1.91,228000.0
2018-07-05,14.97,0.29,1.95,1.91,228000.0
2018-07-06,13.37,0.29,1.96,1.91,228000.0
2018-07-07,13.37,0.29,1.96,1.91,216000.0
2018-07-09,12.69,0.29,1.93,1.91,216000.0
2018-07-10,12.64,0.28,1.91,1.91,216000.0
2018-07-11,13.63,0.27,1.91,1.91,216000.0
2018-07-12,12.58,0.25,1.9,1.91,216000.0
2018-07-13,12.18,0.24,1.9,1.91,216000.0
2018-07-14,12.18,0.24,1.9,1.91,205000.0
2018-07-16,12.83,0.26,1.91,1.91,205000.0
2018-07-17,12.06,0.24,1.9,1.91,205000.0
2018-07-18,12.1,0.28,1.89,1.91,205000.0
2018-07-19,12.87,0.24,1.9,1.91,205000.0
2018-07-20,12.86,0.29,1.91,1.91,205000.0
2018-07-21,12.86,0.29,1.91,1.91,210000.0
2018-07-23,12.62,0.32,1.91,1.91,210000.0
2018-07-24,12.41,0.32,1.88,1.91,210000.0
2018-07-25,12.29,0.28,1.87,1.91,210000.0
2018-07-26,12.14,0.29,1.85,1.91,210000.0
2018-07-27,13.03,0.29,1.84,1.91,210000.0
2018-07-28,13.03,0.29,1.84,1.91,207000.0
2018-07-30,14.26,0.32,1.84,1.91,207000.0
2018-07-31,12.83,0.29,1.83,1.91,207000.0
2018-08-01,13.15,0.33,1.83,1.91,207000.0
2018-08-02,12.19,0.32,1.84,1.91,207000.0
2018-08-03,11.64,0.32,1.84,1.91,207000.0
2018-08-04,11.64,0.32,1.84,1.91,210000.0
2018-08-06,11.27,0.3,1.82,1.91,210000.0
2018-08-07,10.93,0.3,1.82,1.91,210000.0
2018-08-08,10.85,0.28,1.84,1.91,210000.0
2018-08-09,11.27,0.29,1.85,1.91,210000.0
2018-08-10,13.16,0.26,1.87,1.91,210000.0
2018-08-11,13.16,0.26,1.87,1.91,206000.0
2018-08-13,14.78,0.27,1.91,1.91,206000.0
2018-08-14,13.31,0.26,1.9,1.91,206000.0
2018-08-15,14.64,0.25,1.9,1.91,206000.0
2018-08-16,13.45,0.24,1.89,1.91,206000.0
2018-08-17,12.64,0.26,1.89,1.91,206000.0
2018-08-18,12.64,0.26,1.89,1.91,207000.0
2018-08-20,12.49,0.22,1.89,1.91,207000.0
2018-08-21,12.86,0.24,1.88,1.91,207000.0
2018-08-22,12.25,0.22,1.91,1.91,207000.0
2018-08-23,12.41,0.21,1.9,1.91,207000.0
2018-08-24,11.99,0.19,1.9,1.91,207000.0
2018-08-25,11.99,0.19,1.9,1.91,211000.0
2018-08-27,12.16,0.18,1.89,1.91,211000.0
2018-08-28,12.5,0.21,1.9,1.91,211000.0
2018-08-29,12.25,0.22,1.88,1.91,211000.0
2018-08-30,13.53,0.22,1.9,1.91,211000.0
2018-08-31,12.86,0.24,1.92,1.91,211000.0
2018-09-01,12.86,0.24,1.92,1.95,201000.0
2018-09-03,12.86,0.24,1.92,1.95,201000.0
2018-09-04,13.16,0.24,1.94,1.95,201000.0
2018-09-05,13.91,0.24,1.95,1.95,201000.0
2018-09-06,14.65,0.24,1.93,1.95,201000.0
2018-09-07,14.88,0.23,1.93,1.95,201000.0
2018-09-08,14.88,0.23,1.93,1.95,204000.0
2018-09-10,14.16,0.21,1.92,1.95,204000.0
2018-09-11,13.22,0.22,1.9,1.95,204000.0
2018-09-12,13.14,0.23,1.89,1.95,204000.0
2018-09-13,12.37,0.21,1.87,1.95,204000.0
2018-09-14,12.07,0.21,1.88,1.95,204000.0
2018-09-15,12.07,0.21,1.88,1.95,206000.0
2018-09-17,13.68,0.21,1.88,1.95,206000.0
2018-09-18,12.79,0.24,1.88,1.95,206000.0
2018-09-19,11.75,0.27,1.88,1.95,206000.0
2018-09-20,11.8,0.26,1.85,1.95,206000.0
2018-09-21,11.68,0.26,1.83,1.95,206000.0
2018-09-22,11.68,0.26,1.83,1.95,205000.0
2018-09-24,12.2,0.25,1.84,1.95,205000.0
2018-09-25,12.42,0.27,1.83,1.95,205000.0
2018-09-26,12.89,0.23,1.84,1.95,205000.0
2018-09-27,12.41,0.23,1.83,1.95,205000.0
2018-09-28,12.12,0.24,1.84,1.95,205000.0
2018-09-29,12.12,0.24,1.84,1.95,210000.0
2018-10-01,12.0,0.27,1.83,2.19,210000.0
2018-10-02,12.05,0.23,1.84,2.19,210000.0
2018-10-03,11.61,0.3,1.83,2.19,210000.0
2018-10-04,14.22,0.32,1.84,2.19,210000.0
2018-10-05,14.82,0.35,1.85,2.19,210000.0
2018-10-06,14.82,0.35,1.85,2.19,211000.0
2018-10-08,15.69,0.35,1.85,2.19,211000.0
2018-10-09,15.95,0.33,1.84,2.19,211000.0
2018-10-10,22.96,0.34,1.86,2.19,211000.0
2018-10-11,24.98,0.29,1.88,2.19,211000.0
2018-10-12,21.31,0.3,1.88,2.19,211000.0
2018-10-13,21.31,0.3,1.88,2.19,208000.0
2018-10-15,21.3,0.31,1.89,2.19,208000.0
2018-10-16,17.62,0.29,1.88,2.19,208000.0
2018-10-17,17.4,0.3,1.88,2.19,208000.0
2018-10-18,20.06,0.3,1.92,2.19,208000.0
2018-10-19,19.89,0.28,1.92,2.19,208000.0
2018-10-20,19.89,0.28,1.92,2.19,217000.0
2018-10-22,19.64,0.28,1.92,2.19,217000.0
2018-10-23,20.71,0.28,1.96,2.19,217000.0
2018-10-24,25.23,0.26,1.99,2.19,217000.0
2018-10-25,24.22,0.28,1.98,2.19,217000.0
2018-10-26,24.16,0.27,2.02,2.19,217000.0
2018-10-27,24.16,0.27,2.02,2.19,216000.0
2018-10-29,24.7,0.27,2.02,2.19,216000.0
2018-10-30,23.35,0.28,2.03,2.19,216000.0
2018-10-31,21.23,0.28,2.03,2.19,216000.0
2018-11-01,19.34,0.3,2.04,2.2,216000.0
2018-11-02,19.51,0.31,2.02,2.2,216000.0
2018-11-03,19.51,0.31,2.02,2.2,218000.0
2018-11-05,19.96,0.29,2.02,2.2,218000.0
2018-11-06,19.91,0.29,1.98,2.2,218000.0
2018-11-07,16.36,0.26,1.96,2.2,218000.0
2018-11-08,16.72,0.26,1.96,2.2,218000.0
2018-11-09,17.36,0.25,1.98,2.2,218000.0
2018-11-10,17.36,0.25,1.98,2.2,221000.0
2018-11-12,20.45,0.25,1.98,2.2,221000.0
2018-11-13,20.02,0.25,2.04,2.2,221000.0
2018-11-14,21.25,0.26,2.09,2.2,221000.0
2018-11-15,19.98,0.25,2.13,2.2,221000.0
2018-11-16,18.14,0.27,2.13,2.2,221000.0
2018-11-17,18.14,0.27,2.13,2.2,225000.0
2018-11-19,20.1,0.27,2.16,2.2,225000.0
2018-11-20,22.48,0.27,2.17,2.2,225000.0
2018-11-21,20.8,0.25,2.17,2.2,225000.0
2018-11-22,20.8,0.25,2.17,2.2,225000.0
2018-11-23,21.52,0.24,2.18,2.2,225000.0
2018-11-24,21.52,0.24,2.18,2.2,237000.0
2018-11-26,18.9,0.23,2.16,2.2,237000.0
2018-11-27,19.02,0.23,2.2,2.2,237000.0
2018-11-28,18.49,0.25,2.22,2.2,237000.0
2018-11-29,18.79,0.22,2.26,2.2,237000.0
2018-11-30,18.07,0.21,2.27,2.2,237000.0
2018-12-01,18.07,0.21,2.27,2.27,232000.0
2018-12-03,16.44,0.15,2.26,2.27,232000.0
2018-12-04,20.74,0.11,2.25,2.27,232000.0
2018-12-05,20.74,0.11,2.25,2.27,232000.0
2018-12-06,21.19,0.12,2.29,2.27,232000.0
2018-12-07,23.23,0.13,2.31,2.27,232000.0
2018-12-08,23.23,0.13,2.31,2.27,208000.0
2018-12-10,22.64,0.13,2.31,2.27,208000.0
2018-12-11,21.76,0.11,2.26,2.27,208000.0
2018-12-12,21.46,0.14,2.24,2.27,208000.0
2018-12-13,20.65,0.16,2.25,2.27,208000.0
2018-12-14,21.63,0.16,2.25,2.27,208000.0
2018-12-15,21.63,0.16,2.25,2.27,217000.0
2018-12-17,24.52,0.16,2.25,2.27,217000.0
2018-12-18,25.58,0.17,2.26,2.27,217000.0
2018-12-19,25.58,0.14,2.27,2.27,217000.0
2018-12-20,28.38,0.12,2.28,2.27,217000.0
2018-12-21,30.11,0.16,2.31,2.27,217000.0
2018-12-22,30.11,0.16,2.31,2.27,228000.0
2018-12-24,36.07,0.19,2.35,2.27,228000.0
2018-12-25,36.07,0.19,2.35,2.27,228000.0
2018-12-26,30.41,0.2,2.33,2.27,228000.0
2018-12-27,29.96,0.21,2.36,2.27,228000.0
2018-12-28,28.34,0.2,2.44,2.27,228000.0
2018-12-29,28.34,0.2,2.44,2.27,238000.0
2018-12-31,25.42,0.21,2.45,2.27,238000.0
2019-01-01,25.42,0.21,2.45,2.4,238000.0
2019-01-02,23.22,0.16,2.45,2.4,238000.0
2019-01-03,25.45,0.17,2.48,2.4,238000.0
2019-01-04,21.38,0.17,2.45,2.4,238000.0
2019-01-05,21.38,0.17,2.45,2.4,225000.0
2019-01-07,21.4,0.17,2.42,2.4,225000.0
2019-01-08,20.47,0.15,2.39,2.4,225000.0
2019-01-09,19.98,0.18,2.39,2.4,225000.0
2019-01-10,19.5,0.18,2.42,2.4,225000.0
2019-01-11,18.19,0.16,2.42,2.4,225000.0
2019-01-12,18.19,0.16,2.42,2.4,218000.0
2019-01-14,19.07,0.18,2.46,2.4,218000.0
2019-01-15,18.6,0.19,2.46,2.4,218000.0
2019-01-16,19.04,0.18,2.45,2.4,218000.0
2019-01-17,18.06,0.19,2.43,2.4,218000.0
2019-01-18,17.8,0.17,2.38,2.4,218000.0
2019-01-19,17.8,0.17,2.38,2.4,214000.0
2019-01-21,17.8,0.17,2.38,2.4,214000.0
2019-01-22,20.8,0.16,2.38,2.4,214000.0
2019-01-23,19.52,0.18,2.37,2.4,214000.0
2019-01-24,18.89,0.16,2.37,2.4,214000.0
2019-01-25,17.42,0.16,2.34,2.4,214000.0
2019-01-26,17.42,0.16,2.34,2.4,234000.0
2019-01-28,18.87,0.15,2.36,2.4,234000.0
2019-01-29,19.13,0.16,2.36,2.4,234000.0
2019-01-30,17.66,0.18,2.37,2.4,234000.0
2019-01-31,16.57,0.18,2.38,2.4,234000.0
2019-02-01,16.14,0.18,2.31,2.4,234000.0
2019-02-02,16.14,0.18,2.31,2.4,232000.0
2019-02-04,15.73,0.2,2.3,2.4,232000.0
2019-02-05,15.57,0.18,2.27,2.4,232000.0
2019-02-06,15.38,0.18,2.28,2.4,232000.0
2019-02-07,16.37,0.17,2.31,2.4,232000.0
2019-02-08,15.72,0.18,2.3,2.4,232000.0
2019-02-09,15.72,0.18,2.3,2.4,226000.0
2019-02-11,15.97,0.17,2.3,2.4,226000.0
2019-02-12,15.43,0.18,2.3,2.4,226000.0
2019-02-13,15.65,0.18,2.27,2.4,226000.0
2019-02-14,16.22,0.16,2.3,2.4,226000.0
2019-02-15,14.91,0.14,2.28,2.4,226000.0
2019-02-16,14.91,0.14,2.28,2.4,211000.0
2019-02-18,14.91,0.14,2.28,2.4,211000.0
2019-02-19,14.88,0.15,2.28,2.4,211000.0
2019-02-20,14.02,0.15,2.23,2.4,211000.0
2019-02-21,14.46,0.16,2.23,2.4,211000.0
2019-02-22,13.51,0.17,2.25,2.4,211000.0
2019-02-23,13.51,0.17,2.25,2.4,221000.0
2019-02-25,14.85,0.16,2.23,2.4,221000.0
2019-02-26,15.17,0.16,2.24,2.4,221000.0
2019-02-27,14.7,0.19,2.25,2.4,221000.0
2019-02-28,14.78,0.21,2.22,2.4,221000.0
2019-03-01,13.57,0.21,2.22,2.41,221000.0
2019-03-02,13.57,0.21,2.22,2.41,216000.0
2019-03-04,14.63,0.17,2.22,2.41,216000.0
2019-03-05,14.74,0.17,2.22,2.41,216000.0
2019-03-06,15.74,0.17,2.25,2.41,216000.0
2019-03-07,16.59,0.17,2.25,2.41,216000.0
2019-03-08,16.05,0.17,2.27,2.41,216000.0
2019-03-09,16.05,0.17,2.27,2.41,218000.0
2019-03-11,14.33,0.17,2.27,2.41,218000.0
2019-03-12,13.77,0.16,2.25,2.41,218000.0
2019-03-13,13.41,0.16,2.26,2.41,218000.0
2019-03-14,13.5,0.17,2.27,2.41,218000.0
2019-03-15,12.88,0.16,2.28,2.41,218000.0
2019-03-16,12.88,0.16,2.28,2.41,212000.0
2019-03-18,13.1,0.15,2.27,2.41,212000.0
2019-03-19,13.56,0.15,2.27,2.41,212000.0
2019-03-20,13.91,0.14,2.29,2.41,212000.0
2019-03-21,13.63,0.13,2.28,2.41,212000.0
2019-03-22,16.48,0.13,2.3,2.41,212000.0
2019-03-23,16.48,0.13,2.3,2.41,210000.0
2019-03-25,16.33,0.17,2.28,2.41,210000.0
2019-03-26,14.68,0.17,2.3,2.41,210000.0
2019-03-27,15.15,0.17,2.28,2.41,210000.0
2019-03-28,14.43,0.16,2.27,2.41,210000.0
2019-03-29,13.71,0.14,2.26,2.41,210000.0
2019-03-30,13.71,0.14,2.26,2.41,203000.0
2019-04-01,13.4,0.16,2.24,2.42,203000.0
2019-04-02,13.36,0.18,2.24,2.42,203000.0
2019-04-03,13.74,0.19,2.23,2.42,203000.0
2019-04-04,13.58,0.18,2.22,2.42,203000.0
2019-04-05,12.82,0.15,2.22,2.42,203000.0
2019-04-06,12.82,0.15,2.22,2.42,196000.0
2019-04-08,13.18,0.16,2.21,2.42,196000.0
2019-04-09,14.28,0.16,2.19,2.42,196000.0
2019-04-10,13.3,0.17,2.21,2.42,196000.0
2019-04-11,13.02,0.16,2.2,2.42,196000.0
2019-04-12,12.01,0.16,2.15,2.42,196000.0
2019-04-13,12.01,0.16,2.15,2.42,197000.0
2019-04-15,12.32,0.15,2.15,2.42,197000.0
2019-04-16,12.18,0.19,2.12,2.42,197000.0
2019-04-17,12.6,0.19,2.13,2.42,197000.0
2019-04-18,12.09,0.19,2.12,2.42,197000.0
2019-04-19,12.09,0.19,2.12,2.42,197000.0
2019-04-20,12.09,0.19,2.12,2.42,222000.0
2019-04-22,12.42,0.21,2.14,2.42,222000.0
2019-04-23,12.28,0.21,2.14,2.42,222000.0
2019-04-24,13.14,0.21,2.14,2.42,222000.0
2019-04-25,13.25,0.21,2.14,2.42,222000.0
2019-04-26,12.73,0.23,2.13,2.42,222000.0
2019-04-27,12.73,0.23,2.13,2.42,224000.0
2019-04-29,13.11,0.24,2.13,2.42,224000.0
2019-04-30,13.12,0.24,2.14,2.42,224000.0
2019-05-01,14.8,0.21,2.11,2.39,224000.0
2019-05-02,14.42,0.2,2.12,2.39,224000.0
2019-05-03,12.87,0.21,2.11,2.39,224000.0
2019-05-04,12.87,0.21,2.11,2.39,225000.0
2019-05-06,15.44,0.2,2.14,2.39,225000.0
2019-05-07,19.32,0.17,2.17,2.39,225000.0
2019-05-08,19.4,0.19,2.17,2.39,225000.0
2019-05-09,19.1,0.19,2.21,2.39,225000.0
2019-05-10,16.04,0.21,2.2,2.39,225000.0
2019-05-11,16.04,0.21,2.2,2.39,212000.0
2019-05-13,20.55,0.22,2.25,2.39,212000.0
2019-05-14,18.06,0.22,2.24,2.39,212000.0
2019-05-15,16.44,0.21,2.26,2.39,212000.0
2019-05-16,15.29,0.2,2.24,2.39,212000.0
2019-05-17,15.96,0.19,2.24,2.39,212000.0
2019-05-18,15.96,0.19,2.24,2.39,215000.0
2019-05-20,16.31,0.2,2.24,2.39,215000.0
2019-05-21,14.95,0.17,2.23,2.39,215000.0
2019-05-22,14.75,0.16,2.26,2.39,215000.0
2019-05-23,16.92,0.19,2.28,2.39,215000.0
2019-05-24,15.85,0.16,2.31,2.39,215000.0
2019-05-25,15.85,0.16,2.31,2.39,222000.0
2019-05-27,15.85,0.16,2.31,2.39,222000.0
2019-05-28,17.5,0.14,2.32,2.39,222000.0
2019-05-29,17.9,0.16,2.33,2.39,222000.0
2019-05-30,17.3,0.16,2.33,2.39,222000.0
2019-05-31,18.71,0.19,2.37,2.39,222000.0
2019-06-01,18.71,0.19,2.37,2.38,223000.0
2019-06-03,18.86,0.25,2.42,2.38,223000.0
2019-06-04,16.97,0.24,2.42,2.38,223000.0
2019-06-05,16.09,0.29,2.45,2.38,223000.0
2019-06-06,15.93,0.24,2.44,2.38,223000.0
2019-06-07,16.3,0.24,2.42,2.38,223000.0
2019-06-08,16.3,0.24,2.42,2.38,226000.0
2019-06-10,15.94,0.25,2.39,2.38,226000.0
2019-06-11,15.99,0.22,2.38,2.38,226000.0
2019-06-12,15.91,0.25,2.41,2.38,226000.0
2019-06-13,15.82,0.27,2.42,2.38,226000.0
2019-06-14,15.28,0.25,2.42,2.38,226000.0
2019-06-15,15.28,0.25,2.42,2.38,217000.0
2019-06-17,15.35,0.23,2.41,2.38,217000.0
2019-06-18,15.15,0.2,2.4,2.38,217000.0
2019-06-19,14.33,0.29,2.41,2.38,217000.0
2019-06-20,14.75,0.29,2.38,2.38,217000.0
2019-06-21,15.4,0.3,2.35,2.38,217000.0
2019-06-22,15.4,0.3,2.35,2.38,234000.0
2019-06-24,15.26,0.3,2.33,2.38,234000.0
2019-06-25,16.28,0.29,2.34,2.38,234000.0
2019-06-26,16.21,0.28,2.32,2.38,234000.0
2019-06-27,15.82,0.27,2.31,2.38,234000.0
2019-06-28,15.08,0.25,2.31,2.38,234000.0
2019-06-29,15.08,0.25,2.31,2.38,226000.0
2019-07-01,14.06,0.25,2.29,2.4,226000.0
2019-07-02,12.93,0.21,2.29,2.4,226000.0
2019-07-03,12.57,0.19,2.26,2.4,226000.0
2019-07-04,12.57,0.19,2.26,2.4,226000.0
2019-07-05,13.28,0.17,2.26,2.4,226000.0
2019-07-06,13.28,0.17,2.26,2.4,215000.0
2019-07-08,13.96,0.17,2.23,2.4,215000.0
2019-07-09,14.09,0.15,2.22,2.4,215000.0
2019-07-10,13.03,0.25,2.25,2.4,215000.0
2019-07-11,12.93,0.28,2.25,2.4,215000.0
2019-07-12,12.39,0.28,2.25,2.4,215000.0
2019-07-13,12.39,0.28,2.25,2.4,211000.0
2019-07-15,12.68,0.26,2.25,2.4,211000.0
2019-07-16,12.86,0.26,2.23,2.4,211000.0
2019-07-17,13.97,0.23,2.24,2.4,211000.0
2019-07-18,13.53,0.27,2.27,2.4,211000.0
2019-07-19,14.45,0.25,2.26,2.4,211000.0
2019-07-20,14.45,0.25,2.26,2.4,202000.0
2019-07-22,13.53,0.25,2.24,2.4,202000.0
2019-07-23,12.61,0.25,2.23,2.4,202000.0
2019-07-24,12.07,0.22,2.15,2.4,202000.0
2019-07-25,12.74,0.22,2.14,2.4,202000.0
2019-07-26,12.16,0.22,2.13,2.4,202000.0
2019-07-27,12.16,0.22,2.13,2.4,206000.0
2019-07-29,12.83,0.21,2.13,2.4,206000.0
2019-07-30,13.94,0.21,2.14,2.4,206000.0
2019-07-31,16.12,0.13,2.13,2.4,206000.0
2019-08-01,17.87,0.17,2.17,2.13,206000.0
2019-08-02,17.61,0.14,2.18,2.13,206000.0
2019-08-03,17.61,0.14,2.18,2.13,208000.0
2019-08-05,24.59,0.16,2.24,2.13,208000.0
2019-08-06,20.17,0.13,2.25,2.13,208000.0
2019-08-07,19.49,0.12,2.23,2.13,208000.0
2019-08-08,16.91,0.1,2.25,2.13,208000.0
2019-08-09,17.97,0.11,2.23,2.13,208000.0
2019-08-10,17.97,0.11,2.23,2.13,212000.0
2019-08-12,21.09,0.07,2.23,2.13,212000.0
2019-08-13,17.52,0.02,2.22,2.13,212000.0
2019-08-14,22.1,0.01,2.23,2.13,212000.0
2019-08-15,21.18,0.04,2.27,2.13,212000.0
2019-08-16,18.47,0.07,2.26,2.13,212000.0
2019-08-17,18.47,0.07,2.26,2.13,207000.0
2019-08-19,16.88,0.07,2.29,2.13,207000.0
2019-08-20,17.5,0.05,2.3,2.13,207000.0
2019-08-21,15.8,0.03,2.25,2.13,207000.0
2019-08-22,16.68,0.01,2.25,2.13,207000.0
2019-08-23,19.87,0.01,2.27,2.13,207000.0
2019-08-24,19.87,0.01,2.27,2.13,213000.0
2019-08-26,19.32,0.0,2.27,2.13,213000.0
2019-08-27,20.31,-0.04,2.26,2.13,213000.0
2019-08-28,19.35,-0.03,2.26,2.13,213000.0
2019-08-29,17.88,-0.03,2.27,2.13,213000.0
2019-08-30,18.98,0.0,2.26,2.13,213000.0
2019-08-31,18.98,0.0,2.26,2.13,215000.0
2019-09-01,18.98,0.0,2.26,2.04,215000.0
2019-09-02,18.98,0.0,2.26,2.04,215000.0
2019-09-03,19.66,0.0,2.28,2.04,215000.0
2019-09-04,17.33,0.04,2.29,2.04,215000.0
2019-09-05,16.27,0.02,2.28,2.04,215000.0
2019-09-06,15.0,0.02,2.26,2.04,215000.0
2019-09-07,15.0,0.02,2.26,2.04,207000.0
2019-09-09,15.27,0.05,2.23,2.04,207000.0
2019-09-10,15.2,0.05,2.22,2.04,207000.0
2019-09-11,14.61,0.07,2.22,2.04,207000.0
2019-09-12,14.22,0.07,2.22,2.04,207000.0
2019-09-13,13.74,0.11,2.21,2.04,207000.0
2019-09-14,13.74,0.11,2.21,2.04,205000.0
2019-09-16,14.67,0.1,2.2,2.04,205000.0
2019-09-17,14.44,0.09,2.21,2.04,205000.0
2019-09-18,13.95,0.03,2.18,2.04,205000.0
2019-09-19,14.05,0.05,2.17,2.04,205000.0
2019-09-20,15.32,0.05,2.19,2.04,205000.0
2019-09-21,15.32,0.05,2.19,2.04,211000.0
2019-09-23,14.91,0.04,2.17,2.04,211000.0
2019-09-24,17.05,0.04,2.2,2.04,211000.0
2019-09-25,15.96,0.05,2.2,2.04,211000.0
2019-09-26,16.07,0.04,2.18,2.04,211000.0
2019-09-27,17.22,0.06,2.19,2.04,211000.0
2019-09-28,17.22,0.06,2.19,2.04,215000.0
2019-09-30,16.24,0.05,2.2,2.04,215000.0
2019-10-01,18.56,0.09,2.22,1.83,215000.0
2019-10-02,20.56,0.12,2.26,1.83,215000.0
2019-10-03,19.12,0.15,2.29,1.83,215000.0
2019-10-04,17.04,0.12,2.29,1.83,215000.0
2019-10-05,17.04,0.12,2.29,1.83,209000.0
2019-10-07,17.86,0.1,2.28,1.83,209000.0
2019-10-08,20.28,0.12,2.3,1.83,209000.0
2019-10-09,18.64,0.12,2.29,1.83,209000.0
2019-10-10,17.57,0.14,2.27,1.83,209000.0
2019-10-11,15.58,0.13,2.22,1.83,209000.0
2019-10-12,15.58,0.13,2.22,1.83,215000.0
2019-10-14,14.57,0.13,2.22,1.83,215000.0
2019-10-15,13.54,0.16,2.21,1.83,215000.0
2019-10-16,13.68,0.17,2.22,1.83,215000.0
2019-10-17,13.79,0.16,2.21,1.83,215000.0
2019-10-18,14.25,0.18,2.21,1.83,215000.0
2019-10-19,14.25,0.18,2.21,1.83,210000.0
2019-10-21,14.0,0.18,2.19,1.83,210000.0
2019-10-22,14.46,0.18,2.17,1.83,210000.0
2019-10-23,14.01,0.19,2.18,1.83,210000.0
2019-10-24,13.71,0.19,2.17,1.83,210000.0
2019-10-25,12.65,0.17,2.16,1.83,210000.0
2019-10-26,12.65,0.17,2.16,1.83,215000.0
2019-10-28,13.11,0.21,2.16,1.83,215000.0
2019-10-29,13.2,0.2,2.15,1.83,215000.0
2019-10-30,12.33,0.17,2.17,1.83,215000.0
2019-10-31,13.22,0.17,2.18,1.83,215000.0
2019-11-01,12.3,0.17,2.16,1.55,215000.0
2019-11-02,12.3,0.17,2.16,1.55,214000.0
2019-11-04,12.83,0.19,2.16,1.55,214000.0
2019-11-05,13.1,0.23,2.15,1.55,214000.0
2019-11-06,12.62,0.2,2.14,1.55,214000.0
2019-11-07,12.73,0.24,2.13,1.55,214000.0
2019-11-08,12.07,0.26,2.11,1.55,214000.0
2019-11-09,12.07,0.26,2.11,1.55,227000.0
2019-11-11,12.69,0.26,2.11,1.55,227000.0
2019-11-12,12.68,0.26,2.1,1.55,227000.0
2019-11-13,13.0,0.25,2.11,1.55,227000.0
2019-11-14,13.05,0.24,2.13,1.55,227000.0
2019-11-15,12.05,0.23,2.13,1.55,227000.0
2019-11-16,12.05,0.23,2.13,1.55,229000.0
2019-11-18,12.46,0.21,2.14,1.55,229000.0
2019-11-19,12.86,0.19,2.13,1.55,229000.0
2019-11-20,12.78,0.17,2.16,1.55,229000.0
2019-11-21,13.13,0.17,2.15,1.55,229000.0
2019-11-22,12.34,0.16,2.14,1.55,229000.0
2019-11-23,12.34,0.16,2.14,1.55,221000.0
2019-11-25,11.87,0.15,2.13,1.55,221000.0
2019-11-26,11.54,0.16,2.11,1.55,221000.0
2019-11-27,11.75,0.14,2.09,1.55,221000.0
2019-11-28,11.75,0.14,2.09,1.55,221000.0
2019-11-29,12.62,0.17,2.08,1.55,221000.0
2019-11-30,12.62,0.17,2.08,1.55,231000.0
2019-12-01,12.62,0.17,2.08,1.55,231000.0
2019-12-02,14.91,0.22,2.11,1.55,231000.0
2019-12-03,15.96,0.19,2.11,1.55,231000.0
2019-12-04,14.8,0.19,2.11,1.55,231000.0
2019-12-05,14.52,0.22,2.09,1.55,231000.0
2019-12-06,13.62,0.23,2.07,1.55,231000.0
2019-12-07,13.62,0.23,2.07,1.55,247000.0
2019-12-09,15.86,0.2,2.05,1.55,247000.0
2019-12-10,15.68,0.2,2.01,1.55,247000.0
2019-12-11,14.99,0.18,2.04,1.55,247000.0
2019-12-12,13.94,0.24,2.02,1.55,247000.0
2019-12-13,12.63,0.21,2.02,1.55,247000.0
2019-12-14,12.63,0.21,2.02,1.55,236000.0
2019-12-16,12.14,0.24,2.0,1.55,236000.0
2019-12-17,12.29,0.26,1.99,1.55,236000.0
2019-12-18,12.58,0.29,1.98,1.55,236000.0
2019-12-19,12.5,0.3,1.96,1.55,236000.0
2019-12-20,12.51,0.29,1.96,1.55,236000.0
2019-12-21,12.51,0.29,1.96,1.55,230000.0
2019-12-23,12.61,0.29,1.96,1.55,230000.0
2019-12-24,12.67,0.28,1.97,1.55,230000.0
2019-12-25,12.67,0.28,1.97,1.55,230000.0
2019-12-26,12.65,0.26,1.97,1.55,230000.0
2019-12-27,13.43,0.29,1.96,1.55,230000.0
2019-12-28,13.43,0.29,1.96,1.55,231000.0
2019-12-30,14.82,0.32,1.97,1.55,231000.0
2019-12-31,13.78,0.34,1.98,1.55,231000.0
2020-01-01,13.78,0.34,1.98,1.55,231000.0
2020-01-02,12.47,0.3,1.98,1.55,231000.0
2020-01-03,14.02,0.27,1.99,1.55,231000.0
2020-01-04,14.02,0.27,1.99,1.55,224000.0
2020-01-06,13.85,0.27,2.02,1.55,224000.0
2020-01-07,13.79,0.29,2.03,1.55,224000.0
2020-01-08,13.45,0.29,2.05,1.55,224000.0
2020-01-09,12.54,0.27,2.03,1.55,224000.0
2020-01-10,12.56,0.27,1.99,1.55,224000.0
2020-01-11,12.56,0.27,1.99,1.55,207000.0
2020-01-13,12.32,0.27,1.99,1.55,207000.0
2020-01-14,12.39,0.24,1.99,1.55,207000.0
2020-01-15,12.42,0.23,2.01,1.55,207000.0
2020-01-16,12.32,0.23,2.0,1.55,207000.0
2020-01-17,12.1,0.26,1.98,1.55,207000.0
2020-01-18,12.1,0.26,1.98,1.55,221000.0
2020-01-20,12.1,0.26,1.98,1.55,221000.0
2020-01-21,12.85,0.25,1.97,1.55,221000.0
2020-01-22,12.91,0.24,1.97,1.55,221000.0
2020-01-23,12.98,0.23,1.98,1.55,221000.0
2020-01-24,14.56,0.21,1.98,1.55,221000.0
2020-01-25,14.56,0.21,1.98,1.55,210000.0
2020-01-27,18.23,0.17,2.04,1.55,210000.0
2020-01-28,16.28,0.2,2.04,1.55,210000.0
2020-01-29,16.39,0.18,2.05,1.55,210000.0
2020-01-30,15.49,0.16,2.08,1.55,210000.0
2020-01-31,18.84,0.18,2.13,1.55,210000.0
2020-02-01,18.84,0.18,2.13,1.58,207000.0
2020-02-03,17.97,0.18,2.1,1.58,207000.0
2020-02-04,16.05,0.2,2.09,1.58,207000.0
2020-02-05,15.15,0.22,2.07,1.58,207000.0
2020-02-06,14.96,0.21,2.05,1.58,207000.0
2020-02-07,15.47,0.18,2.05,1.58,207000.0
2020-02-08,15.47,0.18,2.05,1.58,202000.0
2020-02-10,15.04,0.19,2.06,1.58,202000.0
2020-02-11,15.18,0.18,2.05,1.58,202000.0
2020-02-12,13.74,0.18,2.06,1.58,202000.0
2020-02-13,14.15,0.17,2.05,1.58,202000.0
2020-02-14,13.68,0.17,2.04,1.58,202000.0
2020-02-15,13.68,0.17,2.04,1.58,209000.0
2020-02-17,13.68,0.17,2.04,1.58,209000.0
2020-02-18,14.83,0.14,2.05,1.58,209000.0
2020-02-19,14.38,0.14,2.05,1.58,209000.0
2020-02-20,15.56,0.13,2.05,1.58,209000.0
2020-02-21,17.08,0.12,2.09,1.58,209000.0
2020-02-22,17.08,0.12,2.09,1.58,218000.0
2020-02-24,25.03,0.12,2.13,1.58,218000.0
2020-02-25,27.85,0.13,2.19,1.58,218000.0
2020-02-26,27.56,0.17,2.2,1.58,218000.0
2020-02-27,39.16,0.19,2.27,1.58,218000.0
2020-02-28,40.11,0.27,2.38,1.58,218000.0
2020-02-29,40.11,0.27,2.38,1.58,215000.0
2020-03-01,40.11,0.27,2.38,0.65,215000.0
2020-03-02,33.42,0.26,2.44,0.65,215000.0
2020-03-03,36.82,0.31,2.48,0.65,215000.0
2020-03-04,31.99,0.35,2.47,0.65,215000.0
2020-03-05,39.62,0.33,2.52,0.65,215000.0
2020-03-06,41.94,0.25,2.55,0.65,215000.0
2020-03-07,41.94,0.25,2.55,0.65,208000.0
2020-03-09,54.46,0.16,2.93,0.65,208000.0
2020-03-10,47.3,0.26,2.93,0.65,208000.0
2020-03-11,53.9,0.32,2.99,0.65,208000.0
2020-03-12,75.47,0.38,3.2,0.65,208000.0
2020-03-13,57.83,0.45,3.3,0.65,208000.0
2020-03-14,57.83,0.45,3.3,0.65,273000.0
2020-03-16,82.69,0.37,3.38,0.65,273000.0
2020-03-17,75.91,0.55,3.49,0.65,273000.0
2020-03-18,76.45,0.64,3.81,0.65,273000.0
2020-03-19,72.0,0.68,4.01,0.65,273000.0
2020-03-20,66.04,0.55,4.23,0.65,273000.0
2020-03-21,66.04,0.55,4.23,0.65,2914000.0
2020-03-23,61.59,0.48,4.31,0.65,2914000.0
2020-03-24,61.67,0.46,4.19,0.65,2914000.0
2020-03-25,63.95,0.54,4.13,0.65,2914000.0
2020-03-26,61.0,0.53,4.04,0.65,2914000.0
2020-03-27,65.54,0.47,3.98,0.65,2914000.0
2020-03-28,65.54,0.47,3.98,0.65,5946000.0
2020-03-30,57.08,0.47,3.89,0.65,5946000.0
2020-03-31,53.54,0.47,3.93,0.65,5946000.0
2020-04-01,57.06,0.39,3.97,0.05,5946000.0
2020-04-02,50.91,0.4,3.92,0.05,5946000.0
2020-04-03,46.8,0.39,3.92,0.05,5946000.0
2020-04-04,46.8,0.39,3.92,0.05,6137000.0
2020-04-06,45.24,0.4,3.91,0.05,6137000.0
2020-04-07,46.7,0.47,3.79,0.05,6137000.0
2020-04-08,43.35,0.5,3.75,0.05,6137000.0
2020-04-09,41.67,0.5,3.61,0.05,6137000.0
2020-04-10,41.67,0.5,3.61,0.05,6137000.0
2020-04-11,41.67,0.5,3.61,0.05,4869000.0
2020-04-13,41.17,0.51,3.41,0.05,4869000.0
2020-04-14,37.76,0.53,3.36,0.05,4869000.0
2020-04-15,40.84,0.43,3.33,0.05,4869000.0
2020-04-16,40.11,0.41,3.28,0.05,4869000.0
2020-04-17,38.15,0.45,3.27,0.05,4869000.0
2020-04-18,38.15,0.45,3.27,0.05,4201000.0
2020-04-20,43.83,0.43,3.28,0.05,4201000.0
2020-04-21,45.41,0.38,3.29,0.05,4201000.0
2020-04-22,41.98,0.41,3.3,0.05,4201000.0
2020-04-23,41.38,0.39,3.26,0.05,4201000.0
2020-04-24,35.93,0.38,3.25,0.05,4201000.0
2020-04-25,35.93,0.38,3.25,0.05,3446000.0
2020-04-27,33.29,0.43,3.24,0.05,3446000.0
2020-04-28,33.57,0.42,3.25,0.05,3446000.0
2020-04-29,31.23,0.43,3.24,0.05,3446000.0
2020-04-30,34.15,0.44,3.23,0.05,3446000.0
2020-05-01,37.19,0.44,3.25,0.05,3446000.0
2020-05-02,37.19,0.44,3.25,0.05,2796000.0
2020-05-04,35.97,0.45,3.28,0.05,2796000.0
2020-05-05,33.61,0.47,3.28,0.05,2796000.0
2020-05-06,34.12,0.55,3.31,0.05,2796000.0
2020-05-07,31.44,0.5,3.34,0.05,2796000.0
2020-05-08,27.98,0.53,3.37,0.05,2796000.0
2020-05-09,27.98,0.53,3.37,0.05,2335000.0
2020-05-11,27.57,0.56,3.41,0.05,2335000.0
2020-05-12,33.04,0.52,3.4,0.05,2335000.0
2020-05-13,35.28,0.48,3.43,0.05,2335000.0
2020-05-14,32.61,0.47,3.41,0.05,2335000.0
2020-05-15,31.89,0.48,3.41,0.05,2335000.0
2020-05-16,31.89,0.48,3.41,0.05,2176000.0
2020-05-18,29.3,0.55,3.38,0.05,2176000.0
2020-05-19,30.53,0.53,3.3,0.05,2176000.0
2020-05-20,27.99,0.52,3.24,0.05,2176000.0
2020-05-21,29.53,0.51,3.18,0.05,2176000.0
2020-05-22,28.16,0.49,3.18,0.05,2176000.0
2020-05-23,28.16,0.49,3.18,0.05,1921000.0
2020-05-25,28.16,0.49,3.18,0.05,1921000.0
2020-05-26,28.01,0.51,3.14,0.05,1921000.0
2020-05-27,27.62,0.49,3.11,0.05,1921000.0
2020-05-28,28.59,0.53,3.1,0.05,1921000.0
2020-05-29,27.51,0.49,3.08,0.05,1921000.0
2020-05-30,27.51,0.49,3.08,0.05,1639000.0
2020-06-01,28.23,0.52,3.1,0.08,1639000.0
2020-06-02,26.84,0.51,3.08,0.08,1639000.0
2020-06-03,25.66,0.58,3.02,0.08,1639000.0
2020-06-04,25.81,0.63,2.99,0.08,1639000.0
2020-06-05,24.52,0.69,2.86,0.08,1639000.0
2020-06-06,24.52,0.69,2.86,0.08,1575000.0
2020-06-08,25.81,0.66,2.81,0.08,1575000.0
2020-06-09,27.57,0.64,2.8,0.08,1575000.0
2020-06-10,27.57,0.58,2.86,0.08,1575000.0
2020-06-11,40.79,0.47,2.91,0.08,1575000.0
2020-06-12,36.09,0.52,2.91,0.08,1575000.0
2020-06-13,36.09,0.52,2.91,0.08,1473000.0
2020-06-15,34.4,0.52,2.93,0.08,1473000.0
2020-06-16,33.67,0.54,2.89,0.08,1473000.0
2020-06-17,33.47,0.55,2.87,0.08,1473000.0
2020-06-18,32.94,0.52,2.86,0.08,1473000.0
2020-06-19,35.12,0.51,2.87,0.08,1473000.0
2020-06-20,35.12,0.51,2.87,0.08,1467000.0
2020-06-22,31.77,0.52,2.86,0.08,1467000.0
2020-06-23,31.37,0.54,2.87,0.08,1467000.0
2020-06-24,33.84,0.5,2.89,0.08,1467000.0
2020-06-25,32.22,0.51,2.92,0.08,1467000.0
2020-06-26,34.73,0.47,2.92,0.08,1467000.0
2020-06-27,34.73,0.47,2.92,0.08,1446000.0
2020-06-29,31.78,0.48,2.94,0.08,1446000.0
2020-06-30,30.43,0.5,2.93,0.08,1446000.0
2020-07-01,28.62,0.52,2.89,0.09,1446000.0
2020-07-02,27.68,0.52,2.87,0.09,1446000.0
2020-07-03,27.68,0.52,2.87,0.09,1446000.0
2020-07-04,27.68,0.52,2.87,0.09,1413000.0
2020-07-06,27.94,0.53,2.83,0.09,1413000.0
2020-07-07,29.43,0.49,2.81,0.09,1413000.0
2020-07-08,28.08,0.51,2.77,0.09,1413000.0
2020-07-09,29.26,0.46,2.73,0.09,1413000.0
2020-07-10,27.29,0.49,2.74,0.09,1413000.0
2020-07-11,27.29,0.49,2.74,0.09,1468000.0
2020-07-13,32.19,0.48,2.74,0.09,1468000.0
2020-07-14,29.52,0.49,2.71,0.09,1468000.0
2020-07-15,27.76,0.48,2.71,0.09,1468000.0
2020-07-16,28.0,0.46,2.69,0.09,1468000.0
2020-07-17,25.68,0.5,2.68,0.09,1468000.0
2020-07-18,25.68,0.5,2.68,0.09,1393000.0
2020-07-20,24.46,0.46,2.66,0.09,1393000.0
2020-07-21,24.84,0.47,2.63,0.09,1393000.0
2020-07-22,24.32,0.46,2.61,0.09,1393000.0
2020-07-23,26.08,0.43,2.58,0.09,1393000.0
2020-07-24,25.84,0.45,2.58,0.09,1393000.0
2020-07-25,25.84,0.45,2.58,0.09,1260000.0
2020-07-27,24.74,0.47,2.56,0.09,1260000.0
2020-07-28,25.44,0.45,2.57,0.09,1260000.0
2020-07-29,24.1,0.46,2.61,0.09,1260000.0
2020-07-30,24.76,0.44,2.6,0.09,1260000.0
2020-07-31,24.46,0.44,2.6,0.09,1260000.0
2020-08-01,24.46,0.44,2.6,0.1,1044000.0
2020-08-03,24.28,0.45,2.63,0.1,1044000.0
2020-08-04,23.76,0.41,2.62,0.1,1044000.0
2020-08-05,22.99,0.44,2.59,0.1,1044000.0
2020-08-06,22.65,0.44,2.57,0.1,1044000.0
2020-08-07,22.21,0.44,2.57,0.1,1044000.0
2020-08-08,22.21,0.44,2.57,0.1,884000.0
2020-08-10,22.13,0.45,2.56,0.1,884000.0
2020-08-11,24.03,0.48,2.59,0.1,884000.0
2020-08-12,22.28,0.53,2.55,0.1,884000.0
2020-08-13,22.13,0.55,2.59,0.1,884000.0
2020-08-14,22.05,0.57,2.61,0.1,884000.0
2020-08-15,22.05,0.57,2.61,0.1,927000.0
2020-08-17,21.35,0.55,2.64,0.1,927000.0
2020-08-18,21.51,0.53,2.64,0.1,927000.0
2020-08-19,22.54,0.54,2.65,0.1,927000.0
2020-08-20,22.72,0.52,2.65,0.1,927000.0
2020-08-21,22.54,0.48,2.64,0.1,927000.0
2020-08-22,22.54,0.48,2.64,0.1,876000.0
2020-08-24,22.37,0.51,2.63,0.1,876000.0
2020-08-25,22.03,0.54,2.63,0.1,876000.0
2020-08-26,23.27,0.53,2.66,0.1,876000.0
2020-08-27,24.47,0.58,2.71,0.1,876000.0
2020-08-28,22.96,0.6,2.71,0.1,876000.0
2020-08-29,22.96,0.6,2.71,0.1,881000.0
2020-08-31,26.41,0.58,2.67,0.1,881000.0
2020-09-01,26.12,0.55,2.67,0.09,881000.0
2020-09-02,26.57,0.52,2.64,0.09,881000.0
2020-09-03,33.6,0.5,2.64,0.09,881000.0
2020-09-04,30.75,0.58,2.68,0.09,881000.0
2020-09-05,30.75,0.58,2.68,0.09,892000.0
2020-09-07,30.75,0.58,2.68,0.09,892000.0
2020-09-08,31.46,0.55,2.67,0.09,892000.0
2020-09-09,28.81,0.57,2.69,0.09,892000.0
2020-09-10,29.71,0.54,2.69,0.09,892000.0
2020-09-11,26.87,0.54,2.69,0.09,892000.0
2020-09-12,26.87,0.54,2.69,0.09,861000.0
2020-09-14,25.85,0.54,2.66,0.09,861000.0
2020-09-15,25.59,0.54,2.68,0.09,861000.0
2020-09-16,26.04,0.55,2.67,0.09,861000.0
2020-09-17,26.46,0.56,2.65,0.09,861000.0
2020-09-18,25.83,0.56,2.66,0.09,861000.0
2020-09-19,25.83,0.56,2.66,0.09,859000.0
2020-09-21,27.78,0.54,2.66,0.09,859000.0
2020-09-22,26.86,0.55,2.66,0.09,859000.0
2020-09-23,28.58,0.54,2.68,0.09,859000.0
2020-09-24,28.51,0.53,2.7,0.09,859000.0
2020-09-25,26.38,0.54,2.74,0.09,859000.0
2020-09-26,26.38,0.54,2.74,0.09,795000.0
2020-09-28,26.19,0.53,2.76,0.09,795000.0
2020-09-29,26.27,0.55,2.74,0.09,795000.0
2020-09-30,26.37,0.56,2.75,0.09,795000.0
2020-10-01,26.7,0.54,2.75,0.09,795000.0
2020-10-02,27.63,0.57,2.76,0.09,795000.0
2020-10-03,27.63,0.57,2.76,0.09,785000.0
2020-10-05,27.96,0.64,2.74,0.09,785000.0
2020-10-06,29.48,0.62,2.7,0.09,785000.0
2020-10-07,28.06,0.65,2.69,0.09,785000.0
2020-10-08,26.36,0.65,2.68,0.09,785000.0
2020-10-09,25.0,0.63,2.67,0.09,785000.0
2020-10-10,25.0,0.63,2.67,0.09,839000.0
2020-10-12,25.07,0.63,2.67,0.09,839000.0
2020-10-13,26.07,0.58,2.65,0.09,839000.0
2020-10-14,26.4,0.59,2.64,0.09,839000.0
2020-10-15,26.97,0.6,2.65,0.09,839000.0
2020-10-16,27.41,0.62,2.64,0.09,839000.0
2020-10-17,27.41,0.62,2.64,0.09,804000.0
2020-10-19,29.18,0.62,2.61,0.09,804000.0
2020-10-20,29.35,0.67,2.64,0.09,804000.0
2020-10-21,28.65,0.69,2.63,0.09,804000.0
2020-10-22,28.11,0.71,2.61,0.09,804000.0
2020-10-23,27.55,0.67,2.6,0.09,804000.0
2020-10-24,27.55,0.67,2.6,0.09,776000.0
2020-10-26,32.46,0.65,2.6,0.09,776000.0
2020-10-27,33.35,0.63,2.6,0.09,776000.0
2020-10-28,40.28,0.63,2.62,0.09,776000.0
2020-10-29,37.59,0.69,2.61,0.09,776000.0
2020-10-30,38.02,0.74,2.61,0.09,776000.0
2020-10-31,38.02,0.74,2.61,0.09,773000.0
2020-11-01,38.02,0.74,2.61,0.09,773000.0
2020-11-02,37.13,0.71,2.6,0.09,773000.0
2020-11-03,35.55,0.73,2.58,0.09,773000.0
2020-11-04,29.57,0.64,2.58,0.09,773000.0
2020-11-05,27.58,0.65,2.52,0.09,773000.0
2020-11-06,24.86,0.67,2.51,0.09,773000.0
2020-11-07,24.86,0.67,2.51,0.09,737000.0
2020-11-09,25.75,0.79,2.47,0.09,737000.0
2020-11-10,24.8,0.79,2.44,0.09,737000.0
2020-11-11,23.45,0.79,2.44,0.09,737000.0
2020-11-12,25.35,0.71,2.45,0.09,737000.0
2020-11-13,23.1,0.72,2.44,0.09,737000.0
2020-11-14,23.1,0.72,2.44,0.09,738000.0
2020-11-16,22.45,0.72,2.42,0.09,738000.0
2020-11-17,22.71,0.69,2.42,0.09,738000.0
2020-11-18,23.84,0.72,2.39,0.09,738000.0
2020-11-19,23.11,0.68,2.35,0.09,738000.0
2020-11-20,23.7,0.67,2.35,0.09,738000.0
2020-11-21,23.7,0.67,2.35,0.09,793000.0
2020-11-23,22.66,0.7,2.33,0.09,793000.0
2020-11-24,21.64,0.72,2.31,0.09,793000.0
2020-11-25,21.25,0.71,2.32,0.09,793000.0
2020-11-26,21.25,0.71,2.32,0.09,793000.0
2020-11-27,20.84,0.68,2.32,0.09,793000.0
2020-11-28,20.84,0.68,2.32,0.09,737000.0
2020-11-30,20.57,0.68,2.29,0.09,737000.0
2020-12-01,20.77,0.75,2.28,0.09,737000.0
2020-12-02,21.17,0.79,2.24,0.09,737000.0
2020-12-03,21.28,0.76,2.23,0.09,737000.0
2020-12-04,20.79,0.81,2.23,0.09,737000.0
2020-12-05,20.79,0.81,2.23,0.09,873000.0
2020-12-07,21.3,0.8,2.22,0.09,873000.0
2020-12-08,20.68,0.78,2.22,0.09,873000.0
2020-12-09,22.27,0.79,2.24,0.09,873000.0
2020-12-10,22.52,0.78,2.22,0.09,873000.0
2020-12-11,23.31,0.79,2.23,0.09,873000.0
2020-12-12,23.31,0.79,2.23,0.09,886000.0
2020-12-14,24.72,0.77,2.24,0.09,886000.0
2020-12-15,22.89,0.81,2.26,0.09,886000.0
2020-12-16,22.5,0.79,2.25,0.09,886000.0
2020-12-17,21.93,0.81,2.23,0.09,886000.0
2020-12-18,21.57,0.82,2.24,0.09,886000.0
2020-12-19,21.57,0.82,2.24,0.09,815000.0
2020-12-21,25.16,0.82,2.23,0.09,815000.0
2020-12-22,24.23,0.8,2.22,0.09,815000.0
2020-12-23,23.31,0.83,2.24,0.09,815000.0
2020-12-24,21.53,0.81,2.23,0.09,815000.0
2020-12-25,21.53,0.81,2.23,0.09,815000.0
2020-12-26,21.53,0.81,2.23,0.09,773000.0
2020-12-28,21.7,0.81,2.22,0.09,773000.0
2020-12-29,23.08,0.82,2.22,0.09,773000.0
2020-12-30,22.77,0.81,2.2,0.09,773000.0
2020-12-31,22.75,0.8,2.18,0.09,773000.0
2021-01-01,22.75,0.8,2.18,0.09,773000.0
2021-01-02,22.75,0.8,2.18,0.09,803000.0
2021-01-04,26.97,0.82,2.19,0.09,803000.0
2021-01-05,25.34,0.83,2.23,0.09,803000.0
2021-01-06,25.07,0.9,2.27,0.09,803000.0
2021-01-07,22.37,0.94,2.23,0.09,803000.0
2021-01-08,21.56,0.99,2.19,0.09,803000.0
2021-01-09,21.56,0.99,2.19,0.09,890000.0
2021-01-11,24.08,1.01,2.15,0.09,890000.0
2021-01-12,23.33,1.01,2.16,0.09,890000.0
2021-01-13,22.21,0.96,2.13,0.09,890000.0
2021-01-14,23.25,0.99,2.12,0.09,890000.0
2021-01-15,24.34,0.98,2.13,0.09,890000.0
2021-01-16,24.34,0.98,2.13,0.09,844000.0
2021-01-18,24.34,0.98,2.13,0.09,844000.0
2021-01-19,23.24,0.96,2.11,0.09,844000.0
2021-01-20,21.58,0.97,2.11,0.09,844000.0
2021-01-21,21.32,0.99,2.12,0.09,844000.0
2021-01-22,21.91,0.97,2.14,0.09,844000.0
2021-01-23,21.91,0.97,2.14,0.09,799000.0
2021-01-25,23.19,0.92,2.15,0.09,799000.0
2021-01-26,23.02,0.94,2.16,0.09,799000.0
2021-01-27,37.21,0.92,2.16,0.09,799000.0
2021-01-28,30.21,0.95,2.17,0.09,799000.0
2021-01-29,33.09,1.0,2.17,0.09,799000.0
2021-01-30,33.09,1.0,2.17,0.09,803000.0
2021-02-01,30.24,0.98,2.19,0.08,803000.0
2021-02-02,25.56,1.01,2.18,0.08,803000.0
2021-02-03,22.91,1.04,2.17,0.08,803000.0
2021-02-04,21.77,1.04,2.19,0.08,803000.0
2021-02-05,20.87,1.1,2.18,0.08,803000.0
2021-02-06,20.87,1.1,2.18,0.08,812000.0
2021-02-08,21.24,1.08,2.14,0.08,812000.0
2021-02-09,21.63,1.07,2.15,0.08,812000.0
2021-02-10,21.99,1.04,2.16,0.08,812000.0
2021-02-11,21.25,1.05,2.18,0.08,812000.0
2021-02-12,19.97,1.09,2.19,0.08,812000.0
2021-02-13,19.97,1.09,2.19,0.08,802000.0
2021-02-15,19.97,1.09,2.19,0.08,802000.0
2021-02-16,21.46,1.17,2.15,0.08,802000.0
2021-02-17,21.5,1.18,2.13,0.08,802000.0
2021-02-18,22.49,1.18,2.13,0.08,802000.0
2021-02-19,22.05,1.23,2.14,0.08,802000.0
2021-02-20,22.05,1.23,2.14,0.08,702000.0
2021-02-22,23.45,1.26,2.16,0.08,702000.0
2021-02-23,23.11,1.26,2.2,0.08,702000.0
2021-02-24,21.34,1.26,2.22,0.08,702000.0
2021-02-25,28.89,1.37,2.12,0.08,702000.0
2021-02-26,27.95,1.3,2.12,0.08,702000.0
2021-02-27,27.95,1.3,2.12,0.08,704000.0
2021-03-01,23.35,1.32,2.13,0.07,704000.0
2021-03-02,24.1,1.29,2.15,0.07,704000.0
2021-03-03,26.67,1.33,2.14,0.07,704000.0
2021-03-04,28.57,1.4,2.13,0.07,704000.0
2021-03-05,24.66,1.42,2.13,0.07,704000.0
2021-03-06,24.66,1.42,2.13,0.07,693000.0
2021-03-08,25.47,1.42,2.14,0.07,693000.0
2021-03-09,24.03,1.38,2.16,0.07,693000.0
2021-03-10,22.56,1.37,2.17,0.07,693000.0
2021-03-11,21.91,1.4,2.18,0.07,693000.0
2021-03-12,20.69,1.5,2.19,0.07,693000.0
2021-03-13,20.69,1.5,2.19,0.07,699000.0
2021-03-15,20.03,1.48,2.18,0.07,699000.0
2021-03-16,19.79,1.47,2.19,0.07,699000.0
2021-03-17,19.23,1.5,2.23,0.07,699000.0
2021-03-18,21.58,1.55,2.17,0.07,699000.0
2021-03-19,20.95,1.58,2.1,0.07,699000.0
2021-03-20,20.95,1.58,2.1,0.07,627000.0
2021-03-22,18.88,1.54,2.08,0.07,627000.0
2021-03-23,20.3,1.48,2.11,0.07,627000.0
2021-03-24,21.2,1.48,2.1,0.07,627000.0
2021-03-25,19.81,1.49,2.11,0.07,627000.0
2021-03-26,18.86,1.53,2.09,0.07,627000.0
2021-03-27,18.86,1.53,2.09,0.07,658000.0
2021-03-29,20.74,1.59,2.08,0.07,658000.0
2021-03-30,19.61,1.57,2.04,0.07,658000.0
2021-03-31,19.4,1.58,2.03,0.07,658000.0
2021-04-01,17.33,1.52,1.98,0.07,658000.0
2021-04-02,17.33,1.53,1.98,0.07,658000.0
2021-04-03,17.33,1.53,1.98,0.07,645000.0
2021-04-05,17.91,1.56,1.93,0.07,645000.0
2021-04-06,18.12,1.51,1.95,0.07,645000.0
2021-04-07,17.16,1.52,1.96,0.07,645000.0
2021-04-08,16.95,1.5,1.98,0.07,645000.0
2021-04-09,16.69,1.51,1.96,0.07,645000.0
2021-04-10,16.69,1.51,1.96,0.07,571000.0
2021-04-12,16.91,1.51,1.95,0.07,571000.0
2021-04-13,16.65,1.48,1.97,0.07,571000.0
2021-04-14,16.99,1.48,1.98,0.07,571000.0
2021-04-15,16.57,1.4,1.95,0.07,571000.0
2021-04-16,16.25,1.43,1.97,0.07,571000.0
2021-04-17,16.25,1.43,1.97,0.07,566000.0
2021-04-19,17.29,1.45,1.99,0.07,566000.0
2021-04-20,18.68,1.43,2.0,0.07,566000.0
2021-04-21,17.5,1.42,2.01,0.07,566000.0
2021-04-22,18.71,1.41,1.99,0.07,566000.0
2021-04-23,17.33,1.42,1.99,0.07,566000.0
2021-04-24,17.33,1.42,1.99,0.07,574000.0
2021-04-26,17.64,1.4,1.98,0.07,574000.0
2021-04-27,17.56,1.46,1.97,0.07,574000.0
2021-04-28,17.28,1.46,1.98,0.07,574000.0
2021-04-29,17.61,1.49,1.97,0.07,574000.0
2021-04-30,18.61,1.49,1.96,0.07,574000.0
2021-05-01,18.61,1.49,1.96,0.06,517000.0
2021-05-03,18.31,1.47,1.96,0.06,517000.0
2021-05-04,19.48,1.45,1.97,0.06,517000.0
2021-05-05,19.15,1.43,1.98,0.06,517000.0
2021-05-06,18.39,1.42,1.96,0.06,517000.0
2021-05-07,16.69,1.46,1.97,0.06,517000.0
2021-05-08,16.69,1.46,1.97,0.06,494000.0
2021-05-10,19.66,1.47,1.98,0.06,494000.0
2021-05-11,21.84,1.48,2.01,0.06,494000.0
2021-05-12,27.59,1.53,2.02,0.06,494000.0
2021-05-13,23.13,1.5,2.04,0.06,494000.0
2021-05-14,18.81,1.47,2.03,0.06,494000.0
2021-05-15,18.81,1.47,2.03,0.06,467000.0
2021-05-17,19.72,1.48,2.02,0.06,467000.0
2021-05-18,21.34,1.48,2.03,0.06,467000.0
2021-05-19,22.18,1.52,2.02,0.06,467000.0
2021-05-20,20.67,1.48,2.02,0.06,467000.0
2021-05-21,20.15,1.46,2.01,0.06,467000.0
2021-05-22,20.15,1.46,2.01,0.06,441000.0
2021-05-24,18.4,1.46,2.0,0.06,441000.0
2021-05-25,18.84,1.41,2.01,0.06,441000.0
2021-05-26,17.36,1.44,1.98,0.06,441000.0
2021-05-27,16.74,1.47,1.98,0.06,441000.0
2021-05-28,16.76,1.44,1.99,0.06,441000.0
2021-05-29,16.76,1.44,1.99,0.06,427000.0
2021-05-31,16.76,1.44,1.99,0.06,427000.0
2021-06-01,17.9,1.46,1.97,0.08,427000.0
2021-06-02,17.48,1.46,1.98,0.08,427000.0
2021-06-03,18.04,1.47,1.96,0.08,427000.0
2021-06-04,16.42,1.42,1.98,0.08,427000.0
2021-06-05,16.42,1.42,1.98,0.08,420000.0
2021-06-07,16.42,1.41,1.98,0.08,420000.0
2021-06-08,17.07,1.39,1.98,0.08,420000.0
2021-06-09,17.89,1.34,1.96,0.08,420000.0
2021-06-10,16.1,1.31,2.0,0.08,420000.0
2021-06-11,15.65,1.31,1.97,0.08,420000.0
2021-06-12,15.65,1.31,1.97,0.08,428000.0
2021-06-14,16.39,1.35,1.96,0.08,428000.0
2021-06-15,17.02,1.35,1.96,0.08,428000.0
2021-06-16,18.15,1.36,1.91,0.08,428000.0
2021-06-17,17.75,1.29,1.84,0.08,428000.0
2021-06-18,20.7,1.19,1.85,0.08,428000.0
2021-06-19,20.7,1.19,1.85,0.08,422000.0
2021-06-21,17.89,1.23,1.88,0.08,422000.0
2021-06-22,16.66,1.23,1.9,0.08,422000.0
2021-06-23,16.32,1.24,1.89,0.08,422000.0
2021-06-24,15.97,1.23,1.88,0.08,422000.0
2021-06-25,15.62,1.26,1.9,0.08,422000.0
2021-06-26,15.62,1.26,1.9,0.08,369000.0
2021-06-28,15.76,1.24,1.88,0.08,369000.0
2021-06-29,16.02,1.22,1.87,0.08,369000.0
2021-06-30,15.83,1.2,1.87,0.08,369000.0
2021-07-01,15.48,1.23,1.86,0.1,369000.0
2021-07-02,15.07,1.2,1.87,0.1,369000.0
2021-07-03,15.07,1.2,1.87,0.1,371000.0
2021-07-05,15.07,1.2,1.87,0.1,371000.0
2021-07-06,16.44,1.15,1.9,0.1,371000.0
2021-07-07,16.2,1.11,1.89,0.1,371000.0
2021-07-08,19.0,1.11,1.91,0.1,371000.0
2021-07-09,16.18,1.14,1.91,0.1,371000.0
2021-07-10,16.18,1.14,1.91,0.1,332000.0
2021-07-12,16.17,1.15,1.91,0.1,332000.0
2021-07-13,17.12,1.16,1.91,0.1,332000.0
2021-07-14,16.33,1.14,1.91,0.1,332000.0
2021-07-15,17.01,1.08,1.92,0.1,332000.0
2021-07-16,18.45,1.06,1.93,0.1,332000.0
2021-07-17,18.45,1.06,1.93,0.1,387000.0
2021-07-19,22.5,0.98,1.97,0.1,387000.0
2021-07-20,19.73,1.03,1.98,0.1,387000.0
2021-07-21,17.91,1.08,1.96,0.1,387000.0
2021-07-22,17.69,1.07,1.95,0.1,387000.0
2021-07-23,17.2,1.08,1.93,0.1,387000.0
2021-07-24,17.2,1.08,1.93,0.1,380000.0
2021-07-26,17.58,1.07,1.94,0.1,380000.0
2021-07-27,19.36,1.05,1.95,0.1,380000.0
2021-07-28,18.31,1.06,1.96,0.1,380000.0
2021-07-29,17.7,1.08,1.94,0.1,380000.0
2021-07-30,18.24,1.05,1.95,0.1,380000.0
2021-07-31,18.24,1.05,1.95,0.1,380000.0
2021-08-01,18.24,1.05,1.95,0.09,380000.0
2021-08-02,19.46,1.03,1.95,0.09,380000.0
2021-08-03,18.04,1.02,1.97,0.09,380000.0
2021-08-04,17.97,1.02,1.96,0.09,380000.0
2021-08-05,17.28,1.02,1.95,0.09,380000.0
2021-08-06,16.15,1.1,1.94,0.09,380000.0
2021-08-07,16.15,1.1,1.94,0.09,361000.0
2021-08-09,16.72,1.1,1.95,0.09,361000.0
2021-08-10,16.79,1.12,1.95,0.09,361000.0
2021-08-11,16.06,1.12,1.99,0.09,361000.0
2021-08-12,15.59,1.13,1.99,0.09,361000.0
2021-08-13,15.45,1.06,1.98,0.09,361000.0
2021-08-14,15.45,1.06,1.98,0.09,368000.0
2021-08-16,16.12,1.05,1.97,0.09,368000.0
2021-08-17,17.91,1.03,1.98,0.09,368000.0
2021-08-18,21.57,1.04,1.97,0.09,368000.0
2021-08-19,21.67,1.02,1.98,0.09,368000.0
2021-08-20,18.56,1.03,1.96,0.09,368000.0
2021-08-21,18.56,1.03,1.96,0.09,358000.0
2021-08-23,17.15,1.02,1.97,0.09,358000.0
2021-08-24,17.22,1.05,1.95,0.09,358000.0
2021-08-25,16.79,1.12,1.93,0.09,358000.0
2021-08-26,18.84,1.09,1.92,0.09,358000.0
2021-08-27,16.39,1.09,1.92,0.09,358000.0
2021-08-28,16.39,1.09,1.92,0.09,353000.0
2021-08-30,16.19,1.09,1.92,0.09,353000.0
2021-08-31,16.48,1.1,1.94,0.09,353000.0
2021-09-01,16.11,1.11,1.92,0.08,353000.0
2021-09-02,16.41,1.09,1.92,0.08,353000.0
2021-09-03,16.41,1.12,1.91,0.08,353000.0
2021-09-04,16.41,1.12,1.91,0.08,337000.0
2021-09-06,16.41,1.12,1.91,0.08,337000.0
2021-09-07,18.14,1.16,1.91,0.08,337000.0
2021-09-08,17.96,1.13,1.91,0.08,337000.0
2021-09-09,18.8,1.07,1.9,0.08,337000.0
2021-09-10,20.95,1.12,1.88,0.08,337000.0
2021-09-11,20.95,1.12,1.88,0.08,344000.0
2021-09-13,19.37,1.12,1.87,0.08,344000.0
2021-09-14,19.46,1.07,1.87,0.08,344000.0
2021-09-15,18.18,1.1,1.85,0.08,344000.0
2021-09-16,18.69,1.11,1.84,0.08,344000.0
2021-09-17,20.81,1.14,1.83,0.08,344000.0
2021-09-18,20.81,1.14,1.83,0.08,367000.0
2021-09-20,25.71,1.08,1.84,0.08,367000.0
2021-09-21,24.36,1.11,1.83,0.08,367000.0
2021-09-22,20.87,1.07,1.83,0.08,367000.0
2021-09-23,18.63,1.14,1.81,0.08,367000.0
2021-09-24,17.75,1.18,1.8,0.08,367000.0
2021-09-25,17.75,1.18,1.8,0.08,374000.0
2021-09-27,18.76,1.17,1.78,0.08,374000.0
2021-09-28,23.25,1.23,1.8,0.08,374000.0
2021-09-29,22.56,1.25,1.81,0.08,374000.0
2021-09-30,23.14,1.24,1.85,0.08,374000.0
2021-10-01,21.15,1.21,1.85,0.08,374000.0
2021-10-02,21.15,1.21,1.85,0.08,314000.0
2021-10-04,22.96,1.22,1.85,0.08,314000.0
2021-10-05,21.3,1.26,1.84,0.08,314000.0
2021-10-06,21.0,1.23,1.84,0.08,314000.0
2021-10-07,19.54,1.26,1.85,0.08,314000.0
2021-10-08,18.77,1.29,1.84,0.08,314000.0
2021-10-09,18.77,1.29,1.84,0.08,290000.0
2021-10-11,20.0,1.29,1.84,0.08,290000.0
2021-10-12,19.85,1.24,1.82,0.08,290000.0
2021-10-13,18.64,1.19,1.79,0.08,290000.0
2021-10-14,16.86,1.16,1.81,0.08,290000.0
2021-10-15,16.3,1.18,1.76,0.08,290000.0
2021-10-16,16.3,1.18,1.76,0.08,290000.0
2021-10-18,16.31,1.15,1.72,0.08,290000.0
2021-10-19,15.7,1.24,1.72,0.08,290000.0
2021-10-20,15.49,1.25,1.75,0.08,290000.0
2021-10-21,15.01,1.23,1.74,0.08,290000.0
2021-10-22,15.43,1.18,1.72,0.08,290000.0
2021-10-23,15.43,1.18,1.72,0.08,268000.0
2021-10-25,15.24,1.17,1.73,0.08,268000.0
2021-10-26,15.98,1.16,1.71,0.08,268000.0
2021-10-27,16.98,1.04,1.69,0.08,268000.0
2021-10-28,16.53,1.07,1.69,0.08,268000.0
2021-10-29,16.26,1.07,1.69,0.08,268000.0
2021-10-30,16.26,1.07,1.69,0.08,262000.0
2021-11-01,16.41,1.08,1.69,0.08,262000.0
2021-11-02,16.03,1.1,1.71,0.08,262000.0
2021-11-03,15.1,1.13,1.7,0.08,262000.0
2021-11-04,15.44,1.12,1.73,0.08,262000.0
2021-11-05,16.48,1.06,1.73,0.08,262000.0
2021-11-06,16.48,1.06,1.73,0.08,251000.0
2021-11-08,17.22,1.06,1.67,0.08,251000.0
2021-11-09,17.78,1.05,1.67,0.08,251000.0
2021-11-10,18.73,1.05,1.66,0.08,251000.0
2021-11-11,17.66,1.05,1.66,0.08,251000.0
2021-11-12,16.29,1.05,1.69,0.08,251000.0
2021-11-13,16.29,1.05,1.69,0.08,250000.0
2021-11-15,16.49,1.1,1.7,0.08,250000.0
2021-11-16,16.37,1.09,1.72,0.08,250000.0
2021-11-17,17.11,1.08,1.74,0.08,250000.0
2021-11-18,17.59,1.07,1.73,0.08,250000.0
2021-11-19,17.91,1.02,1.73,0.08,250000.0
2021-11-20,17.91,1.02,1.73,0.08,223000.0
2021-11-22,19.17,1.0,1.71,0.08,223000.0
2021-11-23,19.38,1.07,1.73,0.08,223000.0
2021-11-24,18.58,1.0,1.72,0.08,223000.0
2021-11-25,18.58,1.0,1.72,0.08,223000.0
2021-11-26,28.62,0.98,1.82,0.08,223000.0
2021-11-27,28.62,0.98,1.82,0.08,222000.0
2021-11-29,22.96,1.01,1.81,0.08,222000.0
2021-11-30,27.19,0.91,1.81,0.08,222000.0
2021-12-01,31.12,0.87,1.81,0.08,222000.0
2021-12-02,27.95,0.81,1.8,0.08,222000.0
2021-12-03,30.67,0.75,1.81,0.08,222000.0
2021-12-04,30.67,0.75,1.81,0.08,207000.0
2021-12-06,27.18,0.78,1.79,0.08,207000.0
2021-12-07,21.89,0.78,1.75,0.08,207000.0
2021-12-08,19.9,0.84,1.79,0.08,207000.0
2021-12-09,21.58,0.79,1.81,0.08,207000.0
2021-12-10,18.69,0.81,1.83,0.08,207000.0
2021-12-11,18.69,0.81,1.83,0.08,227000.0
2021-12-13,20.31,0.76,1.82,0.08,227000.0
2021-12-14,21.89,0.77,1.82,0.08,227000.0
2021-12-15,19.29,0.78,1.83,0.08,227000.0
2021-12-16,20.57,0.8,1.87,0.08,227000.0
2021-12-17,21.57,0.75,1.87,0.08,227000.0
2021-12-18,21.57,0.75,1.87,0.08,215000.0
2021-12-20,22.87,0.78,1.89,0.08,215000.0
2021-12-21,21.01,0.78,1.88,0.08,215000.0
2021-12-22,18.63,0.78,1.86,0.08,215000.0
2021-12-23,17.96,0.79,1.86,0.08,215000.0
2021-12-24,17.96,0.79,1.86,0.08,215000.0
2021-12-25,17.96,0.79,1.86,0.08,216000.0
2021-12-27,17.68,0.72,1.86,0.08,216000.0
2021-12-28,17.54,0.75,1.86,0.08,216000.0
2021-12-29,16.95,0.8,1.85,0.08,216000.0
2021-12-30,17.33,0.79,1.85,0.08,216000.0
2021-12-31,17.22,0.79,1.85,0.08,216000.0
2022-01-01,17.22,0.79,1.85,0.08,227000.0
2022-01-03,16.6,0.85,1.82,0.08,227000.0
2022-01-04,16.91,0.89,1.84,0.08,227000.0
2022-01-05,19.73,0.88,1.8,0.08,227000.0
2022-01-06,19.61,0.85,1.78,0.08,227000.0
2022-01-07,18.76,0.89,1.78,0.08,227000.0
2022-01-08,18.76,0.89,1.78,0.08,247000.0
2022-01-10,19.4,0.86,1.76,0.08,247000.0
2022-01-11,18.41,0.85,1.76,0.08,247000.0
2022-01-12,17.62,0.82,1.77,0.08,247000.0
2022-01-13,20.31,0.79,1.8,0.08,247000.0
2022-01-14,19.19,0.79,1.79,0.08,247000.0
2022-01-15,19.19,0.79,1.79,0.08,245000.0
2022-01-17,19.19,0.79,1.79,0.08,245000.0
2022-01-18,22.79,0.81,1.78,0.08,245000.0
2022-01-19,23.85,0.79,1.77,0.08,245000.0
2022-01-20,25.59,0.75,1.79,0.08,245000.0
2022-01-21,28.85,0.74,1.84,0.08,245000.0
2022-01-22,28.85,0.74,1.84,0.08,238000.0
2022-01-24,29.9,0.76,1.89,0.08,238000.0
2022-01-25,31.16,0.76,1.91,0.08,238000.0
2022-01-26,31.96,0.72,1.84,0.08,238000.0
2022-01-27,30.49,0.63,1.86,0.08,238000.0
2022-01-28,27.66,0.63,1.91,0.08,238000.0
2022-01-29,27.66,0.63,1.91,0.08,231000.0
2022-01-31,24.83,0.61,1.93,0.08,231000.0
2022-02-01,21.96,0.63,1.92,0.08,231000.0
2022-02-02,22.09,0.62,1.91,0.08,231000.0
2022-02-03,24.35,0.63,1.92,0.08,231000.0
2022-02-04,23.22,0.62,1.92,0.08,231000.0
2022-02-05,23.22,0.62,1.92,0.08,210000.0
2022-02-07,22.86,0.62,1.93,0.08,210000.0
2022-02-08,21.44,0.61,1.91,0.08,210000.0
2022-02-09,19.96,0.58,1.92,0.08,210000.0
2022-02-10,23.91,0.42,1.91,0.08,210000.0
2022-02-11,27.36,0.42,2.0,0.08,210000.0
2022-02-12,27.36,0.42,2.0,0.08,234000.0
2022-02-14,28.33,0.4,2.0,0.08,234000.0
2022-02-15,25.7,0.47,1.99,0.08,234000.0
2022-02-16,24.29,0.51,2.05,0.08,234000.0
2022-02-17,28.11,0.48,2.12,0.08,234000.0
2022-02-18,27.75,0.45,2.13,0.08,234000.0
2022-02-19,27.75,0.45,2.13,0.08,225000.0
2022-02-21,27.75,0.45,2.13,0.08,225000.0
2022-02-22,28.81,0.38,2.13,0.08,225000.0
2022-02-23,31.02,0.41,2.1,0.08,225000.0
2022-02-24,30.32,0.42,2.24,0.08,225000.0
2022-02-25,27.59,0.42,2.2,0.08,225000.0
2022-02-26,27.59,0.42,2.2,0.08,209000.0
2022-02-28,30.15,0.39,2.34,0.08,209000.0
2022-03-01,33.32,0.41,2.25,0.2,209000.0
2022-03-02,30.74,0.36,2.24,0.2,209000.0
2022-03-03,30.48,0.33,2.24,0.2,209000.0
2022-03-04,31.98,0.24,2.31,0.2,209000.0
2022-03-05,31.98,0.24,2.31,0.2,222000.0
2022-03-07,36.45,0.23,2.32,0.2,222000.0
2022-03-08,35.13,0.23,2.35,0.2,222000.0
2022-03-09,32.45,0.26,2.32,0.2,222000.0
2022-03-10,30.23,0.26,2.38,0.2,222000.0
2022-03-11,30.75,0.25,2.35,0.2,222000.0
2022-03-12,30.75,0.25,2.35,0.2,217000.0
2022-03-14,31.77,0.27,2.33,0.2,217000.0
2022-03-15,29.83,0.3,2.36,0.2,217000.0
2022-03-16,26.67,0.24,2.23,0.2,217000.0
2022-03-17,25.67,0.26,2.17,0.2,217000.0
2022-03-18,23.87,0.17,2.14,0.2,217000.0
2022-03-19,23.87,0.17,2.14,0.2,207000.0
2022-03-21,23.53,0.18,2.07,0.2,207000.0
2022-03-22,22.94,0.2,2.05,0.2,207000.0
2022-03-23,23.57,0.19,2.03,0.2,207000.0
2022-03-24,21.67,0.21,2.01,0.2,207000.0
2022-03-25,20.81,0.18,1.96,0.2,207000.0
2022-03-26,20.81,0.18,1.96,0.2,214000.0
2022-03-28,19.63,0.11,1.94,0.2,214000.0
2022-03-29,18.9,0.06,1.91,0.2,214000.0
2022-03-30,19.33,0.04,1.93,0.2,214000.0
2022-03-31,20.56,0.04,1.93,0.2,214000.0
2022-04-01,19.63,-0.05,1.81,0.33,214000.0
2022-04-02,19.63,-0.05,1.81,0.33,215000.0
2022-04-04,18.57,-0.01,1.81,0.33,215000.0
2022-04-05,21.03,0.03,1.77,0.33,215000.0
2022-04-06,22.1,0.11,1.77,0.33,215000.0
2022-04-07,21.55,0.19,1.78,0.33,215000.0
2022-04-08,21.16,0.19,1.78,0.33,215000.0
2022-04-09,21.16,0.19,1.78,0.33,213000.0
2022-04-11,24.37,0.29,1.82,0.33,213000.0
2022-04-12,24.26,0.33,1.92,0.33,213000.0
2022-04-13,21.82,0.33,1.94,0.33,213000.0
2022-04-14,22.7,0.36,1.93,0.33,213000.0
2022-04-15,22.7,0.36,1.93,0.33,213000.0
2022-04-16,22.7,0.36,1.93,0.33,209000.0
2022-04-18,22.17,0.39,1.94,0.33,209000.0
2022-04-19,21.37,0.32,1.91,0.33,209000.0
2022-04-20,20.32,0.25,1.91,0.33,209000.0
2022-04-21,22.68,0.22,1.93,0.33,209000.0
2022-04-22,28.21,0.18,1.96,0.33,209000.0
2022-04-23,28.21,0.18,1.96,0.33,210000.0
2022-04-25,27.02,0.18,2.03,0.33,210000.0
2022-04-26,33.52,0.23,2.06,0.33,210000.0
2022-04-27,31.6,0.24,2.05,0.33,210000.0
2022-04-28,29.99,0.22,2.06,0.33,210000.0
2022-04-29,33.4,0.19,2.05,0.33,210000.0
2022-04-30,33.4,0.19,2.05,0.33,219000.0
2022-05-01,33.4,0.19,2.05,0.77,219000.0
2022-05-02,32.34,0.26,2.08,0.77,219000.0
2022-05-03,29.25,0.19,2.05,0.77,219000.0
2022-05-04,25.42,0.27,2.08,0.77,219000.0
2022-05-05,31.2,0.34,2.1,0.77,219000.0
2022-05-06,30.19,0.4,2.09,0.77,219000.0
2022-05-07,30.19,0.4,2.09,0.77,204000.0
2022-05-09,34.75,0.44,2.17,0.77,204000.0
2022-05-10,32.99,0.37,2.16,0.77,204000.0
2022-05-11,32.56,0.25,2.17,0.77,204000.0
2022-05-12,31.77,0.28,2.2,0.77,204000.0
2022-05-13,28.87,0.32,2.24,0.77,204000.0
2022-05-14,28.87,0.32,2.24,0.77,225000.0
2022-05-16,27.47,0.3,2.29,0.77,225000.0
2022-05-17,26.1,0.27,2.27,0.77,225000.0
2022-05-18,30.96,0.21,2.31,0.77,225000.0
2022-05-19,29.35,0.21,2.37,0.77,225000.0
2022-05-20,29.43,0.18,2.36,0.77,225000.0
2022-05-21,29.43,0.18,2.36,0.77,211000.0
2022-05-23,28.48,0.21,2.33,0.77,211000.0
2022-05-24,29.45,0.26,2.34,0.77,211000.0
2022-05-25,28.37,0.27,2.29,0.77,211000.0
2022-05-26,27.5,0.29,2.25,0.77,211000.0
2022-05-27,25.72,0.27,2.26,0.77,211000.0
2022-05-28,25.72,0.27,2.26,0.77,200000.0
2022-05-30,26.54,0.27,2.26,0.77,200000.0
2022-05-31,26.19,0.32,2.18,0.77,200000.0
2022-06-01,25.69,0.28,2.08,1.21,200000.0
2022-06-02,24.72,0.27,2.1,1.21,200000.0
2022-06-03,24.79,0.3,2.09,1.21,200000.0
2022-06-04,24.79,0.3,2.09,1.21,214000.0
2022-06-06,25.07,0.31,2.08,1.21,214000.0
2022-06-07,24.02,0.23,2.07,1.21,214000.0
2022-06-08,23.96,0.25,2.07,1.21,214000.0
2022-06-09,26.09,0.21,2.07,1.21,214000.0
2022-06-10,27.75,0.09,2.04,1.21,214000.0
2022-06-11,27.75,0.09,2.04,1.21,213000.0
2022-06-13,34.02,0.03,1.98,1.21,213000.0
2022-06-14,32.69,0.04,1.99,1.21,213000.0
2022-06-15,29.62,0.13,2.1,1.21,213000.0
2022-06-16,32.95,0.14,2.13,1.21,213000.0
2022-06-17,31.13,0.08,2.13,1.21,213000.0
2022-06-18,31.13,0.08,2.13,1.21,215000.0
2022-06-20,31.03,0.08,2.13,1.21,215000.0
2022-06-21,30.19,0.1,2.13,1.21,215000.0
2022-06-22,28.95,0.1,2.17,1.21,215000.0
2022-06-23,29.05,0.08,2.2,1.21,215000.0
2022-06-24,27.23,0.09,2.22,1.21,215000.0
2022-06-25,27.23,0.09,2.22,1.21,212000.0
2022-06-27,26.95,0.12,2.19,1.21,212000.0
2022-06-28,28.36,0.1,2.22,1.21,212000.0
2022-06-29,28.16,0.04,2.24,1.21,212000.0
2022-06-30,28.71,0.06,2.31,1.21,212000.0
2022-07-01,26.7,0.04,2.42,1.68,212000.0
2022-07-02,26.7,0.04,2.42,1.68,215000.0
2022-07-04,27.53,0.04,2.42,1.68,215000.0
2022-07-05,27.54,0.0,2.41,1.68,215000.0
2022-07-06,26.73,-0.04,2.39,1.68,215000.0
2022-07-07,26.08,-0.02,2.33,1.68,215000.0
2022-07-08,24.64,-0.03,2.31,1.68,215000.0
2022-07-09,24.64,-0.03,2.31,1.68,212000.0
2022-07-11,26.17,-0.08,2.32,1.68,212000.0
2022-07-12,27.29,-0.07,2.31,1.68,212000.0
2022-07-13,26.82,-0.22,2.32,1.68,212000.0
2022-07-14,26.4,-0.19,2.31,1.68,212000.0
2022-07-15,24.23,-0.2,2.3,1.68,212000.0
2022-07-16,24.23,-0.2,2.3,1.68,216000.0
2022-07-18,25.3,-0.19,2.28,1.68,216000.0
2022-07-19,24.5,-0.22,2.26,1.68,216000.0
2022-07-20,23.88,-0.21,2.2,1.68,216000.0
2022-07-21,23.11,-0.19,2.23,1.68,216000.0
2022-07-22,23.03,-0.21,2.28,1.68,216000.0
2022-07-23,23.03,-0.21,2.28,1.68,220000.0
2022-07-25,23.36,-0.19,2.31,1.68,220000.0
2022-07-26,24.69,-0.21,2.29,1.68,220000.0
2022-07-27,23.24,-0.18,2.3,1.68,220000.0
2022-07-28,22.33,-0.17,2.42,1.68,220000.0
2022-07-29,21.33,-0.22,2.36,1.68,220000.0
2022-07-30,21.33,-0.22,2.36,1.68,228000.0
2022-08-01,22.84,-0.3,2.38,2.33,228000.0
2022-08-02,23.93,-0.31,2.29,2.33,228000.0
2022-08-03,21.95,-0.37,2.29,2.33,228000.0
2022-08-04,21.44,-0.35,2.32,2.33,228000.0
2022-08-05,21.15,-0.41,2.29,2.33,228000.0
2022-08-06,21.15,-0.41,2.29,2.33,221000.0
2022-08-08,21.29,-0.44,2.26,2.33,221000.0
2022-08-09,21.77,-0.48,2.26,2.33,221000.0
2022-08-10,19.74,-0.45,2.29,2.33,221000.0
2022-08-11,20.2,-0.36,2.29,2.33,221000.0
2022-08-12,19.53,-0.41,2.27,2.33,221000.0
2022-08-13,19.53,-0.41,2.27,2.33,220000.0
2022-08-15,19.95,-0.41,2.27,2.33,220000.0
2022-08-16,19.69,-0.43,2.27,2.33,220000.0
2022-08-17,19.9,-0.39,2.24,2.33,220000.0
2022-08-18,19.56,-0.34,2.24,2.33,220000.0
2022-08-19,20.6,-0.27,2.25,2.33,220000.0
2022-08-20,20.6,-0.27,2.25,2.33,215000.0
2022-08-22,23.8,-0.29,2.24,2.33,215000.0
2022-08-23,24.11,-0.24,2.24,2.33,215000.0
2022-08-24,22.82,-0.25,2.23,2.33,215000.0
2022-08-25,21.78,-0.32,2.21,2.33,215000.0
2022-08-26,25.56,-0.33,2.19,2.33,215000.0
2022-08-27,25.56,-0.33,2.19,2.33,210000.0
2022-08-29,26.21,-0.3,2.19,2.33,210000.0
2022-08-30,26.21,-0.35,2.17,2.33,210000.0
2022-08-31,25.87,-0.3,2.18,2.33,210000.0
2022-09-01,25.56,-0.25,2.22,2.56,210000.0
2022-09-02,25.47,-0.2,2.24,2.56,210000.0
2022-09-03,25.47,-0.2,2.24,2.56,204000.0
2022-09-05,25.99,-0.2,2.24,2.56,204000.0
2022-09-06,26.91,-0.17,2.27,2.56,204000.0
2022-09-07,24.64,-0.18,2.24,2.56,204000.0
2022-09-08,23.61,-0.19,2.25,2.56,204000.0
2022-09-09,22.79,-0.23,2.2,2.56,204000.0
2022-09-10,22.79,-0.23,2.2,2.56,197000.0
2022-09-12,23.87,-0.21,2.2,2.56,197000.0
2022-09-13,27.27,-0.33,2.18,2.56,197000.0
2022-09-14,26.16,-0.37,2.15,2.56,197000.0
2022-09-15,26.27,-0.42,2.12,2.56,197000.0
2022-09-16,26.3,-0.4,2.18,2.56,197000.0
2022-09-17,26.3,-0.4,2.18,2.56,201000.0
2022-09-19,25.76,-0.46,2.15,2.56,201000.0
2022-09-20,27.16,-0.39,2.13,2.56,201000.0
2022-09-21,27.99,-0.51,2.12,2.56,201000.0
2022-09-22,27.35,-0.41,2.08,2.56,201000.0
2022-09-23,29.92,-0.51,2.09,2.56,201000.0
2022-09-24,29.92,-0.51,2.09,2.56,189000.0
2022-09-26,32.26,-0.39,2.01,2.56,189000.0
2022-09-27,32.6,-0.33,2.08,2.56,189000.0
2022-09-28,30.18,-0.35,2.25,2.56,189000.0
2022-09-29,31.84,-0.4,2.27,2.56,189000.0
2022-09-30,31.62,-0.39,2.24,2.56,189000.0
2022-10-01,31.62,-0.39,2.24,3.08,204000.0
2022-10-03,30.1,-0.45,2.29,3.08,204000.0
2022-10-04,29.07,-0.48,2.27,3.08,204000.0
2022-10-05,28.55,-0.39,2.22,3.08,204000.0
2022-10-06,30.52,-0.4,2.16,3.08,204000.0
2022-10-07,31.36,-0.41,2.17,3.08,204000.0
2022-10-08,31.36,-0.41,2.17,3.08,206000.0
2022-10-10,32.45,-0.41,2.17,3.08,206000.0
2022-10-11,33.63,-0.37,2.23,3.08,206000.0
2022-10-12,33.57,-0.37,2.27,3.08,206000.0
2022-10-13,31.94,-0.5,2.28,3.08,206000.0
2022-10-14,32.02,-0.48,2.28,3.08,206000.0
2022-10-15,32.02,-0.48,2.28,3.08,199000.0
2022-10-17,31.37,-0.43,2.28,3.08,199000.0
2022-10-18,30.5,-0.42,2.28,3.08,199000.0
2022-10-19,30.76,-0.41,2.25,3.08,199000.0
2022-10-20,29.98,-0.38,2.24,3.08,199000.0
2022-10-21,29.69,-0.28,2.36,3.08,199000.0
2022-10-22,29.69,-0.28,2.36,3.08,201000.0
2022-10-24,29.85,-0.25,2.34,3.08,201000.0
2022-10-25,28.46,-0.32,2.37,3.08,201000.0
2022-10-26,27.28,-0.35,2.33,3.08,201000.0
2022-10-27,27.39,-0.34,2.34,3.08,201000.0
2022-10-28,25.75,-0.39,2.3,3.08,201000.0
2022-10-29,25.75,-0.39,2.3,3.08,202000.0
2022-10-31,25.88,-0.41,2.28,3.08,202000.0
2022-11-01,25.81,-0.47,2.22,3.78,202000.0
2022-11-02,25.86,-0.51,2.18,3.78,202000.0
2022-11-03,25.3,-0.57,2.19,3.78,202000.0
2022-11-04,24.55,-0.49,2.22,3.78,202000.0
2022-11-05,24.55,-0.49,2.22,3.78,204000.0
2022-11-07,24.35,-0.5,2.22,3.78,204000.0
2022-11-08,25.54,-0.53,2.23,3.78,204000.0
2022-11-09,26.09,-0.49,2.33,3.78,204000.0
2022-11-10,23.53,-0.52,2.36,3.78,204000.0
2022-11-11,22.52,-0.52,2.36,3.78,204000.0
2022-11-12,22.52,-0.52,2.36,3.78,210000.0
2022-11-14,23.73,-0.52,2.27,3.78,210000.0
2022-11-15,24.54,-0.57,2.23,3.78,210000.0
2022-11-16,24.11,-0.68,2.24,3.78,210000.0
2022-11-17,23.93,-0.66,2.18,3.78,210000.0
2022-11-18,23.12,-0.69,2.13,3.78,210000.0
2022-11-19,23.12,-0.69,2.13,3.78,220000.0
2022-11-21,22.36,-0.65,2.08,3.78,220000.0
2022-11-22,21.29,-0.71,2.07,3.78,220000.0
2022-11-23,20.35,-0.75,2.02,3.78,220000.0
2022-11-24,20.42,-0.75,2.02,3.78,220000.0
2022-11-25,20.5,-0.74,2.06,3.78,220000.0
2022-11-26,20.5,-0.74,2.06,3.78,209000.0
2022-11-28,22.21,-0.77,2.05,3.78,209000.0
2022-11-29,21.89,-0.73,2.06,3.78,209000.0
2022-11-30,20.58,-0.7,2.15,3.78,209000.0
2022-12-01,19.84,-0.72,2.09,4.1,209000.0
2022-12-02,19.06,-0.77,2.03,4.1,209000.0
2022-12-03,19.06,-0.77,2.03,4.1,209000.0
2022-12-05,20.75,-0.81,1.99,4.1,209000.0
2022-12-06,22.17,-0.83,1.97,4.1,209000.0
2022-12-07,22.68,-0.84,1.95,4.1,209000.0
2022-12-08,22.29,-0.83,1.91,4.1,209000.0
2022-12-09,22.83,-0.76,1.9,4.1,209000.0
2022-12-10,22.83,-0.76,1.9,4.1,210000.0
2022-12-12,25.0,-0.78,1.88,4.1,210000.0
2022-12-13,22.55,-0.71,1.91,4.1,210000.0
2022-12-14,21.14,-0.74,1.95,4.1,210000.0
2022-12-15,22.83,-0.79,1.97,4.1,210000.0
2022-12-16,22.62,-0.69,1.98,4.1,210000.0
2022-12-17,22.62,-0.69,1.98,4.1,213000.0
2022-12-19,22.42,-0.68,1.98,4.1,213000.0
2022-12-20,21.48,-0.56,1.99,4.1,213000.0
2022-12-21,20.07,-0.53,2.01,4.1,213000.0
2022-12-22,21.97,-0.57,1.99,4.1,213000.0
2022-12-23,20.87,-0.56,2.0,4.1,213000.0
2022-12-24,20.87,-0.56,2.0,4.1,204000.0
2022-12-26,20.87,-0.56,2.0,4.1,204000.0
2022-12-27,21.65,-0.48,2.02,4.1,204000.0
2022-12-28,22.14,-0.43,2.01,4.1,204000.0
2022-12-29,21.44,-0.51,2.01,4.1,204000.0
2022-12-30,21.67,-0.53,1.99,4.1,204000.0
2022-12-31,21.67,-0.53,1.99,4.1,204000.0
2023-01-01,21.67,-0.53,1.99,4.33,204000.0
2023-01-02,21.67,-0.53,1.99,4.33,204000.0
2023-01-03,22.9,-0.61,2.03,4.33,204000.0
2023-01-04,22.01,-0.67,2.07,4.33,204000.0
2023-01-05,22.46,-0.74,2.03,4.33,204000.0
2023-01-06,21.13,-0.69,2.07,4.33,204000.0
2023-01-07,21.13,-0.69,2.07,4.33,208000.0
2023-01-09,21.97,-0.66,2.02,4.33,208000.0
2023-01-10,20.58,-0.63,2.02,4.33,208000.0
2023-01-11,21.09,-0.66,1.99,4.33,208000.0
2023-01-12,18.83,-0.69,1.97,4.33,208000.0
2023-01-13,18.35,-0.73,1.95,4.33,208000.0
2023-01-14,18.35,-0.73,1.95,4.33,203000.0
2023-01-16,19.49,-0.73,1.95,4.33,203000.0
2023-01-17,19.36,-0.65,1.91,4.33,203000.0
2023-01-18,20.34,-0.69,1.96,4.33,203000.0
2023-01-19,20.52,-0.7,1.99,4.33,203000.0
2023-01-20,19.85,-0.66,1.98,4.33,203000.0
2023-01-21,19.85,-0.66,1.98,4.33,203000.0
2023-01-23,19.81,-0.69,1.96,4.33,203000.0
2023-01-24,19.2,-0.66,1.94,4.33,203000.0
2023-01-25,19.08,-0.65,1.96,4.33,203000.0
2023-01-26,18.73,-0.68,1.91,4.33,203000.0
2023-01-27,18.51,-0.67,1.88,4.33,203000.0
2023-01-28,18.51,-0.67,1.88,4.33,200000.0
2023-01-30,19.94,-0.7,1.87,4.33,200000.0
2023-01-31,19.4,-0.69,1.9,4.33,200000.0
2023-02-01,17.87,-0.7,1.91,4.57,200000.0
2023-02-02,18.73,-0.69,1.88,4.57,200000.0
2023-02-03,18.33,-0.77,1.83,4.57,200000.0
2023-02-04,18.33,-0.77,1.83,4.57,215000.0
2023-02-06,19.43,-0.81,1.77,4.57,215000.0
2023-02-07,18.66,-0.8,1.78,4.57,215000.0
2023-02-08,19.63,-0.82,1.83,4.57,215000.0
2023-02-09,20.71,-0.81,1.84,4.57,215000.0
2023-02-10,20.53,-0.76,1.85,4.57,215000.0
2023-02-11,20.53,-0.76,1.85,4.57,219000.0
2023-02-13,20.34,-0.8,1.84,4.57,219000.0
2023-02-14,18.91,-0.83,1.81,4.57,219000.0
2023-02-15,18.23,-0.81,1.82,4.57,219000.0
2023-02-16,20.17,-0.76,1.84,4.57,219000.0
2023-02-17,20.02,-0.78,1.89,4.57,219000.0
2023-02-18,20.02,-0.78,1.89,4.57,217000.0
2023-02-20,21.23,-0.78,1.89,4.57,217000.0
2023-02-21,22.87,-0.72,1.87,4.57,217000.0
2023-02-22,22.29,-0.73,1.85,4.57,217000.0
2023-02-23,21.14,-0.78,1.86,4.57,217000.0
2023-02-24,21.67,-0.83,1.86,4.57,217000.0
2023-02-25,21.67,-0.83,1.86,4.57,209000.0
2023-02-27,20.95,-0.86,1.87,4.57,209000.0
2023-02-28,20.7,-0.89,1.9,4.57,209000.0
2023-03-01,20.58,-0.88,1.84,4.65,209000.0
2023-03-02,19.59,-0.81,1.82,4.65,209000.0
2023-03-03,18.49,-0.89,1.79,4.65,209000.0
2023-03-04,18.49,-0.89,1.79,4.65,229000.0
2023-03-06,18.61,-0.91,1.79,4.65,229000.0
2023-03-07,19.59,-1.03,1.79,4.65,229000.0
2023-03-08,19.11,-1.07,1.79,4.65,229000.0
2023-03-09,22.61,-0.97,1.85,4.65,229000.0
2023-03-10,24.8,-0.9,1.96,4.65,229000.0
2023-03-11,24.8,-0.9,1.96,4.65,222000.0
2023-03-13,26.52,-0.48,2.14,4.65,222000.0
2023-03-14,23.73,-0.56,2.11,4.65,222000.0
2023-03-15,26.14,-0.42,2.22,4.65,222000.0
2023-03-16,22.99,-0.58,2.16,4.65,222000.0
2023-03-17,25.51,-0.42,2.21,4.65,222000.0
2023-03-18,25.51,-0.42,2.21,4.65,230000.0
2023-03-20,24.15,-0.45,2.19,4.65,230000.0
2023-03-21,21.38,-0.58,2.11,4.65,230000.0
2023-03-22,22.26,-0.48,2.16,4.65,230000.0
2023-03-23,22.61,-0.38,2.26,4.65,230000.0
2023-03-24,21.74,-0.38,2.24,4.65,230000.0
2023-03-25,21.74,-0.38,2.24,4.65,234000.0
2023-03-27,20.6,-0.41,2.19,4.65,234000.0
2023-03-28,19.97,-0.47,2.19,4.65,234000.0
2023-03-29,19.12,-0.51,2.15,4.65,234000.0
2023-03-30,19.02,-0.55,2.11,4.65,234000.0
2023-03-31,18.7,-0.58,2.11,4.65,234000.0
2023-04-01,18.7,-0.58,2.11,4.83,217000.0
2023-04-03,18.55,-0.54,2.11,4.83,217000.0
2023-04-04,19.0,-0.49,2.1,4.83,217000.0
2023-04-05,19.08,-0.49,2.14,4.83,217000.0
2023-04-06,18.4,-0.52,2.11,4.83,217000.0
2023-04-07,18.4,-0.58,2.11,4.83,217000.0
2023-04-08,18.4,-0.58,2.11,4.83,219000.0
2023-04-10,18.97,-0.59,2.09,4.83,219000.0
2023-04-11,19.1,-0.6,2.05,4.83,219000.0
2023-04-12,19.09,-0.54,2.08,4.83,219000.0
2023-04-13,17.8,-0.51,2.07,4.83,219000.0
2023-04-14,17.07,-0.56,2.05,4.83,219000.0
2023-04-15,17.07,-0.56,2.05,4.83,223000.0
2023-04-17,16.95,-0.58,2.02,4.83,223000.0
2023-04-18,16.83,-0.61,2.01,4.83,223000.0
2023-04-19,16.46,-0.64,2.01,4.83,223000.0
2023-04-20,17.17,-0.6,2.05,4.83,223000.0
2023-04-21,16.77,-0.6,2.04,4.83,223000.0
2023-04-22,16.77,-0.6,2.04,4.83,210000.0
2023-04-24,16.89,-0.6,2.04,4.83,210000.0
2023-04-25,18.76,-0.46,2.09,4.83,210000.0
2023-04-26,18.84,-0.47,2.11,4.83,210000.0
2023-04-27,17.03,-0.54,2.07,4.83,210000.0
2023-04-28,15.78,-0.6,2.08,4.83,210000.0
2023-04-29,15.78,-0.6,2.08,4.83,214000.0
2023-05-01,16.08,-0.55,2.06,5.06,214000.0
2023-05-02,17.78,-0.53,2.16,5.06,214000.0
2023-05-03,18.34,-0.51,2.2,5.06,214000.0
2023-05-04,20.09,-0.38,2.24,5.06,214000.0
2023-05-05,17.19,-0.48,2.2,5.06,214000.0
2023-05-06,17.19,-0.48,2.2,5.06,223000.0
2023-05-08,16.98,-0.48,2.2,5.06,223000.0
2023-05-09,17.71,-0.48,2.21,5.06,223000.0
2023-05-10,16.94,-0.47,2.26,5.06,223000.0
2023-05-11,16.93,-0.5,2.25,5.06,223000.0
2023-05-12,17.03,-0.52,2.21,5.06,223000.0
2023-05-13,17.03,-0.52,2.21,5.06,225000.0
2023-05-15,17.12,-0.49,2.27,5.06,225000.0
2023-05-16,17.99,-0.52,2.28,5.06,225000.0
2023-05-17,16.87,-0.55,2.26,5.06,225000.0
2023-05-18,16.05,-0.59,2.2,5.06,225000.0
2023-05-19,16.81,-0.58,2.18,5.06,225000.0
2023-05-20,16.81,-0.58,2.18,5.06,227000.0
2023-05-22,17.21,-0.57,2.19,5.06,227000.0
2023-05-23,18.53,-0.56,2.19,5.06,227000.0
2023-05-24,20.03,-0.58,2.18,5.06,227000.0
2023-05-25,19.14,-0.67,2.1,5.06,227000.0
2023-05-26,17.95,-0.74,2.1,5.06,227000.0
2023-05-27,17.95,-0.74,2.1,5.06,230000.0
2023-05-29,17.46,-0.74,2.1,5.06,230000.0
2023-05-30,17.46,-0.77,2.14,5.06,230000.0
2023-05-31,17.94,-0.76,2.16,5.06,230000.0
2023-06-01,15.65,-0.72,2.15,5.08,230000.0
2023-06-02,14.6,-0.81,2.11,5.08,230000.0
2023-06-03,14.6,-0.81,2.11,5.08,253000.0
2023-06-05,14.73,-0.77,2.1,5.08,253000.0
2023-06-06,13.96,-0.81,2.08,5.08,253000.0
2023-06-07,13.94,-0.77,2.06,5.08,253000.0
2023-06-08,13.65,-0.79,2.07,5.08,253000.0
2023-06-09,13.83,-0.84,2.05,5.08,253000.0
2023-06-10,13.83,-0.84,2.05,5.08,258000.0
2023-06-12,15.01,-0.82,2.1,5.08,258000.0
2023-06-13,14.61,-0.83,2.0,5.08,258000.0
2023-06-14,13.88,-0.91,1.94,5.08,258000.0
2023-06-15,14.5,-0.9,2.02,5.08,258000.0
2023-06-16,13.54,-0.93,1.96,5.08,258000.0
2023-06-17,13.54,-0.93,1.96,5.08,260000.0
2023-06-19,14.19,-0.93,1.96,5.08,260000.0
2023-06-20,13.88,-0.94,1.95,5.08,260000.0
2023-06-21,13.2,-0.96,1.96,5.08,260000.0
2023-06-22,12.91,-0.97,1.94,5.08,260000.0
2023-06-23,13.44,-0.97,1.96,5.08,260000.0
2023-06-24,13.44,-0.97,1.96,5.08,236000.0
2023-06-26,14.25,-0.93,1.98,5.08,236000.0
2023-06-27,13.74,-0.97,1.94,5.08,236000.0
2023-06-28,13.43,-1.0,1.96,5.08,236000.0
2023-06-29,13.54,-1.02,1.92,5.08,236000.0
2023-06-30,13.59,-1.06,1.88,5.08,236000.0
2023-07-01,13.59,-1.06,1.88,5.12,248000.0
2023-07-03,13.57,-1.08,1.85,5.12,248000.0
2023-07-04,13.7,-1.08,1.85,5.12,248000.0
2023-07-05,14.18,-0.99,1.83,5.12,248000.0
2023-07-06,15.44,-0.94,1.8,5.12,248000.0
2023-07-07,14.83,-0.88,1.81,5.12,248000.0
2023-07-08,14.83,-0.88,1.81,5.12,229000.0
2023-07-10,15.07,-0.84,1.86,5.12,229000.0
2023-07-11,14.84,-0.89,1.84,5.12,229000.0
2023-07-12,13.54,-0.86,1.88,5.12,229000.0
2023-07-13,13.61,-0.83,1.91,5.12,229000.0
2023-07-14,13.34,-0.91,1.87,5.12,229000.0
2023-07-15,13.34,-0.91,1.87,5.12,228000.0
2023-07-17,13.48,-0.93,1.9,5.12,228000.0
2023-07-18,13.3,-0.94,1.89,5.12,228000.0
2023-07-19,13.76,-0.99,1.87,5.12,228000.0
2023-07-20,13.99,-0.95,1.85,5.12,228000.0
2023-07-21,13.6,-0.98,1.85,5.12,228000.0
2023-07-22,13.6,-0.98,1.85,5.12,231000.0
2023-07-24,13.91,-0.95,1.84,5.12,231000.0
2023-07-25,13.86,-0.94,1.81,5.12,231000.0
2023-07-26,13.19,-0.96,1.83,5.12,231000.0
2023-07-27,14.41,-0.9,1.78,5.12,231000.0
2023-07-28,13.33,-0.91,1.8,5.12,231000.0
2023-07-29,13.33,-0.91,1.8,5.12,238000.0
2023-07-31,13.63,-0.91,1.77,5.12,238000.0
2023-08-01,13.93,-0.87,1.77,5.33,238000.0
2023-08-02,16.09,-0.8,1.82,5.33,238000.0
2023-08-03,15.92,-0.7,1.84,5.33,238000.0
2023-08-04,17.1,-0.73,1.9,5.33,238000.0
2023-08-05,17.1,-0.73,1.9,5.33,258000.0
2023-08-07,15.77,-0.67,1.9,5.33,258000.0
2023-08-08,15.99,-0.72,1.93,5.33,258000.0
2023-08-09,15.96,-0.79,1.92,5.33,258000.0
2023-08-10,15.85,-0.73,1.89,5.33,258000.0
2023-08-11,14.84,-0.73,1.87,5.33,258000.0
2023-08-12,14.84,-0.73,1.87,5.33,248000.0
2023-08-14,14.82,-0.77,1.84,5.33,248000.0
2023-08-15,16.46,-0.71,1.86,5.33,248000.0
2023-08-16,16.78,-0.69,1.84,5.33,248000.0
2023-08-17,17.89,-0.64,1.87,5.33,248000.0
2023-08-18,17.3,-0.66,1.89,5.33,248000.0
2023-08-19,17.3,-0.66,1.89,5.33,240000.0
2023-08-21,17.13,-0.63,1.88,5.33,240000.0
2023-08-22,16.97,-0.68,1.82,5.33,240000.0
2023-08-23,15.98,-0.76,1.83,5.33,240000.0
2023-08-24,17.2,-0.75,1.8,5.33,240000.0
2023-08-25,15.68,-0.78,1.76,5.33,240000.0
2023-08-26,15.68,-0.78,1.76,5.33,234000.0
2023-08-28,15.08,-0.78,1.82,5.33,234000.0
2023-08-29,14.45,-0.75,1.84,5.33,234000.0
2023-08-30,13.88,-0.78,1.82,5.33,234000.0
2023-08-31,13.57,-0.76,1.83,5.33,234000.0
2023-09-01,13.09,-0.69,1.82,5.33,234000.0
2023-09-02,13.09,-0.69,1.82,5.33,227000.0
2023-09-04,13.82,-0.69,1.82,5.33,227000.0
2023-09-05,14.01,-0.67,1.84,5.33,227000.0
2023-09-06,14.45,-0.71,1.79,5.33,227000.0
2023-09-07,14.4,-0.67,1.81,5.33,227000.0
2023-09-08,13.84,-0.72,1.79,5.33,227000.0
2023-09-09,13.84,-0.72,1.79,5.33,227000.0
2023-09-11,13.8,-0.68,1.8,5.33,227000.0
2023-09-12,14.23,-0.71,1.79,5.33,227000.0
2023-09-13,13.48,-0.71,1.81,5.33,227000.0
2023-09-14,12.82,-0.71,1.8,5.33,227000.0
2023-09-15,13.79,-0.69,1.78,5.33,227000.0
2023-09-16,13.79,-0.69,1.78,5.33,210000.0
2023-09-18,14.0,-0.73,1.77,5.33,210000.0
2023-09-19,14.11,-0.71,1.75,5.33,210000.0
2023-09-20,15.14,-0.77,1.73,5.33,210000.0
2023-09-21,17.54,-0.63,1.66,5.33,210000.0
2023-09-22,17.2,-0.66,1.73,5.33,210000.0
2023-09-23,17.2,-0.66,1.73,5.33,215000.0
2023-09-25,16.9,-0.54,1.75,5.33,215000.0
2023-09-26,18.94,-0.48,1.77,5.33,215000.0
2023-09-27,18.22,-0.49,1.77,5.33,215000.0
2023-09-28,17.34,-0.45,1.8,5.33,215000.0
2023-09-29,17.52,-0.44,1.78,5.33,215000.0
2023-09-30,17.52,-0.44,1.78,5.33,216000.0
2023-10-01,17.52,-0.44,1.78,5.33,216000.0
2023-10-02,17.61,-0.43,1.78,5.33,216000.0
2023-10-03,19.78,-0.34,1.82,5.33,216000.0
2023-10-04,18.58,-0.32,1.83,5.33,216000.0
2023-10-05,18.49,-0.31,1.85,5.33,216000.0
2023-10-06,17.45,-0.3,1.84,5.33,216000.0
2023-10-07,17.45,-0.3,1.84,5.33,210000.0
2023-10-09,17.7,-0.3,1.84,5.33,210000.0
2023-10-10,17.03,-0.3,1.83,5.33,210000.0
2023-10-11,16.09,-0.41,1.82,5.33,210000.0
2023-10-12,16.69,-0.36,1.83,5.33,210000.0
2023-10-13,19.32,-0.41,1.82,5.33,210000.0
2023-10-14,19.32,-0.41,1.82,5.33,200000.0
2023-10-16,17.21,-0.38,1.83,5.33,200000.0
2023-10-17,17.88,-0.36,1.8,5.33,200000.0
2023-10-18,19.22,-0.28,1.78,5.33,200000.0
2023-10-19,21.4,-0.16,1.82,5.33,200000.0
2023-10-20,21.71,-0.14,1.88,5.33,200000.0
2023-10-21,21.71,-0.14,1.88,5.33,214000.0
2023-10-23,20.37,-0.19,1.85,5.33,214000.0
2023-10-24,18.97,-0.19,1.84,5.33,214000.0
2023-10-25,20.19,-0.13,1.83,5.33,214000.0
2023-10-26,20.68,-0.16,1.82,5.33,214000.0
2023-10-27,21.27,-0.15,1.88,5.33,214000.0
2023-10-28,21.27,-0.15,1.88,5.33,217000.0
2023-10-30,19.75,-0.15,1.86,5.33,217000.0
2023-10-31,18.14,-0.19,1.85,5.33,217000.0
2023-11-01,16.87,-0.18,1.91,5.33,217000.0
2023-11-02,15.66,-0.31,1.84,5.33,217000.0
2023-11-03,14.91,-0.26,1.86,5.33,217000.0
2023-11-04,14.91,-0.26,1.86,5.33,216000.0
2023-11-06,14.89,-0.26,1.84,5.33,216000.0
2023-11-07,14.81,-0.33,1.83,5.33,216000.0
2023-11-08,14.45,-0.44,1.84,5.33,216000.0
2023-11-09,15.29,-0.41,1.83,5.33,216000.0
2023-11-10,14.17,-0.43,1.8,5.33,216000.0
2023-11-11,14.17,-0.43,1.8,5.33,229000.0
2023-11-13,14.76,-0.39,1.79,5.33,229000.0
2023-11-14,14.16,-0.36,1.83,5.33,229000.0
2023-11-15,14.18,-0.37,1.8,5.33,229000.0
2023-11-16,14.32,-0.38,1.81,5.33,229000.0
2023-11-17,13.8,-0.44,1.78,5.33,229000.0
2023-11-18,13.8,-0.44,1.78,5.33,213000.0
2023-11-20,13.41,-0.47,1.76,5.33,213000.0
2023-11-21,13.35,-0.45,1.77,5.33,213000.0
2023-11-22,12.85,-0.47,1.71,5.33,213000.0
2023-11-23,12.8,-0.47,1.71,5.33,213000.0
2023-11-24,12.46,-0.45,1.72,5.33,213000.0
2023-11-25,12.46,-0.45,1.72,5.33,214000.0
2023-11-27,12.69,-0.45,1.71,5.33,214000.0
2023-11-28,12.69,-0.39,1.75,5.33,214000.0
2023-11-29,12.98,-0.37,1.72,5.33,214000.0
2023-11-30,12.92,-0.36,1.67,5.33,214000.0
2023-12-01,12.63,-0.34,1.71,5.33,214000.0
2023-12-02,12.63,-0.34,1.71,5.33,216000.0
2023-12-04,13.08,-0.36,1.67,5.33,216000.0
2023-12-05,12.85,-0.39,1.65,5.33,216000.0
2023-12-06,12.97,-0.48,1.63,5.33,216000.0
2023-12-07,13.06,-0.44,1.63,5.33,216000.0
2023-12-08,12.35,-0.48,1.61,5.33,216000.0
2023-12-09,12.35,-0.48,1.61,5.33,204000.0
2023-12-11,12.63,-0.48,1.61,5.33,204000.0
2023-12-12,12.07,-0.53,1.6,5.33,204000.0
2023-12-13,12.19,-0.42,1.61,5.33,204000.0
2023-12-14,12.48,-0.45,1.57,5.33,204000.0
2023-12-15,12.28,-0.53,1.57,5.33,204000.0
2023-12-16,12.28,-0.53,1.57,5.33,209000.0
2023-12-18,12.56,-0.48,1.58,5.33,209000.0
2023-12-19,12.53,-0.48,1.57,5.33,209000.0
2023-12-20,13.67,-0.48,1.63,5.33,209000.0
2023-12-21,13.65,-0.44,1.64,5.33,209000.0
2023-12-22,13.03,-0.41,1.65,5.33,209000.0
2023-12-23,13.03,-0.41,1.65,5.33,210000.0
2023-12-25,13.03,-0.41,1.65,5.33,210000.0
2023-12-26,12.99,-0.37,1.64,5.33,210000.0
2023-12-27,12.43,-0.41,1.64,5.33,210000.0
2023-12-28,12.47,-0.42,1.62,5.33,210000.0
2023-12-29,12.45,-0.35,1.61,5.33,210000.0
2023-12-30,12.45,-0.35,1.61,5.33,198000.0
2024-01-01,12.45,-0.35,1.61,5.33,198000.0
2024-01-02,13.2,-0.38,1.62,5.33,198000.0
2024-01-03,14.04,-0.42,1.66,5.33,198000.0
2024-01-04,14.13,-0.39,1.65,5.33,198000.0
2024-01-05,13.35,-0.35,1.65,5.33,198000.0
2024-01-06,13.35,-0.35,1.65,5.33,199000.0
2024-01-08,13.08,-0.35,1.65,5.33,199000.0
2024-01-09,12.76,-0.34,1.63,5.33,199000.0
2024-01-10,12.69,-0.33,1.59,5.33,199000.0
2024-01-11,12.44,-0.28,1.63,5.33,199000.0
2024-01-12,12.7,-0.18,1.64,5.33,199000.0
2024-01-13,12.7,-0.18,1.64,5.33,193000.0
2024-01-15,13.25,-0.18,1.64,5.33,193000.0
2024-01-16,13.84,-0.15,1.65,5.33,193000.0
2024-01-17,14.79,-0.24,1.63,5.33,193000.0
2024-01-18,14.13,-0.2,1.62,5.33,193000.0
2024-01-19,13.3,-0.24,1.59,5.33,193000.0
2024-01-20,13.3,-0.24,1.59,5.33,223000.0
2024-01-22,13.19,-0.26,1.59,5.33,223000.0
2024-01-23,12.55,-0.17,1.62,5.33,223000.0
2024-01-24,13.14,-0.16,1.61,5.33,223000.0
2024-01-25,13.45,-0.14,1.6,5.33,223000.0
2024-01-26,13.26,-0.19,1.58,5.33,223000.0
2024-01-27,13.26,-0.19,1.58,5.33,225000.0
2024-01-29,13.6,-0.21,1.6,5.33,225000.0
2024-01-30,13.31,-0.3,1.58,5.33,225000.0
2024-01-31,14.35,-0.28,1.61,5.33,225000.0
2024-02-01,13.88,-0.33,1.63,5.33,225000.0
2024-02-02,13.85,-0.33,1.59,5.33,225000.0
2024-02-03,13.85,-0.33,1.59,5.33,214000.0
2024-02-05,13.67,-0.29,1.56,5.33,214000.0
2024-02-06,13.06,-0.3,1.58,5.33,214000.0
2024-02-07,12.83,-0.32,1.6,5.33,214000.0
2024-02-08,12.79,-0.31,1.6,5.33,214000.0
2024-02-09,12.93,-0.31,1.59,5.33,214000.0
2024-02-10,12.93,-0.31,1.59,5.33,212000.0
2024-02-12,13.93,-0.29,1.58,5.33,212000.0
2024-02-13,15.85,-0.33,1.54,5.33,212000.0
2024-02-14,14.38,-0.29,1.56,5.33,212000.0
2024-02-15,14.01,-0.32,1.57,5.33,212000.0
2024-02-16,14.24,-0.34,1.53,5.33,212000.0
2024-02-17,14.24,-0.34,1.53,5.33,203000.0
2024-02-19,14.71,-0.34,1.53,5.33,203000.0
2024-02-20,15.42,-0.32,1.56,5.33,203000.0
2024-02-21,15.34,-0.32,1.54,5.33,203000.0
2024-02-22,14.54,-0.36,1.49,5.33,203000.0
2024-02-23,13.75,-0.41,1.49,5.33,203000.0
2024-02-24,13.75,-0.41,1.49,5.33,214000.0
2024-02-26,13.74,-0.41,1.53,5.33,214000.0
2024-02-27,13.43,-0.39,1.53,5.33,214000.0
2024-02-28,13.84,-0.37,1.55,5.33,214000.0
2024-02-29,13.4,-0.39,1.55,5.33,214000.0
2024-03-01,13.11,-0.35,1.57,5.33,214000.0
2024-03-02,13.11,-0.35,1.57,5.33,212000.0
2024-03-04,13.49,-0.39,1.57,5.33,212000.0
2024-03-05,14.46,-0.41,1.59,5.33,212000.0
2024-03-06,14.5,-0.44,1.57,5.33,212000.0
2024-03-07,14.44,-0.41,1.59,5.33,212000.0
2024-03-08,14.74,-0.39,1.59,5.33,212000.0
2024-03-09,14.74,-0.39,1.59,5.33,213000.0
2024-03-11,15.22,-0.41,1.59,5.33,213000.0
2024-03-12,13.84,-0.42,1.55,5.33,213000.0
2024-03-13,13.75,-0.42,1.55,5.33,213000.0
2024-03-14,14.4,-0.39,1.53,5.33,213000.0
2024-03-15,14.41,-0.41,1.49,5.33,213000.0
2024-03-16,14.41,-0.41,1.49,5.33,213000.0
2024-03-18,14.33,-0.39,1.49,5.33,213000.0
2024-03-19,13.82,-0.38,1.5,5.33,213000.0
2024-03-20,13.04,-0.32,1.56,5.33,213000.0
2024-03-21,12.92,-0.35,1.53,5.33,213000.0
2024-03-22,13.06,-0.37,1.53,5.33,213000.0
2024-03-23,13.06,-0.37,1.53,5.33,214000.0
2024-03-25,13.19,-0.29,1.53,5.33,214000.0
2024-03-26,13.24,-0.32,1.53,5.33,214000.0
2024-03-27,12.78,-0.34,1.54,5.33,214000.0
2024-03-28,13.01,-0.39,1.5,5.33,214000.0
2024-03-29,13.01,-0.39,1.5,5.33,214000.0
2024-03-30,13.01,-0.39,1.5,5.33,223000.0
2024-04-01,13.65,-0.39,1.49,5.33,223000.0
2024-04-02,14.61,-0.34,1.51,5.33,223000.0
2024-04-03,14.33,-0.32,1.49,5.33,223000.0
2024-04-04,16.35,-0.34,1.51,5.33,223000.0
2024-04-05,16.03,-0.34,1.49,5.33,223000.0
2024-04-06,16.03,-0.34,1.49,5.33,212000.0
2024-04-08,15.19,-0.36,1.46,5.33,212000.0
2024-04-09,14.98,-0.38,1.44,5.33,212000.0
2024-04-10,15.8,-0.42,1.4,5.33,212000.0
2024-04-11,14.91,-0.37,1.41,5.33,212000.0
2024-04-12,17.31,-0.38,1.45,5.33,212000.0
2024-04-13,17.31,-0.38,1.45,5.33,211000.0
2024-04-15,19.23,-0.3,1.46,5.33,211000.0
2024-04-16,18.4,-0.3,1.46,5.33,211000.0
2024-04-17,18.21,-0.34,1.48,5.33,211000.0
2024-04-18,18.0,-0.34,1.47,5.33,211000.0
2024-04-19,18.71,-0.35,1.46,5.33,211000.0
2024-04-20,18.71,-0.35,1.46,5.33,209000.0
2024-04-22,16.94,-0.35,1.46,5.33,209000.0
2024-04-23,15.69,-0.25,1.46,5.33,209000.0
2024-04-24,15.97,-0.24,1.48,5.33,209000.0
2024-04-25,15.37,-0.26,1.47,5.33,209000.0
2024-04-26,15.03,-0.29,1.45,5.33,209000.0
2024-04-27,15.03,-0.29,1.45,5.33,209000.0
2024-04-29,14.67,-0.34,1.45,5.33,209000.0
2024-04-30,15.65,-0.35,1.44,5.33,209000.0
2024-05-01,15.39,-0.33,1.43,5.33,209000.0
2024-05-02,14.68,-0.29,1.47,5.33,209000.0
2024-05-03,13.49,-0.31,1.49,5.33,209000.0
2024-05-04,13.49,-0.31,1.49,5.33,229000.0
2024-05-06,13.49,-0.33,1.47,5.33,229000.0
2024-05-07,13.23,-0.35,1.45,5.33,229000.0
2024-05-08,13.0,-0.36,1.47,5.33,229000.0
2024-05-09,12.69,-0.35,1.48,5.33,229000.0
2024-05-10,12.55,-0.37,1.48,5.33,229000.0
2024-05-11,12.55,-0.37,1.48,5.33,222000.0
2024-05-13,13.6,-0.37,1.48,5.33,222000.0
2024-05-14,13.42,-0.36,1.48,5.33,222000.0
2024-05-15,12.45,-0.37,1.49,5.33,222000.0
2024-05-16,12.42,-0.4,1.47,5.33,222000.0
2024-05-17,11.99,-0.41,1.48,5.33,222000.0
2024-05-18,11.99,-0.41,1.48,5.33,216000.0
2024-05-20,12.15,-0.38,1.47,5.33,216000.0
2024-05-21,11.86,-0.41,1.48,5.33,216000.0
2024-05-22,12.29,-0.43,1.46,5.33,216000.0
2024-05-23,12.77,-0.44,1.45,5.33,216000.0
2024-05-24,11.93,-0.47,1.46,5.33,216000.0
2024-05-25,11.93,-0.47,1.46,5.33,221000.0
2024-05-27,12.36,-0.47,1.46,5.33,221000.0
2024-05-28,12.92,-0.4,1.45,5.33,221000.0
2024-05-29,14.28,-0.35,1.47,5.33,221000.0
2024-05-30,14.47,-0.37,1.46,5.33,221000.0
2024-05-31,12.92,-0.38,1.46,5.33,221000.0
2024-06-01,12.92,-0.38,1.46,5.33,229000.0
2024-06-03,13.11,-0.41,1.47,5.33,229000.0
2024-06-04,13.16,-0.44,1.49,5.33,229000.0
2024-06-05,12.63,-0.43,1.53,5.33,229000.0
2024-06-06,12.58,-0.44,1.5,5.33,229000.0
2024-06-07,12.22,-0.44,1.46,5.33,229000.0
2024-06-08,12.22,-0.44,1.46,5.33,241000.0
2024-06-10,12.74,-0.4,1.46,5.33,241000.0
2024-06-11,12.85,-0.42,1.48,5.33,241000.0
2024-06-12,12.04,-0.44,1.48,5.33,241000.0
2024-06-13,11.94,-0.44,1.51,5.33,241000.0
2024-06-14,12.66,-0.47,1.53,5.33,241000.0
2024-06-15,12.66,-0.47,1.53,5.33,237000.0
2024-06-17,12.75,-0.47,1.52,5.33,237000.0
2024-06-18,12.3,-0.47,1.52,5.33,237000.0
2024-06-19,12.48,-0.47,1.52,5.33,237000.0
2024-06-20,13.28,-0.45,1.54,5.33,237000.0
2024-06-21,13.2,-0.45,1.55,5.33,237000.0
2024-06-22,13.2,-0.45,1.55,5.33,233000.0
2024-06-24,13.33,-0.46,1.53,5.33,233000.0
2024-06-25,12.84,-0.42,1.55,5.33,233000.0
2024-06-26,12.55,-0.39,1.55,5.33,233000.0
2024-06-27,12.24,-0.41,1.55,5.33,233000.0
2024-06-28,12.44,-0.35,1.55,5.33,233000.0
2024-06-29,12.44,-0.35,1.55,5.33,238000.0
2024-07-01,12.22,-0.29,1.55,5.33,238000.0
2024-07-02,12.03,-0.31,1.56,5.33,238000.0
2024-07-03,12.09,-0.35,1.53,5.33,238000.0
2024-07-04,12.26,-0.35,1.53,5.33,238000.0
2024-07-05,12.48,-0.32,1.56,5.33,238000.0
2024-07-06,12.48,-0.32,1.56,5.33,222000.0
2024-07-08,12.37,-0.34,1.54,5.33,222000.0
2024-07-09,12.51,-0.32,1.56,5.33,222000.0
2024-07-10,12.85,-0.34,1.56,5.33,222000.0
2024-07-11,12.92,-0.3,1.58,5.33,222000.0
2024-07-12,12.46,-0.27,1.58,5.33,222000.0
2024-07-13,12.46,-0.27,1.58,5.33,240000.0
2024-07-15,13.12,-0.21,1.58,5.33,240000.0
2024-07-16,13.19,-0.26,1.56,5.33,240000.0
2024-07-17,14.48,-0.26,1.56,5.33,240000.0
2024-07-18,15.93,-0.26,1.57,5.33,240000.0
2024-07-19,16.52,-0.24,1.57,5.33,240000.0
2024-07-20,16.52,-0.24,1.57,5.33,236000.0
2024-07-22,14.91,-0.24,1.58,5.33,236000.0
2024-07-23,14.72,-0.15,1.59,5.33,236000.0
2024-07-24,18.04,-0.09,1.65,5.33,236000.0
2024-07-25,18.46,-0.14,1.62,5.33,236000.0
2024-07-26,16.39,-0.16,1.65,5.33,236000.0
2024-07-27,16.39,-0.16,1.65,5.33,248000.0
2024-07-29,16.6,-0.19,1.66,5.33,248000.0
2024-07-30,17.69,-0.2,1.65,5.33,248000.0
2024-07-31,16.36,-0.2,1.68,5.33,248000.0
2024-08-01,18.59,-0.17,1.71,5.33,248000.0
2024-08-02,23.39,-0.08,1.8,5.33,248000.0
2024-08-03,23.39,-0.08,1.8,5.33,234000.0
2024-08-05,38.57,-0.11,1.85,5.33,234000.0
2024-08-06,27.71,-0.09,1.78,5.33,234000.0
2024-08-07,27.85,-0.04,1.8,5.33,234000.0
2024-08-08,23.79,-0.05,1.78,5.33,234000.0
2024-08-09,20.37,-0.11,1.77,5.33,234000.0
2024-08-10,20.37,-0.11,1.77,5.33,228000.0
2024-08-12,20.71,-0.11,1.78,5.33,228000.0
2024-08-13,18.12,-0.08,1.8,5.33,228000.0
2024-08-14,16.19,-0.11,1.74,5.33,228000.0
2024-08-15,15.23,-0.16,1.68,5.33,228000.0
2024-08-16,14.8,-0.17,1.69,5.33,228000.0
2024-08-17,14.8,-0.17,1.69,5.33,232000.0
2024-08-19,14.65,-0.2,1.68,5.33,232000.0
2024-08-20,15.88,-0.17,1.69,5.33,232000.0
2024-08-21,16.27,-0.13,1.69,5.33,232000.0
2024-08-22,17.55,-0.13,1.7,5.33,232000.0
2024-08-23,15.86,-0.09,1.7,5.33,232000.0
2024-08-24,15.86,-0.09,1.7,5.33,232000.0
2024-08-26,16.15,-0.09,1.7,5.33,232000.0
2024-08-27,15.43,0.0,1.71,5.33,232000.0
2024-08-28,17.11,0.01,1.71,5.33,232000.0
2024-08-29,15.65,0.0,1.69,5.33,232000.0
2024-08-30,15.0,0.0,1.69,5.33,232000.0
2024-08-31,15.0,0.0,1.69,5.33,228000.0
2024-09-01,15.0,0.0,1.69,5.13,228000.0
2024-09-02,15.55,0.0,1.69,5.13,228000.0
2024-09-03,20.72,-0.04,1.73,5.13,228000.0
2024-09-04,21.32,0.01,1.73,5.13,228000.0
2024-09-05,19.9,-0.02,1.73,5.13,228000.0
2024-09-06,22.38,0.06,1.73,5.13,228000.0
2024-09-07,22.38,0.06,1.73,5.13,230000.0
2024-09-09,19.45,0.02,1.73,5.13,230000.0
2024-09-10,19.08,0.06,1.74,5.13,230000.0
2024-09-11,17.69,0.03,1.75,5.13,230000.0
2024-09-12,17.07,0.04,1.74,5.13,230000.0
2024-09-13,16.56,0.09,1.72,5.13,230000.0
2024-09-14,16.56,0.09,1.72,5.13,222000.0
2024-09-16,17.14,0.07,1.7,5.13,222000.0
2024-09-17,17.61,0.06,1.68,5.13,222000.0
2024-09-18,18.23,0.09,1.67,5.13,222000.0
2024-09-19,16.33,0.14,1.67,5.13,222000.0
2024-09-20,16.15,0.18,1.67,5.13,222000.0
2024-09-21,16.15,0.18,1.67,5.13,221000.0
2024-09-23,15.89,0.18,1.65,5.13,221000.0
2024-09-24,15.39,0.25,1.66,5.13,221000.0
2024-09-25,15.41,0.26,1.65,5.13,221000.0
2024-09-26,15.37,0.19,1.65,5.13,221000.0
2024-09-27,16.96,0.2,1.66,5.13,221000.0
2024-09-28,16.96,0.2,1.66,5.13,227000.0
2024-09-30,16.73,0.15,1.63,5.13,227000.0
2024-10-01,19.26,0.13,1.65,4.83,227000.0
2024-10-02,18.9,0.16,1.64,4.83,227000.0
2024-10-03,20.49,0.15,1.62,4.83,227000.0
2024-10-04,19.21,0.05,1.57,4.83,227000.0
2024-10-05,19.21,0.05,1.57,4.83,259000.0
2024-10-07,22.64,0.04,1.54,4.83,259000.0
2024-10-08,21.42,0.06,1.55,4.83,259000.0
2024-10-09,20.86,0.07,1.54,4.83,259000.0
2024-10-10,20.93,0.11,1.54,4.83,259000.0
2024-10-11,20.46,0.13,1.54,4.83,259000.0
2024-10-12,20.46,0.13,1.54,4.83,240000.0
2024-10-14,19.7,0.13,1.54,4.83,240000.0
2024-10-15,20.64,0.08,1.53,4.83,240000.0
2024-10-16,19.58,0.09,1.51,4.83,240000.0
2024-10-17,19.11,0.13,1.53,4.83,240000.0
2024-10-18,18.03,0.13,1.53,4.83,240000.0
2024-10-19,18.03,0.13,1.53,4.83,228000.0
2024-10-21,18.37,0.17,1.54,4.83,228000.0
2024-10-22,18.2,0.17,1.55,4.83,228000.0
2024-10-23,19.24,0.17,1.54,4.83,228000.0
2024-10-24,19.08,0.14,1.52,4.83,228000.0
2024-10-25,20.33,0.14,1.51,4.83,228000.0
2024-10-26,20.33,0.14,1.51,4.83,218000.0
2024-10-28,19.8,0.16,1.51,4.83,218000.0
2024-10-29,19.34,0.17,1.49,4.83,218000.0
2024-10-30,20.35,0.14,1.44,4.83,218000.0
2024-10-31,23.16,0.12,1.46,4.83,218000.0
2024-11-01,21.88,0.16,1.46,4.64,218000.0
2024-11-02,21.88,0.16,1.46,4.64,221000.0
2024-11-04,21.98,0.14,1.46,4.64,221000.0
2024-11-05,20.49,0.07,1.45,4.64,221000.0
2024-11-06,16.27,0.15,1.4,4.64,221000.0
2024-11-07,15.2,0.1,1.44,4.64,221000.0
2024-11-08,14.94,0.04,1.38,4.64,221000.0
2024-11-09,14.94,0.04,1.38,4.64,219000.0
2024-11-11,14.97,0.04,1.38,4.64,219000.0
2024-11-12,14.71,0.09,1.36,4.64,219000.0
2024-11-13,14.02,0.17,1.41,4.64,219000.0
2024-11-14,14.31,0.09,1.39,4.64,219000.0
2024-11-15,16.14,0.12,1.41,4.64,219000.0
2024-11-16,16.14,0.12,1.41,4.64,216000.0
2024-11-18,15.58,0.13,1.42,4.64,216000.0
2024-11-19,16.35,0.12,1.42,4.64,216000.0
2024-11-20,17.16,0.1,1.43,4.64,216000.0
2024-11-21,16.87,0.09,1.43,4.64,216000.0
2024-11-22,15.24,0.04,1.43,4.64,216000.0
2024-11-23,15.24,0.04,1.43,4.64,216000.0
2024-11-25,14.6,0.06,1.42,4.64,216000.0
2024-11-26,14.1,0.09,1.43,4.64,216000.0
2024-11-27,14.1,0.06,1.43,4.64,216000.0
2024-11-28,13.9,0.06,1.43,4.64,216000.0
2024-11-29,13.51,0.05,1.44,4.64,216000.0
2024-11-30,13.51,0.05,1.44,4.64,225000.0
2024-12-01,13.51,0.05,1.44,4.48,225000.0
2024-12-02,13.34,0.02,1.41,4.48,225000.0
2024-12-03,13.3,0.06,1.4,4.48,225000.0
2024-12-04,13.45,0.06,1.39,4.48,225000.0
2024-12-05,13.54,0.02,1.4,4.48,225000.0
2024-12-06,12.77,0.05,1.42,4.48,225000.0
2024-12-07,12.77,0.05,1.42,4.48,239000.0
2024-12-09,14.19,0.07,1.42,4.48,239000.0
2024-12-10,14.18,0.07,1.41,4.48,239000.0
2024-12-11,13.58,0.11,1.42,4.48,239000.0
2024-12-12,13.92,0.14,1.44,4.48,239000.0
2024-12-13,13.81,0.15,1.42,4.48,239000.0
2024-12-14,13.81,0.15,1.42,4.48,222000.0
2024-12-16,14.69,0.14,1.42,4.48,222000.0
2024-12-17,15.87,0.15,1.39,4.48,222000.0
2024-12-18,27.62,0.15,1.37,4.48,222000.0
2024-12-19,24.09,0.25,1.4,4.48,222000.0
2024-12-20,18.36,0.22,1.43,4.48,222000.0
2024-12-21,18.36,0.22,1.43,4.48,219000.0
2024-12-23,16.78,0.29,1.42,4.48,219000.0
2024-12-24,14.27,0.3,1.39,4.48,219000.0
2024-12-25,14.27,0.3,1.39,4.48,219000.0
2024-12-26,14.73,0.28,1.4,4.48,219000.0
2024-12-27,15.95,0.31,1.4,4.48,219000.0
2024-12-28,15.95,0.31,1.4,4.48,209000.0
2024-12-30,17.4,0.31,1.43,4.48,209000.0
2024-12-31,17.35,0.33,1.42,4.48,209000.0
2025-01-01,17.35,0.33,1.42,4.33,209000.0
2025-01-02,17.93,0.32,1.45,4.33,209000.0
2025-01-03,16.13,0.32,1.44,4.33,209000.0
2025-01-04,16.13,0.32,1.44,4.33,205000.0
2025-01-06,16.04,0.34,1.44,4.33,205000.0
2025-01-07,17.82,0.37,1.47,4.33,205000.0
2025-01-08,17.7,0.39,1.48,4.33,205000.0
2025-01-09,18.07,0.41,1.46,4.33,205000.0
2025-01-10,19.54,0.37,1.42,4.33,205000.0
2025-01-11,19.54,0.37,1.42,4.33,217000.0
2025-01-13,19.19,0.39,1.44,4.33,217000.0
2025-01-14,18.71,0.41,1.44,4.33,217000.0
2025-01-15,16.12,0.39,1.44,4.33,217000.0
2025-01-16,16.6,0.38,1.46,4.33,217000.0
2025-01-17,15.97,0.34,1.46,4.33,217000.0
2025-01-18,15.97,0.34,1.46,4.33,222000.0
2025-01-20,15.81,0.34,1.46,4.33,222000.0
2025-01-21,15.06,0.28,1.46,4.33,222000.0
2025-01-22,15.1,0.31,1.43,4.33,222000.0
2025-01-23,15.02,0.36,1.43,4.33,222000.0
2025-01-24,14.85,0.36,1.43,4.33,222000.0
2025-01-25,14.85,0.36,1.43,4.33,210000.0
2025-01-27,17.9,0.36,1.45,4.33,210000.0
2025-01-28,16.41,0.36,1.45,4.33,210000.0
2025-01-29,16.56,0.34,1.45,4.33,210000.0
2025-01-30,15.84,0.34,1.45,4.33,210000.0
2025-01-31,16.43,0.36,1.45,4.33,210000.0
2025-02-01,16.43,0.36,1.45,4.33,222000.0
2025-02-03,18.62,0.28,1.46,4.33,222000.0
2025-02-04,17.21,0.31,1.46,4.33,222000.0
2025-02-05,15.77,0.26,1.45,4.33,222000.0
2025-02-06,15.5,0.24,1.44,4.33,222000.0
2025-02-07,16.54,0.2,1.45,4.33,222000.0
2025-02-08,16.54,0.2,1.45,4.33,215000.0
2025-02-10,15.81,0.23,1.45,4.33,215000.0
2025-02-11,16.02,0.25,1.46,4.33,215000.0
2025-02-12,15.89,0.26,1.45,4.33,215000.0
2025-02-13,15.1,0.21,1.44,4.33,215000.0
2025-02-14,14.77,0.21,1.46,4.33,215000.0
2025-02-15,14.77,0.21,1.46,4.33,224000.0
2025-02-17,15.37,0.21,1.46,4.33,224000.0
2025-02-18,15.35,0.26,1.44,4.33,224000.0
2025-02-19,15.27,0.25,1.46,4.33,224000.0
2025-02-20,15.66,0.22,1.47,4.33,224000.0
2025-02-21,18.21,0.23,1.49,4.33,224000.0
2025-02-22,18.21,0.23,1.49,4.33,243000.0
2025-02-24,18.98,0.27,1.48,4.33,243000.0
2025-02-25,19.43,0.23,1.5,4.33,243000.0
2025-02-26,19.1,0.2,1.51,4.33,243000.0
2025-02-27,21.13,0.22,1.52,4.33,243000.0
2025-02-28,19.63,0.25,1.57,4.33,243000.0
2025-03-01,19.63,0.25,1.57,4.33,224000.0
2025-03-03,22.78,0.2,1.61,4.33,224000.0
2025-03-04,23.51,0.26,1.61,4.33,224000.0
2025-03-05,21.93,0.29,1.57,4.33,224000.0
2025-03-06,24.87,0.33,1.59,4.33,224000.0
2025-03-07,23.37,0.33,1.61,4.33,224000.0
2025-03-08,23.37,0.33,1.61,4.33,223000.0
2025-03-10,27.86,0.33,1.64,4.33,223000.0
2025-03-11,26.92,0.34,1.68,4.33,223000.0
2025-03-12,24.23,0.31,1.65,4.33,223000.0
2025-03-13,24.66,0.33,1.7,4.33,223000.0
2025-03-14,21.77,0.29,1.65,4.33,223000.0
2025-03-15,21.77,0.29,1.65,4.33,225000.0
2025-03-17,20.51,0.25,1.63,4.33,225000.0
2025-03-18,21.7,0.25,1.63,4.33,225000.0
2025-03-19,19.9,0.26,1.64,4.33,225000.0
2025-03-20,19.8,0.29,1.64,4.33,225000.0
2025-03-21,19.28,0.31,1.68,4.33,225000.0
2025-03-22,19.28,0.31,1.68,4.33,225000.0
2025-03-24,17.48,0.3,1.64,4.33,225000.0
2025-03-25,17.15,0.35,1.66,4.33,225000.0
2025-03-26,18.33,0.37,1.66,4.33,225000.0
2025-03-27,18.69,0.41,1.68,4.33,225000.0
2025-03-28,21.65,0.38,1.73,4.33,225000.0
2025-03-29,21.65,0.38,1.73,4.33,219000.0
2025-03-31,22.28,0.34,1.76,4.33,219000.0
2025-04-01,21.77,0.3,1.73,4.33,219000.0
2025-04-02,21.51,0.29,1.73,4.33,219000.0
2025-04-03,30.02,0.35,1.89,4.33,219000.0
2025-04-04,45.31,0.33,1.94,4.33,219000.0
2025-04-05,45.31,0.33,1.94,4.33,224000.0
2025-04-07,46.98,0.42,2.02,4.33,224000.0
2025-04-08,52.33,0.55,2.0,4.33,224000.0
2025-04-09,33.62,0.43,2.02,4.33,224000.0
2025-04-10,40.72,0.56,1.97,4.33,224000.0
2025-04-11,37.56,0.52,1.9,4.33,224000.0
2025-04-12,37.56,0.52,1.9,4.33,216000.0
2025-04-14,30.89,0.54,1.9,4.33,216000.0
2025-04-15,30.12,0.51,1.9,4.33,216000.0
2025-04-16,32.64,0.52,1.92,4.33,216000.0
2025-04-17,29.65,0.53,1.92,4.33,216000.0
2025-04-18,29.65,0.53,1.92,4.33,216000.0
2025-04-19,29.65,0.53,1.92,4.33,223000.0
2025-04-21,33.82,0.67,1.96,4.33,223000.0
2025-04-22,30.57,0.65,1.93,4.33,223000.0
2025-04-23,28.45,0.59,1.86,4.33,223000.0
2025-04-24,26.47,0.55,1.86,4.33,223000.0
2025-04-25,24.84,0.55,1.84,4.33,223000.0
2025-04-26,24.84,0.55,1.84,4.33,241000.0
2025-04-28,25.15,0.56,1.87,4.33,241000.0
2025-04-29,24.17,0.54,1.88,4.33,241000.0
2025-04-30,24.7,0.57,1.96,4.33,241000.0
2025-05-01,24.6,0.55,1.95,4.33,241000.0
2025-05-02,22.68,0.5,1.9,4.33,241000.0
2025-05-03,22.68,0.5,1.9,4.33,229000.0
2025-05-05,23.64,0.53,1.91,4.33,229000.0
2025-05-06,24.76,0.52,1.95,4.33,229000.0
2025-05-07,23.55,0.48,1.95,4.33,229000.0
2025-05-08,22.48,0.47,1.89,4.33,229000.0
2025-05-09,21.9,0.49,1.89,4.33,229000.0
2025-05-10,21.9,0.49,1.89,4.33,228000.0
2025-05-12,18.39,0.47,1.82,4.33,228000.0
2025-05-13,18.22,0.47,1.82,4.33,228000.0
2025-05-14,18.62,0.48,1.8,4.33,228000.0
2025-05-15,17.83,0.49,1.83,4.33,228000.0
2025-05-16,17.24,0.45,1.82,4.33,228000.0
2025-05-17,17.24,0.45,1.82,4.33,226000.0
2025-05-19,18.14,0.49,1.84,4.33,226000.0
2025-05-20,18.09,0.51,1.82,4.33,226000.0
2025-05-21,20.87,0.58,1.85,4.33,226000.0
2025-05-22,20.28,0.54,1.87,4.33,226000.0
2025-05-23,22.29,0.51,1.88,4.33,226000.0
2025-05-24,22.29,0.51,1.88,4.33,239000.0
2025-05-26,20.57,0.51,1.88,4.33,239000.0
2025-05-27,18.96,0.51,1.84,4.33,239000.0
2025-05-28,19.31,0.51,1.83,4.33,239000.0
2025-05-29,19.18,0.51,1.81,4.33,239000.0
2025-05-30,18.57,0.52,1.84,4.33,239000.0
2025-05-31,18.57,0.52,1.84,4.33,248000.0
2025-06-01,18.57,0.52,1.84,4.33,248000.0
2025-06-02,18.36,0.52,1.84,4.33,248000.0
2025-06-03,17.69,0.5,1.81,4.33,248000.0
2025-06-04,17.61,0.5,1.8,4.33,248000.0
2025-06-05,18.48,0.48,1.77,4.33,248000.0
2025-06-06,16.77,0.47,1.73,4.33,248000.0
2025-06-07,16.77,0.47,1.73,4.33,250000.0
2025-06-09,17.16,0.48,1.72,4.33,250000.0
2025-06-10,16.95,0.46,1.71,4.33,250000.0
2025-06-11,17.26,0.47,1.74,4.33,250000.0
2025-06-12,18.02,0.46,1.73,4.33,250000.0
2025-06-13,20.82,0.45,1.75,4.33,250000.0
2025-06-14,20.82,0.45,1.75,4.33,246000.0
2025-06-16,19.11,0.49,1.74,4.33,246000.0
2025-06-17,21.6,0.45,1.74,4.33,246000.0
2025-06-18,20.14,0.44,1.77,4.33,246000.0
2025-06-19,22.17,0.44,1.77,4.33,246000.0
2025-06-20,20.62,0.48,1.76,4.33,246000.0
2025-06-21,20.62,0.48,1.76,4.33,237000.0
2025-06-23,19.83,0.5,1.77,4.33,237000.0
2025-06-24,17.48,0.55,1.78,4.33,237000.0
2025-06-25,16.76,0.55,1.79,4.33,237000.0
2025-06-26,16.59,0.56,1.8,4.33,237000.0
2025-06-27,16.32,0.56,1.79,4.33,237000.0
2025-06-28,16.32,0.56,1.79,4.33,232000.0
2025-06-30,16.73,0.52,1.75,4.33,232000.0
2025-07-01,16.83,0.48,1.72,4.33,232000.0
2025-07-02,16.64,0.52,1.7,4.33,232000.0
2025-07-03,16.38,0.47,1.67,4.33,232000.0
2025-07-04,17.48,0.47,1.67,4.33,232000.0
2025-07-05,17.48,0.47,1.67,4.33,228000.0
2025-07-07,17.79,0.5,1.71,4.33,228000.0
2025-07-08,16.81,0.52,1.71,4.33,228000.0
2025-07-09,15.94,0.48,1.73,4.33,228000.0
2025-07-10,15.78,0.49,1.7,4.33,228000.0
2025-07-11,16.4,0.53,1.72,4.33,228000.0
2025-07-12,16.4,0.53,1.72,4.33,221000.0
2025-07-14,17.2,0.53,1.73,4.33,221000.0
2025-07-15,17.38,0.55,1.7,4.33,221000.0
2025-07-16,17.16,0.58,1.73,4.33,221000.0
2025-07-17,16.52,0.56,1.71,4.33,221000.0
2025-07-18,16.41,0.56,1.73,4.33,221000.0
2025-07-19,16.41,0.56,1.73,4.33,217000.0
2025-07-21,16.65,0.53,1.73,4.33,217000.0
2025-07-22,16.5,0.52,1.73,4.33,217000.0
2025-07-23,15.37,0.52,1.71,4.33,217000.0
2025-07-24,15.39,0.52,1.68,4.33,217000.0
2025-07-25,14.93,0.49,1.69,4.33,217000.0
2025-07-26,14.93,0.49,1.69,4.33,219000.0
2025-07-28,15.03,0.51,1.69,4.33,219000.0
2025-07-29,15.98,0.48,1.7,4.33,219000.0
2025-07-30,15.48,0.44,1.69,4.33,219000.0
2025-07-31,16.72,0.43,1.67,4.33,219000.0
2025-08-01,20.38,0.54,1.75,4.33,219000.0
2025-08-02,20.38,0.54,1.75,4.33,227000.0
2025-08-04,17.52,0.53,1.74,4.33,227000.0
2025-08-05,17.85,0.5,1.72,4.33,227000.0
2025-08-06,16.77,0.53,1.75,4.33,227000.0
2025-08-07,16.57,0.51,1.74,4.33,227000.0
2025-08-08,15.15,0.51,1.74,4.33,227000.0
2025-08-09,15.15,0.51,1.74,4.33,224000.0
2025-08-11,16.25,0.51,1.72,4.33,224000.0
2025-08-12,14.73,0.57,1.73,4.33,224000.0
2025-08-13,14.49,0.57,1.71,4.33,224000.0
2025-08-14,14.83,0.55,1.71,4.33,224000.0
2025-08-15,15.09,0.58,1.69,4.33,224000.0
2025-08-16,15.09,0.58,1.69,4.33,234000.0
2025-08-18,14.99,0.57,1.7,4.33,234000.0
2025-08-19,15.57,0.55,1.71,4.33,234000.0
2025-08-20,15.69,0.55,1.73,4.33,234000.0
2025-08-21,16.6,0.54,1.72,4.33,234000.0
2025-08-22,14.22,0.58,1.73,4.33,234000.0
2025-08-23,14.22,0.58,1.73,4.33,229000.0
2025-08-25,14.79,0.55,1.7,4.33,229000.0
2025-08-26,14.62,0.65,1.75,4.33,229000.0
2025-08-27,14.85,0.65,1.77,4.33,229000.0
2025-08-28,14.43,0.6,1.75,4.33,229000.0
2025-08-29,15.36,0.64,1.8,4.33,229000.0
2025-08-30,15.36,0.64,1.8,4.33,236000.0
2025-09-01,16.12,0.64,1.8,4.22,236000.0
2025-09-02,17.17,0.62,1.81,4.22,236000.0
2025-09-03,16.35,0.61,1.78,4.22,236000.0
2025-09-04,15.3,0.58,1.8,4.22,236000.0
2025-09-05,15.18,0.59,1.78,4.22,236000.0
2025-09-06,15.18,0.59,1.78,4.22,264000.0
2025-09-08,15.11,0.56,1.76,4.22,264000.0
2025-09-09,15.04,0.54,1.75,4.22,264000.0
2025-09-10,15.35,0.5,1.75,4.22,264000.0
2025-09-11,14.71,0.49,1.74,4.22,264000.0
2025-09-12,14.76,0.5,1.7,4.22,264000.0
2025-09-13,14.76,0.5,1.7,4.22,232000.0
2025-09-15,15.69,0.51,1.68,4.22,232000.0
2025-09-16,16.36,0.53,1.69,4.22,232000.0
2025-09-17,15.72,0.54,1.7,4.22,232000.0
2025-09-18,15.7,0.54,1.68,4.22,232000.0
2025-09-19,15.45,0.57,1.68,4.22,232000.0
2025-09-20,15.45,0.57,1.68,4.22,219000.0
2025-09-22,16.1,0.54,1.67,4.22,219000.0
2025-09-23,16.64,0.59,1.69,4.22,219000.0
2025-09-24,16.18,0.59,1.68,4.22,219000.0
2025-09-25,16.74,0.54,1.67,4.22,219000.0
2025-09-26,15.29,0.57,1.65,4.22,219000.0
2025-09-27,15.29,0.57,1.65,4.22,224000.0
2025-09-29,16.12,0.52,1.64,4.22,224000.0
2025-09-30,16.28,0.56,1.67,4.22,224000.0
2025-10-01,16.29,0.57,1.69,4.09,224000.0
2025-10-02,16.63,0.55,1.68,4.09,224000.0
2025-10-03,16.65,0.55,1.66,4.09,224000.0
2025-10-04,16.65,0.55,1.66,4.09,235000.0
2025-10-06,16.37,0.58,1.65,4.09,235000.0
2025-10-07,17.24,0.57,1.67,4.09,235000.0
2025-10-08,16.3,0.55,1.68,4.09,235000.0
2025-10-09,16.43,0.54,1.69,4.09,235000.0
2025-10-10,21.66,0.53,1.72,4.09,235000.0
2025-10-11,21.66,0.53,1.72,4.09,220000.0
2025-10-13,19.03,0.53,1.72,4.09,220000.0
2025-10-14,20.81,0.55,1.71,4.09,220000.0
2025-10-15,20.64,0.55,1.68,4.09,220000.0
2025-10-16,25.31,0.58,1.71,4.09,220000.0
2025-10-17,20.78,0.56,1.7,4.09,220000.0
2025-10-18,20.78,0.56,1.7,4.09,232000.0
2025-10-20,18.23,0.54,1.68,4.09,232000.0
2025-10-21,17.87,0.53,1.67,4.09,232000.0
2025-10-22,18.6,0.52,1.69,4.09,232000.0
2025-10-23,17.3,0.53,1.66,4.09,232000.0
2025-10-24,16.37,0.54,1.65,4.09,232000.0
2025-10-25,16.37,0.54,1.65,4.09,220000.0
2025-10-27,15.79,0.53,1.63,4.09,220000.0
2025-10-28,16.42,0.52,1.65,4.09,220000.0
2025-10-29,16.92,0.49,1.61,4.09,220000.0
2025-10-30,16.91,0.5,1.64,4.09,220000.0
2025-10-31,17.44,0.51,1.69,4.09,220000.0
2025-11-01,17.44,0.51,1.69,3.88,229000.0
2025-11-03,17.17,0.53,1.71,3.88,229000.0
2025-11-04,19.0,0.52,1.72,3.88,229000.0
2025-11-05,18.01,0.54,1.7,3.88,229000.0
2025-11-06,19.5,0.54,1.72,3.88,229000.0
2025-11-07,19.08,0.56,1.75,3.88,229000.0
2025-11-08,19.08,0.56,1.75,3.88,228000.0
2025-11-10,17.6,0.55,1.73,3.88,228000.0
2025-11-11,17.28,0.55,1.73,3.88,228000.0
2025-11-12,17.51,0.52,1.75,3.88,228000.0
2025-11-13,20.0,0.53,1.77,3.88,228000.0
2025-11-14,19.83,0.52,1.77,3.88,228000.0
2025-11-15,19.83,0.52,1.77,3.88,222000.0
2025-11-17,22.38,0.53,1.77,3.88,222000.0
2025-11-18,24.69,0.54,1.79,3.88,222000.0
2025-11-19,23.66,0.55,1.79,3.88,222000.0
2025-11-20,26.42,0.55,1.8,3.88,222000.0
2025-11-21,23.43,0.55,1.82,3.88,222000.0
2025-11-22,23.43,0.55,1.82,3.88,217000.0
2025-11-24,20.52,0.58,1.8,3.88,217000.0
2025-11-25,18.56,0.58,1.79,3.88,217000.0
2025-11-26,17.19,0.55,1.78,3.88,217000.0
2025-11-27,17.21,0.55,1.78,3.88,217000.0
2025-11-28,16.35,0.55,1.78,3.88,217000.0
2025-11-29,16.35,0.55,1.78,3.88,192000.0
2025-12-01,17.24,0.55,1.78,3.72,192000.0
2025-12-02,16.59,0.58,1.76,3.72,192000.0
2025-12-03,16.08,0.57,1.77,3.72,192000.0
2025-12-04,15.78,0.59,1.76,3.72,192000.0
2025-12-05,15.41,0.58,1.74,3.72,192000.0
2025-12-06,15.41,0.58,1.74,3.72,237000.0
2025-12-08,16.66,0.6,1.73,3.72,237000.0
2025-12-09,16.93,0.57,1.73,3.72,237000.0
2025-12-10,15.77,0.59,1.76,3.72,237000.0
2025-12-11,14.85,0.62,1.73,3.72,237000.0
2025-12-12,15.74,0.67,1.76,3.72,237000.0
2025-12-13,15.74,0.67,1.76,3.72,224000.0
2025-12-15,16.5,0.67,1.77,3.72,224000.0
2025-12-16,16.48,0.67,1.78,3.72,224000.0
2025-12-17,17.62,0.67,1.78,3.72,224000.0
2025-12-18,16.87,0.66,1.78,3.72,224000.0
2025-12-19,14.91,0.68,1.76,3.72,224000.0
2025-12-20,14.91,0.68,1.76,3.72,215000.0
2025-12-22,14.08,0.73,1.76,3.72,215000.0
2025-12-23,14.0,0.7,1.74,3.72,215000.0
2025-12-24,13.47,0.68,1.73,3.72,215000.0
2025-12-25,13.47,0.68,1.73,3.72,215000.0
2025-12-26,13.6,0.68,1.75,3.72,215000.0
2025-12-27,13.6,0.68,1.75,3.72,200000.0
2025-12-29,14.2,0.67,1.76,3.72,200000.0
2025-12-30,14.33,0.69,1.75,3.72,200000.0
2025-12-31,14.95,0.71,1.72,3.72,200000.0
2026-01-01,14.95,0.71,1.72,3.64,200000.0
2026-01-02,14.51,0.72,1.74,3.64,200000.0
2026-01-03,14.51,0.72,1.74,3.64,207000.0
2026-01-05,14.9,0.71,1.75,3.64,207000.0
2026-01-06,14.75,0.71,1.74,3.64,207000.0
2026-01-07,15.38,0.68,1.73,3.64,207000.0
2026-01-08,15.45,0.7,1.73,3.64,207000.0
2026-01-09,14.49,0.64,1.7,3.64,207000.0
2026-01-10,14.49,0.64,1.7,3.64,199000.0
2026-01-12,15.12,0.65,1.7,3.64,199000.0
2026-01-13,15.98,0.65,1.69,3.64,199000.0
2026-01-14,16.75,0.64,1.68,3.64,199000.0
2026-01-15,15.84,0.61,1.65,3.64,199000.0
2026-01-16,15.86,0.65,1.63,3.64,199000.0
2026-01-17,15.86,0.65,1.63,3.64,210000.0
2026-01-19,18.84,0.65,1.63,3.64,210000.0
2026-01-20,20.09,0.7,1.65,3.64,210000.0
2026-01-21,16.9,0.66,1.62,3.64,210000.0
2026-01-22,15.64,0.65,1.59,3.64,210000.0
2026-01-23,16.09,0.64,1.61,3.64,210000.0
2026-01-24,16.09,0.64,1.61,3.64,209000.0
2026-01-26,16.15,0.66,1.61,3.64,209000.0
2026-01-27,16.35,0.71,1.61,3.64,209000.0
2026-01-28,16.35,0.7,1.62,3.64,209000.0
2026-01-29,16.88,0.71,1.63,3.64,209000.0
2026-01-30,17.44,0.74,1.62,3.64,209000.0
2026-01-31,17.44,0.74,1.62,3.64,232000.0
2026-02-02,16.34,0.72,1.61,3.64,232000.0
2026-02-03,18.0,0.71,1.63,3.64,232000.0
2026-02-04,18.64,0.72,1.64,3.64,232000.0
2026-02-05,21.77,0.74,1.67,3.64,232000.0
2026-02-06,17.76,0.72,1.65,3.64,232000.0
2026-02-07,17.76,0.72,1.65,3.64,229000.0
2026-02-09,17.36,0.74,1.64,3.64,229000.0
2026-02-10,17.79,0.71,1.66,3.64,229000.0
2026-02-11,17.65,0.66,1.67,3.64,229000.0
2026-02-12,20.82,0.62,1.68,3.64,229000.0
2026-02-13,20.6,0.64,1.72,3.64,229000.0
2026-02-14,20.6,0.64,1.72,3.64,206000.0
2026-02-16,21.2,0.64,1.72,3.64,206000.0
2026-02-17,20.29,0.62,1.7,3.64,206000.0
2026-02-18,19.62,0.62,1.7,3.64,206000.0
